{"{\"10.0.0.11_10.0.0.41\": [1, 3, 4], \"10.0.0.12_10.0.0.42\": [1, 3, 4], \"10.0.0.13_10.0.0.43\": [1, 3, 4]}": {"[\"10.0.0.11_10.0.0.41\", [1, 2, 4]]": [31, -148.86619839487355, []], "[\"10.0.0.13_10.0.0.43\", [1, 2, 4]]": [20, -264.19993424137164, []], "[\"10.0.0.12_10.0.0.42\", [1, 2, 4]]": [11, -263.2752898220489, []], "[\"NoTrans\", []]": [7, -233.60798889515962, []]}, "{\"10.0.0.11_10.0.0.41\": [1, 3, 4], \"10.0.0.12_10.0.0.42\": [1, 2, 4], \"10.0.0.13_10.0.0.43\": [1, 3, 4]}": {"[\"10.0.0.11_10.0.0.41\", [1, 2, 4]]": [8, -274.12270523034294, []], "[\"10.0.0.13_10.0.0.43\", [1, 2, 4]]": [8, -314.7023929061759, []], "[\"10.0.0.12_10.0.0.42\", [1, 3, 4]]": [12, -225.11432713485524, []], "[\"NoTrans\", []]": [12, -254.53980149222852, []]}, "{\"10.0.0.11_10.0.0.41\": [1, 3, 4], \"10.0.0.12_10.0.0.42\": [1, 3, 4], \"10.0.0.13_10.0.0.43\": [1, 2, 4]}": {"[\"10.0.0.11_10.0.0.41\", [1, 2, 4]]": [15, -265.52636951801594, []], "[\"10.0.0.13_10.0.0.43\", [1, 3, 4]]": [19, -223.47546448122046, []], "[\"10.0.0.12_10.0.0.42\", [1, 2, 4]]": [11, -315.9583489778176, []], "[\"NoTrans\", []]": [10, -267.6703193178007, []]}, "{\"10.0.0.11_10.0.0.41\": [1, 3, 4], \"10.0.0.12_10.0.0.42\": [1, 2, 4], \"10.0.0.13_10.0.0.43\": [1, 2, 4]}": {"[\"10.0.0.11_10.0.0.41\", [1, 2, 4]]": [8, -344.4797948077922, []], "[\"10.0.0.13_10.0.0.43\", [1, 3, 4]]": [8, -262.62183418508715, []], "[\"10.0.0.12_10.0.0.42\", [1, 3, 4]]": [9, -264.90080141529086, []], "[\"NoTrans\", []]": [7, -319.8335677273626, []]}, "{\"10.0.0.11_10.0.0.41\": [1, 2, 4], \"10.0.0.12_10.0.0.42\": [1, 3, 4], \"10.0.0.13_10.0.0.43\": [1, 3, 4]}": {"[\"10.0.0.11_10.0.0.41\", [1, 3, 4]]": [30, -231.64148801513525, []], "[\"10.0.0.13_10.0.0.43\", [1, 2, 4]]": [24, -262.64662488926626, []], "[\"10.0.0.12_10.0.0.42\", [1, 2, 4]]": [21, -269.4370940690247, []], "[\"NoTrans\", []]": [117, -174.1738833632361, []]}, "{\"10.0.0.11_10.0.0.41\": [1, 2, 4], \"10.0.0.12_10.0.0.42\": [1, 2, 4], \"10.0.0.13_10.0.0.43\": [1, 3, 4]}": {"[\"10.0.0.11_10.0.0.41\", [1, 3, 4]]": [9, -266.78542075579355, []], "[\"10.0.0.13_10.0.0.43\", [1, 2, 4]]": [7, -342.108787035317, []], "[\"10.0.0.12_10.0.0.42\", [1, 3, 4]]": [22, -183.6417195890264, []], "[\"NoTrans\", []]": [14, -272.86322913709057, []]}, "{\"10.0.0.11_10.0.0.41\": [1, 2, 4], \"10.0.0.12_10.0.0.42\": [1, 3, 4], \"10.0.0.13_10.0.0.43\": [1, 2, 4]}": {"[\"10.0.0.11_10.0.0.41\", [1, 3, 4]]": [16, -266.3358944589428, []], "[\"10.0.0.13_10.0.0.43\", [1, 3, 4]]": [23, -194.6215772631004, []], "[\"10.0.0.12_10.0.0.42\", [1, 2, 4]]": [13, -335.84778185551994, []], "[\"NoTrans\", []]": [23, -259.47568819173415, []]}, "{\"10.0.0.11_10.0.0.41\": [1, 2, 4], \"10.0.0.12_10.0.0.42\": [1, 2, 4], \"10.0.0.13_10.0.0.43\": [1, 2, 4]}": {"[\"10.0.0.11_10.0.0.41\", [1, 3, 4]]": [6, -311.2434803821828, []], "[\"10.0.0.13_10.0.0.43\", [1, 3, 4]]": [9, -270.93321115390563, []], "[\"10.0.0.12_10.0.0.42\", [1, 3, 4]]": [13, -265.1043517327655, []], "[\"NoTrans\", []]": [7, -342.0449255556805, []]}}