{"{\"10.0.0.11_10.0.0.41\": [1, 3, 4], \"10.0.0.12_10.0.0.42\": [1, 3, 4], \"10.0.0.13_10.0.0.43\": [1, 3, 4]}": {"[\"10.0.0.12_10.0.0.42\", [1, 2, 4]]": [14, -284.1011768901027, []], "[\"10.0.0.13_10.0.0.43\", [1, 2, 4]]": [18, -285.9729459765132, []], "[\"10.0.0.11_10.0.0.41\", [1, 2, 4]]": [24, -178.07144067458404, []], "[\"NoTrans\", []]": [12, -249.5475404207658, []]}, "{\"10.0.0.11_10.0.0.41\": [1, 2, 4], \"10.0.0.12_10.0.0.42\": [1, 3, 4], \"10.0.0.13_10.0.0.43\": [1, 3, 4]}": {"[\"10.0.0.12_10.0.0.42\", [1, 2, 4]]": [27, -286.37929471383893, []], "[\"10.0.0.13_10.0.0.43\", [1, 2, 4]]": [20, -291.98508432728715, []], "[\"10.0.0.11_10.0.0.41\", [1, 3, 4]]": [19, -247.76000131106815, []], "[\"NoTrans\", []]": [27, -180.4370829134565, []]}, "{\"10.0.0.11_10.0.0.41\": [1, 3, 4], \"10.0.0.12_10.0.0.42\": [1, 3, 4], \"10.0.0.13_10.0.0.43\": [1, 2, 4]}": {"[\"10.0.0.12_10.0.0.42\", [1, 2, 4]]": [13, -338.1011126130506, []], "[\"10.0.0.13_10.0.0.43\", [1, 3, 4]]": [20, -249.74609117481535, []], "[\"10.0.0.11_10.0.0.41\", [1, 2, 4]]": [14, -289.1450957465227, []], "[\"NoTrans\", []]": [14, -286.09956507037424, []]}, "{\"10.0.0.11_10.0.0.41\": [1, 2, 4], \"10.0.0.12_10.0.0.42\": [1, 3, 4], \"10.0.0.13_10.0.0.43\": [1, 2, 4]}": {"[\"10.0.0.12_10.0.0.42\", [1, 2, 4]]": [15, -354.6746844469374, []], "[\"10.0.0.13_10.0.0.43\", [1, 3, 4]]": [20, -224.9501860183537, []], "[\"10.0.0.11_10.0.0.41\", [1, 3, 4]]": [15, -288.2227283305745, []], "[\"NoTrans\", []]": [15, -294.6068893712388, []]}, "{\"10.0.0.11_10.0.0.41\": [1, 3, 4], \"10.0.0.12_10.0.0.42\": [1, 2, 4], \"10.0.0.13_10.0.0.43\": [1, 3, 4]}": {"[\"10.0.0.12_10.0.0.42\", [1, 3, 4]]": [17, -249.59733764303533, []], "[\"10.0.0.13_10.0.0.43\", [1, 2, 4]]": [14, -335.7944966183777, []], "[\"10.0.0.11_10.0.0.41\", [1, 2, 4]]": [19, -286.4571809226145, []], "[\"NoTrans\", []]": [17, -285.1409897992986, []]}, "{\"10.0.0.11_10.0.0.41\": [1, 2, 4], \"10.0.0.12_10.0.0.42\": [1, 2, 4], \"10.0.0.13_10.0.0.43\": [1, 3, 4]}": {"[\"10.0.0.12_10.0.0.42\", [1, 3, 4]]": [22, -222.83276945950553, []], "[\"10.0.0.13_10.0.0.43\", [1, 2, 4]]": [17, -359.55257623076125, []], "[\"10.0.0.11_10.0.0.41\", [1, 3, 4]]": [18, -279.6820816856379, []], "[\"NoTrans\", []]": [18, -266.9202223459479, []]}, "{\"10.0.0.11_10.0.0.41\": [1, 3, 4], \"10.0.0.12_10.0.0.42\": [1, 2, 4], \"10.0.0.13_10.0.0.43\": [1, 2, 4]}": {"[\"10.0.0.12_10.0.0.42\", [1, 3, 4]]": [14, -286.76613916771294, []], "[\"10.0.0.13_10.0.0.43\", [1, 3, 4]]": [18, -285.7398312035027, []], "[\"10.0.0.11_10.0.0.41\", [1, 2, 4]]": [13, -357.8566841100334, []], "[\"NoTrans\", []]": [14, -335.8725958382337, []]}, "{\"10.0.0.11_10.0.0.41\": [1, 2, 4], \"10.0.0.12_10.0.0.42\": [1, 2, 4], \"10.0.0.13_10.0.0.43\": [1, 2, 4]}": {"[\"10.0.0.12_10.0.0.42\", [1, 3, 4]]": [16, -281.3033792720986, []], "[\"10.0.0.13_10.0.0.43\", [1, 3, 4]]": [11, -279.0795248750974, []], "[\"10.0.0.11_10.0.0.41\", [1, 3, 4]]": [18, -332.5645197263417, []], "[\"NoTrans\", []]": [15, -359.4121747196984, []]}}