{"{\"10.0.0.11_10.0.0.41\": [1, 3, 4], \"10.0.0.12_10.0.0.42\": [1, 3, 4], \"10.0.0.13_10.0.0.43\": [1, 3, 4]}": {"[\"10.0.0.11_10.0.0.41\", [1, 2, 4]]": [2, -141.6822937757715, []], "[\"10.0.0.13_10.0.0.43\", [1, 2, 4]]": [1, -149.5346428766647, []], "[\"10.0.0.12_10.0.0.42\", [1, 2, 4]]": [1, -151.04244677407442, []], "[\"NoTrans\", []]": [1, -167.06798934936523, []]}, "{\"10.0.0.11_10.0.0.41\": [1, 3, 4], \"10.0.0.12_10.0.0.42\": [1, 2, 4], \"10.0.0.13_10.0.0.43\": [1, 3, 4]}": {"[\"10.0.0.11_10.0.0.41\", [1, 2, 4]]": [1, -172.06020122141814, []], "[\"10.0.0.13_10.0.0.43\", [1, 2, 4]]": [1, -173.70857310262875, []], "[\"10.0.0.12_10.0.0.42\", [1, 3, 4]]": [1, -138.6446593586731, []], "[\"NoTrans\", []]": [1, -169.66779568354437, []]}, "{\"10.0.0.11_10.0.0.41\": [1, 3, 4], \"10.0.0.12_10.0.0.42\": [1, 3, 4], \"10.0.0.13_10.0.0.43\": [1, 2, 4]}": {"[\"10.0.0.11_10.0.0.41\", [1, 2, 4]]": [1, -173.2887464098668, []], "[\"10.0.0.13_10.0.0.43\", [1, 3, 4]]": [2, -179.45283966064454, []], "[\"10.0.0.12_10.0.0.42\", [1, 2, 4]]": [1, -170.01487773871762, []], "[\"NoTrans\", []]": [2, -193.3700052448376, []]}, "{\"10.0.0.11_10.0.0.41\": [1, 3, 4], \"10.0.0.12_10.0.0.42\": [1, 2, 4], \"10.0.0.13_10.0.0.43\": [1, 2, 4]}": {"[\"10.0.0.11_10.0.0.41\", [1, 2, 4]]": [1, -189.12075424194336, []], "[\"10.0.0.13_10.0.0.43\", [1, 3, 4]]": [1, -168.77971638563815, []], "[\"10.0.0.12_10.0.0.42\", [1, 3, 4]]": [2, -161.52925005192745, []], "[\"NoTrans\", []]": [1, -171.5229039513013, []]}, "{\"10.0.0.11_10.0.0.41\": [1, 2, 4], \"10.0.0.12_10.0.0.42\": [1, 3, 4], \"10.0.0.13_10.0.0.43\": [1, 3, 4]}": {"[\"10.0.0.11_10.0.0.41\", [1, 3, 4]]": [1, -180.09633922814115, []], "[\"10.0.0.13_10.0.0.43\", [1, 2, 4]]": [1, -172.97026892133286, []], "[\"10.0.0.12_10.0.0.42\", [1, 2, 4]]": [1, -173.075501309002, []], "[\"NoTrans\", []]": [650, -112.66478837289684, []]}, "{\"10.0.0.11_10.0.0.41\": [1, 2, 4], \"10.0.0.12_10.0.0.42\": [1, 2, 4], \"10.0.0.13_10.0.0.43\": [1, 3, 4]}": {"[\"10.0.0.11_10.0.0.41\", [1, 3, 4]]": [1, -152.13266578255508, []], "[\"10.0.0.13_10.0.0.43\", [1, 2, 4]]": [1, -190.50253295898438, []], "[\"10.0.0.12_10.0.0.42\", [1, 3, 4]]": [1, -139.48236639990046, []], "[\"NoTrans\", []]": [1, -173.16266297023736, []]}, "{\"10.0.0.11_10.0.0.41\": [1, 2, 4], \"10.0.0.12_10.0.0.42\": [1, 3, 4], \"10.0.0.13_10.0.0.43\": [1, 2, 4]}": {"[\"10.0.0.11_10.0.0.41\", [1, 3, 4]]": [1, -152.97804158675575, []], "[\"10.0.0.13_10.0.0.43\", [1, 3, 4]]": [1, -142.72304217419781, []], "[\"10.0.0.12_10.0.0.42\", [1, 2, 4]]": [1, -191.7800750732422, []], "[\"NoTrans\", []]": [1, -172.80664266319377, []]}, "{\"10.0.0.11_10.0.0.41\": [1, 2, 4], \"10.0.0.12_10.0.0.42\": [1, 2, 4], \"10.0.0.13_10.0.0.43\": [1, 2, 4]}": {"[\"10.0.0.11_10.0.0.41\", [1, 3, 4]]": [1, -169.39055100089917, []], "[\"10.0.0.13_10.0.0.43\", [1, 3, 4]]": [1, -171.37843951187068, []], "[\"10.0.0.12_10.0.0.42\", [1, 3, 4]]": [1, -170.19770593729635, []], "[\"NoTrans\", []]": [1, -190.78586959838867, []]}}