{"{\"10.0.0.11_10.0.0.41\": [1, 3, 4], \"10.0.0.12_10.0.0.42\": [1, 3, 4], \"10.0.0.13_10.0.0.43\": [1, 3, 4]}": {"[\"10.0.0.13_10.0.0.43\", [1, 2, 4]]": [21, -269.1628428382085, []], "[\"10.0.0.11_10.0.0.41\", [1, 2, 4]]": [30, -168.92426880999102, []], "[\"10.0.0.12_10.0.0.42\", [1, 2, 4]]": [13, -278.4914768308849, []], "[\"NoTrans\", []]": [22, -235.4443996288471, []]}, "{\"10.0.0.11_10.0.0.41\": [1, 3, 4], \"10.0.0.12_10.0.0.42\": [1, 2, 4], \"10.0.0.13_10.0.0.43\": [1, 3, 4]}": {"[\"10.0.0.13_10.0.0.43\", [1, 2, 4]]": [12, -321.6393303070579, []], "[\"10.0.0.11_10.0.0.41\", [1, 2, 4]]": [9, -272.26207782555355, []], "[\"10.0.0.12_10.0.0.42\", [1, 3, 4]]": [18, -246.72682327600825, []], "[\"NoTrans\", []]": [8, -276.9622943695968, []]}, "{\"10.0.0.11_10.0.0.41\": [1, 2, 4], \"10.0.0.12_10.0.0.42\": [1, 3, 4], \"10.0.0.13_10.0.0.43\": [1, 3, 4]}": {"[\"10.0.0.13_10.0.0.43\", [1, 2, 4]]": [32, -267.2504490488395, []], "[\"10.0.0.11_10.0.0.41\", [1, 3, 4]]": [25, -235.20555754193418, []], "[\"10.0.0.12_10.0.0.42\", [1, 2, 4]]": [15, -265.23075522481093, []], "[\"NoTrans\", []]": [33, -167.42796519373422, []]}, "{\"10.0.0.11_10.0.0.41\": [1, 2, 4], \"10.0.0.12_10.0.0.42\": [1, 2, 4], \"10.0.0.13_10.0.0.43\": [1, 3, 4]}": {"[\"10.0.0.13_10.0.0.43\", [1, 2, 4]]": [10, -340.691596176175, []], "[\"10.0.0.11_10.0.0.41\", [1, 3, 4]]": [9, -277.71370608580963, []], "[\"10.0.0.12_10.0.0.42\", [1, 3, 4]]": [16, -191.74861932913547, []], "[\"NoTrans\", []]": [15, -278.14636574635824, []]}, "{\"10.0.0.11_10.0.0.41\": [1, 3, 4], \"10.0.0.12_10.0.0.42\": [1, 3, 4], \"10.0.0.13_10.0.0.43\": [1, 2, 4]}": {"[\"10.0.0.13_10.0.0.43\", [1, 3, 4]]": [21, -232.76923377822507, []], "[\"10.0.0.11_10.0.0.41\", [1, 2, 4]]": [12, -272.18796806945295, []], "[\"10.0.0.12_10.0.0.42\", [1, 2, 4]]": [17, -324.61001709501426, []], "[\"NoTrans\", []]": [19, -273.2912872507815, []]}, "{\"10.0.0.11_10.0.0.41\": [1, 3, 4], \"10.0.0.12_10.0.0.42\": [1, 2, 4], \"10.0.0.13_10.0.0.43\": [1, 2, 4]}": {"[\"10.0.0.13_10.0.0.43\", [1, 3, 4]]": [17, -274.96832127726276, []], "[\"10.0.0.11_10.0.0.41\", [1, 2, 4]]": [12, -343.4402043777385, []], "[\"10.0.0.12_10.0.0.42\", [1, 3, 4]]": [12, -275.2111379591175, []], "[\"NoTrans\", []]": [9, -324.8563198933905, []]}, "{\"10.0.0.11_10.0.0.41\": [1, 2, 4], \"10.0.0.12_10.0.0.42\": [1, 3, 4], \"10.0.0.13_10.0.0.43\": [1, 2, 4]}": {"[\"10.0.0.13_10.0.0.43\", [1, 3, 4]]": [25, -204.83082543178213, []], "[\"10.0.0.11_10.0.0.41\", [1, 3, 4]]": [17, -274.7739700772898, []], "[\"10.0.0.12_10.0.0.42\", [1, 2, 4]]": [15, -346.4572361880197, []], "[\"NoTrans\", []]": [18, -272.7428162355033, []]}, "{\"10.0.0.11_10.0.0.41\": [1, 2, 4], \"10.0.0.12_10.0.0.42\": [1, 2, 4], \"10.0.0.13_10.0.0.43\": [1, 2, 4]}": {"[\"10.0.0.13_10.0.0.43\", [1, 3, 4]]": [11, -277.8094895118039, []], "[\"10.0.0.11_10.0.0.41\", [1, 3, 4]]": [12, -325.97583434731644, []], "[\"10.0.0.12_10.0.0.42\", [1, 3, 4]]": [14, -271.4340827984692, []], "[\"NoTrans\", []]": [8, -340.9759904370128, []]}}