{"{\"10.0.0.11_10.0.0.41\": [1, 3, 4], \"10.0.0.12_10.0.0.42\": [1, 3, 4], \"10.0.0.13_10.0.0.43\": [1, 3, 4]}": {"[\"10.0.0.13_10.0.0.43\", [1, 2, 4]]": [2, -166.87835722371096, []], "[\"10.0.0.12_10.0.0.42\", [1, 2, 4]]": [2, -194.03767628121943, []], "[\"10.0.0.11_10.0.0.41\", [1, 2, 4]]": [4, -152.52188500768335, []], "[\"NoTrans\", []]": [2, -200.3796960936946, []]}, "{\"10.0.0.11_10.0.0.41\": [1, 2, 4], \"10.0.0.12_10.0.0.42\": [1, 3, 4], \"10.0.0.13_10.0.0.43\": [1, 3, 4]}": {"[\"10.0.0.13_10.0.0.43\", [1, 2, 4]]": [3, -191.75033555173414, []], "[\"10.0.0.12_10.0.0.42\", [1, 2, 4]]": [2, -211.00327961358224, []], "[\"10.0.0.11_10.0.0.41\", [1, 3, 4]]": [3, -207.97345973214993, []], "[\"NoTrans\", []]": [809, -120.38008247371252, []]}, "{\"10.0.0.11_10.0.0.41\": [1, 3, 4], \"10.0.0.12_10.0.0.42\": [1, 2, 4], \"10.0.0.13_10.0.0.43\": [1, 3, 4]}": {"[\"10.0.0.13_10.0.0.43\", [1, 2, 4]]": [3, -194.58947129369588, []], "[\"10.0.0.12_10.0.0.42\", [1, 3, 4]]": [2, -189.43298710661855, []], "[\"10.0.0.11_10.0.0.41\", [1, 2, 4]]": [1, -180.21360017159597, []], "[\"NoTrans\", []]": [2, -188.79884737314734, []]}, "{\"10.0.0.11_10.0.0.41\": [1, 2, 4], \"10.0.0.12_10.0.0.42\": [1, 2, 4], \"10.0.0.13_10.0.0.43\": [1, 3, 4]}": {"[\"10.0.0.13_10.0.0.43\", [1, 2, 4]]": [1, -152.3791175980694, []], "[\"10.0.0.12_10.0.0.42\", [1, 3, 4]]": [2, -171.91686939980144, []], "[\"10.0.0.11_10.0.0.41\", [1, 3, 4]]": [2, -189.14165177547642, []], "[\"NoTrans\", []]": [1, -169.4794868350277, []]}, "{\"10.0.0.11_10.0.0.41\": [1, 3, 4], \"10.0.0.12_10.0.0.42\": [1, 3, 4], \"10.0.0.13_10.0.0.43\": [1, 2, 4]}": {"[\"10.0.0.13_10.0.0.43\", [1, 3, 4]]": [3, -210.82344731429058, []], "[\"10.0.0.12_10.0.0.42\", [1, 2, 4]]": [2, -175.41701128415414, []], "[\"10.0.0.11_10.0.0.41\", [1, 2, 4]]": [2, -182.68373998185672, []], "[\"NoTrans\", []]": [3, -208.00989631174303, []]}, "{\"10.0.0.11_10.0.0.41\": [1, 2, 4], \"10.0.0.12_10.0.0.42\": [1, 3, 4], \"10.0.0.13_10.0.0.43\": [1, 2, 4]}": {"[\"10.0.0.13_10.0.0.43\", [1, 3, 4]]": [3, -172.66472603079126, []], "[\"10.0.0.12_10.0.0.42\", [1, 2, 4]]": [1, -153.39144288493463, []], "[\"10.0.0.11_10.0.0.41\", [1, 3, 4]]": [2, -171.35587048869604, []], "[\"NoTrans\", []]": [2, -187.27700022239046, []]}, "{\"10.0.0.11_10.0.0.41\": [1, 3, 4], \"10.0.0.12_10.0.0.42\": [1, 2, 4], \"10.0.0.13_10.0.0.43\": [1, 2, 4]}": {"[\"10.0.0.13_10.0.0.43\", [1, 3, 4]]": [2, -160.5289467315124, []], "[\"10.0.0.12_10.0.0.42\", [1, 3, 4]]": [3, -199.38019868421958, []], "[\"10.0.0.11_10.0.0.41\", [1, 2, 4]]": [2, -174.26947175456354, []], "[\"NoTrans\", []]": [2, -187.66325023006726, []]}, "{\"10.0.0.11_10.0.0.41\": [1, 2, 4], \"10.0.0.12_10.0.0.42\": [1, 2, 4], \"10.0.0.13_10.0.0.43\": [1, 2, 4]}": {"[\"10.0.0.13_10.0.0.43\", [1, 3, 4]]": [2, -183.8713808942966, []], "[\"10.0.0.12_10.0.0.42\", [1, 3, 4]]": [1, -82.90809919470473, []], "[\"10.0.0.11_10.0.0.41\", [1, 3, 4]]": [1, -126.04551771264401, []], "[\"NoTrans\", []]": [1, -110.17054139567682, []]}}