{"{\"10.0.0.11_10.0.0.41\": [1, 3, 4], \"10.0.0.12_10.0.0.42\": [1, 3, 4], \"10.0.0.13_10.0.0.43\": [1, 3, 4]}": {"[\"10.0.0.12_10.0.0.42\", [1, 2, 4]]": [1, -187.19202945897626, []], "[\"10.0.0.13_10.0.0.43\", [1, 2, 4]]": [1, -150.28262125055994, []], "[\"10.0.0.11_10.0.0.41\", [1, 2, 4]]": [2, -106.68092491115283, []], "[\"NoTrans\", []]": [1, -169.8591079711914, []]}, "{\"10.0.0.11_10.0.0.41\": [1, 2, 4], \"10.0.0.12_10.0.0.42\": [1, 3, 4], \"10.0.0.13_10.0.0.43\": [1, 3, 4]}": {"[\"10.0.0.12_10.0.0.42\", [1, 2, 4]]": [1, -171.98101833822818, []], "[\"10.0.0.13_10.0.0.43\", [1, 2, 4]]": [1, -169.3929170731529, []], "[\"10.0.0.11_10.0.0.41\", [1, 3, 4]]": [1, -169.9574317932129, []], "[\"NoTrans\", []]": [649, -140.92532522802242, []]}, "{\"10.0.0.11_10.0.0.41\": [1, 3, 4], \"10.0.0.12_10.0.0.42\": [1, 3, 4], \"10.0.0.13_10.0.0.43\": [1, 2, 4]}": {"[\"10.0.0.12_10.0.0.42\", [1, 2, 4]]": [0, -100, []], "[\"10.0.0.13_10.0.0.43\", [1, 3, 4]]": [1, -174.56921151120991, []], "[\"10.0.0.11_10.0.0.41\", [1, 2, 4]]": [1, -171.89791691974153, []], "[\"NoTrans\", []]": [0, -100, []]}, "{\"10.0.0.11_10.0.0.41\": [1, 2, 4], \"10.0.0.12_10.0.0.42\": [1, 3, 4], \"10.0.0.13_10.0.0.43\": [1, 2, 4]}": {"[\"10.0.0.12_10.0.0.42\", [1, 2, 4]]": [1, -193.7681999206543, []], "[\"10.0.0.13_10.0.0.43\", [1, 3, 4]]": [1, -135.47145267570363, []], "[\"10.0.0.11_10.0.0.41\", [1, 3, 4]]": [1, -156.15056722155342, []], "[\"NoTrans\", []]": [1, -171.4690484968393, []]}, "{\"10.0.0.11_10.0.0.41\": [1, 3, 4], \"10.0.0.12_10.0.0.42\": [1, 2, 4], \"10.0.0.13_10.0.0.43\": [1, 3, 4]}": {"[\"10.0.0.12_10.0.0.42\", [1, 3, 4]]": [2, -182.18235092163087, []], "[\"10.0.0.13_10.0.0.43\", [1, 2, 4]]": [1, -170.8610680739083, []], "[\"10.0.0.11_10.0.0.41\", [1, 2, 4]]": [1, -170.69856718325116, []], "[\"NoTrans\", []]": [2, -198.74547765909978, []]}, "{\"10.0.0.11_10.0.0.41\": [1, 2, 4], \"10.0.0.12_10.0.0.42\": [1, 2, 4], \"10.0.0.13_10.0.0.43\": [1, 3, 4]}": {"[\"10.0.0.12_10.0.0.42\", [1, 3, 4]]": [1, -143.32178193604176, []], "[\"10.0.0.13_10.0.0.43\", [1, 2, 4]]": [1, -188.65660095214844, []], "[\"10.0.0.11_10.0.0.41\", [1, 3, 4]]": [1, -150.73988479087353, []], "[\"NoTrans\", []]": [1, -171.39648754537865, []]}, "{\"10.0.0.11_10.0.0.41\": [1, 3, 4], \"10.0.0.12_10.0.0.42\": [1, 2, 4], \"10.0.0.13_10.0.0.43\": [1, 2, 4]}": {"[\"10.0.0.12_10.0.0.42\", [1, 3, 4]]": [0, -100, []], "[\"10.0.0.13_10.0.0.43\", [1, 3, 4]]": [1, -153.14343234249313, []], "[\"10.0.0.11_10.0.0.41\", [1, 2, 4]]": [1, -190.33888244628906, []], "[\"NoTrans\", []]": [0, -100, []]}, "{\"10.0.0.11_10.0.0.41\": [1, 2, 4], \"10.0.0.12_10.0.0.42\": [1, 2, 4], \"10.0.0.13_10.0.0.43\": [1, 2, 4]}": {"[\"10.0.0.12_10.0.0.42\", [1, 3, 4]]": [1, -172.91642085884354, []], "[\"10.0.0.13_10.0.0.43\", [1, 3, 4]]": [1, -171.18729851484397, []], "[\"10.0.0.11_10.0.0.41\", [1, 3, 4]]": [1, -171.4585703791954, []], "[\"NoTrans\", []]": [1, -191.19280242919922, []]}}