{"{\"10.0.0.11_10.0.0.41\": [1, 3, 4], \"10.0.0.12_10.0.0.42\": [1, 3, 4], \"10.0.0.13_10.0.0.43\": [1, 3, 4]}": {"[\"10.0.0.13_10.0.0.43\", [1, 2, 4]]": [0, -140, []], "[\"10.0.0.12_10.0.0.42\", [1, 2, 4]]": [1, -181.39821932464636, []], "[\"10.0.0.11_10.0.0.41\", [1, 2, 4]]": [1, -140.75312026741227, []], "[\"NoTrans\", []]": [1, -188.583347485832, []]}, "{\"10.0.0.11_10.0.0.41\": [1, 2, 4], \"10.0.0.12_10.0.0.42\": [1, 3, 4], \"10.0.0.13_10.0.0.43\": [1, 3, 4]}": {"[\"10.0.0.13_10.0.0.43\", [1, 2, 4]]": [1, -208.0086201352293, []], "[\"10.0.0.12_10.0.0.42\", [1, 2, 4]]": [1, -204.64265880250014, []], "[\"10.0.0.11_10.0.0.41\", [1, 3, 4]]": [1, -184.07983514487088, []], "[\"NoTrans\", []]": [675, -125.30213965949386, []]}, "{\"10.0.0.11_10.0.0.41\": [1, 3, 4], \"10.0.0.12_10.0.0.42\": [1, 2, 4], \"10.0.0.13_10.0.0.43\": [1, 3, 4]}": {"[\"10.0.0.13_10.0.0.43\", [1, 2, 4]]": [1, -207.79306517651503, []], "[\"10.0.0.12_10.0.0.42\", [1, 3, 4]]": [1, -202.14551696777343, []], "[\"10.0.0.11_10.0.0.41\", [1, 2, 4]]": [1, -205.34211877720318, []], "[\"NoTrans\", []]": [0, -140, []]}, "{\"10.0.0.11_10.0.0.41\": [1, 2, 4], \"10.0.0.12_10.0.0.42\": [1, 2, 4], \"10.0.0.13_10.0.0.43\": [1, 3, 4]}": {"[\"10.0.0.13_10.0.0.43\", [1, 2, 4]]": [0, -140, []], "[\"10.0.0.12_10.0.0.42\", [1, 3, 4]]": [1, -187.61383853327547, []], "[\"10.0.0.11_10.0.0.41\", [1, 3, 4]]": [1, -187.85716343407196, []], "[\"NoTrans\", []]": [0, -140, []]}, "{\"10.0.0.11_10.0.0.41\": [1, 3, 4], \"10.0.0.12_10.0.0.42\": [1, 3, 4], \"10.0.0.13_10.0.0.43\": [1, 2, 4]}": {"[\"10.0.0.13_10.0.0.43\", [1, 3, 4]]": [0, -140, []], "[\"10.0.0.12_10.0.0.42\", [1, 2, 4]]": [1, -206.80713398094122, []], "[\"10.0.0.11_10.0.0.41\", [1, 2, 4]]": [0, -140, []], "[\"NoTrans\", []]": [0, -140, []]}, "{\"10.0.0.11_10.0.0.41\": [1, 2, 4], \"10.0.0.12_10.0.0.42\": [1, 3, 4], \"10.0.0.13_10.0.0.43\": [1, 2, 4]}": {"[\"10.0.0.13_10.0.0.43\", [1, 3, 4]]": [1, -176.1990060035866, []], "[\"10.0.0.12_10.0.0.42\", [1, 2, 4]]": [1, -227.52317199707034, []], "[\"10.0.0.11_10.0.0.41\", [1, 3, 4]]": [0, -140, []], "[\"NoTrans\", []]": [0, -140, []]}, "{\"10.0.0.11_10.0.0.41\": [1, 3, 4], \"10.0.0.12_10.0.0.42\": [1, 2, 4], \"10.0.0.13_10.0.0.43\": [1, 2, 4]}": {"[\"10.0.0.13_10.0.0.43\", [1, 3, 4]]": [1, -184.62487716901995, []], "[\"10.0.0.12_10.0.0.42\", [1, 3, 4]]": [1, -185.84469743552205, []], "[\"10.0.0.11_10.0.0.41\", [1, 2, 4]]": [1, -225.4011512756348, []], "[\"NoTrans\", []]": [1, -205.282940932849, []]}, "{\"10.0.0.11_10.0.0.41\": [1, 2, 4], \"10.0.0.12_10.0.0.42\": [1, 2, 4], \"10.0.0.13_10.0.0.43\": [1, 2, 4]}": {"[\"10.0.0.13_10.0.0.43\", [1, 3, 4]]": [0, -140, []], "[\"10.0.0.12_10.0.0.42\", [1, 3, 4]]": [1, -204.41639947818115, []], "[\"10.0.0.11_10.0.0.41\", [1, 3, 4]]": [1, -204.5074457489253, []], "[\"NoTrans\", []]": [0, -140, []]}}