{"{\"10.0.0.11_10.0.0.41\": [1, 3, 4], \"10.0.0.12_10.0.0.42\": [1, 3, 4], \"10.0.0.13_10.0.0.43\": [1, 3, 4]}": {"[\"10.0.0.12_10.0.0.42\", [1, 2, 4]]": [17, -281.8207607541401, []], "[\"10.0.0.11_10.0.0.41\", [1, 2, 4]]": [20, -175.07427718316973, []], "[\"10.0.0.13_10.0.0.43\", [1, 2, 4]]": [17, -280.42873147749617, []], "[\"NoTrans\", []]": [18, -247.49644804887757, []]}, "{\"10.0.0.11_10.0.0.41\": [1, 3, 4], \"10.0.0.12_10.0.0.42\": [1, 3, 4], \"10.0.0.13_10.0.0.43\": [1, 2, 4]}": {"[\"10.0.0.12_10.0.0.42\", [1, 2, 4]]": [15, -330.374921385696, []], "[\"10.0.0.11_10.0.0.41\", [1, 2, 4]]": [12, -288.8198983903886, []], "[\"10.0.0.13_10.0.0.43\", [1, 3, 4]]": [22, -247.9127256514761, []], "[\"NoTrans\", []]": [13, -283.36182060766913, []]}, "{\"10.0.0.11_10.0.0.41\": [1, 2, 4], \"10.0.0.12_10.0.0.42\": [1, 3, 4], \"10.0.0.13_10.0.0.43\": [1, 3, 4]}": {"[\"10.0.0.12_10.0.0.42\", [1, 2, 4]]": [17, -279.56599434402403, []], "[\"10.0.0.11_10.0.0.41\", [1, 3, 4]]": [19, -249.49239591723077, []], "[\"10.0.0.13_10.0.0.43\", [1, 2, 4]]": [18, -269.13107622558204, []], "[\"NoTrans\", []]": [19, -193.59699255381838, []]}, "{\"10.0.0.11_10.0.0.41\": [1, 2, 4], \"10.0.0.12_10.0.0.42\": [1, 3, 4], \"10.0.0.13_10.0.0.43\": [1, 2, 4]}": {"[\"10.0.0.12_10.0.0.42\", [1, 2, 4]]": [19, -343.6521013614519, []], "[\"10.0.0.11_10.0.0.41\", [1, 3, 4]]": [15, -285.9587828852283, []], "[\"10.0.0.13_10.0.0.43\", [1, 3, 4]]": [14, -204.89103642314996, []], "[\"NoTrans\", []]": [17, -269.89527188890594, []]}, "{\"10.0.0.11_10.0.0.41\": [1, 3, 4], \"10.0.0.12_10.0.0.42\": [1, 2, 4], \"10.0.0.13_10.0.0.43\": [1, 3, 4]}": {"[\"10.0.0.12_10.0.0.42\", [1, 3, 4]]": [13, -251.12850698699657, []], "[\"10.0.0.11_10.0.0.41\", [1, 2, 4]]": [18, -271.5454395010438, []], "[\"10.0.0.13_10.0.0.43\", [1, 2, 4]]": [20, -332.0290916080912, []], "[\"NoTrans\", []]": [17, -284.06777951010133, []]}, "{\"10.0.0.11_10.0.0.41\": [1, 3, 4], \"10.0.0.12_10.0.0.42\": [1, 2, 4], \"10.0.0.13_10.0.0.43\": [1, 2, 4]}": {"[\"10.0.0.12_10.0.0.42\", [1, 3, 4]]": [17, -296.6687882400296, []], "[\"10.0.0.11_10.0.0.41\", [1, 2, 4]]": [19, -352.05815555914165, []], "[\"10.0.0.13_10.0.0.43\", [1, 3, 4]]": [19, -283.891094187812, []], "[\"NoTrans\", []]": [8, -342.1611973067277, []]}, "{\"10.0.0.11_10.0.0.41\": [1, 2, 4], \"10.0.0.12_10.0.0.42\": [1, 2, 4], \"10.0.0.13_10.0.0.43\": [1, 3, 4]}": {"[\"10.0.0.12_10.0.0.42\", [1, 3, 4]]": [20, -215.11117064649957, []], "[\"10.0.0.11_10.0.0.41\", [1, 3, 4]]": [15, -281.8237891107562, []], "[\"10.0.0.13_10.0.0.43\", [1, 2, 4]]": [17, -345.6888107909362, []], "[\"NoTrans\", []]": [14, -280.3853154448719, []]}, "{\"10.0.0.11_10.0.0.41\": [1, 2, 4], \"10.0.0.12_10.0.0.42\": [1, 2, 4], \"10.0.0.13_10.0.0.43\": [1, 2, 4]}": {"[\"10.0.0.12_10.0.0.42\", [1, 3, 4]]": [18, -270.4170969642929, []], "[\"10.0.0.11_10.0.0.41\", [1, 3, 4]]": [20, -329.9466353273489, []], "[\"10.0.0.13_10.0.0.43\", [1, 3, 4]]": [17, -276.89643304170636, []], "[\"NoTrans\", []]": [20, -343.7109888811378, []]}}