{"{\"10.0.0.11_10.0.0.41\": [1, 3, 4], \"10.0.0.12_10.0.0.42\": [1, 3, 4], \"10.0.0.13_10.0.0.43\": [1, 3, 4]}": {"[\"10.0.0.12_10.0.0.42\", [1, 2, 4]]": [20, -391.26625773890277, []], "[\"10.0.0.13_10.0.0.43\", [1, 2, 4]]": [2, -317.10436030440763, []], "[\"10.0.0.11_10.0.0.41\", [1, 2, 4]]": [50, -137.00890679378173, []], "[\"NoTrans\", []]": [5, -240.38797842461315, []]}, "{\"10.0.0.11_10.0.0.41\": [1, 2, 4], \"10.0.0.12_10.0.0.42\": [1, 3, 4], \"10.0.0.13_10.0.0.43\": [1, 3, 4]}": {"[\"10.0.0.12_10.0.0.42\", [1, 2, 4]]": [24, -258.9940918464959, []], "[\"10.0.0.13_10.0.0.43\", [1, 2, 4]]": [24, -247.6042858918371, []], "[\"10.0.0.11_10.0.0.41\", [1, 3, 4]]": [57, -221.72630526962865, []], "[\"NoTrans\", []]": [184, -135.9836332100978, []]}, "{\"10.0.0.11_10.0.0.41\": [1, 3, 4], \"10.0.0.12_10.0.0.42\": [1, 3, 4], \"10.0.0.13_10.0.0.43\": [1, 2, 4]}": {"[\"10.0.0.12_10.0.0.42\", [1, 2, 4]]": [5, -383.6702020046037, []], "[\"10.0.0.13_10.0.0.43\", [1, 3, 4]]": [6, -313.2210036432751, []], "[\"10.0.0.11_10.0.0.41\", [1, 2, 4]]": [8, -376.6610346873687, []], "[\"NoTrans\", []]": [0, -Infinity, []]}, "{\"10.0.0.11_10.0.0.41\": [1, 2, 4], \"10.0.0.12_10.0.0.42\": [1, 3, 4], \"10.0.0.13_10.0.0.43\": [1, 2, 4]}": {"[\"10.0.0.12_10.0.0.42\", [1, 2, 4]]": [9, -369.8034387935235, []], "[\"10.0.0.13_10.0.0.43\", [1, 3, 4]]": [28, -189.48092592926665, []], "[\"10.0.0.11_10.0.0.41\", [1, 3, 4]]": [3, -369.0756787553628, []], "[\"NoTrans\", []]": [3, -249.17943832255833, []]}, "{\"10.0.0.11_10.0.0.41\": [1, 3, 4], \"10.0.0.12_10.0.0.42\": [1, 2, 4], \"10.0.0.13_10.0.0.43\": [1, 3, 4]}": {"[\"10.0.0.12_10.0.0.42\", [1, 3, 4]]": [9, -402.59062834756566, []], "[\"10.0.0.13_10.0.0.43\", [1, 2, 4]]": [16, -402.9756949155962, []], "[\"10.0.0.11_10.0.0.41\", [1, 2, 4]]": [11, -284.988808299519, []], "[\"NoTrans\", []]": [20, -397.0618651549459, []]}, "{\"10.0.0.11_10.0.0.41\": [1, 2, 4], \"10.0.0.12_10.0.0.42\": [1, 2, 4], \"10.0.0.13_10.0.0.43\": [1, 3, 4]}": {"[\"10.0.0.12_10.0.0.42\", [1, 3, 4]]": [28, -181.7887845860706, []], "[\"10.0.0.13_10.0.0.43\", [1, 2, 4]]": [2, -348.2424030351082, []], "[\"10.0.0.11_10.0.0.41\", [1, 3, 4]]": [10, -386.2295339314422, []], "[\"NoTrans\", []]": [7, -264.6336996664529, []]}, "{\"10.0.0.11_10.0.0.41\": [1, 3, 4], \"10.0.0.12_10.0.0.42\": [1, 2, 4], \"10.0.0.13_10.0.0.43\": [1, 2, 4]}": {"[\"10.0.0.12_10.0.0.42\", [1, 3, 4]]": [14, -344.6063671893185, []], "[\"10.0.0.13_10.0.0.43\", [1, 3, 4]]": [6, -375.2922274696323, []], "[\"10.0.0.11_10.0.0.41\", [1, 2, 4]]": [8, -391.3265251412386, []], "[\"NoTrans\", []]": [7, -387.62465891747905, []]}, "{\"10.0.0.11_10.0.0.41\": [1, 2, 4], \"10.0.0.12_10.0.0.42\": [1, 2, 4], \"10.0.0.13_10.0.0.43\": [1, 2, 4]}": {"[\"10.0.0.12_10.0.0.42\", [1, 3, 4]]": [8, -272.5607924332003, []], "[\"10.0.0.13_10.0.0.43\", [1, 3, 4]]": [4, -374.73217454412634, []], "[\"10.0.0.11_10.0.0.41\", [1, 3, 4]]": [7, -360.2109111674908, []], "[\"NoTrans\", []]": [4, -400.51254355853, []]}}