{"{\"10.0.0.11_10.0.0.41\": [1, 3, 4], \"10.0.0.12_10.0.0.42\": [1, 3, 4], \"10.0.0.13_10.0.0.43\": [1, 3, 4]}": {"[\"10.0.0.13_10.0.0.43\", [1, 2, 4]]": [1, -187.5008667405411, []], "[\"10.0.0.12_10.0.0.42\", [1, 2, 4]]": [1, -184.6303628344151, []], "[\"10.0.0.11_10.0.0.41\", [1, 2, 4]]": [1, -139.2929641501865, []], "[\"NoTrans\", []]": [1, -199.18798217773437, []]}, "{\"10.0.0.11_10.0.0.41\": [1, 2, 4], \"10.0.0.12_10.0.0.42\": [1, 3, 4], \"10.0.0.13_10.0.0.43\": [1, 3, 4]}": {"[\"10.0.0.13_10.0.0.43\", [1, 2, 4]]": [1, -204.68300182054298, []], "[\"10.0.0.12_10.0.0.42\", [1, 2, 4]]": [1, -203.05031225896968, []], "[\"10.0.0.11_10.0.0.41\", [1, 3, 4]]": [1, -201.16485366821288, []], "[\"NoTrans\", []]": [661, -136.02149722733188, []]}, "{\"10.0.0.11_10.0.0.41\": [1, 3, 4], \"10.0.0.12_10.0.0.42\": [1, 2, 4], \"10.0.0.13_10.0.0.43\": [1, 3, 4]}": {"[\"10.0.0.13_10.0.0.43\", [1, 2, 4]]": [1, -206.32561332937635, []], "[\"10.0.0.12_10.0.0.42\", [1, 3, 4]]": [1, -201.90757522583007, []], "[\"10.0.0.11_10.0.0.41\", [1, 2, 4]]": [1, -203.21054082293307, []], "[\"NoTrans\", []]": [1, -188.12792782927832, []]}, "{\"10.0.0.11_10.0.0.41\": [1, 2, 4], \"10.0.0.12_10.0.0.42\": [1, 2, 4], \"10.0.0.13_10.0.0.43\": [1, 3, 4]}": {"[\"10.0.0.13_10.0.0.43\", [1, 2, 4]]": [1, -225.56546936035159, []], "[\"10.0.0.12_10.0.0.42\", [1, 3, 4]]": [1, -173.93571594543292, []], "[\"10.0.0.11_10.0.0.41\", [1, 3, 4]]": [1, -185.79273287573136, []], "[\"NoTrans\", []]": [0, -140, []]}, "{\"10.0.0.11_10.0.0.41\": [1, 3, 4], \"10.0.0.12_10.0.0.42\": [1, 3, 4], \"10.0.0.13_10.0.0.43\": [1, 2, 4]}": {"[\"10.0.0.13_10.0.0.43\", [1, 3, 4]]": [1, -201.68222198486328, []], "[\"10.0.0.12_10.0.0.42\", [1, 2, 4]]": [1, -205.1191340549448, []], "[\"10.0.0.11_10.0.0.41\", [1, 2, 4]]": [1, -207.71270024529326, []], "[\"NoTrans\", []]": [0, -140, []]}, "{\"10.0.0.11_10.0.0.41\": [1, 2, 4], \"10.0.0.12_10.0.0.42\": [1, 3, 4], \"10.0.0.13_10.0.0.43\": [1, 2, 4]}": {"[\"10.0.0.13_10.0.0.43\", [1, 3, 4]]": [1, -174.64112826817637, []], "[\"10.0.0.12_10.0.0.42\", [1, 2, 4]]": [1, -226.74268493652346, []], "[\"10.0.0.11_10.0.0.41\", [1, 3, 4]]": [1, -183.3569915840108, []], "[\"NoTrans\", []]": [1, -207.687938219054, []]}, "{\"10.0.0.11_10.0.0.41\": [1, 3, 4], \"10.0.0.12_10.0.0.42\": [1, 2, 4], \"10.0.0.13_10.0.0.43\": [1, 2, 4]}": {"[\"10.0.0.13_10.0.0.43\", [1, 3, 4]]": [1, -186.53904425715126, []], "[\"10.0.0.12_10.0.0.42\", [1, 3, 4]]": [1, -186.41995250152158, []], "[\"10.0.0.11_10.0.0.41\", [1, 2, 4]]": [1, -222.7522254943848, []], "[\"NoTrans\", []]": [1, -204.62970779283393, []]}, "{\"10.0.0.11_10.0.0.41\": [1, 2, 4], \"10.0.0.12_10.0.0.42\": [1, 2, 4], \"10.0.0.13_10.0.0.43\": [1, 2, 4]}": {"[\"10.0.0.13_10.0.0.43\", [1, 3, 4]]": [1, -204.58633963246876, []], "[\"10.0.0.12_10.0.0.42\", [1, 3, 4]]": [1, -205.48745877238508, []], "[\"10.0.0.11_10.0.0.41\", [1, 3, 4]]": [1, -205.82744130785957, []], "[\"NoTrans\", []]": [1, -225.95952758789065, []]}}