{"{\"10.0.0.11_10.0.0.41\": [1, 3, 4], \"10.0.0.12_10.0.0.42\": [1, 3, 4], \"10.0.0.13_10.0.0.43\": [1, 3, 4]}": {"[\"10.0.0.12_10.0.0.42\", [1, 2, 4]]": [0, -140, []], "[\"10.0.0.13_10.0.0.43\", [1, 2, 4]]": [0, -140, []], "[\"10.0.0.11_10.0.0.41\", [1, 2, 4]]": [3, -135.29379107640156, []], "[\"NoTrans\", []]": [0, -140, []]}, "{\"10.0.0.11_10.0.0.41\": [1, 2, 4], \"10.0.0.12_10.0.0.42\": [1, 3, 4], \"10.0.0.13_10.0.0.43\": [1, 3, 4]}": {"[\"10.0.0.12_10.0.0.42\", [1, 2, 4]]": [2, -201.37982614848625, []], "[\"10.0.0.13_10.0.0.43\", [1, 2, 4]]": [1, -202.66738397786514, []], "[\"10.0.0.11_10.0.0.41\", [1, 3, 4]]": [1, -195.85079209690565, []], "[\"NoTrans\", []]": [371, -135.44174832337146, []]}, "{\"10.0.0.11_10.0.0.41\": [1, 3, 4], \"10.0.0.12_10.0.0.42\": [1, 3, 4], \"10.0.0.13_10.0.0.43\": [1, 2, 4]}": {"[\"10.0.0.12_10.0.0.42\", [1, 2, 4]]": [1, -229.7484461059121, []], "[\"10.0.0.13_10.0.0.43\", [1, 3, 4]]": [1, -193.84708187816588, []], "[\"10.0.0.11_10.0.0.41\", [1, 2, 4]]": [1, -201.94802016153497, []], "[\"NoTrans\", []]": [0, -140, []]}, "{\"10.0.0.11_10.0.0.41\": [1, 2, 4], \"10.0.0.12_10.0.0.42\": [1, 3, 4], \"10.0.0.13_10.0.0.43\": [1, 2, 4]}": {"[\"10.0.0.12_10.0.0.42\", [1, 2, 4]]": [2, -222.45866500854493, []], "[\"10.0.0.13_10.0.0.43\", [1, 3, 4]]": [0, -140, []], "[\"10.0.0.11_10.0.0.41\", [1, 3, 4]]": [1, -187.28281755129936, []], "[\"NoTrans\", []]": [1, -204.0906784273596, []]}, "{\"10.0.0.11_10.0.0.41\": [1, 3, 4], \"10.0.0.12_10.0.0.42\": [1, 2, 4], \"10.0.0.13_10.0.0.43\": [1, 3, 4]}": {"[\"10.0.0.12_10.0.0.42\", [1, 3, 4]]": [1, -196.5682388305664, []], "[\"10.0.0.13_10.0.0.43\", [1, 2, 4]]": [2, -232.4060497181062, []], "[\"10.0.0.11_10.0.0.41\", [1, 2, 4]]": [0, -140, []], "[\"NoTrans\", []]": [0, -140, []]}, "{\"10.0.0.11_10.0.0.41\": [1, 2, 4], \"10.0.0.12_10.0.0.42\": [1, 2, 4], \"10.0.0.13_10.0.0.43\": [1, 3, 4]}": {"[\"10.0.0.12_10.0.0.42\", [1, 3, 4]]": [2, -174.64106137646655, []], "[\"10.0.0.13_10.0.0.43\", [1, 2, 4]]": [1, -254.13546192933637, []], "[\"10.0.0.11_10.0.0.41\", [1, 3, 4]]": [1, -183.32394578791647, []], "[\"NoTrans\", []]": [1, -201.24369125961533, []]}, "{\"10.0.0.11_10.0.0.41\": [1, 3, 4], \"10.0.0.12_10.0.0.42\": [1, 2, 4], \"10.0.0.13_10.0.0.43\": [1, 2, 4]}": {"[\"10.0.0.12_10.0.0.42\", [1, 3, 4]]": [2, -190.81815844989003, []], "[\"10.0.0.13_10.0.0.43\", [1, 3, 4]]": [2, -189.40397833990136, []], "[\"10.0.0.11_10.0.0.41\", [1, 2, 4]]": [1, -217.29609516334318, []], "[\"NoTrans\", []]": [384, -241.96083043486232, []]}, "{\"10.0.0.11_10.0.0.41\": [1, 2, 4], \"10.0.0.12_10.0.0.42\": [1, 2, 4], \"10.0.0.13_10.0.0.43\": [1, 2, 4]}": {"[\"10.0.0.12_10.0.0.42\", [1, 3, 4]]": [1, -197.4923241454588, []], "[\"10.0.0.13_10.0.0.43\", [1, 3, 4]]": [2, -202.75365011756136, []], "[\"10.0.0.11_10.0.0.41\", [1, 3, 4]]": [2, -199.14377209867308, []], "[\"NoTrans\", []]": [1, -226.36617431640627, []]}}