{"{\"10.0.0.11_10.0.0.41\": [1, 3, 4], \"10.0.0.12_10.0.0.42\": [1, 3, 4], \"10.0.0.13_10.0.0.43\": [1, 3, 4]}": {"[\"10.0.0.12_10.0.0.42\", [1, 2, 4]]": [12, -283.2720776020845, []], "[\"10.0.0.11_10.0.0.41\", [1, 2, 4]]": [26, -175.24761254725505, []], "[\"10.0.0.13_10.0.0.43\", [1, 2, 4]]": [22, -280.16116180685765, []], "[\"NoTrans\", []]": [27, -242.75414558753783, []]}, "{\"10.0.0.11_10.0.0.41\": [1, 3, 4], \"10.0.0.12_10.0.0.42\": [1, 3, 4], \"10.0.0.13_10.0.0.43\": [1, 2, 4]}": {"[\"10.0.0.12_10.0.0.42\", [1, 2, 4]]": [14, -336.3028461937857, []], "[\"10.0.0.11_10.0.0.41\", [1, 2, 4]]": [14, -290.6356947146265, []], "[\"10.0.0.13_10.0.0.43\", [1, 3, 4]]": [20, -246.63627571486376, []], "[\"NoTrans\", []]": [13, -291.4843146111731, []]}, "{\"10.0.0.11_10.0.0.41\": [1, 2, 4], \"10.0.0.12_10.0.0.42\": [1, 3, 4], \"10.0.0.13_10.0.0.43\": [1, 3, 4]}": {"[\"10.0.0.12_10.0.0.42\", [1, 2, 4]]": [24, -281.5472524550012, []], "[\"10.0.0.11_10.0.0.41\", [1, 3, 4]]": [18, -247.48745658422547, []], "[\"10.0.0.13_10.0.0.43\", [1, 2, 4]]": [19, -291.36274965648386, []], "[\"NoTrans\", []]": [29, -191.14967006595109, []]}, "{\"10.0.0.11_10.0.0.41\": [1, 2, 4], \"10.0.0.12_10.0.0.42\": [1, 3, 4], \"10.0.0.13_10.0.0.43\": [1, 2, 4]}": {"[\"10.0.0.12_10.0.0.42\", [1, 2, 4]]": [9, -367.4062614623382, []], "[\"10.0.0.11_10.0.0.41\", [1, 3, 4]]": [13, -288.1725902208058, []], "[\"10.0.0.13_10.0.0.43\", [1, 3, 4]]": [19, -214.3556280113745, []], "[\"NoTrans\", []]": [11, -292.67535065505206, []]}, "{\"10.0.0.11_10.0.0.41\": [1, 3, 4], \"10.0.0.12_10.0.0.42\": [1, 2, 4], \"10.0.0.13_10.0.0.43\": [1, 3, 4]}": {"[\"10.0.0.12_10.0.0.42\", [1, 3, 4]]": [22, -245.5971188760821, []], "[\"10.0.0.11_10.0.0.41\", [1, 2, 4]]": [12, -285.87141736327453, []], "[\"10.0.0.13_10.0.0.43\", [1, 2, 4]]": [20, -335.66890002492903, []], "[\"NoTrans\", []]": [25, -282.80259521695854, []]}, "{\"10.0.0.11_10.0.0.41\": [1, 3, 4], \"10.0.0.12_10.0.0.42\": [1, 2, 4], \"10.0.0.13_10.0.0.43\": [1, 2, 4]}": {"[\"10.0.0.12_10.0.0.42\", [1, 3, 4]]": [13, -286.6642332560094, []], "[\"10.0.0.11_10.0.0.41\", [1, 2, 4]]": [17, -357.00547397114815, []], "[\"10.0.0.13_10.0.0.43\", [1, 3, 4]]": [20, -283.54972012987616, []], "[\"NoTrans\", []]": [18, -331.4233365115766, []]}, "{\"10.0.0.11_10.0.0.41\": [1, 2, 4], \"10.0.0.12_10.0.0.42\": [1, 2, 4], \"10.0.0.13_10.0.0.43\": [1, 3, 4]}": {"[\"10.0.0.12_10.0.0.42\", [1, 3, 4]]": [16, -220.9385084714491, []], "[\"10.0.0.11_10.0.0.41\", [1, 3, 4]]": [22, -284.18049996808946, []], "[\"10.0.0.13_10.0.0.43\", [1, 2, 4]]": [15, -355.27988486507434, []], "[\"NoTrans\", []]": [14, -292.2269144919815, []]}, "{\"10.0.0.11_10.0.0.41\": [1, 2, 4], \"10.0.0.12_10.0.0.42\": [1, 2, 4], \"10.0.0.13_10.0.0.43\": [1, 2, 4]}": {"[\"10.0.0.12_10.0.0.42\", [1, 3, 4]]": [7, -280.97454059066524, []], "[\"10.0.0.11_10.0.0.41\", [1, 3, 4]]": [17, -330.47667381592396, []], "[\"10.0.0.13_10.0.0.43\", [1, 3, 4]]": [17, -284.62917739317703, []], "[\"NoTrans\", []]": [8, -367.61275498409117, []]}}