{"{\"10.0.0.11_10.0.0.41\": [1, 3, 4], \"10.0.0.12_10.0.0.42\": [1, 3, 4], \"10.0.0.13_10.0.0.43\": [1, 3, 4]}": {"[\"10.0.0.13_10.0.0.43\", [1, 2, 4]]": [2, -165.1867094373427, []], "[\"10.0.0.12_10.0.0.42\", [1, 2, 4]]": [2, -169.847458540232, []], "[\"10.0.0.11_10.0.0.41\", [1, 2, 4]]": [4, -148.8802445027692, []], "[\"NoTrans\", []]": [2, -186.26570623799932, []]}, "{\"10.0.0.11_10.0.0.41\": [1, 2, 4], \"10.0.0.12_10.0.0.42\": [1, 3, 4], \"10.0.0.13_10.0.0.43\": [1, 3, 4]}": {"[\"10.0.0.13_10.0.0.43\", [1, 2, 4]]": [3, -202.54439419596804, []], "[\"10.0.0.12_10.0.0.42\", [1, 2, 4]]": [3, -179.81127366380747, []], "[\"10.0.0.11_10.0.0.41\", [1, 3, 4]]": [3, -195.4339415752075, []], "[\"NoTrans\", []]": [824, -138.95935083826882, []]}, "{\"10.0.0.11_10.0.0.41\": [1, 3, 4], \"10.0.0.12_10.0.0.42\": [1, 2, 4], \"10.0.0.13_10.0.0.43\": [1, 3, 4]}": {"[\"10.0.0.13_10.0.0.43\", [1, 2, 4]]": [2, -183.57102167352815, []], "[\"10.0.0.12_10.0.0.42\", [1, 3, 4]]": [3, -190.46262472554815, []], "[\"10.0.0.11_10.0.0.41\", [1, 2, 4]]": [2, -192.30205811048904, []], "[\"NoTrans\", []]": [2, -169.40911010602855, []]}, "{\"10.0.0.11_10.0.0.41\": [1, 2, 4], \"10.0.0.12_10.0.0.42\": [1, 2, 4], \"10.0.0.13_10.0.0.43\": [1, 3, 4]}": {"[\"10.0.0.13_10.0.0.43\", [1, 2, 4]]": [2, -218.81218779975566, []], "[\"10.0.0.12_10.0.0.42\", [1, 3, 4]]": [3, -161.0401188897395, []], "[\"10.0.0.11_10.0.0.41\", [1, 3, 4]]": [2, -147.09437244490496, []], "[\"NoTrans\", []]": [2, -189.66276570525162, []]}, "{\"10.0.0.11_10.0.0.41\": [1, 3, 4], \"10.0.0.12_10.0.0.42\": [1, 3, 4], \"10.0.0.13_10.0.0.43\": [1, 2, 4]}": {"[\"10.0.0.13_10.0.0.43\", [1, 3, 4]]": [2, -161.1760873826554, []], "[\"10.0.0.12_10.0.0.42\", [1, 2, 4]]": [1, -160.76522728444638, []], "[\"10.0.0.11_10.0.0.41\", [1, 2, 4]]": [1, -155.24770346536909, []], "[\"NoTrans\", []]": [1, -148.7936859232932, []]}, "{\"10.0.0.11_10.0.0.41\": [1, 2, 4], \"10.0.0.12_10.0.0.42\": [1, 3, 4], \"10.0.0.13_10.0.0.43\": [1, 2, 4]}": {"[\"10.0.0.13_10.0.0.43\", [1, 3, 4]]": [3, -181.32219418932328, []], "[\"10.0.0.12_10.0.0.42\", [1, 2, 4]]": [1, -200.53664077216774, []], "[\"10.0.0.11_10.0.0.41\", [1, 3, 4]]": [1, -149.45376696687995, []], "[\"NoTrans\", []]": [1, -152.8726276747265, []]}, "{\"10.0.0.11_10.0.0.41\": [1, 3, 4], \"10.0.0.12_10.0.0.42\": [1, 2, 4], \"10.0.0.13_10.0.0.43\": [1, 2, 4]}": {"[\"10.0.0.13_10.0.0.43\", [1, 3, 4]]": [2, -146.63468315553024, []], "[\"10.0.0.12_10.0.0.42\", [1, 3, 4]]": [1, -149.80310211876542, []], "[\"10.0.0.11_10.0.0.41\", [1, 2, 4]]": [1, -200.95129836494118, []], "[\"NoTrans\", []]": [1, -162.50072341482797, []]}, "{\"10.0.0.11_10.0.0.41\": [1, 2, 4], \"10.0.0.12_10.0.0.42\": [1, 2, 4], \"10.0.0.13_10.0.0.43\": [1, 2, 4]}": {"[\"10.0.0.13_10.0.0.43\", [1, 3, 4]]": [2, -192.2151138979159, []], "[\"10.0.0.12_10.0.0.42\", [1, 3, 4]]": [1, -157.93466448823634, []], "[\"10.0.0.11_10.0.0.41\", [1, 3, 4]]": [1, -160.98398154031375, []], "[\"NoTrans\", []]": [1, -197.7875791876951, []]}}