{"{\"10.0.0.11_10.0.0.41\": [1, 3, 4], \"10.0.0.12_10.0.0.42\": [1, 3, 4], \"10.0.0.13_10.0.0.43\": [1, 3, 4]}": {"[\"10.0.0.12_10.0.0.42\", [1, 2, 4]]": [1, -185.1894981973462, []], "[\"10.0.0.11_10.0.0.41\", [1, 2, 4]]": [1, -146.9921458096064, []], "[\"10.0.0.13_10.0.0.43\", [1, 2, 4]]": [1, -181.579311577623, []], "[\"NoTrans\", []]": [1, -201.83051834106445, []]}, "{\"10.0.0.11_10.0.0.41\": [1, 3, 4], \"10.0.0.12_10.0.0.42\": [1, 3, 4], \"10.0.0.13_10.0.0.43\": [1, 2, 4]}": {"[\"10.0.0.12_10.0.0.42\", [1, 2, 4]]": [0, -140, []], "[\"10.0.0.11_10.0.0.41\", [1, 2, 4]]": [1, -204.1154505395681, []], "[\"10.0.0.13_10.0.0.43\", [1, 3, 4]]": [1, -200.91327438354492, []], "[\"NoTrans\", []]": [1, -190.01412921436423, []]}, "{\"10.0.0.11_10.0.0.41\": [1, 2, 4], \"10.0.0.12_10.0.0.42\": [1, 3, 4], \"10.0.0.13_10.0.0.43\": [1, 3, 4]}": {"[\"10.0.0.12_10.0.0.42\", [1, 2, 4]]": [1, -227.29220091608698, []], "[\"10.0.0.11_10.0.0.41\", [1, 3, 4]]": [1, -201.6865135192871, []], "[\"10.0.0.13_10.0.0.43\", [1, 2, 4]]": [1, -200.5465291679381, []], "[\"NoTrans\", []]": [363, -139.40526737028125, []]}, "{\"10.0.0.11_10.0.0.41\": [1, 2, 4], \"10.0.0.12_10.0.0.42\": [1, 3, 4], \"10.0.0.13_10.0.0.43\": [1, 2, 4]}": {"[\"10.0.0.12_10.0.0.42\", [1, 2, 4]]": [1, -222.21215972900393, []], "[\"10.0.0.11_10.0.0.41\", [1, 3, 4]]": [1, -187.3662224200571, []], "[\"10.0.0.13_10.0.0.43\", [1, 3, 4]]": [1, -174.21814385691764, []], "[\"NoTrans\", []]": [1, -210.1404538240526, []]}, "{\"10.0.0.11_10.0.0.41\": [1, 3, 4], \"10.0.0.12_10.0.0.42\": [1, 2, 4], \"10.0.0.13_10.0.0.43\": [1, 3, 4]}": {"[\"10.0.0.12_10.0.0.42\", [1, 3, 4]]": [1, -202.8696418762207, []], "[\"10.0.0.11_10.0.0.41\", [1, 2, 4]]": [2, -204.60689257632896, []], "[\"10.0.0.13_10.0.0.43\", [1, 2, 4]]": [1, -203.35126885725057, []], "[\"NoTrans\", []]": [1, -186.40153404658068, []]}, "{\"10.0.0.11_10.0.0.41\": [1, 3, 4], \"10.0.0.12_10.0.0.42\": [1, 2, 4], \"10.0.0.13_10.0.0.43\": [1, 2, 4]}": {"[\"10.0.0.12_10.0.0.42\", [1, 3, 4]]": [0, -140, []], "[\"10.0.0.11_10.0.0.41\", [1, 2, 4]]": [1, -221.351277923584, []], "[\"10.0.0.13_10.0.0.43\", [1, 3, 4]]": [1, -139.50821885217698, []], "[\"NoTrans\", []]": [1, -206.9082650702124, []]}, "{\"10.0.0.11_10.0.0.41\": [1, 2, 4], \"10.0.0.12_10.0.0.42\": [1, 2, 4], \"10.0.0.13_10.0.0.43\": [1, 3, 4]}": {"[\"10.0.0.12_10.0.0.42\", [1, 3, 4]]": [2, -178.22432980661927, []], "[\"10.0.0.11_10.0.0.41\", [1, 3, 4]]": [1, -184.0004203820384, []], "[\"10.0.0.13_10.0.0.43\", [1, 2, 4]]": [1, -223.76703033447268, []], "[\"NoTrans\", []]": [393, -190.82171665208034, []]}, "{\"10.0.0.11_10.0.0.41\": [1, 2, 4], \"10.0.0.12_10.0.0.42\": [1, 2, 4], \"10.0.0.13_10.0.0.43\": [1, 2, 4]}": {"[\"10.0.0.12_10.0.0.42\", [1, 3, 4]]": [1, -204.72692585595559, []], "[\"10.0.0.11_10.0.0.41\", [1, 3, 4]]": [1, -208.0816554663283, []], "[\"10.0.0.13_10.0.0.43\", [1, 3, 4]]": [1, -204.9237871045289, []], "[\"NoTrans\", []]": [1, -225.18657455444338, []]}}