{"{\"10.0.0.11_10.0.0.41\": [1, 3, 4], \"10.0.0.12_10.0.0.42\": [1, 3, 4], \"10.0.0.13_10.0.0.43\": [1, 3, 4]}": {"[\"10.0.0.13_10.0.0.43\", [1, 2, 4]]": [10, -155.9554040520253, []], "[\"10.0.0.12_10.0.0.42\", [1, 2, 4]]": [10, -157.73534157362485, []], "[\"10.0.0.11_10.0.0.41\", [1, 2, 4]]": [12, -112.32978820790684, []], "[\"NoTrans\", []]": [9, -168.2119694864917, []]}, "{\"10.0.0.11_10.0.0.41\": [1, 2, 4], \"10.0.0.12_10.0.0.42\": [1, 3, 4], \"10.0.0.13_10.0.0.43\": [1, 3, 4]}": {"[\"10.0.0.13_10.0.0.43\", [1, 2, 4]]": [13, -177.3730619783119, []], "[\"10.0.0.12_10.0.0.42\", [1, 2, 4]]": [14, -176.94322467661107, []], "[\"10.0.0.11_10.0.0.41\", [1, 3, 4]]": [10, -173.85189740640385, []], "[\"NoTrans\", []]": [369, -133.61938330549643, []]}, "{\"10.0.0.11_10.0.0.41\": [1, 3, 4], \"10.0.0.12_10.0.0.42\": [1, 2, 4], \"10.0.0.13_10.0.0.43\": [1, 3, 4]}": {"[\"10.0.0.13_10.0.0.43\", [1, 2, 4]]": [11, -177.92526189348024, []], "[\"10.0.0.12_10.0.0.42\", [1, 3, 4]]": [12, -191.1636395280783, []], "[\"10.0.0.11_10.0.0.41\", [1, 2, 4]]": [13, -174.4972159142225, []], "[\"NoTrans\", []]": [12, -203.6265278103341, []]}, "{\"10.0.0.11_10.0.0.41\": [1, 2, 4], \"10.0.0.12_10.0.0.42\": [1, 2, 4], \"10.0.0.13_10.0.0.43\": [1, 3, 4]}": {"[\"10.0.0.13_10.0.0.43\", [1, 2, 4]]": [19, -196.9600403035528, []], "[\"10.0.0.12_10.0.0.42\", [1, 3, 4]]": [13, -147.05217773883913, []], "[\"10.0.0.11_10.0.0.41\", [1, 3, 4]]": [13, -151.5830637212566, []], "[\"NoTrans\", []]": [15, -172.10507207532518, []]}, "{\"10.0.0.11_10.0.0.41\": [1, 3, 4], \"10.0.0.12_10.0.0.42\": [1, 3, 4], \"10.0.0.13_10.0.0.43\": [1, 2, 4]}": {"[\"10.0.0.13_10.0.0.43\", [1, 3, 4]]": [10, -172.5426092391109, []], "[\"10.0.0.12_10.0.0.42\", [1, 2, 4]]": [12, -180.380521738968, []], "[\"10.0.0.11_10.0.0.41\", [1, 2, 4]]": [12, -177.73586133392342, []], "[\"NoTrans\", []]": [11, -161.5242805059508, []]}, "{\"10.0.0.11_10.0.0.41\": [1, 2, 4], \"10.0.0.12_10.0.0.42\": [1, 3, 4], \"10.0.0.13_10.0.0.43\": [1, 2, 4]}": {"[\"10.0.0.13_10.0.0.43\", [1, 3, 4]]": [13, -148.69051738848123, []], "[\"10.0.0.12_10.0.0.42\", [1, 2, 4]]": [15, -108.19230557032985, []], "[\"10.0.0.11_10.0.0.41\", [1, 3, 4]]": [12, -160.31404936999832, []], "[\"NoTrans\", []]": [14, -178.29031077367824, []]}, "{\"10.0.0.11_10.0.0.41\": [1, 3, 4], \"10.0.0.12_10.0.0.42\": [1, 2, 4], \"10.0.0.13_10.0.0.43\": [1, 2, 4]}": {"[\"10.0.0.13_10.0.0.43\", [1, 3, 4]]": [13, -193.3027977676927, []], "[\"10.0.0.12_10.0.0.42\", [1, 3, 4]]": [12, -160.56586336183994, []], "[\"10.0.0.11_10.0.0.41\", [1, 2, 4]]": [16, -195.52680440385882, []], "[\"NoTrans\", []]": [13, -180.77185612164527, []]}, "{\"10.0.0.11_10.0.0.41\": [1, 2, 4], \"10.0.0.12_10.0.0.42\": [1, 2, 4], \"10.0.0.13_10.0.0.43\": [1, 2, 4]}": {"[\"10.0.0.13_10.0.0.43\", [1, 3, 4]]": [17, -175.50164723158414, []], "[\"10.0.0.12_10.0.0.42\", [1, 3, 4]]": [15, -108.97057185780994, []], "[\"10.0.0.11_10.0.0.41\", [1, 3, 4]]": [18, -177.61286902200155, []], "[\"NoTrans\", []]": [21, -107.85334771089067, []]}}