{"{\"10.0.0.11_10.0.0.41\": [1, 3, 4], \"10.0.0.12_10.0.0.42\": [1, 3, 4], \"10.0.0.13_10.0.0.43\": [1, 3, 4]}": {"[\"10.0.0.12_10.0.0.42\", [1, 2, 4]]": [0, -140, []], "[\"10.0.0.11_10.0.0.41\", [1, 2, 4]]": [1, -206.12385568583232, []], "[\"10.0.0.13_10.0.0.43\", [1, 2, 4]]": [1, -205.3639631291618, []], "[\"NoTrans\", []]": [0, -140, []]}, "{\"10.0.0.11_10.0.0.41\": [1, 3, 4], \"10.0.0.12_10.0.0.42\": [1, 3, 4], \"10.0.0.13_10.0.0.43\": [1, 2, 4]}": {"[\"10.0.0.12_10.0.0.42\", [1, 2, 4]]": [4, -184.18162177982285, []], "[\"10.0.0.11_10.0.0.41\", [1, 2, 4]]": [3, -217.0643115457488, []], "[\"10.0.0.13_10.0.0.43\", [1, 3, 4]]": [1, -228.0259490966797, []], "[\"NoTrans\", []]": [22, -206.6320250001153, []]}, "{\"10.0.0.11_10.0.0.41\": [1, 2, 4], \"10.0.0.12_10.0.0.42\": [1, 3, 4], \"10.0.0.13_10.0.0.43\": [1, 3, 4]}": {"[\"10.0.0.12_10.0.0.42\", [1, 2, 4]]": [0, -140, []], "[\"10.0.0.11_10.0.0.41\", [1, 3, 4]]": [0, -140, []], "[\"10.0.0.13_10.0.0.43\", [1, 2, 4]]": [3, -134.32456122371144, []], "[\"NoTrans\", []]": [0, -140, []]}, "{\"10.0.0.11_10.0.0.41\": [1, 2, 4], \"10.0.0.12_10.0.0.42\": [1, 3, 4], \"10.0.0.13_10.0.0.43\": [1, 2, 4]}": {"[\"10.0.0.12_10.0.0.42\", [1, 2, 4]]": [135, -209.13104800033526, []], "[\"10.0.0.11_10.0.0.41\", [1, 3, 4]]": [4, -207.28653027683214, []], "[\"10.0.0.13_10.0.0.43\", [1, 3, 4]]": [1, -203.30192077568134, []], "[\"NoTrans\", []]": [4, -224.26860323577372, []]}, "{\"10.0.0.11_10.0.0.41\": [1, 3, 4], \"10.0.0.12_10.0.0.42\": [1, 2, 4], \"10.0.0.13_10.0.0.43\": [1, 3, 4]}": {"[\"10.0.0.12_10.0.0.42\", [1, 3, 4]]": [1, -227.48216400146487, []], "[\"10.0.0.11_10.0.0.41\", [1, 2, 4]]": [2, -183.7716561401751, []], "[\"10.0.0.13_10.0.0.43\", [1, 2, 4]]": [1, -141.44938189981295, []], "[\"NoTrans\", []]": [1, -208.36732742727662, []]}, "{\"10.0.0.11_10.0.0.41\": [1, 3, 4], \"10.0.0.12_10.0.0.42\": [1, 2, 4], \"10.0.0.13_10.0.0.43\": [1, 2, 4]}": {"[\"10.0.0.12_10.0.0.42\", [1, 3, 4]]": [3, -210.07536377745856, []], "[\"10.0.0.11_10.0.0.41\", [1, 2, 4]]": [2, -195.95384417435966, []], "[\"10.0.0.13_10.0.0.43\", [1, 3, 4]]": [2, -203.8883384800452, []], "[\"NoTrans\", []]": [365, -143.51046062977102, []]}, "{\"10.0.0.11_10.0.0.41\": [1, 2, 4], \"10.0.0.12_10.0.0.42\": [1, 2, 4], \"10.0.0.13_10.0.0.43\": [1, 3, 4]}": {"[\"10.0.0.12_10.0.0.42\", [1, 3, 4]]": [1, -208.4931049840951, []], "[\"10.0.0.11_10.0.0.41\", [1, 3, 4]]": [2, -205.13202279995411, []], "[\"10.0.0.13_10.0.0.43\", [1, 2, 4]]": [3, -198.624082851052, []], "[\"NoTrans\", []]": [72, -187.12425895307973, []]}, "{\"10.0.0.11_10.0.0.41\": [1, 2, 4], \"10.0.0.12_10.0.0.42\": [1, 2, 4], \"10.0.0.13_10.0.0.43\": [1, 2, 4]}": {"[\"10.0.0.12_10.0.0.42\", [1, 3, 4]]": [134, -183.34770649997904, []], "[\"10.0.0.11_10.0.0.41\", [1, 3, 4]]": [3, -141.12876466774162, []], "[\"10.0.0.13_10.0.0.43\", [1, 3, 4]]": [4, -180.49979088804616, []], "[\"NoTrans\", []]": [2, -201.06492084540892, []]}}