{"{\"10.0.0.11_10.0.0.41\": [1, 3, 4], \"10.0.0.12_10.0.0.42\": [1, 3, 4], \"10.0.0.13_10.0.0.43\": [1, 3, 4]}": {"[\"10.0.0.13_10.0.0.43\", [1, 2, 4]]": [1, -150.17285718879742, []], "[\"10.0.0.12_10.0.0.42\", [1, 2, 4]]": [1, -147.72810948402616, []], "[\"10.0.0.11_10.0.0.41\", [1, 2, 4]]": [1, -109.19885374330013, []], "[\"NoTrans\", []]": [0, -100, []]}, "{\"10.0.0.11_10.0.0.41\": [1, 2, 4], \"10.0.0.12_10.0.0.42\": [1, 3, 4], \"10.0.0.13_10.0.0.43\": [1, 3, 4]}": {"[\"10.0.0.13_10.0.0.43\", [1, 2, 4]]": [1, -174.40054646765674, []], "[\"10.0.0.12_10.0.0.42\", [1, 2, 4]]": [1, -196.06447367391505, []], "[\"10.0.0.11_10.0.0.41\", [1, 3, 4]]": [1, -163.10175323486328, []], "[\"NoTrans\", []]": [662, -124.2533786048, []]}, "{\"10.0.0.11_10.0.0.41\": [1, 3, 4], \"10.0.0.12_10.0.0.42\": [1, 2, 4], \"10.0.0.13_10.0.0.43\": [1, 3, 4]}": {"[\"10.0.0.13_10.0.0.43\", [1, 2, 4]]": [1, -173.64742118553755, []], "[\"10.0.0.12_10.0.0.42\", [1, 3, 4]]": [1, -163.81834411621094, []], "[\"10.0.0.11_10.0.0.41\", [1, 2, 4]]": [1, -172.43382204519423, []], "[\"NoTrans\", []]": [1, -165.44330978393555, []]}, "{\"10.0.0.11_10.0.0.41\": [1, 2, 4], \"10.0.0.12_10.0.0.42\": [1, 2, 4], \"10.0.0.13_10.0.0.43\": [1, 3, 4]}": {"[\"10.0.0.13_10.0.0.43\", [1, 2, 4]]": [1, -189.48028945922852, []], "[\"10.0.0.12_10.0.0.42\", [1, 3, 4]]": [2, -145.0335769946155, []], "[\"10.0.0.11_10.0.0.41\", [1, 3, 4]]": [1, -161.24390029907227, []], "[\"NoTrans\", []]": [1, -174.1982682891268, []]}, "{\"10.0.0.11_10.0.0.41\": [1, 3, 4], \"10.0.0.12_10.0.0.42\": [1, 3, 4], \"10.0.0.13_10.0.0.43\": [1, 2, 4]}": {"[\"10.0.0.13_10.0.0.43\", [1, 3, 4]]": [1, -163.60195541381836, []], "[\"10.0.0.12_10.0.0.42\", [1, 2, 4]]": [1, -171.67350971023092, []], "[\"10.0.0.11_10.0.0.41\", [1, 2, 4]]": [1, -173.7565937558908, []], "[\"NoTrans\", []]": [1, -148.04870087190102, []]}, "{\"10.0.0.11_10.0.0.41\": [1, 2, 4], \"10.0.0.12_10.0.0.42\": [1, 3, 4], \"10.0.0.13_10.0.0.43\": [1, 2, 4]}": {"[\"10.0.0.13_10.0.0.43\", [1, 3, 4]]": [1, -139.15393177855458, []], "[\"10.0.0.12_10.0.0.42\", [1, 2, 4]]": [1, -190.9751739501953, []], "[\"10.0.0.11_10.0.0.41\", [1, 3, 4]]": [1, -149.28428770530672, []], "[\"NoTrans\", []]": [0, -100, []]}, "{\"10.0.0.11_10.0.0.41\": [1, 3, 4], \"10.0.0.12_10.0.0.42\": [1, 2, 4], \"10.0.0.13_10.0.0.43\": [1, 2, 4]}": {"[\"10.0.0.13_10.0.0.43\", [1, 3, 4]]": [1, -151.24368385670942, []], "[\"10.0.0.12_10.0.0.42\", [1, 3, 4]]": [1, -149.42476947518603, []], "[\"10.0.0.11_10.0.0.41\", [1, 2, 4]]": [1, -193.1320037841797, []], "[\"NoTrans\", []]": [0, -100, []]}, "{\"10.0.0.11_10.0.0.41\": [1, 2, 4], \"10.0.0.12_10.0.0.42\": [1, 2, 4], \"10.0.0.13_10.0.0.43\": [1, 2, 4]}": {"[\"10.0.0.13_10.0.0.43\", [1, 3, 4]]": [1, -170.215357624175, []], "[\"10.0.0.12_10.0.0.42\", [1, 3, 4]]": [1, -171.9503370463778, []], "[\"10.0.0.11_10.0.0.41\", [1, 3, 4]]": [1, -172.55444148212987, []], "[\"NoTrans\", []]": [0, -100, []]}}