{"{\"10.0.0.11_10.0.0.41\": [1, 3, 4], \"10.0.0.12_10.0.0.42\": [1, 3, 4], \"10.0.0.13_10.0.0.43\": [1, 3, 4]}": {"[\"10.0.0.12_10.0.0.42\", [1, 2, 4]]": [26, -269.4689923756421, []], "[\"10.0.0.13_10.0.0.43\", [1, 2, 4]]": [10, -262.50804799668094, []], "[\"10.0.0.11_10.0.0.41\", [1, 2, 4]]": [70, -149.3997696341586, []], "[\"NoTrans\", []]": [6, -218.53066656939498, []]}, "{\"10.0.0.11_10.0.0.41\": [1, 2, 4], \"10.0.0.12_10.0.0.42\": [1, 3, 4], \"10.0.0.13_10.0.0.43\": [1, 3, 4]}": {"[\"10.0.0.12_10.0.0.42\", [1, 2, 4]]": [32, -321.3679951482526, []], "[\"10.0.0.13_10.0.0.43\", [1, 2, 4]]": [24, -276.2884676731354, []], "[\"10.0.0.11_10.0.0.41\", [1, 3, 4]]": [41, -227.2659515389667, []], "[\"NoTrans\", []]": [396, -147.3266240369287, []]}, "{\"10.0.0.11_10.0.0.41\": [1, 3, 4], \"10.0.0.12_10.0.0.42\": [1, 3, 4], \"10.0.0.13_10.0.0.43\": [1, 2, 4]}": {"[\"10.0.0.12_10.0.0.42\", [1, 2, 4]]": [6, -385.03335106562923, []], "[\"10.0.0.13_10.0.0.43\", [1, 3, 4]]": [20, -209.44037770484047, []], "[\"10.0.0.11_10.0.0.41\", [1, 2, 4]]": [8, -297.5833030843884, []], "[\"NoTrans\", []]": [15, -382.8327420047986, []]}, "{\"10.0.0.11_10.0.0.41\": [1, 2, 4], \"10.0.0.12_10.0.0.42\": [1, 3, 4], \"10.0.0.13_10.0.0.43\": [1, 2, 4]}": {"[\"10.0.0.12_10.0.0.42\", [1, 2, 4]]": [4, -336.9881259158455, []], "[\"10.0.0.13_10.0.0.43\", [1, 3, 4]]": [21, -182.94329740097493, []], "[\"10.0.0.11_10.0.0.41\", [1, 3, 4]]": [11, -270.9276552981605, []], "[\"NoTrans\", []]": [1, -224.89563080525545, []]}, "{\"10.0.0.11_10.0.0.41\": [1, 3, 4], \"10.0.0.12_10.0.0.42\": [1, 2, 4], \"10.0.0.13_10.0.0.43\": [1, 3, 4]}": {"[\"10.0.0.12_10.0.0.42\", [1, 3, 4]]": [45, -210.11551322324675, []], "[\"10.0.0.13_10.0.0.43\", [1, 2, 4]]": [7, -357.5287351107317, []], "[\"10.0.0.11_10.0.0.41\", [1, 2, 4]]": [0, -Infinity, []], "[\"NoTrans\", []]": [2, -249.38047225625863, []]}, "{\"10.0.0.11_10.0.0.41\": [1, 2, 4], \"10.0.0.12_10.0.0.42\": [1, 2, 4], \"10.0.0.13_10.0.0.43\": [1, 3, 4]}": {"[\"10.0.0.12_10.0.0.42\", [1, 3, 4]]": [6, -307.3212643126917, []], "[\"10.0.0.13_10.0.0.43\", [1, 2, 4]]": [0, -Infinity, []], "[\"10.0.0.11_10.0.0.41\", [1, 3, 4]]": [27, -257.2387037789777, []], "[\"NoTrans\", []]": [7, -327.42026030172445, []]}, "{\"10.0.0.11_10.0.0.41\": [1, 3, 4], \"10.0.0.12_10.0.0.42\": [1, 2, 4], \"10.0.0.13_10.0.0.43\": [1, 2, 4]}": {"[\"10.0.0.12_10.0.0.42\", [1, 3, 4]]": [13, -272.5379987236058, []], "[\"10.0.0.13_10.0.0.43\", [1, 3, 4]]": [0, -Infinity, []], "[\"10.0.0.11_10.0.0.41\", [1, 2, 4]]": [0, -Infinity, []], "[\"NoTrans\", []]": [0, -Infinity, []]}, "{\"10.0.0.11_10.0.0.41\": [1, 2, 4], \"10.0.0.12_10.0.0.42\": [1, 2, 4], \"10.0.0.13_10.0.0.43\": [1, 2, 4]}": {"[\"10.0.0.12_10.0.0.42\", [1, 3, 4]]": [4, -266.87241102135954, []], "[\"10.0.0.13_10.0.0.43\", [1, 3, 4]]": [0, -Infinity, []], "[\"10.0.0.11_10.0.0.41\", [1, 3, 4]]": [0, -Infinity, []], "[\"NoTrans\", []]": [0, -Infinity, []]}}