{"{\"10.0.0.11_10.0.0.41\": [1, 3, 4], \"10.0.0.12_10.0.0.42\": [1, 3, 4], \"10.0.0.13_10.0.0.43\": [1, 3, 4]}": {"[\"10.0.0.12_10.0.0.42\", [1, 2, 4]]": [6, -266.9576433078739, []], "[\"10.0.0.13_10.0.0.43\", [1, 2, 4]]": [2, -283.59413243163687, []], "[\"10.0.0.11_10.0.0.41\", [1, 2, 4]]": [33, -153.91008518846522, []], "[\"NoTrans\", []]": [2, -208.82954412160905, []]}, "{\"10.0.0.11_10.0.0.41\": [1, 2, 4], \"10.0.0.12_10.0.0.42\": [1, 3, 4], \"10.0.0.13_10.0.0.43\": [1, 3, 4]}": {"[\"10.0.0.12_10.0.0.42\", [1, 2, 4]]": [26, -248.6137931283579, []], "[\"10.0.0.13_10.0.0.43\", [1, 2, 4]]": [35, -258.1078768632444, []], "[\"10.0.0.11_10.0.0.41\", [1, 3, 4]]": [33, -192.6480115858558, []], "[\"NoTrans\", []]": [342, -158.95514422267394, []]}, "{\"10.0.0.11_10.0.0.41\": [1, 3, 4], \"10.0.0.12_10.0.0.42\": [1, 3, 4], \"10.0.0.13_10.0.0.43\": [1, 2, 4]}": {"[\"10.0.0.12_10.0.0.42\", [1, 2, 4]]": [6, -388.2534991387805, []], "[\"10.0.0.13_10.0.0.43\", [1, 3, 4]]": [0, -Infinity, []], "[\"10.0.0.11_10.0.0.41\", [1, 2, 4]]": [8, -265.8257845735419, []], "[\"NoTrans\", []]": [0, -Infinity, []]}, "{\"10.0.0.11_10.0.0.41\": [1, 2, 4], \"10.0.0.12_10.0.0.42\": [1, 3, 4], \"10.0.0.13_10.0.0.43\": [1, 2, 4]}": {"[\"10.0.0.12_10.0.0.42\", [1, 2, 4]]": [7, -327.04121846957054, []], "[\"10.0.0.13_10.0.0.43\", [1, 3, 4]]": [38, -184.4808560218766, []], "[\"10.0.0.11_10.0.0.41\", [1, 3, 4]]": [5, -290.8940949212121, []], "[\"NoTrans\", []]": [5, -251.59019306010123, []]}, "{\"10.0.0.11_10.0.0.41\": [1, 3, 4], \"10.0.0.12_10.0.0.42\": [1, 2, 4], \"10.0.0.13_10.0.0.43\": [1, 3, 4]}": {"[\"10.0.0.12_10.0.0.42\", [1, 3, 4]]": [8, -227.94086224723625, []], "[\"10.0.0.13_10.0.0.43\", [1, 2, 4]]": [4, -290.7575516023227, []], "[\"10.0.0.11_10.0.0.41\", [1, 2, 4]]": [0, -Infinity, []], "[\"NoTrans\", []]": [7, -282.2462644496923, []]}, "{\"10.0.0.11_10.0.0.41\": [1, 2, 4], \"10.0.0.12_10.0.0.42\": [1, 2, 4], \"10.0.0.13_10.0.0.43\": [1, 3, 4]}": {"[\"10.0.0.12_10.0.0.42\", [1, 3, 4]]": [23, -184.95945350750986, []], "[\"10.0.0.13_10.0.0.43\", [1, 2, 4]]": [3, -316.3923719261949, []], "[\"10.0.0.11_10.0.0.41\", [1, 3, 4]]": [3, -257.9993547564199, []], "[\"NoTrans\", []]": [4, -252.4605586258276, []]}, "{\"10.0.0.11_10.0.0.41\": [1, 3, 4], \"10.0.0.12_10.0.0.42\": [1, 2, 4], \"10.0.0.13_10.0.0.43\": [1, 2, 4]}": {"[\"10.0.0.12_10.0.0.42\", [1, 3, 4]]": [7, -273.5582922086387, []], "[\"10.0.0.13_10.0.0.43\", [1, 3, 4]]": [3, -258.6390669256772, []], "[\"10.0.0.11_10.0.0.41\", [1, 2, 4]]": [1, -263.7018771113758, []], "[\"NoTrans\", []]": [1, -250.2515994046472, []]}, "{\"10.0.0.11_10.0.0.41\": [1, 2, 4], \"10.0.0.12_10.0.0.42\": [1, 2, 4], \"10.0.0.13_10.0.0.43\": [1, 2, 4]}": {"[\"10.0.0.12_10.0.0.42\", [1, 3, 4]]": [7, -238.90965335201028, []], "[\"10.0.0.13_10.0.0.43\", [1, 3, 4]]": [3, -241.40448763082838, []], "[\"10.0.0.11_10.0.0.41\", [1, 3, 4]]": [1, -249.72318456218102, []], "[\"NoTrans\", []]": [5, -328.4194387944479, []]}}