{"{\"10.0.0.11_10.0.0.41\": [1, 3, 4], \"10.0.0.12_10.0.0.42\": [1, 3, 4], \"10.0.0.13_10.0.0.43\": [1, 3, 4]}": {"[\"10.0.0.11_10.0.0.41\", [1, 2, 4]]": [1, -128.60427037537028, []], "[\"10.0.0.13_10.0.0.43\", [1, 2, 4]]": [1, -150.46243129507474, []], "[\"10.0.0.12_10.0.0.42\", [1, 2, 4]]": [1, -150.76373113083008, []], "[\"NoTrans\", []]": [1, -166.4864387512207, []]}, "{\"10.0.0.11_10.0.0.41\": [1, 3, 4], \"10.0.0.12_10.0.0.42\": [1, 2, 4], \"10.0.0.13_10.0.0.43\": [1, 3, 4]}": {"[\"10.0.0.11_10.0.0.41\", [1, 2, 4]]": [1, -172.96508042844943, []], "[\"10.0.0.13_10.0.0.43\", [1, 2, 4]]": [1, -173.6112696044317, []], "[\"10.0.0.12_10.0.0.42\", [1, 3, 4]]": [1, -164.47046661376953, []], "[\"NoTrans\", []]": [0, -100, []]}, "{\"10.0.0.11_10.0.0.41\": [1, 3, 4], \"10.0.0.12_10.0.0.42\": [1, 3, 4], \"10.0.0.13_10.0.0.43\": [1, 2, 4]}": {"[\"10.0.0.11_10.0.0.41\", [1, 2, 4]]": [1, -174.16789208030627, []], "[\"10.0.0.13_10.0.0.43\", [1, 3, 4]]": [1, -155.50421142578125, []], "[\"10.0.0.12_10.0.0.42\", [1, 2, 4]]": [1, -173.9407362941896, []], "[\"NoTrans\", []]": [1, -151.14268389519367, []]}, "{\"10.0.0.11_10.0.0.41\": [1, 3, 4], \"10.0.0.12_10.0.0.42\": [1, 2, 4], \"10.0.0.13_10.0.0.43\": [1, 2, 4]}": {"[\"10.0.0.11_10.0.0.41\", [1, 2, 4]]": [1, -193.77859497070312, []], "[\"10.0.0.13_10.0.0.43\", [1, 3, 4]]": [1, -150.41505861878773, []], "[\"10.0.0.12_10.0.0.42\", [1, 3, 4]]": [1, -148.59256776943548, []], "[\"NoTrans\", []]": [1, -172.58702208752712, []]}, "{\"10.0.0.11_10.0.0.41\": [1, 2, 4], \"10.0.0.12_10.0.0.42\": [1, 3, 4], \"10.0.0.13_10.0.0.43\": [1, 3, 4]}": {"[\"10.0.0.11_10.0.0.41\", [1, 3, 4]]": [1, -166.9360008239746, []], "[\"10.0.0.13_10.0.0.43\", [1, 2, 4]]": [1, -172.51348259230895, []], "[\"10.0.0.12_10.0.0.42\", [1, 2, 4]]": [1, -170.30726354106076, []], "[\"NoTrans\", []]": [656, -120.82269308469141, []]}, "{\"10.0.0.11_10.0.0.41\": [1, 2, 4], \"10.0.0.12_10.0.0.42\": [1, 2, 4], \"10.0.0.13_10.0.0.43\": [1, 3, 4]}": {"[\"10.0.0.11_10.0.0.41\", [1, 3, 4]]": [1, -149.7444099189907, []], "[\"10.0.0.13_10.0.0.43\", [1, 2, 4]]": [1, -190.43749237060547, []], "[\"10.0.0.12_10.0.0.42\", [1, 3, 4]]": [1, -140.76689835362632, []], "[\"NoTrans\", []]": [0, -100, []]}, "{\"10.0.0.11_10.0.0.41\": [1, 2, 4], \"10.0.0.12_10.0.0.42\": [1, 3, 4], \"10.0.0.13_10.0.0.43\": [1, 2, 4]}": {"[\"10.0.0.11_10.0.0.41\", [1, 3, 4]]": [1, -150.87175406709542, []], "[\"10.0.0.13_10.0.0.43\", [1, 3, 4]]": [1, -138.97106922177994, []], "[\"10.0.0.12_10.0.0.42\", [1, 2, 4]]": [1, -192.05883407592773, []], "[\"NoTrans\", []]": [0, -100, []]}, "{\"10.0.0.11_10.0.0.41\": [1, 2, 4], \"10.0.0.12_10.0.0.42\": [1, 2, 4], \"10.0.0.13_10.0.0.43\": [1, 2, 4]}": {"[\"10.0.0.11_10.0.0.41\", [1, 3, 4]]": [1, -172.38312659204894, []], "[\"10.0.0.13_10.0.0.43\", [1, 3, 4]]": [1, -172.11771809147547, []], "[\"10.0.0.12_10.0.0.42\", [1, 3, 4]]": [1, -172.67225549917566, []], "[\"NoTrans\", []]": [1, -192.3399772644043, []]}}