{"{\"10.0.0.11_10.0.0.41\": [1, 3, 4], \"10.0.0.12_10.0.0.42\": [1, 3, 4], \"10.0.0.13_10.0.0.43\": [1, 3, 4]}": {"[\"10.0.0.11_10.0.0.41\", [1, 2, 4]]": [4, -160.81974013210356, []], "[\"10.0.0.12_10.0.0.42\", [1, 2, 4]]": [1, -185.10231145155353, []], "[\"10.0.0.13_10.0.0.43\", [1, 2, 4]]": [1, -185.36741800174823, []], "[\"NoTrans\", []]": [1, -198.50686798095703, []]}, "{\"10.0.0.11_10.0.0.41\": [1, 3, 4], \"10.0.0.12_10.0.0.42\": [1, 3, 4], \"10.0.0.13_10.0.0.43\": [1, 2, 4]}": {"[\"10.0.0.11_10.0.0.41\", [1, 2, 4]]": [2, -242.4023335000316, []], "[\"10.0.0.12_10.0.0.42\", [1, 2, 4]]": [2, -255.1292638234033, []], "[\"10.0.0.13_10.0.0.43\", [1, 3, 4]]": [1, -201.144921875, []], "[\"NoTrans\", []]": [3, -243.5482437990482, []]}, "{\"10.0.0.11_10.0.0.41\": [1, 3, 4], \"10.0.0.12_10.0.0.42\": [1, 2, 4], \"10.0.0.13_10.0.0.43\": [1, 3, 4]}": {"[\"10.0.0.11_10.0.0.41\", [1, 2, 4]]": [1, -204.62807159564164, []], "[\"10.0.0.12_10.0.0.42\", [1, 3, 4]]": [1, -202.188623046875, []], "[\"10.0.0.13_10.0.0.43\", [1, 2, 4]]": [3, -257.3106548931831, []], "[\"NoTrans\", []]": [1, -183.98524308012563, []]}, "{\"10.0.0.11_10.0.0.41\": [1, 3, 4], \"10.0.0.12_10.0.0.42\": [1, 2, 4], \"10.0.0.13_10.0.0.43\": [1, 2, 4]}": {"[\"10.0.0.11_10.0.0.41\", [1, 2, 4]]": [1, -223.3243347167969, []], "[\"10.0.0.12_10.0.0.42\", [1, 3, 4]]": [3, -238.40561976134705, []], "[\"10.0.0.13_10.0.0.43\", [1, 3, 4]]": [2, -225.24474985049673, []], "[\"NoTrans\", []]": [1, -207.33198976883523, []]}, "{\"10.0.0.11_10.0.0.41\": [1, 2, 4], \"10.0.0.12_10.0.0.42\": [1, 3, 4], \"10.0.0.13_10.0.0.43\": [1, 3, 4]}": {"[\"10.0.0.11_10.0.0.41\", [1, 3, 4]]": [4, -235.28768661796337, []], "[\"10.0.0.12_10.0.0.42\", [1, 2, 4]]": [2, -240.28106846915836, []], "[\"10.0.0.13_10.0.0.43\", [1, 2, 4]]": [2, -244.17970518542182, []], "[\"NoTrans\", []]": [634, -135.12172127265964, []]}, "{\"10.0.0.11_10.0.0.41\": [1, 2, 4], \"10.0.0.12_10.0.0.42\": [1, 3, 4], \"10.0.0.13_10.0.0.43\": [1, 2, 4]}": {"[\"10.0.0.11_10.0.0.41\", [1, 3, 4]]": [1, -215.56516928759845, []], "[\"10.0.0.12_10.0.0.42\", [1, 2, 4]]": [1, -208.71524260452966, []], "[\"10.0.0.13_10.0.0.43\", [1, 3, 4]]": [3, -186.49461156581933, []], "[\"NoTrans\", []]": [1, -204.01863150794463, []]}, "{\"10.0.0.11_10.0.0.41\": [1, 2, 4], \"10.0.0.12_10.0.0.42\": [1, 2, 4], \"10.0.0.13_10.0.0.43\": [1, 3, 4]}": {"[\"10.0.0.11_10.0.0.41\", [1, 3, 4]]": [2, -225.34815557478558, []], "[\"10.0.0.12_10.0.0.42\", [1, 3, 4]]": [1, -174.59439755171556, []], "[\"10.0.0.13_10.0.0.43\", [1, 2, 4]]": [1, -205.16250454113174, []], "[\"NoTrans\", []]": [1, -187.07985596815385, []]}, "{\"10.0.0.11_10.0.0.41\": [1, 2, 4], \"10.0.0.12_10.0.0.42\": [1, 2, 4], \"10.0.0.13_10.0.0.43\": [1, 2, 4]}": {"[\"10.0.0.11_10.0.0.41\", [1, 3, 4]]": [1, -207.81410682549668, []], "[\"10.0.0.12_10.0.0.42\", [1, 3, 4]]": [1, -203.2106104244129, []], "[\"10.0.0.13_10.0.0.43\", [1, 3, 4]]": [1, -186.23824518533857, []], "[\"NoTrans\", []]": [1, -207.51494066443007, []]}}