{"{\"10.0.0.11_10.0.0.41\": [1, 3, 4], \"10.0.0.12_10.0.0.42\": [1, 3, 4], \"10.0.0.13_10.0.0.43\": [1, 3, 4]}": {"[\"10.0.0.12_10.0.0.42\", [1, 2, 4]]": [16, -343.7890063280372, []], "[\"10.0.0.11_10.0.0.41\", [1, 2, 4]]": [94, -113.03926942912001, []], "[\"10.0.0.13_10.0.0.43\", [1, 2, 4]]": [9, -336.76890969467553, []], "[\"NoTrans\", []]": [11, -324.9842006643871, []]}, "{\"10.0.0.11_10.0.0.41\": [1, 3, 4], \"10.0.0.12_10.0.0.42\": [1, 3, 4], \"10.0.0.13_10.0.0.43\": [1, 2, 4]}": {"[\"10.0.0.12_10.0.0.42\", [1, 2, 4]]": [21, -489.8913726998713, []], "[\"10.0.0.11_10.0.0.41\", [1, 2, 4]]": [1, -488.70879010321534, []], "[\"10.0.0.13_10.0.0.43\", [1, 3, 4]]": [10, -194.6680183944962, []], "[\"NoTrans\", []]": [0, -Infinity, []]}, "{\"10.0.0.11_10.0.0.41\": [1, 2, 4], \"10.0.0.12_10.0.0.42\": [1, 3, 4], \"10.0.0.13_10.0.0.43\": [1, 3, 4]}": {"[\"10.0.0.12_10.0.0.42\", [1, 2, 4]]": [39, -307.5705855227862, []], "[\"10.0.0.11_10.0.0.41\", [1, 3, 4]]": [78, -222.82744745885958, []], "[\"10.0.0.13_10.0.0.43\", [1, 2, 4]]": [6, -349.279490835766, []], "[\"NoTrans\", []]": [234, -111.78796005595059, []]}, "{\"10.0.0.11_10.0.0.41\": [1, 2, 4], \"10.0.0.12_10.0.0.42\": [1, 3, 4], \"10.0.0.13_10.0.0.43\": [1, 2, 4]}": {"[\"10.0.0.12_10.0.0.42\", [1, 2, 4]]": [27, -398.78345059876585, []], "[\"10.0.0.11_10.0.0.41\", [1, 3, 4]]": [2, -266.28052534318346, []], "[\"10.0.0.13_10.0.0.43\", [1, 3, 4]]": [0, -Infinity, []], "[\"NoTrans\", []]": [0, -Infinity, []]}, "{\"10.0.0.11_10.0.0.41\": [1, 3, 4], \"10.0.0.12_10.0.0.42\": [1, 2, 4], \"10.0.0.13_10.0.0.43\": [1, 3, 4]}": {"[\"10.0.0.12_10.0.0.42\", [1, 3, 4]]": [32, -191.97347150748197, []], "[\"10.0.0.11_10.0.0.41\", [1, 2, 4]]": [0, -Infinity, []], "[\"10.0.0.13_10.0.0.43\", [1, 2, 4]]": [0, -Infinity, []], "[\"NoTrans\", []]": [0, -Infinity, []]}, "{\"10.0.0.11_10.0.0.41\": [1, 3, 4], \"10.0.0.12_10.0.0.42\": [1, 2, 4], \"10.0.0.13_10.0.0.43\": [1, 2, 4]}": {"[\"10.0.0.12_10.0.0.42\", [1, 3, 4]]": [21, -474.6359813423423, []], "[\"10.0.0.11_10.0.0.41\", [1, 2, 4]]": [0, -Infinity, []], "[\"10.0.0.13_10.0.0.43\", [1, 3, 4]]": [0, -Infinity, []], "[\"NoTrans\", []]": [0, -Infinity, []]}, "{\"10.0.0.11_10.0.0.41\": [1, 2, 4], \"10.0.0.12_10.0.0.42\": [1, 2, 4], \"10.0.0.13_10.0.0.43\": [1, 3, 4]}": {"[\"10.0.0.12_10.0.0.42\", [1, 3, 4]]": [29, -452.36997558396274, []], "[\"10.0.0.11_10.0.0.41\", [1, 3, 4]]": [15, -239.23681558717365, []], "[\"10.0.0.13_10.0.0.43\", [1, 2, 4]]": [25, -536.4864448739794, []], "[\"NoTrans\", []]": [4, -451.5459433215355, []]}, "{\"10.0.0.11_10.0.0.41\": [1, 2, 4], \"10.0.0.12_10.0.0.42\": [1, 2, 4], \"10.0.0.13_10.0.0.43\": [1, 2, 4]}": {"[\"10.0.0.12_10.0.0.42\", [1, 3, 4]]": [22, -610.3469864648937, []], "[\"10.0.0.11_10.0.0.41\", [1, 3, 4]]": [0, -Infinity, []], "[\"10.0.0.13_10.0.0.43\", [1, 3, 4]]": [30, -317.6250275267074, []], "[\"NoTrans\", []]": [7, -610.4984301493405, []]}}