{"{\"10.0.0.11_10.0.0.41\": [1, 3, 4], \"10.0.0.12_10.0.0.42\": [1, 3, 4], \"10.0.0.13_10.0.0.43\": [1, 3, 4]}": {"[\"10.0.0.12_10.0.0.42\", [1, 2, 4]]": [22, -290.9409728368371, []], "[\"10.0.0.13_10.0.0.43\", [1, 2, 4]]": [14, -291.61747584581775, []], "[\"10.0.0.11_10.0.0.41\", [1, 2, 4]]": [25, -190.81872907777566, []], "[\"NoTrans\", []]": [28, -259.64760532767764, []]}, "{\"10.0.0.11_10.0.0.41\": [1, 2, 4], \"10.0.0.12_10.0.0.42\": [1, 3, 4], \"10.0.0.13_10.0.0.43\": [1, 3, 4]}": {"[\"10.0.0.12_10.0.0.42\", [1, 2, 4]]": [21, -292.74765872433426, []], "[\"10.0.0.13_10.0.0.43\", [1, 2, 4]]": [31, -289.80864582122126, []], "[\"10.0.0.11_10.0.0.41\", [1, 3, 4]]": [16, -255.7178169871157, []], "[\"NoTrans\", []]": [30, -197.66916899779955, []]}, "{\"10.0.0.11_10.0.0.41\": [1, 3, 4], \"10.0.0.12_10.0.0.42\": [1, 3, 4], \"10.0.0.13_10.0.0.43\": [1, 2, 4]}": {"[\"10.0.0.12_10.0.0.42\", [1, 2, 4]]": [13, -340.7346597037771, []], "[\"10.0.0.13_10.0.0.43\", [1, 3, 4]]": [22, -258.9792734147107, []], "[\"10.0.0.11_10.0.0.41\", [1, 2, 4]]": [17, -291.6757398606901, []], "[\"NoTrans\", []]": [21, -291.28333426325986, []]}, "{\"10.0.0.11_10.0.0.41\": [1, 2, 4], \"10.0.0.12_10.0.0.42\": [1, 3, 4], \"10.0.0.13_10.0.0.43\": [1, 2, 4]}": {"[\"10.0.0.12_10.0.0.42\", [1, 2, 4]]": [14, -351.4235275575407, []], "[\"10.0.0.13_10.0.0.43\", [1, 3, 4]]": [23, -229.34378197736493, []], "[\"10.0.0.11_10.0.0.41\", [1, 3, 4]]": [23, -291.7486460808163, []], "[\"NoTrans\", []]": [18, -290.3501131435102, []]}, "{\"10.0.0.11_10.0.0.41\": [1, 3, 4], \"10.0.0.12_10.0.0.42\": [1, 2, 4], \"10.0.0.13_10.0.0.43\": [1, 3, 4]}": {"[\"10.0.0.12_10.0.0.42\", [1, 3, 4]]": [24, -256.9684324320738, []], "[\"10.0.0.13_10.0.0.43\", [1, 2, 4]]": [10, -341.92463026360304, []], "[\"10.0.0.11_10.0.0.41\", [1, 2, 4]]": [15, -295.06237619004935, []], "[\"NoTrans\", []]": [14, -292.73148665538884, []]}, "{\"10.0.0.11_10.0.0.41\": [1, 2, 4], \"10.0.0.12_10.0.0.42\": [1, 2, 4], \"10.0.0.13_10.0.0.43\": [1, 3, 4]}": {"[\"10.0.0.12_10.0.0.42\", [1, 3, 4]]": [20, -229.89369716504123, []], "[\"10.0.0.13_10.0.0.43\", [1, 2, 4]]": [8, -351.67383652641877, []], "[\"10.0.0.11_10.0.0.41\", [1, 3, 4]]": [16, -292.0980866031556, []], "[\"NoTrans\", []]": [15, -288.0889453248938, []]}, "{\"10.0.0.11_10.0.0.41\": [1, 3, 4], \"10.0.0.12_10.0.0.42\": [1, 2, 4], \"10.0.0.13_10.0.0.43\": [1, 2, 4]}": {"[\"10.0.0.12_10.0.0.42\", [1, 3, 4]]": [14, -292.29831848786716, []], "[\"10.0.0.13_10.0.0.43\", [1, 3, 4]]": [11, -293.68384257609284, []], "[\"10.0.0.11_10.0.0.41\", [1, 2, 4]]": [7, -326.4110270948503, []], "[\"NoTrans\", []]": [18, -343.9037440707041, []]}, "{\"10.0.0.11_10.0.0.41\": [1, 2, 4], \"10.0.0.12_10.0.0.42\": [1, 2, 4], \"10.0.0.13_10.0.0.43\": [1, 2, 4]}": {"[\"10.0.0.12_10.0.0.42\", [1, 3, 4]]": [12, -285.99515859303995, []], "[\"10.0.0.13_10.0.0.43\", [1, 3, 4]]": [8, -277.8039345312576, []], "[\"10.0.0.11_10.0.0.41\", [1, 3, 4]]": [9, -335.314529523659, []], "[\"NoTrans\", []]": [8, -351.553214272709, []]}}