{"{\"10.0.0.11_10.0.0.41\": [1, 3, 4], \"10.0.0.12_10.0.0.42\": [1, 3, 4], \"10.0.0.13_10.0.0.43\": [1, 3, 4]}": {"[\"10.0.0.11_10.0.0.41\", [1, 2, 4]]": [5, -154.61567639619963, []], "[\"10.0.0.13_10.0.0.43\", [1, 2, 4]]": [3, -200.94548510475715, []], "[\"10.0.0.12_10.0.0.42\", [1, 2, 4]]": [2, -181.18418699726567, []], "[\"NoTrans\", []]": [2, -197.82586278664257, []]}, "{\"10.0.0.11_10.0.0.41\": [1, 3, 4], \"10.0.0.12_10.0.0.42\": [1, 2, 4], \"10.0.0.13_10.0.0.43\": [1, 3, 4]}": {"[\"10.0.0.11_10.0.0.41\", [1, 2, 4]]": [2, -168.54907843161396, []], "[\"10.0.0.13_10.0.0.43\", [1, 2, 4]]": [2, -183.7056368067362, []], "[\"10.0.0.12_10.0.0.42\", [1, 3, 4]]": [2, -195.40135564552926, []], "[\"NoTrans\", []]": [2, -173.25269414978615, []]}, "{\"10.0.0.11_10.0.0.41\": [1, 3, 4], \"10.0.0.12_10.0.0.42\": [1, 3, 4], \"10.0.0.13_10.0.0.43\": [1, 2, 4]}": {"[\"10.0.0.11_10.0.0.41\", [1, 2, 4]]": [2, -174.36251435898868, []], "[\"10.0.0.13_10.0.0.43\", [1, 3, 4]]": [4, -207.53629552328215, []], "[\"10.0.0.12_10.0.0.42\", [1, 2, 4]]": [3, -190.83859164899476, []], "[\"NoTrans\", []]": [3, -207.13567684796695, []]}, "{\"10.0.0.11_10.0.0.41\": [1, 3, 4], \"10.0.0.12_10.0.0.42\": [1, 2, 4], \"10.0.0.13_10.0.0.43\": [1, 2, 4]}": {"[\"10.0.0.11_10.0.0.41\", [1, 2, 4]]": [2, -219.70820090564916, []], "[\"10.0.0.13_10.0.0.43\", [1, 3, 4]]": [2, -135.8196208643136, []], "[\"10.0.0.12_10.0.0.42\", [1, 3, 4]]": [2, -190.3614446918254, []], "[\"NoTrans\", []]": [1, -136.3244119629981, []]}, "{\"10.0.0.11_10.0.0.41\": [1, 2, 4], \"10.0.0.12_10.0.0.42\": [1, 3, 4], \"10.0.0.13_10.0.0.43\": [1, 3, 4]}": {"[\"10.0.0.11_10.0.0.41\", [1, 3, 4]]": [4, -214.6138380232617, []], "[\"10.0.0.13_10.0.0.43\", [1, 2, 4]]": [3, -222.8530159064149, []], "[\"10.0.0.12_10.0.0.42\", [1, 2, 4]]": [3, -214.45470671404695, []], "[\"NoTrans\", []]": [610, -133.13753783354517, []]}, "{\"10.0.0.11_10.0.0.41\": [1, 2, 4], \"10.0.0.12_10.0.0.42\": [1, 2, 4], \"10.0.0.13_10.0.0.43\": [1, 3, 4]}": {"[\"10.0.0.11_10.0.0.41\", [1, 3, 4]]": [2, -174.09786847820143, []], "[\"10.0.0.13_10.0.0.43\", [1, 2, 4]]": [1, -203.42719051549943, []], "[\"10.0.0.12_10.0.0.42\", [1, 3, 4]]": [3, -172.93664310611862, []], "[\"NoTrans\", []]": [1, -153.87451958150044, []]}, "{\"10.0.0.11_10.0.0.41\": [1, 2, 4], \"10.0.0.12_10.0.0.42\": [1, 3, 4], \"10.0.0.13_10.0.0.43\": [1, 2, 4]}": {"[\"10.0.0.11_10.0.0.41\", [1, 3, 4]]": [3, -170.59579963733563, []], "[\"10.0.0.13_10.0.0.43\", [1, 3, 4]]": [3, -176.70065182685437, []], "[\"10.0.0.12_10.0.0.42\", [1, 2, 4]]": [1, -201.11195537755998, []], "[\"NoTrans\", []]": [2, -203.4714892137785, []]}, "{\"10.0.0.11_10.0.0.41\": [1, 2, 4], \"10.0.0.12_10.0.0.42\": [1, 2, 4], \"10.0.0.13_10.0.0.43\": [1, 2, 4]}": {"[\"10.0.0.11_10.0.0.41\", [1, 3, 4]]": [1, -151.80627960261748, []], "[\"10.0.0.13_10.0.0.43\", [1, 3, 4]]": [1, -171.04850771071648, []], "[\"10.0.0.12_10.0.0.42\", [1, 3, 4]]": [2, -205.77110068320658, []], "[\"NoTrans\", []]": [1, -195.89056632312963, []]}}