{"{\"10.0.0.11_10.0.0.41\": [1, 3, 4], \"10.0.0.12_10.0.0.42\": [1, 3, 4], \"10.0.0.13_10.0.0.43\": [1, 3, 4]}": {"[\"10.0.0.13_10.0.0.43\", [1, 2, 4]]": [17, -269.0847417907339, []], "[\"10.0.0.11_10.0.0.41\", [1, 2, 4]]": [13, -166.30396600916168, []], "[\"10.0.0.12_10.0.0.42\", [1, 2, 4]]": [18, -266.84315847580933, []], "[\"NoTrans\", []]": [15, -233.69230625377065, []]}, "{\"10.0.0.11_10.0.0.41\": [1, 3, 4], \"10.0.0.12_10.0.0.42\": [1, 2, 4], \"10.0.0.13_10.0.0.43\": [1, 3, 4]}": {"[\"10.0.0.13_10.0.0.43\", [1, 2, 4]]": [11, -319.0743779514025, []], "[\"10.0.0.11_10.0.0.41\", [1, 2, 4]]": [16, -277.41052865412325, []], "[\"10.0.0.12_10.0.0.42\", [1, 3, 4]]": [20, -236.95455352169765, []], "[\"NoTrans\", []]": [22, -271.9421883627111, []]}, "{\"10.0.0.11_10.0.0.41\": [1, 2, 4], \"10.0.0.12_10.0.0.42\": [1, 3, 4], \"10.0.0.13_10.0.0.43\": [1, 3, 4]}": {"[\"10.0.0.13_10.0.0.43\", [1, 2, 4]]": [18, -278.24627694623916, []], "[\"10.0.0.11_10.0.0.41\", [1, 3, 4]]": [15, -240.140150533773, []], "[\"10.0.0.12_10.0.0.42\", [1, 2, 4]]": [17, -277.306778452333, []], "[\"NoTrans\", []]": [29, -165.3341721045075, []]}, "{\"10.0.0.11_10.0.0.41\": [1, 2, 4], \"10.0.0.12_10.0.0.42\": [1, 2, 4], \"10.0.0.13_10.0.0.43\": [1, 3, 4]}": {"[\"10.0.0.13_10.0.0.43\", [1, 2, 4]]": [13, -336.3244288357952, []], "[\"10.0.0.11_10.0.0.41\", [1, 3, 4]]": [17, -270.29858720746194, []], "[\"10.0.0.12_10.0.0.42\", [1, 3, 4]]": [20, -219.07596841403648, []], "[\"NoTrans\", []]": [14, -279.2688119572414, []]}, "{\"10.0.0.11_10.0.0.41\": [1, 3, 4], \"10.0.0.12_10.0.0.42\": [1, 3, 4], \"10.0.0.13_10.0.0.43\": [1, 2, 4]}": {"[\"10.0.0.13_10.0.0.43\", [1, 3, 4]]": [12, -237.22072240483465, []], "[\"10.0.0.11_10.0.0.41\", [1, 2, 4]]": [13, -277.1375631376665, []], "[\"10.0.0.12_10.0.0.42\", [1, 2, 4]]": [18, -316.8054583550677, []], "[\"NoTrans\", []]": [12, -272.50158656770554, []]}, "{\"10.0.0.11_10.0.0.41\": [1, 3, 4], \"10.0.0.12_10.0.0.42\": [1, 2, 4], \"10.0.0.13_10.0.0.43\": [1, 2, 4]}": {"[\"10.0.0.13_10.0.0.43\", [1, 3, 4]]": [12, -267.4220701644991, []], "[\"10.0.0.11_10.0.0.41\", [1, 2, 4]]": [20, -285.3162797972205, []], "[\"10.0.0.12_10.0.0.42\", [1, 3, 4]]": [12, -271.6348246598751, []], "[\"NoTrans\", []]": [16, -318.1562599351805, []]}, "{\"10.0.0.11_10.0.0.41\": [1, 2, 4], \"10.0.0.12_10.0.0.42\": [1, 3, 4], \"10.0.0.13_10.0.0.43\": [1, 2, 4]}": {"[\"10.0.0.13_10.0.0.43\", [1, 3, 4]]": [17, -217.64373288124742, []], "[\"10.0.0.11_10.0.0.41\", [1, 3, 4]]": [14, -271.4266902982769, []], "[\"10.0.0.12_10.0.0.42\", [1, 2, 4]]": [16, -337.41273255261814, []], "[\"NoTrans\", []]": [22, -270.10759575057955, []]}, "{\"10.0.0.11_10.0.0.41\": [1, 2, 4], \"10.0.0.12_10.0.0.42\": [1, 2, 4], \"10.0.0.13_10.0.0.43\": [1, 2, 4]}": {"[\"10.0.0.13_10.0.0.43\", [1, 3, 4]]": [17, -276.6486122019125, []], "[\"10.0.0.11_10.0.0.41\", [1, 3, 4]]": [16, -315.8031959386581, []], "[\"10.0.0.12_10.0.0.42\", [1, 3, 4]]": [16, -274.18951074019844, []], "[\"NoTrans\", []]": [18, -289.8500265500851, []]}}