{"{\"10.0.0.11_10.0.0.41\": [1, 3, 4], \"10.0.0.12_10.0.0.42\": [1, 3, 4], \"10.0.0.13_10.0.0.43\": [1, 3, 4]}": {"[\"10.0.0.12_10.0.0.42\", [1, 2, 4]]": [1, -186.48308030726628, []], "[\"10.0.0.13_10.0.0.43\", [1, 2, 4]]": [1, -185.90836730032532, []], "[\"10.0.0.11_10.0.0.41\", [1, 2, 4]]": [1, -150.88920517253322, []], "[\"NoTrans\", []]": [1, -202.29371795654296, []]}, "{\"10.0.0.11_10.0.0.41\": [1, 2, 4], \"10.0.0.12_10.0.0.42\": [1, 3, 4], \"10.0.0.13_10.0.0.43\": [1, 3, 4]}": {"[\"10.0.0.12_10.0.0.42\", [1, 2, 4]]": [1, -205.0279249609075, []], "[\"10.0.0.13_10.0.0.43\", [1, 2, 4]]": [1, -204.7203774082593, []], "[\"10.0.0.11_10.0.0.41\", [1, 3, 4]]": [1, -200.85567245483398, []], "[\"NoTrans\", []]": [655, -135.86332151228424, []]}, "{\"10.0.0.11_10.0.0.41\": [1, 3, 4], \"10.0.0.12_10.0.0.42\": [1, 3, 4], \"10.0.0.13_10.0.0.43\": [1, 2, 4]}": {"[\"10.0.0.12_10.0.0.42\", [1, 2, 4]]": [1, -206.04192762745748, []], "[\"10.0.0.13_10.0.0.43\", [1, 3, 4]]": [1, -201.3005615234375, []], "[\"10.0.0.11_10.0.0.41\", [1, 2, 4]]": [2, -204.06273944448213, []], "[\"NoTrans\", []]": [1, -185.48058645163115, []]}, "{\"10.0.0.11_10.0.0.41\": [1, 2, 4], \"10.0.0.12_10.0.0.42\": [1, 3, 4], \"10.0.0.13_10.0.0.43\": [1, 2, 4]}": {"[\"10.0.0.12_10.0.0.42\", [1, 2, 4]]": [1, -224.28954849243166, []], "[\"10.0.0.13_10.0.0.43\", [1, 3, 4]]": [2, -182.60146164081132, []], "[\"10.0.0.11_10.0.0.41\", [1, 3, 4]]": [1, -201.10028991699218, []], "[\"NoTrans\", []]": [1, -210.4207573682525, []]}, "{\"10.0.0.11_10.0.0.41\": [1, 3, 4], \"10.0.0.12_10.0.0.42\": [1, 2, 4], \"10.0.0.13_10.0.0.43\": [1, 3, 4]}": {"[\"10.0.0.12_10.0.0.42\", [1, 3, 4]]": [1, -202.56417999267578, []], "[\"10.0.0.13_10.0.0.43\", [1, 2, 4]]": [1, -202.5450627589948, []], "[\"10.0.0.11_10.0.0.41\", [1, 2, 4]]": [1, -206.79115038547366, []], "[\"NoTrans\", []]": [1, -186.88450676644965, []]}, "{\"10.0.0.11_10.0.0.41\": [1, 2, 4], \"10.0.0.12_10.0.0.42\": [1, 2, 4], \"10.0.0.13_10.0.0.43\": [1, 3, 4]}": {"[\"10.0.0.12_10.0.0.42\", [1, 3, 4]]": [1, -175.44182615921156, []], "[\"10.0.0.13_10.0.0.43\", [1, 2, 4]]": [1, -224.98830566406252, []], "[\"10.0.0.11_10.0.0.41\", [1, 3, 4]]": [1, -186.65619460294118, []], "[\"NoTrans\", []]": [1, -207.48801563903754, []]}, "{\"10.0.0.11_10.0.0.41\": [1, 3, 4], \"10.0.0.12_10.0.0.42\": [1, 2, 4], \"10.0.0.13_10.0.0.43\": [1, 2, 4]}": {"[\"10.0.0.12_10.0.0.42\", [1, 3, 4]]": [1, -187.5142277637512, []], "[\"10.0.0.13_10.0.0.43\", [1, 3, 4]]": [1, -187.79869934817617, []], "[\"10.0.0.11_10.0.0.41\", [1, 2, 4]]": [1, -222.68155822753909, []], "[\"NoTrans\", []]": [0, -140, []]}, "{\"10.0.0.11_10.0.0.41\": [1, 2, 4], \"10.0.0.12_10.0.0.42\": [1, 2, 4], \"10.0.0.13_10.0.0.43\": [1, 2, 4]}": {"[\"10.0.0.12_10.0.0.42\", [1, 3, 4]]": [1, -226.54999926595457, []], "[\"10.0.0.13_10.0.0.43\", [1, 3, 4]]": [1, -203.37899396175777, []], "[\"10.0.0.11_10.0.0.41\", [1, 3, 4]]": [1, -204.90084881203563, []], "[\"NoTrans\", []]": [1, -225.24989852905276, []]}}