{"{\"10.0.0.11_10.0.0.41\": [1, 3, 4], \"10.0.0.12_10.0.0.42\": [1, 3, 4], \"10.0.0.13_10.0.0.43\": [1, 3, 4]}": {"[\"10.0.0.12_10.0.0.42\", [1, 2, 4]]": [1, -215.84811215135477, []], "[\"10.0.0.13_10.0.0.43\", [1, 2, 4]]": [1, -180.97118166066002, []], "[\"10.0.0.11_10.0.0.41\", [1, 2, 4]]": [2, -141.38329795296875, []], "[\"NoTrans\", []]": [1, -200.89763412475585, []]}, "{\"10.0.0.11_10.0.0.41\": [1, 2, 4], \"10.0.0.12_10.0.0.42\": [1, 3, 4], \"10.0.0.13_10.0.0.43\": [1, 3, 4]}": {"[\"10.0.0.12_10.0.0.42\", [1, 2, 4]]": [1, -204.51395358547148, []], "[\"10.0.0.13_10.0.0.43\", [1, 2, 4]]": [1, -204.5333753745448, []], "[\"10.0.0.11_10.0.0.41\", [1, 3, 4]]": [1, -201.40006074363572, []], "[\"NoTrans\", []]": [368, -126.02414924447703, []]}, "{\"10.0.0.11_10.0.0.41\": [1, 3, 4], \"10.0.0.12_10.0.0.42\": [1, 3, 4], \"10.0.0.13_10.0.0.43\": [1, 2, 4]}": {"[\"10.0.0.12_10.0.0.42\", [1, 2, 4]]": [2, -231.12588886477383, []], "[\"10.0.0.13_10.0.0.43\", [1, 3, 4]]": [1, -202.1759391784668, []], "[\"10.0.0.11_10.0.0.41\", [1, 2, 4]]": [1, -207.51468554973405, []], "[\"NoTrans\", []]": [0, -140, []]}, "{\"10.0.0.11_10.0.0.41\": [1, 2, 4], \"10.0.0.12_10.0.0.42\": [1, 3, 4], \"10.0.0.13_10.0.0.43\": [1, 2, 4]}": {"[\"10.0.0.12_10.0.0.42\", [1, 2, 4]]": [0, -140, []], "[\"10.0.0.13_10.0.0.43\", [1, 3, 4]]": [1, -178.24916424659318, []], "[\"10.0.0.11_10.0.0.41\", [1, 3, 4]]": [1, -188.3840570012475, []], "[\"NoTrans\", []]": [0, -140, []]}, "{\"10.0.0.11_10.0.0.41\": [1, 3, 4], \"10.0.0.12_10.0.0.42\": [1, 2, 4], \"10.0.0.13_10.0.0.43\": [1, 3, 4]}": {"[\"10.0.0.12_10.0.0.42\", [1, 3, 4]]": [2, -211.20177947998047, []], "[\"10.0.0.13_10.0.0.43\", [1, 2, 4]]": [1, -235.88335697073936, []], "[\"10.0.0.11_10.0.0.41\", [1, 2, 4]]": [1, -203.47848042497694, []], "[\"NoTrans\", []]": [2, -224.55473416261023, []]}, "{\"10.0.0.11_10.0.0.41\": [1, 2, 4], \"10.0.0.12_10.0.0.42\": [1, 2, 4], \"10.0.0.13_10.0.0.43\": [1, 3, 4]}": {"[\"10.0.0.12_10.0.0.42\", [1, 3, 4]]": [1, -174.71495513086865, []], "[\"10.0.0.13_10.0.0.43\", [1, 2, 4]]": [1, -224.36456817336705, []], "[\"10.0.0.11_10.0.0.41\", [1, 3, 4]]": [1, -187.65727992824924, []], "[\"NoTrans\", []]": [1, -204.67013108928262, []]}, "{\"10.0.0.11_10.0.0.41\": [1, 3, 4], \"10.0.0.12_10.0.0.42\": [1, 2, 4], \"10.0.0.13_10.0.0.43\": [1, 2, 4]}": {"[\"10.0.0.12_10.0.0.42\", [1, 3, 4]]": [2, -197.9031113525143, []], "[\"10.0.0.13_10.0.0.43\", [1, 3, 4]]": [2, -197.35471583574773, []], "[\"10.0.0.11_10.0.0.41\", [1, 2, 4]]": [1, -226.78928637071525, []], "[\"NoTrans\", []]": [393, -193.29683164922596, []]}, "{\"10.0.0.11_10.0.0.41\": [1, 2, 4], \"10.0.0.12_10.0.0.42\": [1, 2, 4], \"10.0.0.13_10.0.0.43\": [1, 2, 4]}": {"[\"10.0.0.12_10.0.0.42\", [1, 3, 4]]": [0, -140, []], "[\"10.0.0.13_10.0.0.43\", [1, 3, 4]]": [1, -204.87497797536258, []], "[\"10.0.0.11_10.0.0.41\", [1, 3, 4]]": [2, -138.26887821697665, []], "[\"NoTrans\", []]": [0, -140, []]}}