{"{\"10.0.0.11_10.0.0.41\": [1, 3, 4], \"10.0.0.12_10.0.0.42\": [1, 3, 4], \"10.0.0.13_10.0.0.43\": [1, 3, 4]}": {"[\"10.0.0.11_10.0.0.41\", [1, 2, 4]]": [36, -170.28048098392858, []], "[\"10.0.0.13_10.0.0.43\", [1, 2, 4]]": [15, -278.34446538344514, []], "[\"10.0.0.12_10.0.0.42\", [1, 2, 4]]": [21, -277.22168908686587, []], "[\"NoTrans\", []]": [15, -245.39912613324566, []]}, "{\"10.0.0.11_10.0.0.41\": [1, 3, 4], \"10.0.0.12_10.0.0.42\": [1, 2, 4], \"10.0.0.13_10.0.0.43\": [1, 3, 4]}": {"[\"10.0.0.11_10.0.0.41\", [1, 2, 4]]": [15, -289.55637387540617, []], "[\"10.0.0.13_10.0.0.43\", [1, 2, 4]]": [8, -327.13062310245436, []], "[\"10.0.0.12_10.0.0.42\", [1, 3, 4]]": [22, -248.3871890277726, []], "[\"NoTrans\", []]": [12, -275.484762060247, []]}, "{\"10.0.0.11_10.0.0.41\": [1, 3, 4], \"10.0.0.12_10.0.0.42\": [1, 3, 4], \"10.0.0.13_10.0.0.43\": [1, 2, 4]}": {"[\"10.0.0.11_10.0.0.41\", [1, 2, 4]]": [18, -288.3717726228817, []], "[\"10.0.0.13_10.0.0.43\", [1, 3, 4]]": [18, -244.18209625535243, []], "[\"10.0.0.12_10.0.0.42\", [1, 2, 4]]": [10, -332.5459044169796, []], "[\"NoTrans\", []]": [11, -280.2460900056792, []]}, "{\"10.0.0.11_10.0.0.41\": [1, 3, 4], \"10.0.0.12_10.0.0.42\": [1, 2, 4], \"10.0.0.13_10.0.0.43\": [1, 2, 4]}": {"[\"10.0.0.11_10.0.0.41\", [1, 2, 4]]": [8, -356.1799749805179, []], "[\"10.0.0.13_10.0.0.43\", [1, 3, 4]]": [9, -282.8514520663036, []], "[\"10.0.0.12_10.0.0.42\", [1, 3, 4]]": [12, -273.198858695549, []], "[\"NoTrans\", []]": [4, -321.4652744687606, []]}, "{\"10.0.0.11_10.0.0.41\": [1, 2, 4], \"10.0.0.12_10.0.0.42\": [1, 3, 4], \"10.0.0.13_10.0.0.43\": [1, 3, 4]}": {"[\"10.0.0.11_10.0.0.41\", [1, 3, 4]]": [32, -246.99784082165445, []], "[\"10.0.0.13_10.0.0.43\", [1, 2, 4]]": [21, -282.0675331514115, []], "[\"10.0.0.12_10.0.0.42\", [1, 2, 4]]": [28, -279.12691107073556, []], "[\"NoTrans\", []]": [61, -177.54226590678195, []]}, "{\"10.0.0.11_10.0.0.41\": [1, 2, 4], \"10.0.0.12_10.0.0.42\": [1, 2, 4], \"10.0.0.13_10.0.0.43\": [1, 3, 4]}": {"[\"10.0.0.11_10.0.0.41\", [1, 3, 4]]": [15, -278.8881185083556, []], "[\"10.0.0.13_10.0.0.43\", [1, 2, 4]]": [13, -358.19953986818456, []], "[\"10.0.0.12_10.0.0.42\", [1, 3, 4]]": [27, -220.9715746943671, []], "[\"NoTrans\", []]": [22, -285.50512643292535, []]}, "{\"10.0.0.11_10.0.0.41\": [1, 2, 4], \"10.0.0.12_10.0.0.42\": [1, 3, 4], \"10.0.0.13_10.0.0.43\": [1, 2, 4]}": {"[\"10.0.0.11_10.0.0.41\", [1, 3, 4]]": [19, -275.70160368656036, []], "[\"10.0.0.13_10.0.0.43\", [1, 3, 4]]": [19, -224.13891907918688, []], "[\"10.0.0.12_10.0.0.42\", [1, 2, 4]]": [10, -356.3526784268821, []], "[\"NoTrans\", []]": [11, -287.0365359772524, []]}, "{\"10.0.0.11_10.0.0.41\": [1, 2, 4], \"10.0.0.12_10.0.0.42\": [1, 2, 4], \"10.0.0.13_10.0.0.43\": [1, 2, 4]}": {"[\"10.0.0.11_10.0.0.41\", [1, 3, 4]]": [11, -327.26138717298966, []], "[\"10.0.0.13_10.0.0.43\", [1, 3, 4]]": [12, -285.28713901837153, []], "[\"10.0.0.12_10.0.0.42\", [1, 3, 4]]": [8, -284.4494091934573, []], "[\"NoTrans\", []]": [7, -354.10210464569644, []]}}