{"{\"10.0.0.11_10.0.0.41\": [1, 3, 4], \"10.0.0.12_10.0.0.42\": [1, 3, 4], \"10.0.0.13_10.0.0.43\": [1, 3, 4]}": {"[\"10.0.0.11_10.0.0.41\", [1, 2, 4]]": [5, -163.75721802114532, []], "[\"10.0.0.13_10.0.0.43\", [1, 2, 4]]": [2, -211.04395264479768, []], "[\"10.0.0.12_10.0.0.42\", [1, 2, 4]]": [2, -197.74980513741679, []], "[\"NoTrans\", []]": [2, -184.7976125968006, []]}, "{\"10.0.0.11_10.0.0.41\": [1, 3, 4], \"10.0.0.12_10.0.0.42\": [1, 2, 4], \"10.0.0.13_10.0.0.43\": [1, 3, 4]}": {"[\"10.0.0.11_10.0.0.41\", [1, 2, 4]]": [2, -187.40619486718091, []], "[\"10.0.0.13_10.0.0.43\", [1, 2, 4]]": [2, -228.24845845431264, []], "[\"10.0.0.12_10.0.0.42\", [1, 3, 4]]": [2, -202.524084502837, []], "[\"NoTrans\", []]": [2, -196.36236473279547, []]}, "{\"10.0.0.11_10.0.0.41\": [1, 3, 4], \"10.0.0.12_10.0.0.42\": [1, 3, 4], \"10.0.0.13_10.0.0.43\": [1, 2, 4]}": {"[\"10.0.0.11_10.0.0.41\", [1, 2, 4]]": [2, -190.9145488110384, []], "[\"10.0.0.13_10.0.0.43\", [1, 3, 4]]": [3, -209.3898335140167, []], "[\"10.0.0.12_10.0.0.42\", [1, 2, 4]]": [2, -225.15411662966798, []], "[\"NoTrans\", []]": [2, -199.3853434133881, []]}, "{\"10.0.0.11_10.0.0.41\": [1, 3, 4], \"10.0.0.12_10.0.0.42\": [1, 2, 4], \"10.0.0.13_10.0.0.43\": [1, 2, 4]}": {"[\"10.0.0.11_10.0.0.41\", [1, 2, 4]]": [2, -194.98513290999776, []], "[\"10.0.0.13_10.0.0.43\", [1, 3, 4]]": [2, -187.54555915308217, []], "[\"10.0.0.12_10.0.0.42\", [1, 3, 4]]": [2, -185.44603443441142, []], "[\"NoTrans\", []]": [1, -185.41704004031428, []]}, "{\"10.0.0.11_10.0.0.41\": [1, 2, 4], \"10.0.0.12_10.0.0.42\": [1, 3, 4], \"10.0.0.13_10.0.0.43\": [1, 3, 4]}": {"[\"10.0.0.11_10.0.0.41\", [1, 3, 4]]": [4, -213.19642330616287, []], "[\"10.0.0.13_10.0.0.43\", [1, 2, 4]]": [4, -231.04417891843832, []], "[\"10.0.0.12_10.0.0.42\", [1, 2, 4]]": [3, -203.80260580966075, []], "[\"NoTrans\", []]": [601, -136.84074734038802, []]}, "{\"10.0.0.11_10.0.0.41\": [1, 2, 4], \"10.0.0.12_10.0.0.42\": [1, 2, 4], \"10.0.0.13_10.0.0.43\": [1, 3, 4]}": {"[\"10.0.0.11_10.0.0.41\", [1, 3, 4]]": [2, -169.15499194029024, []], "[\"10.0.0.13_10.0.0.43\", [1, 2, 4]]": [2, -215.20235686894733, []], "[\"10.0.0.12_10.0.0.42\", [1, 3, 4]]": [3, -188.98569885484233, []], "[\"NoTrans\", []]": [2, -199.1031529650316, []]}, "{\"10.0.0.11_10.0.0.41\": [1, 2, 4], \"10.0.0.12_10.0.0.42\": [1, 3, 4], \"10.0.0.13_10.0.0.43\": [1, 2, 4]}": {"[\"10.0.0.11_10.0.0.41\", [1, 3, 4]]": [3, -202.60892103296055, []], "[\"10.0.0.13_10.0.0.43\", [1, 3, 4]]": [4, -207.3895588936775, []], "[\"10.0.0.12_10.0.0.42\", [1, 2, 4]]": [2, -183.1652629564166, []], "[\"NoTrans\", []]": [2, -187.37787882840473, []]}, "{\"10.0.0.11_10.0.0.41\": [1, 2, 4], \"10.0.0.12_10.0.0.42\": [1, 2, 4], \"10.0.0.13_10.0.0.43\": [1, 2, 4]}": {"[\"10.0.0.11_10.0.0.41\", [1, 3, 4]]": [2, -203.30687112879485, []], "[\"10.0.0.13_10.0.0.43\", [1, 3, 4]]": [2, -208.1802869642823, []], "[\"10.0.0.12_10.0.0.42\", [1, 3, 4]]": [2, -220.93096418946237, []], "[\"NoTrans\", []]": [1, -165.07440449694397, []]}}