{"{\"10.0.0.11_10.0.0.41\": [1, 3, 4], \"10.0.0.12_10.0.0.42\": [1, 3, 4], \"10.0.0.13_10.0.0.43\": [1, 3, 4]}": {"[\"10.0.0.11_10.0.0.41\", [1, 2, 4]]": [37, -196.40971216206458, []], "[\"10.0.0.13_10.0.0.43\", [1, 2, 4]]": [18, -294.52856470265857, []], "[\"10.0.0.12_10.0.0.42\", [1, 2, 4]]": [19, -294.06307063821407, []], "[\"NoTrans\", []]": [18, -263.0616322615807, []]}, "{\"10.0.0.11_10.0.0.41\": [1, 3, 4], \"10.0.0.12_10.0.0.42\": [1, 2, 4], \"10.0.0.13_10.0.0.43\": [1, 3, 4]}": {"[\"10.0.0.11_10.0.0.41\", [1, 2, 4]]": [11, -281.61243779850133, []], "[\"10.0.0.13_10.0.0.43\", [1, 2, 4]]": [9, -319.8596174877137, []], "[\"10.0.0.12_10.0.0.42\", [1, 3, 4]]": [13, -259.96828628872595, []], "[\"NoTrans\", []]": [15, -291.3378712517954, []]}, "{\"10.0.0.11_10.0.0.41\": [1, 3, 4], \"10.0.0.12_10.0.0.42\": [1, 3, 4], \"10.0.0.13_10.0.0.43\": [1, 2, 4]}": {"[\"10.0.0.11_10.0.0.41\", [1, 2, 4]]": [18, -301.5794095918234, []], "[\"10.0.0.13_10.0.0.43\", [1, 3, 4]]": [16, -261.74855261151464, []], "[\"10.0.0.12_10.0.0.42\", [1, 2, 4]]": [11, -319.7896508685317, []], "[\"NoTrans\", []]": [20, -297.45532519583094, []]}, "{\"10.0.0.11_10.0.0.41\": [1, 3, 4], \"10.0.0.12_10.0.0.42\": [1, 2, 4], \"10.0.0.13_10.0.0.43\": [1, 2, 4]}": {"[\"10.0.0.11_10.0.0.41\", [1, 2, 4]]": [8, -361.03165876266957, []], "[\"10.0.0.13_10.0.0.43\", [1, 3, 4]]": [9, -287.20368666041657, []], "[\"10.0.0.12_10.0.0.42\", [1, 3, 4]]": [12, -291.69701800304614, []], "[\"NoTrans\", []]": [6, -317.473140715671, []]}, "{\"10.0.0.11_10.0.0.41\": [1, 2, 4], \"10.0.0.12_10.0.0.42\": [1, 3, 4], \"10.0.0.13_10.0.0.43\": [1, 3, 4]}": {"[\"10.0.0.11_10.0.0.41\", [1, 3, 4]]": [45, -260.0757255955757, []], "[\"10.0.0.13_10.0.0.43\", [1, 2, 4]]": [19, -299.12628911965, []], "[\"10.0.0.12_10.0.0.42\", [1, 2, 4]]": [26, -291.9629471810757, []], "[\"NoTrans\", []]": [78, -211.28608509903668, []]}, "{\"10.0.0.11_10.0.0.41\": [1, 2, 4], \"10.0.0.12_10.0.0.42\": [1, 2, 4], \"10.0.0.13_10.0.0.43\": [1, 3, 4]}": {"[\"10.0.0.11_10.0.0.41\", [1, 3, 4]]": [6, -275.4390115695072, []], "[\"10.0.0.13_10.0.0.43\", [1, 2, 4]]": [11, -346.52099930422224, []], "[\"10.0.0.12_10.0.0.42\", [1, 3, 4]]": [28, -240.9000684716738, []], "[\"NoTrans\", []]": [20, -296.4724919562813, []]}, "{\"10.0.0.11_10.0.0.41\": [1, 2, 4], \"10.0.0.12_10.0.0.42\": [1, 3, 4], \"10.0.0.13_10.0.0.43\": [1, 2, 4]}": {"[\"10.0.0.11_10.0.0.41\", [1, 3, 4]]": [15, -293.48496754746407, []], "[\"10.0.0.13_10.0.0.43\", [1, 3, 4]]": [24, -237.08880668545615, []], "[\"10.0.0.12_10.0.0.42\", [1, 2, 4]]": [6, -352.86572781239715, []], "[\"NoTrans\", []]": [13, -295.1832291792301, []]}, "{\"10.0.0.11_10.0.0.41\": [1, 2, 4], \"10.0.0.12_10.0.0.42\": [1, 2, 4], \"10.0.0.13_10.0.0.43\": [1, 2, 4]}": {"[\"10.0.0.11_10.0.0.41\", [1, 3, 4]]": [9, -316.58364707687787, []], "[\"10.0.0.13_10.0.0.43\", [1, 3, 4]]": [8, -290.7269739107754, []], "[\"10.0.0.12_10.0.0.42\", [1, 3, 4]]": [8, -294.33455806936456, []], "[\"NoTrans\", []]": [4, -338.5049191973394, []]}}