{"{\"10.0.0.11_10.0.0.41\": [1, 3, 4], \"10.0.0.12_10.0.0.42\": [1, 3, 4], \"10.0.0.13_10.0.0.43\": [1, 3, 4]}": {"[\"10.0.0.12_10.0.0.42\", [1, 2, 4]]": [1, -204.41563240996044, []], "[\"10.0.0.11_10.0.0.41\", [1, 2, 4]]": [0, -140, []], "[\"10.0.0.13_10.0.0.43\", [1, 2, 4]]": [1, -209.48065847667698, []], "[\"NoTrans\", []]": [1, -229.33543930053713, []]}, "{\"10.0.0.11_10.0.0.41\": [1, 3, 4], \"10.0.0.12_10.0.0.42\": [1, 3, 4], \"10.0.0.13_10.0.0.43\": [1, 2, 4]}": {"[\"10.0.0.12_10.0.0.42\", [1, 2, 4]]": [2, -176.17153982288522, []], "[\"10.0.0.11_10.0.0.41\", [1, 2, 4]]": [1, -187.481650311795, []], "[\"10.0.0.13_10.0.0.43\", [1, 3, 4]]": [1, -228.7092567443848, []], "[\"NoTrans\", []]": [1, -206.78286574049747, []]}, "{\"10.0.0.11_10.0.0.41\": [1, 2, 4], \"10.0.0.12_10.0.0.42\": [1, 3, 4], \"10.0.0.13_10.0.0.43\": [1, 3, 4]}": {"[\"10.0.0.12_10.0.0.42\", [1, 2, 4]]": [0, -140, []], "[\"10.0.0.11_10.0.0.41\", [1, 3, 4]]": [0, -140, []], "[\"10.0.0.13_10.0.0.43\", [1, 2, 4]]": [2, -184.35512144410043, []], "[\"NoTrans\", []]": [0, -140, []]}, "{\"10.0.0.11_10.0.0.41\": [1, 2, 4], \"10.0.0.12_10.0.0.42\": [1, 3, 4], \"10.0.0.13_10.0.0.43\": [1, 2, 4]}": {"[\"10.0.0.12_10.0.0.42\", [1, 2, 4]]": [2, -202.22759048406994, []], "[\"10.0.0.11_10.0.0.41\", [1, 3, 4]]": [2, -213.2321021314021, []], "[\"10.0.0.13_10.0.0.43\", [1, 3, 4]]": [1, -207.12064883518997, []], "[\"NoTrans\", []]": [1, -186.47074554063937, []]}, "{\"10.0.0.11_10.0.0.41\": [1, 3, 4], \"10.0.0.12_10.0.0.42\": [1, 2, 4], \"10.0.0.13_10.0.0.43\": [1, 3, 4]}": {"[\"10.0.0.12_10.0.0.42\", [1, 3, 4]]": [1, -225.6244064331055, []], "[\"10.0.0.11_10.0.0.41\", [1, 2, 4]]": [2, -182.4051800693304, []], "[\"10.0.0.13_10.0.0.43\", [1, 2, 4]]": [1, -174.17499157828814, []], "[\"NoTrans\", []]": [1, -205.99456637074258, []]}, "{\"10.0.0.11_10.0.0.41\": [1, 3, 4], \"10.0.0.12_10.0.0.42\": [1, 2, 4], \"10.0.0.13_10.0.0.43\": [1, 2, 4]}": {"[\"10.0.0.12_10.0.0.42\", [1, 3, 4]]": [1, -206.4844976128427, []], "[\"10.0.0.11_10.0.0.41\", [1, 2, 4]]": [2, -197.716765827142, []], "[\"10.0.0.13_10.0.0.43\", [1, 3, 4]]": [1, -206.83347815500753, []], "[\"NoTrans\", []]": [366, -134.71488659288894, []]}, "{\"10.0.0.11_10.0.0.41\": [1, 2, 4], \"10.0.0.12_10.0.0.42\": [1, 2, 4], \"10.0.0.13_10.0.0.43\": [1, 3, 4]}": {"[\"10.0.0.12_10.0.0.42\", [1, 3, 4]]": [1, -208.15404133711013, []], "[\"10.0.0.11_10.0.0.41\", [1, 3, 4]]": [2, -207.7802373393229, []], "[\"10.0.0.13_10.0.0.43\", [1, 2, 4]]": [47, -194.05230348067926, []], "[\"NoTrans\", []]": [1, -191.69328642858213, []]}, "{\"10.0.0.11_10.0.0.41\": [1, 2, 4], \"10.0.0.12_10.0.0.42\": [1, 2, 4], \"10.0.0.13_10.0.0.43\": [1, 2, 4]}": {"[\"10.0.0.12_10.0.0.42\", [1, 3, 4]]": [2, -180.07093124739907, []], "[\"10.0.0.11_10.0.0.41\", [1, 3, 4]]": [2, -147.70642655916805, []], "[\"10.0.0.13_10.0.0.43\", [1, 3, 4]]": [48, -185.30996656975378, []], "[\"NoTrans\", []]": [294, -182.93861256549658, []]}}