{"{\"10.0.0.1_10.0.1.1\": [1, 4, 5], \"10.0.0.2_10.0.1.2\": [1, 4, 5], \"10.0.0.3_10.0.1.3\": [1, 4, 5]}": {"[\"10.0.0.2_10.0.1.2\", [1, 3, 5]]": [1, -164.34835341429317, []], "[\"10.0.0.2_10.0.1.2\", [1, 2, 5]]": [0, -140, []], "[\"10.0.0.3_10.0.1.3\", [1, 3, 5]]": [1, -167.32502598011547, []], "[\"10.0.0.3_10.0.1.3\", [1, 2, 5]]": [0, -140, []], "[\"10.0.0.1_10.0.1.1\", [1, 3, 5]]": [1, -164.35770039634167, []], "[\"10.0.0.1_10.0.1.1\", [1, 2, 5]]": [0, -140, []], "[\"NoTrans\", []]": [1, -173.2051254272461, []]}, "{\"10.0.0.1_10.0.1.1\": [1, 3, 5], \"10.0.0.2_10.0.1.2\": [1, 4, 5], \"10.0.0.3_10.0.1.3\": [1, 4, 5]}": {"[\"10.0.0.2_10.0.1.2\", [1, 3, 5]]": [0, -140, []], "[\"10.0.0.2_10.0.1.2\", [1, 2, 5]]": [1, -209.8315163655182, []], "[\"10.0.0.3_10.0.1.3\", [1, 3, 5]]": [1, -185.24925799166814, []], "[\"10.0.0.3_10.0.1.3\", [1, 2, 5]]": [1, -209.01169571025108, []], "[\"10.0.0.1_10.0.1.1\", [1, 4, 5]]": [0, -140, []], "[\"10.0.0.1_10.0.1.1\", [1, 2, 5]]": [1, -164.65270659796943, []], "[\"NoTrans\", []]": [1, -164.2468633254877, []]}, "{\"10.0.0.1_10.0.1.1\": [1, 2, 5], \"10.0.0.2_10.0.1.2\": [1, 4, 5], \"10.0.0.3_10.0.1.3\": [1, 4, 5]}": {"[\"10.0.0.2_10.0.1.2\", [1, 3, 5]]": [0, -140, []], "[\"10.0.0.2_10.0.1.2\", [1, 2, 5]]": [1, -247.0360592298672, []], "[\"10.0.0.3_10.0.1.3\", [1, 3, 5]]": [1, -164.57632262565875, []], "[\"10.0.0.3_10.0.1.3\", [1, 2, 5]]": [1, -248.1745615894928, []], "[\"10.0.0.1_10.0.1.1\", [1, 4, 5]]": [1, -177.06741104125976, []], "[\"10.0.0.1_10.0.1.1\", [1, 3, 5]]": [1, -164.09977784115605, []], "[\"NoTrans\", []]": [1, -164.663428130093, []]}, "{\"10.0.0.1_10.0.1.1\": [1, 4, 5], \"10.0.0.2_10.0.1.2\": [1, 4, 5], \"10.0.0.3_10.0.1.3\": [1, 3, 5]}": {"[\"10.0.0.2_10.0.1.2\", [1, 3, 5]]": [1, -184.19670235346354, []], "[\"10.0.0.2_10.0.1.2\", [1, 2, 5]]": [1, -218.2532191026075, []], "[\"10.0.0.3_10.0.1.3\", [1, 4, 5]]": [1, -173.90044937133788, []], "[\"10.0.0.3_10.0.1.3\", [1, 2, 5]]": [0, -140, []], "[\"10.0.0.1_10.0.1.1\", [1, 3, 5]]": [1, -185.4654232833103, []], "[\"10.0.0.1_10.0.1.1\", [1, 2, 5]]": [0, -140, []], "[\"NoTrans\", []]": [1, -166.4603772264094, []]}, "{\"10.0.0.1_10.0.1.1\": [1, 3, 5], \"10.0.0.2_10.0.1.2\": [1, 4, 5], \"10.0.0.3_10.0.1.3\": [1, 3, 5]}": {"[\"10.0.0.2_10.0.1.2\", [1, 3, 5]]": [1, -197.54003295898437, []], "[\"10.0.0.2_10.0.1.2\", [1, 2, 5]]": [1, -231.82242958379473, []], "[\"10.0.0.3_10.0.1.3\", [1, 4, 5]]": [0, -140, []], "[\"10.0.0.3_10.0.1.3\", [1, 2, 5]]": [1, -207.66202374088522, []], "[\"10.0.0.1_10.0.1.1\", [1, 4, 5]]": [1, -168.25210547982437, []], "[\"10.0.0.1_10.0.1.1\", [1, 2, 5]]": [1, -168.3573924464403, []], "[\"NoTrans\", []]": [1, -184.6322854790882, []]}, "{\"10.0.0.1_10.0.1.1\": [1, 2, 5], \"10.0.0.2_10.0.1.2\": [1, 4, 5], \"10.0.0.3_10.0.1.3\": [1, 3, 5]}": {"[\"10.0.0.2_10.0.1.2\", [1, 3, 5]]": [1, -184.4599654908568, []], "[\"10.0.0.2_10.0.1.2\", [1, 2, 5]]": [0, -140, []], "[\"10.0.0.3_10.0.1.3\", [1, 4, 5]]": [1, -164.47128451130314, []], "[\"10.0.0.3_10.0.1.3\", [1, 2, 5]]": [1, -246.02022847387343, []], "[\"10.0.0.1_10.0.1.1\", [1, 4, 5]]": [0, -140, []], "[\"10.0.0.1_10.0.1.1\", [1, 3, 5]]": [1, -185.92849819517488, []], "[\"NoTrans\", []]": [1, -166.0991952336613, []]}, "{\"10.0.0.1_10.0.1.1\": [1, 4, 5], \"10.0.0.2_10.0.1.2\": [1, 4, 5], \"10.0.0.3_10.0.1.3\": [1, 2, 5]}": {"[\"10.0.0.2_10.0.1.2\", [1, 3, 5]]": [0, -140, []], "[\"10.0.0.2_10.0.1.2\", [1, 2, 5]]": [1, -244.52276933220958, []], "[\"10.0.0.3_10.0.1.3\", [1, 4, 5]]": [0, -140, []], "[\"10.0.0.3_10.0.1.3\", [1, 3, 5]]": [0, -140, []], "[\"10.0.0.1_10.0.1.1\", [1, 3, 5]]": [0, -140, []], "[\"10.0.0.1_10.0.1.1\", [1, 2, 5]]": [0, -140, []], "[\"NoTrans\", []]": [0, -140, []]}, "{\"10.0.0.1_10.0.1.1\": [1, 3, 5], \"10.0.0.2_10.0.1.2\": [1, 4, 5], \"10.0.0.3_10.0.1.3\": [1, 2, 5]}": {"[\"10.0.0.2_10.0.1.2\", [1, 3, 5]]": [1, -228.68476914162295, []], "[\"10.0.0.2_10.0.1.2\", [1, 2, 5]]": [0, -140, []], "[\"10.0.0.3_10.0.1.3\", [1, 4, 5]]": [1, -164.68998492580997, []], "[\"10.0.0.3_10.0.1.3\", [1, 3, 5]]": [1, -184.44906703144514, []], "[\"10.0.0.1_10.0.1.1\", [1, 4, 5]]": [0, -140, []], "[\"10.0.0.1_10.0.1.1\", [1, 2, 5]]": [0, -140, []], "[\"NoTrans\", []]": [0, -140, []]}, "{\"10.0.0.1_10.0.1.1\": [1, 2, 5], \"10.0.0.2_10.0.1.2\": [1, 4, 5], \"10.0.0.3_10.0.1.3\": [1, 2, 5]}": {"[\"10.0.0.2_10.0.1.2\", [1, 3, 5]]": [0, -140, []], "[\"10.0.0.2_10.0.1.2\", [1, 2, 5]]": [1, -274.66090927124026, []], "[\"10.0.0.3_10.0.1.3\", [1, 4, 5]]": [1, -187.31411013743732, []], "[\"10.0.0.3_10.0.1.3\", [1, 3, 5]]": [1, -183.77132305031617, []], "[\"10.0.0.1_10.0.1.1\", [1, 4, 5]]": [0, -140, []], "[\"10.0.0.1_10.0.1.1\", [1, 3, 5]]": [0, -140, []], "[\"NoTrans\", []]": [0, -140, []]}, "{\"10.0.0.1_10.0.1.1\": [1, 4, 5], \"10.0.0.2_10.0.1.2\": [1, 3, 5], \"10.0.0.3_10.0.1.3\": [1, 4, 5]}": {"[\"10.0.0.2_10.0.1.2\", [1, 4, 5]]": [1, -172.60106811523437, []], "[\"10.0.0.2_10.0.1.2\", [1, 2, 5]]": [0, -140, []], "[\"10.0.0.3_10.0.1.3\", [1, 3, 5]]": [1, -185.55536539834367, []], "[\"10.0.0.3_10.0.1.3\", [1, 2, 5]]": [1, -210.18885944420882, []], "[\"10.0.0.1_10.0.1.1\", [1, 3, 5]]": [1, -189.20965457038574, []], "[\"10.0.0.1_10.0.1.1\", [1, 2, 5]]": [1, -141.75503373713136, []], "[\"NoTrans\", []]": [1, -163.37210992894745, []]}, "{\"10.0.0.1_10.0.1.1\": [1, 3, 5], \"10.0.0.2_10.0.1.2\": [1, 3, 5], \"10.0.0.3_10.0.1.3\": [1, 4, 5]}": {"[\"10.0.0.2_10.0.1.2\", [1, 4, 5]]": [1, -164.52601592419742, []], "[\"10.0.0.2_10.0.1.2\", [1, 2, 5]]": [0, -140, []], "[\"10.0.0.3_10.0.1.3\", [1, 3, 5]]": [1, -200.48688659667968, []], "[\"10.0.0.3_10.0.1.3\", [1, 2, 5]]": [1, -230.00416766182218, []], "[\"10.0.0.1_10.0.1.1\", [1, 4, 5]]": [1, -173.2785808735488, []], "[\"10.0.0.1_10.0.1.1\", [1, 2, 5]]": [1, -161.57099349320765, []], "[\"NoTrans\", []]": [1, -186.69616455537783, []]}, "{\"10.0.0.1_10.0.1.1\": [1, 2, 5], \"10.0.0.2_10.0.1.2\": [1, 3, 5], \"10.0.0.3_10.0.1.3\": [1, 4, 5]}": {"[\"10.0.0.2_10.0.1.2\", [1, 4, 5]]": [0, -140, []], "[\"10.0.0.2_10.0.1.2\", [1, 2, 5]]": [0, -140, []], "[\"10.0.0.3_10.0.1.3\", [1, 3, 5]]": [0, -140, []], "[\"10.0.0.3_10.0.1.3\", [1, 2, 5]]": [1, -243.77035126537214, []], "[\"10.0.0.1_10.0.1.1\", [1, 4, 5]]": [1, -167.1767920866287, []], "[\"10.0.0.1_10.0.1.1\", [1, 3, 5]]": [1, -185.8930614487833, []], "[\"NoTrans\", []]": [2204, -135.76221232384069, []]}, "{\"10.0.0.1_10.0.1.1\": [1, 4, 5], \"10.0.0.2_10.0.1.2\": [1, 3, 5], \"10.0.0.3_10.0.1.3\": [1, 3, 5]}": {"[\"10.0.0.2_10.0.1.2\", [1, 4, 5]]": [1, -165.07651748726119, []], "[\"10.0.0.2_10.0.1.2\", [1, 2, 5]]": [0, -140, []], "[\"10.0.0.3_10.0.1.3\", [1, 4, 5]]": [1, -169.9731599517791, []], "[\"10.0.0.3_10.0.1.3\", [1, 2, 5]]": [1, -212.50076768817783, []], "[\"10.0.0.1_10.0.1.1\", [1, 3, 5]]": [0, -140, []], "[\"10.0.0.1_10.0.1.1\", [1, 2, 5]]": [1, -185.01488383654123, []], "[\"NoTrans\", []]": [1, -186.24958266958447, []]}, "{\"10.0.0.1_10.0.1.1\": [1, 3, 5], \"10.0.0.2_10.0.1.2\": [1, 3, 5], \"10.0.0.3_10.0.1.3\": [1, 3, 5]}": {"[\"10.0.0.2_10.0.1.2\", [1, 4, 5]]": [1, -183.00667519297036, []], "[\"10.0.0.2_10.0.1.2\", [1, 2, 5]]": [0, -140, []], "[\"10.0.0.3_10.0.1.3\", [1, 4, 5]]": [1, -185.0369050976457, []], "[\"10.0.0.3_10.0.1.3\", [1, 2, 5]]": [1, -229.3077404480845, []], "[\"10.0.0.1_10.0.1.1\", [1, 4, 5]]": [1, -183.7274427540594, []], "[\"10.0.0.1_10.0.1.1\", [1, 2, 5]]": [0, -140, []], "[\"NoTrans\", []]": [0, -140, []]}, "{\"10.0.0.1_10.0.1.1\": [1, 2, 5], \"10.0.0.2_10.0.1.2\": [1, 3, 5], \"10.0.0.3_10.0.1.3\": [1, 3, 5]}": {"[\"10.0.0.2_10.0.1.2\", [1, 4, 5]]": [0, -140, []], "[\"10.0.0.2_10.0.1.2\", [1, 2, 5]]": [1, -250.78787486940536, []], "[\"10.0.0.3_10.0.1.3\", [1, 4, 5]]": [0, -140, []], "[\"10.0.0.3_10.0.1.3\", [1, 2, 5]]": [1, -243.82288908823617, []], "[\"10.0.0.1_10.0.1.1\", [1, 4, 5]]": [1, -185.78763832770593, []], "[\"10.0.0.1_10.0.1.1\", [1, 3, 5]]": [0, -140, []], "[\"NoTrans\", []]": [1, -185.47174676440756, []]},