{"{\"10.0.0.11_10.0.0.41\": [1, 3, 4], \"10.0.0.12_10.0.0.42\": [1, 3, 4], \"10.0.0.13_10.0.0.43\": [1, 3, 4]}": {"[\"10.0.0.12_10.0.0.42\", [1, 2, 4]]": [2, -179.60497423086082, []], "[\"10.0.0.13_10.0.0.43\", [1, 2, 4]]": [1, -183.3634572751949, []], "[\"10.0.0.11_10.0.0.41\", [1, 2, 4]]": [1, -143.5442394151252, []], "[\"NoTrans\", []]": [1, -198.53681587063605, []]}, "{\"10.0.0.11_10.0.0.41\": [1, 2, 4], \"10.0.0.12_10.0.0.42\": [1, 3, 4], \"10.0.0.13_10.0.0.43\": [1, 3, 4]}": {"[\"10.0.0.12_10.0.0.42\", [1, 2, 4]]": [1, -198.4084608904008, []], "[\"10.0.0.13_10.0.0.43\", [1, 2, 4]]": [1, -201.20649910435813, []], "[\"10.0.0.11_10.0.0.41\", [1, 3, 4]]": [1, -199.96017478787238, []], "[\"NoTrans\", []]": [757, -137.14826884224172, []]}, "{\"10.0.0.11_10.0.0.41\": [1, 3, 4], \"10.0.0.12_10.0.0.42\": [1, 3, 4], \"10.0.0.13_10.0.0.43\": [1, 2, 4]}": {"[\"10.0.0.12_10.0.0.42\", [1, 2, 4]]": [1, -200.63854392692755, []], "[\"10.0.0.13_10.0.0.43\", [1, 3, 4]]": [1, -197.91349433743292, []], "[\"10.0.0.11_10.0.0.41\", [1, 2, 4]]": [1, -199.45585472189566, []], "[\"NoTrans\", []]": [0, -140, []]}, "{\"10.0.0.11_10.0.0.41\": [1, 2, 4], \"10.0.0.12_10.0.0.42\": [1, 3, 4], \"10.0.0.13_10.0.0.43\": [1, 2, 4]}": {"[\"10.0.0.12_10.0.0.42\", [1, 2, 4]]": [1, -220.22222290039065, []], "[\"10.0.0.13_10.0.0.43\", [1, 3, 4]]": [1, -173.18696150922747, []], "[\"10.0.0.11_10.0.0.41\", [1, 3, 4]]": [1, -185.2489023303295, []], "[\"NoTrans\", []]": [2, -202.10136921236614, []]}, "{\"10.0.0.11_10.0.0.41\": [1, 3, 4], \"10.0.0.12_10.0.0.42\": [1, 2, 4], \"10.0.0.13_10.0.0.43\": [1, 3, 4]}": {"[\"10.0.0.12_10.0.0.42\", [1, 3, 4]]": [2, -201.1710139465332, []], "[\"10.0.0.13_10.0.0.43\", [1, 2, 4]]": [1, -201.65515712243896, []], "[\"10.0.0.11_10.0.0.41\", [1, 2, 4]]": [2, -196.59661812929608, []], "[\"NoTrans\", []]": [1, -140.4877342261468, []]}, "{\"10.0.0.11_10.0.0.41\": [1, 2, 4], \"10.0.0.12_10.0.0.42\": [1, 2, 4], \"10.0.0.13_10.0.0.43\": [1, 3, 4]}": {"[\"10.0.0.12_10.0.0.42\", [1, 3, 4]]": [2, -166.99873512633823, []], "[\"10.0.0.13_10.0.0.43\", [1, 2, 4]]": [0, -140, []], "[\"10.0.0.11_10.0.0.41\", [1, 3, 4]]": [1, -184.342898553629, []], "[\"NoTrans\", []]": [1, -141.4902504372281, []]}, "{\"10.0.0.11_10.0.0.41\": [1, 3, 4], \"10.0.0.12_10.0.0.42\": [1, 2, 4], \"10.0.0.13_10.0.0.43\": [1, 2, 4]}": {"[\"10.0.0.12_10.0.0.42\", [1, 3, 4]]": [1, -183.113013475002, []], "[\"10.0.0.13_10.0.0.43\", [1, 3, 4]]": [1, -184.00764072410826, []], "[\"10.0.0.11_10.0.0.41\", [1, 2, 4]]": [1, -219.0579772949219, []], "[\"NoTrans\", []]": [0, -140, []]}, "{\"10.0.0.11_10.0.0.41\": [1, 2, 4], \"10.0.0.12_10.0.0.42\": [1, 2, 4], \"10.0.0.13_10.0.0.43\": [1, 2, 4]}": {"[\"10.0.0.12_10.0.0.42\", [1, 3, 4]]": [1, -200.9402851972991, []], "[\"10.0.0.13_10.0.0.43\", [1, 3, 4]]": [0, -140, []], "[\"10.0.0.11_10.0.0.41\", [1, 3, 4]]": [1, -201.1034228038738, []], "[\"NoTrans\", []]": [1, -219.6317077636719, []]}}