{"{\"10.0.0.11_10.0.0.41\": [1, 3, 4], \"10.0.0.12_10.0.0.42\": [1, 3, 4], \"10.0.0.13_10.0.0.43\": [1, 3, 4]}": {"[\"10.0.0.12_10.0.0.42\", [1, 2, 4]]": [16, -286.5064515291255, []], "[\"10.0.0.13_10.0.0.43\", [1, 2, 4]]": [20, -279.18145778297344, []], "[\"10.0.0.11_10.0.0.41\", [1, 2, 4]]": [32, -172.5568588472361, []], "[\"NoTrans\", []]": [13, -249.44988997807113, []]}, "{\"10.0.0.11_10.0.0.41\": [1, 2, 4], \"10.0.0.12_10.0.0.42\": [1, 3, 4], \"10.0.0.13_10.0.0.43\": [1, 3, 4]}": {"[\"10.0.0.12_10.0.0.42\", [1, 2, 4]]": [18, -267.0274075415415, []], "[\"10.0.0.13_10.0.0.43\", [1, 2, 4]]": [23, -271.26328178746445, []], "[\"10.0.0.11_10.0.0.41\", [1, 3, 4]]": [28, -245.7637642555409, []], "[\"NoTrans\", []]": [40, -180.4545093205097, []]}, "{\"10.0.0.11_10.0.0.41\": [1, 3, 4], \"10.0.0.12_10.0.0.42\": [1, 3, 4], \"10.0.0.13_10.0.0.43\": [1, 2, 4]}": {"[\"10.0.0.12_10.0.0.42\", [1, 2, 4]]": [17, -339.5713634511446, []], "[\"10.0.0.13_10.0.0.43\", [1, 3, 4]]": [23, -238.29590658126315, []], "[\"10.0.0.11_10.0.0.41\", [1, 2, 4]]": [15, -271.2901817170597, []], "[\"NoTrans\", []]": [8, -282.63070220804343, []]}, "{\"10.0.0.11_10.0.0.41\": [1, 2, 4], \"10.0.0.12_10.0.0.42\": [1, 3, 4], \"10.0.0.13_10.0.0.43\": [1, 2, 4]}": {"[\"10.0.0.12_10.0.0.42\", [1, 2, 4]]": [14, -351.37585508550086, []], "[\"10.0.0.13_10.0.0.43\", [1, 3, 4]]": [19, -195.64665479780274, []], "[\"10.0.0.11_10.0.0.41\", [1, 3, 4]]": [17, -286.9101083411278, []], "[\"NoTrans\", []]": [19, -277.51064146033315, []]}, "{\"10.0.0.11_10.0.0.41\": [1, 3, 4], \"10.0.0.12_10.0.0.42\": [1, 2, 4], \"10.0.0.13_10.0.0.43\": [1, 3, 4]}": {"[\"10.0.0.12_10.0.0.42\", [1, 3, 4]]": [17, -237.76225596982852, []], "[\"10.0.0.13_10.0.0.43\", [1, 2, 4]]": [17, -340.2610764801727, []], "[\"10.0.0.11_10.0.0.41\", [1, 2, 4]]": [17, -291.3766001171545, []], "[\"NoTrans\", []]": [13, -283.6874636936797, []]}, "{\"10.0.0.11_10.0.0.41\": [1, 2, 4], \"10.0.0.12_10.0.0.42\": [1, 2, 4], \"10.0.0.13_10.0.0.43\": [1, 3, 4]}": {"[\"10.0.0.12_10.0.0.42\", [1, 3, 4]]": [18, -196.3077057622286, []], "[\"10.0.0.13_10.0.0.43\", [1, 2, 4]]": [11, -350.2552178311281, []], "[\"10.0.0.11_10.0.0.41\", [1, 3, 4]]": [19, -281.5535158005621, []], "[\"NoTrans\", []]": [14, -294.7724638491701, []]}, "{\"10.0.0.11_10.0.0.41\": [1, 3, 4], \"10.0.0.12_10.0.0.42\": [1, 2, 4], \"10.0.0.13_10.0.0.43\": [1, 2, 4]}": {"[\"10.0.0.12_10.0.0.42\", [1, 3, 4]]": [18, -286.3420178210004, []], "[\"10.0.0.13_10.0.0.43\", [1, 3, 4]]": [16, -287.7586082802444, []], "[\"10.0.0.11_10.0.0.41\", [1, 2, 4]]": [10, -348.6022689397241, []], "[\"NoTrans\", []]": [10, -338.1859419402059, []]}, "{\"10.0.0.11_10.0.0.41\": [1, 2, 4], \"10.0.0.12_10.0.0.42\": [1, 2, 4], \"10.0.0.13_10.0.0.43\": [1, 2, 4]}": {"[\"10.0.0.12_10.0.0.42\", [1, 3, 4]]": [12, -265.99456261064273, []], "[\"10.0.0.13_10.0.0.43\", [1, 3, 4]]": [13, -267.0668880092028, []], "[\"10.0.0.11_10.0.0.41\", [1, 3, 4]]": [10, -328.66480704905433, []], "[\"NoTrans\", []]": [14, -353.4241440053572, []]}}