{"{\"10.0.0.11_10.0.0.41\": [1, 3, 4], \"10.0.0.12_10.0.0.42\": [1, 3, 4], \"10.0.0.13_10.0.0.43\": [1, 3, 4]}": {"[\"10.0.0.13_10.0.0.43\", [1, 2, 4]]": [3, -226.40764494573813, []], "[\"10.0.0.12_10.0.0.42\", [1, 2, 4]]": [3, -197.58641318898663, []], "[\"10.0.0.11_10.0.0.41\", [1, 2, 4]]": [7, -173.60556154178005, []], "[\"NoTrans\", []]": [2, -193.08539437214537, []]}, "{\"10.0.0.11_10.0.0.41\": [1, 2, 4], \"10.0.0.12_10.0.0.42\": [1, 3, 4], \"10.0.0.13_10.0.0.43\": [1, 3, 4]}": {"[\"10.0.0.13_10.0.0.43\", [1, 2, 4]]": [5, -250.24244964530897, []], "[\"10.0.0.12_10.0.0.42\", [1, 2, 4]]": [4, -233.04402543974513, []], "[\"10.0.0.11_10.0.0.41\", [1, 3, 4]]": [5, -234.3063859127439, []], "[\"NoTrans\", []]": [583, -138.08709153604445, []]}, "{\"10.0.0.11_10.0.0.41\": [1, 3, 4], \"10.0.0.12_10.0.0.42\": [1, 2, 4], \"10.0.0.13_10.0.0.43\": [1, 3, 4]}": {"[\"10.0.0.13_10.0.0.43\", [1, 2, 4]]": [2, -174.19239400210188, []], "[\"10.0.0.12_10.0.0.42\", [1, 3, 4]]": [4, -202.4792237162733, []], "[\"10.0.0.11_10.0.0.41\", [1, 2, 4]]": [3, -180.0069234740027, []], "[\"NoTrans\", []]": [3, -201.31101630474012, []]}, "{\"10.0.0.11_10.0.0.41\": [1, 2, 4], \"10.0.0.12_10.0.0.42\": [1, 2, 4], \"10.0.0.13_10.0.0.43\": [1, 3, 4]}": {"[\"10.0.0.13_10.0.0.43\", [1, 2, 4]]": [2, -221.1918395879792, []], "[\"10.0.0.12_10.0.0.42\", [1, 3, 4]]": [4, -209.30547848153302, []], "[\"10.0.0.11_10.0.0.41\", [1, 3, 4]]": [2, -183.1515568754901, []], "[\"NoTrans\", []]": [2, -186.73521771299005, []]}, "{\"10.0.0.11_10.0.0.41\": [1, 3, 4], \"10.0.0.12_10.0.0.42\": [1, 3, 4], \"10.0.0.13_10.0.0.43\": [1, 2, 4]}": {"[\"10.0.0.13_10.0.0.43\", [1, 3, 4]]": [4, -230.90280169809077, []], "[\"10.0.0.12_10.0.0.42\", [1, 2, 4]]": [3, -223.9192664539383, []], "[\"10.0.0.11_10.0.0.41\", [1, 2, 4]]": [3, -250.79474180756353, []], "[\"NoTrans\", []]": [4, -232.68676375956449, []]}, "{\"10.0.0.11_10.0.0.41\": [1, 2, 4], \"10.0.0.12_10.0.0.42\": [1, 3, 4], \"10.0.0.13_10.0.0.43\": [1, 2, 4]}": {"[\"10.0.0.13_10.0.0.43\", [1, 3, 4]]": [4, -215.6662695738492, []], "[\"10.0.0.12_10.0.0.42\", [1, 2, 4]]": [2, -243.02812978806497, []], "[\"10.0.0.11_10.0.0.41\", [1, 3, 4]]": [4, -206.9041069868159, []], "[\"NoTrans\", []]": [2, -209.16410622297218, []]}, "{\"10.0.0.11_10.0.0.41\": [1, 3, 4], \"10.0.0.12_10.0.0.42\": [1, 2, 4], \"10.0.0.13_10.0.0.43\": [1, 2, 4]}": {"[\"10.0.0.13_10.0.0.43\", [1, 3, 4]]": [3, -189.14594613113073, []], "[\"10.0.0.12_10.0.0.42\", [1, 3, 4]]": [3, -223.52200443143948, []], "[\"10.0.0.11_10.0.0.41\", [1, 2, 4]]": [1, -189.76648537712143, []], "[\"NoTrans\", []]": [2, -205.06194172045508, []]}, "{\"10.0.0.11_10.0.0.41\": [1, 2, 4], \"10.0.0.12_10.0.0.42\": [1, 2, 4], \"10.0.0.13_10.0.0.43\": [1, 2, 4]}": {"[\"10.0.0.13_10.0.0.43\", [1, 3, 4]]": [1, -153.77633149061467, []], "[\"10.0.0.12_10.0.0.42\", [1, 3, 4]]": [2, -237.68787568502916, []], "[\"10.0.0.11_10.0.0.41\", [1, 3, 4]]": [2, -167.07025646794142, []], "[\"NoTrans\", []]": [1, -191.68012826042218, []]}}