{"{\"10.0.0.11_10.0.0.41\": [1, 3, 4], \"10.0.0.12_10.0.0.42\": [1, 3, 4], \"10.0.0.13_10.0.0.43\": [1, 3, 4]}": {"[\"10.0.0.12_10.0.0.42\", [1, 2, 4]]": [25, -280.60661127809385, []], "[\"10.0.0.13_10.0.0.43\", [1, 2, 4]]": [0, -Infinity, []], "[\"10.0.0.11_10.0.0.41\", [1, 2, 4]]": [5, -158.6852292509922, []], "[\"NoTrans\", []]": [2, -306.9242910595203, []]}, "{\"10.0.0.11_10.0.0.41\": [1, 2, 4], \"10.0.0.12_10.0.0.42\": [1, 3, 4], \"10.0.0.13_10.0.0.43\": [1, 3, 4]}": {"[\"10.0.0.12_10.0.0.42\", [1, 2, 4]]": [27, -277.75764654612794, []], "[\"10.0.0.13_10.0.0.43\", [1, 2, 4]]": [21, -278.0103160942662, []], "[\"10.0.0.11_10.0.0.41\", [1, 3, 4]]": [19, -208.92144562414796, []], "[\"NoTrans\", []]": [524, -141.37359019378385, []]}, "{\"10.0.0.11_10.0.0.41\": [1, 3, 4], \"10.0.0.12_10.0.0.42\": [1, 3, 4], \"10.0.0.13_10.0.0.43\": [1, 2, 4]}": {"[\"10.0.0.12_10.0.0.42\", [1, 2, 4]]": [13, -427.4840067564987, []], "[\"10.0.0.13_10.0.0.43\", [1, 3, 4]]": [5, -403.08141554500315, []], "[\"10.0.0.11_10.0.0.41\", [1, 2, 4]]": [2, -381.73172378148837, []], "[\"NoTrans\", []]": [8, -404.459264654937, []]}, "{\"10.0.0.11_10.0.0.41\": [1, 2, 4], \"10.0.0.12_10.0.0.42\": [1, 3, 4], \"10.0.0.13_10.0.0.43\": [1, 2, 4]}": {"[\"10.0.0.12_10.0.0.42\", [1, 2, 4]]": [4, -422.959620086864, []], "[\"10.0.0.13_10.0.0.43\", [1, 3, 4]]": [20, -211.8587360107463, []], "[\"10.0.0.11_10.0.0.41\", [1, 3, 4]]": [9, -356.8154975540925, []], "[\"NoTrans\", []]": [3, -397.7068413892433, []]}, "{\"10.0.0.11_10.0.0.41\": [1, 3, 4], \"10.0.0.12_10.0.0.42\": [1, 2, 4], \"10.0.0.13_10.0.0.43\": [1, 3, 4]}": {"[\"10.0.0.12_10.0.0.42\", [1, 3, 4]]": [6, -397.14738355194413, []], "[\"10.0.0.13_10.0.0.43\", [1, 2, 4]]": [2, -441.63745884814693, []], "[\"10.0.0.11_10.0.0.41\", [1, 2, 4]]": [23, -254.1514926429238, []], "[\"NoTrans\", []]": [0, -Infinity, []]}, "{\"10.0.0.11_10.0.0.41\": [1, 2, 4], \"10.0.0.12_10.0.0.42\": [1, 2, 4], \"10.0.0.13_10.0.0.43\": [1, 3, 4]}": {"[\"10.0.0.12_10.0.0.42\", [1, 3, 4]]": [42, -190.11153690677142, []], "[\"10.0.0.13_10.0.0.43\", [1, 2, 4]]": [2, -379.82378998776124, []], "[\"10.0.0.11_10.0.0.41\", [1, 3, 4]]": [6, -354.95224750440616, []], "[\"NoTrans\", []]": [5, -280.9174977476674, []]}, "{\"10.0.0.11_10.0.0.41\": [1, 3, 4], \"10.0.0.12_10.0.0.42\": [1, 2, 4], \"10.0.0.13_10.0.0.43\": [1, 2, 4]}": {"[\"10.0.0.12_10.0.0.42\", [1, 3, 4]]": [11, -392.0196256650361, []], "[\"10.0.0.13_10.0.0.43\", [1, 3, 4]]": [0, -Infinity, []], "[\"10.0.0.11_10.0.0.41\", [1, 2, 4]]": [4, -460.7798915160305, []], "[\"NoTrans\", []]": [0, -Infinity, []]}, "{\"10.0.0.11_10.0.0.41\": [1, 2, 4], \"10.0.0.12_10.0.0.42\": [1, 2, 4], \"10.0.0.13_10.0.0.43\": [1, 2, 4]}": {"[\"10.0.0.12_10.0.0.42\", [1, 3, 4]]": [11, -263.78811960432404, []], "[\"10.0.0.13_10.0.0.43\", [1, 3, 4]]": [0, -Infinity, []], "[\"10.0.0.11_10.0.0.41\", [1, 3, 4]]": [0, -Infinity, []], "[\"NoTrans\", []]": [0, -Infinity, []]}}