{"{\"10.0.0.11_10.0.0.41\": [1, 3, 4], \"10.0.0.12_10.0.0.42\": [1, 3, 4], \"10.0.0.13_10.0.0.43\": [1, 3, 4]}": {"[\"10.0.0.13_10.0.0.43\", [1, 2, 4]]": [3, -214.83532176596458, []], "[\"10.0.0.12_10.0.0.42\", [1, 2, 4]]": [2, -201.14044463727527, []], "[\"10.0.0.11_10.0.0.41\", [1, 2, 4]]": [5, -170.190527545497, []], "[\"NoTrans\", []]": [2, -196.96180620460854, []]}, "{\"10.0.0.11_10.0.0.41\": [1, 2, 4], \"10.0.0.12_10.0.0.42\": [1, 3, 4], \"10.0.0.13_10.0.0.43\": [1, 3, 4]}": {"[\"10.0.0.13_10.0.0.43\", [1, 2, 4]]": [4, -227.17470366589416, []], "[\"10.0.0.12_10.0.0.42\", [1, 2, 4]]": [3, -240.99499290794967, []], "[\"10.0.0.11_10.0.0.41\", [1, 3, 4]]": [4, -228.13697678698205, []], "[\"NoTrans\", []]": [779, -139.11043802739343, []]}, "{\"10.0.0.11_10.0.0.41\": [1, 3, 4], \"10.0.0.12_10.0.0.42\": [1, 2, 4], \"10.0.0.13_10.0.0.43\": [1, 3, 4]}": {"[\"10.0.0.13_10.0.0.43\", [1, 2, 4]]": [3, -236.5623864573154, []], "[\"10.0.0.12_10.0.0.42\", [1, 3, 4]]": [3, -210.2783872471248, []], "[\"10.0.0.11_10.0.0.41\", [1, 2, 4]]": [2, -213.0863468101871, []], "[\"NoTrans\", []]": [2, -183.0854581217109, []]}, "{\"10.0.0.11_10.0.0.41\": [1, 2, 4], \"10.0.0.12_10.0.0.42\": [1, 2, 4], \"10.0.0.13_10.0.0.43\": [1, 3, 4]}": {"[\"10.0.0.13_10.0.0.43\", [1, 2, 4]]": [2, -208.7348397286135, []], "[\"10.0.0.12_10.0.0.42\", [1, 3, 4]]": [3, -178.34674973040833, []], "[\"10.0.0.11_10.0.0.41\", [1, 3, 4]]": [3, -220.94067723278962, []], "[\"NoTrans\", []]": [2, -218.5951535123094, []]}, "{\"10.0.0.11_10.0.0.41\": [1, 3, 4], \"10.0.0.12_10.0.0.42\": [1, 3, 4], \"10.0.0.13_10.0.0.43\": [1, 2, 4]}": {"[\"10.0.0.13_10.0.0.43\", [1, 3, 4]]": [3, -203.88501562845227, []], "[\"10.0.0.12_10.0.0.42\", [1, 2, 4]]": [4, -220.51927683435414, []], "[\"10.0.0.11_10.0.0.41\", [1, 2, 4]]": [3, -217.8646050308012, []], "[\"NoTrans\", []]": [3, -203.04773533197056, []]}, "{\"10.0.0.11_10.0.0.41\": [1, 2, 4], \"10.0.0.12_10.0.0.42\": [1, 3, 4], \"10.0.0.13_10.0.0.43\": [1, 2, 4]}": {"[\"10.0.0.13_10.0.0.43\", [1, 3, 4]]": [4, -194.7441080640545, []], "[\"10.0.0.12_10.0.0.42\", [1, 2, 4]]": [3, -252.10552711815677, []], "[\"10.0.0.11_10.0.0.41\", [1, 3, 4]]": [3, -208.1781798246148, []], "[\"NoTrans\", []]": [2, -177.04950031548086, []]}, "{\"10.0.0.11_10.0.0.41\": [1, 3, 4], \"10.0.0.12_10.0.0.42\": [1, 2, 4], \"10.0.0.13_10.0.0.43\": [1, 2, 4]}": {"[\"10.0.0.13_10.0.0.43\", [1, 3, 4]]": [3, -209.88930131561193, []], "[\"10.0.0.12_10.0.0.42\", [1, 3, 4]]": [3, -199.08376994951388, []], "[\"10.0.0.11_10.0.0.41\", [1, 2, 4]]": [3, -239.25217908378826, []], "[\"NoTrans\", []]": [3, -238.0602106903716, []]}, "{\"10.0.0.11_10.0.0.41\": [1, 2, 4], \"10.0.0.12_10.0.0.42\": [1, 2, 4], \"10.0.0.13_10.0.0.43\": [1, 2, 4]}": {"[\"10.0.0.13_10.0.0.43\", [1, 3, 4]]": [3, -224.60723120584123, []], "[\"10.0.0.12_10.0.0.42\", [1, 3, 4]]": [3, -226.9843516648444, []], "[\"10.0.0.11_10.0.0.41\", [1, 3, 4]]": [2, -196.09799835758537, []], "[\"NoTrans\", []]": [2, -227.70532256150835, []]}}