{"{\"10.0.0.11_10.0.0.41\": [1, 3, 4], \"10.0.0.12_10.0.0.42\": [1, 3, 4], \"10.0.0.13_10.0.0.43\": [1, 3, 4]}": {"[\"10.0.0.13_10.0.0.43\", [1, 2, 4]]": [3, -210.15629334026, []], "[\"10.0.0.12_10.0.0.42\", [1, 2, 4]]": [2, -189.575936194089, []], "[\"10.0.0.11_10.0.0.41\", [1, 2, 4]]": [6, -178.34358148332655, []], "[\"NoTrans\", []]": [2, -192.9220180020011, []]}, "{\"10.0.0.11_10.0.0.41\": [1, 2, 4], \"10.0.0.12_10.0.0.42\": [1, 3, 4], \"10.0.0.13_10.0.0.43\": [1, 3, 4]}": {"[\"10.0.0.13_10.0.0.43\", [1, 2, 4]]": [4, -226.90152066306717, []], "[\"10.0.0.12_10.0.0.42\", [1, 2, 4]]": [3, -233.7250197375712, []], "[\"10.0.0.11_10.0.0.41\", [1, 3, 4]]": [5, -235.68117420882297, []], "[\"NoTrans\", []]": [782, -142.22782567983836, []]}, "{\"10.0.0.11_10.0.0.41\": [1, 3, 4], \"10.0.0.12_10.0.0.42\": [1, 2, 4], \"10.0.0.13_10.0.0.43\": [1, 3, 4]}": {"[\"10.0.0.13_10.0.0.43\", [1, 2, 4]]": [3, -191.67793752319844, []], "[\"10.0.0.12_10.0.0.42\", [1, 3, 4]]": [3, -202.8039766915023, []], "[\"10.0.0.11_10.0.0.41\", [1, 2, 4]]": [2, -214.13265609082666, []], "[\"NoTrans\", []]": [2, -184.57070130854893, []]}, "{\"10.0.0.11_10.0.0.41\": [1, 2, 4], \"10.0.0.12_10.0.0.42\": [1, 2, 4], \"10.0.0.13_10.0.0.43\": [1, 3, 4]}": {"[\"10.0.0.13_10.0.0.43\", [1, 2, 4]]": [2, -228.2035455891169, []], "[\"10.0.0.12_10.0.0.42\", [1, 3, 4]]": [3, -183.19021427002576, []], "[\"10.0.0.11_10.0.0.41\", [1, 3, 4]]": [3, -218.402252531373, []], "[\"NoTrans\", []]": [2, -215.2004975191831, []]}, "{\"10.0.0.11_10.0.0.41\": [1, 3, 4], \"10.0.0.12_10.0.0.42\": [1, 3, 4], \"10.0.0.13_10.0.0.43\": [1, 2, 4]}": {"[\"10.0.0.13_10.0.0.43\", [1, 3, 4]]": [3, -184.08684332334929, []], "[\"10.0.0.12_10.0.0.42\", [1, 2, 4]]": [3, -224.05325762789857, []], "[\"10.0.0.11_10.0.0.41\", [1, 2, 4]]": [3, -227.84805536630944, []], "[\"NoTrans\", []]": [3, -199.79884319784043, []]}, "{\"10.0.0.11_10.0.0.41\": [1, 2, 4], \"10.0.0.12_10.0.0.42\": [1, 3, 4], \"10.0.0.13_10.0.0.43\": [1, 2, 4]}": {"[\"10.0.0.13_10.0.0.43\", [1, 3, 4]]": [4, -198.7627540148888, []], "[\"10.0.0.12_10.0.0.42\", [1, 2, 4]]": [3, -214.49544799489496, []], "[\"10.0.0.11_10.0.0.41\", [1, 3, 4]]": [3, -191.28593991029766, []], "[\"NoTrans\", []]": [2, -179.29986246460524, []]}, "{\"10.0.0.11_10.0.0.41\": [1, 3, 4], \"10.0.0.12_10.0.0.42\": [1, 2, 4], \"10.0.0.13_10.0.0.43\": [1, 2, 4]}": {"[\"10.0.0.13_10.0.0.43\", [1, 3, 4]]": [3, -206.13759795584812, []], "[\"10.0.0.12_10.0.0.42\", [1, 3, 4]]": [3, -200.67012599980083, []], "[\"10.0.0.11_10.0.0.41\", [1, 2, 4]]": [2, -207.08010030900806, []], "[\"NoTrans\", []]": [2, -187.4428373081171, []]}, "{\"10.0.0.11_10.0.0.41\": [1, 2, 4], \"10.0.0.12_10.0.0.42\": [1, 2, 4], \"10.0.0.13_10.0.0.43\": [1, 2, 4]}": {"[\"10.0.0.13_10.0.0.43\", [1, 3, 4]]": [3, -218.50428402986665, []], "[\"10.0.0.12_10.0.0.42\", [1, 3, 4]]": [2, -194.9666058454829, []], "[\"10.0.0.11_10.0.0.41\", [1, 3, 4]]": [2, -208.42291136493986, []], "[\"NoTrans\", []]": [2, -229.49800588574777, []]}}