{"{\"10.0.0.11_10.0.0.41\": [1, 3, 4], \"10.0.0.12_10.0.0.42\": [1, 3, 4], \"10.0.0.13_10.0.0.43\": [1, 3, 4]}": {"[\"10.0.0.12_10.0.0.42\", [1, 2, 4]]": [2, -158.75801488954647, []], "[\"10.0.0.13_10.0.0.43\", [1, 2, 4]]": [1, -143.81585832330256, []], "[\"10.0.0.11_10.0.0.41\", [1, 2, 4]]": [3, -126.47210879465327, []], "[\"NoTrans\", []]": [1, -140.98356237168318, []]}, "{\"10.0.0.11_10.0.0.41\": [1, 2, 4], \"10.0.0.12_10.0.0.42\": [1, 3, 4], \"10.0.0.13_10.0.0.43\": [1, 3, 4]}": {"[\"10.0.0.12_10.0.0.42\", [1, 2, 4]]": [3, -201.9103618152143, []], "[\"10.0.0.13_10.0.0.43\", [1, 2, 4]]": [2, -194.25362539819608, []], "[\"10.0.0.11_10.0.0.41\", [1, 3, 4]]": [2, -177.1152453755297, []], "[\"NoTrans\", []]": [609, -104.21857339208297, []]}, "{\"10.0.0.11_10.0.0.41\": [1, 3, 4], \"10.0.0.12_10.0.0.42\": [1, 3, 4], \"10.0.0.13_10.0.0.43\": [1, 2, 4]}": {"[\"10.0.0.12_10.0.0.42\", [1, 2, 4]]": [2, -153.33909540196927, []], "[\"10.0.0.13_10.0.0.43\", [1, 3, 4]]": [1, -148.84895282306806, []], "[\"10.0.0.11_10.0.0.41\", [1, 2, 4]]": [1, -136.80772385962527, []], "[\"NoTrans\", []]": [1, -144.3772274602651, []]}, "{\"10.0.0.11_10.0.0.41\": [1, 2, 4], \"10.0.0.12_10.0.0.42\": [1, 3, 4], \"10.0.0.13_10.0.0.43\": [1, 2, 4]}": {"[\"10.0.0.12_10.0.0.42\", [1, 2, 4]]": [2, -174.8250705746723, []], "[\"10.0.0.13_10.0.0.43\", [1, 3, 4]]": [2, -159.57531400843993, []], "[\"10.0.0.11_10.0.0.41\", [1, 3, 4]]": [1, -144.73712433474458, []], "[\"NoTrans\", []]": [1, -139.24559291565132, []]}, "{\"10.0.0.11_10.0.0.41\": [1, 3, 4], \"10.0.0.12_10.0.0.42\": [1, 2, 4], \"10.0.0.13_10.0.0.43\": [1, 3, 4]}": {"[\"10.0.0.12_10.0.0.42\", [1, 3, 4]]": [3, -186.09474973983762, []], "[\"10.0.0.13_10.0.0.43\", [1, 2, 4]]": [2, -192.27166767229096, []], "[\"10.0.0.11_10.0.0.41\", [1, 2, 4]]": [2, -182.75759627622878, []], "[\"NoTrans\", []]": [3, -194.47680329336302, []]}, "{\"10.0.0.11_10.0.0.41\": [1, 2, 4], \"10.0.0.12_10.0.0.42\": [1, 2, 4], \"10.0.0.13_10.0.0.43\": [1, 3, 4]}": {"[\"10.0.0.12_10.0.0.42\", [1, 3, 4]]": [3, -170.0287487097488, []], "[\"10.0.0.13_10.0.0.43\", [1, 2, 4]]": [2, -212.17479966803185, []], "[\"10.0.0.11_10.0.0.41\", [1, 3, 4]]": [2, -167.81942051587782, []], "[\"NoTrans\", []]": [2, -185.95603425601354, []]}, "{\"10.0.0.11_10.0.0.41\": [1, 3, 4], \"10.0.0.12_10.0.0.42\": [1, 2, 4], \"10.0.0.13_10.0.0.43\": [1, 2, 4]}": {"[\"10.0.0.12_10.0.0.42\", [1, 3, 4]]": [2, -158.655234122409, []], "[\"10.0.0.13_10.0.0.43\", [1, 3, 4]]": [3, -190.4117706873035, []], "[\"10.0.0.11_10.0.0.41\", [1, 2, 4]]": [2, -182.37658014990876, []], "[\"NoTrans\", []]": [2, -190.52962040768298, []]}, "{\"10.0.0.11_10.0.0.41\": [1, 2, 4], \"10.0.0.12_10.0.0.42\": [1, 2, 4], \"10.0.0.13_10.0.0.43\": [1, 2, 4]}": {"[\"10.0.0.12_10.0.0.42\", [1, 3, 4]]": [2, -148.77696828864882, []], "[\"10.0.0.13_10.0.0.43\", [1, 3, 4]]": [2, -177.25001240663676, []], "[\"10.0.0.11_10.0.0.41\", [1, 3, 4]]": [3, -194.72430818983045, []], "[\"NoTrans\", []]": [2, -212.7533748023092, []]}}