{"{\"10.0.0.11_10.0.0.41\": [1, 3, 4], \"10.0.0.12_10.0.0.42\": [1, 3, 4], \"10.0.0.13_10.0.0.43\": [1, 3, 4]}": {"[\"10.0.0.12_10.0.0.42\", [1, 2, 4]]": [0, -140, []], "[\"10.0.0.11_10.0.0.41\", [1, 2, 4]]": [1, -139.69300912917151, []], "[\"10.0.0.13_10.0.0.43\", [1, 2, 4]]": [1, -186.0286404247003, []], "[\"NoTrans\", []]": [1, -197.36446151733398, []]}, "{\"10.0.0.11_10.0.0.41\": [1, 3, 4], \"10.0.0.12_10.0.0.42\": [1, 3, 4], \"10.0.0.13_10.0.0.43\": [1, 2, 4]}": {"[\"10.0.0.12_10.0.0.42\", [1, 2, 4]]": [1, -207.9703476699564, []], "[\"10.0.0.11_10.0.0.41\", [1, 2, 4]]": [1, -202.59310815410336, []], "[\"10.0.0.13_10.0.0.43\", [1, 3, 4]]": [1, -200.5315185546875, []], "[\"NoTrans\", []]": [1, -188.2097282310061, []]}, "{\"10.0.0.11_10.0.0.41\": [1, 2, 4], \"10.0.0.12_10.0.0.42\": [1, 3, 4], \"10.0.0.13_10.0.0.43\": [1, 3, 4]}": {"[\"10.0.0.12_10.0.0.42\", [1, 2, 4]]": [1, -205.0442287934453, []], "[\"10.0.0.11_10.0.0.41\", [1, 3, 4]]": [1, -204.99585876464846, []], "[\"10.0.0.13_10.0.0.43\", [1, 2, 4]]": [1, -203.28243239171942, []], "[\"NoTrans\", []]": [660, -135.84618849497426, []]}, "{\"10.0.0.11_10.0.0.41\": [1, 2, 4], \"10.0.0.12_10.0.0.42\": [1, 3, 4], \"10.0.0.13_10.0.0.43\": [1, 2, 4]}": {"[\"10.0.0.12_10.0.0.42\", [1, 2, 4]]": [1, -223.26921234130862, []], "[\"10.0.0.11_10.0.0.41\", [1, 3, 4]]": [1, -184.6514505359065, []], "[\"10.0.0.13_10.0.0.43\", [1, 3, 4]]": [2, -180.10930756338982, []], "[\"NoTrans\", []]": [1, -204.35862930874237, []]}, "{\"10.0.0.11_10.0.0.41\": [1, 3, 4], \"10.0.0.12_10.0.0.42\": [1, 2, 4], \"10.0.0.13_10.0.0.43\": [1, 3, 4]}": {"[\"10.0.0.12_10.0.0.42\", [1, 3, 4]]": [0, -140, []], "[\"10.0.0.11_10.0.0.41\", [1, 2, 4]]": [1, -203.67317585851302, []], "[\"10.0.0.13_10.0.0.43\", [1, 2, 4]]": [1, -202.8848484344636, []], "[\"NoTrans\", []]": [1, -189.2580010348291, []]}, "{\"10.0.0.11_10.0.0.41\": [1, 3, 4], \"10.0.0.12_10.0.0.42\": [1, 2, 4], \"10.0.0.13_10.0.0.43\": [1, 2, 4]}": {"[\"10.0.0.12_10.0.0.42\", [1, 3, 4]]": [1, -186.46536913033864, []], "[\"10.0.0.11_10.0.0.41\", [1, 2, 4]]": [1, -255.11459976028277, []], "[\"10.0.0.13_10.0.0.43\", [1, 3, 4]]": [1, -188.0325294408138, []], "[\"NoTrans\", []]": [1, -204.7513941455383, []]}, "{\"10.0.0.11_10.0.0.41\": [1, 2, 4], \"10.0.0.12_10.0.0.42\": [1, 2, 4], \"10.0.0.13_10.0.0.43\": [1, 3, 4]}": {"[\"10.0.0.12_10.0.0.42\", [1, 3, 4]]": [1, -173.79596669352168, []], "[\"10.0.0.11_10.0.0.41\", [1, 3, 4]]": [1, -189.02928921024218, []], "[\"10.0.0.13_10.0.0.43\", [1, 2, 4]]": [1, -188.69938476594066, []], "[\"NoTrans\", []]": [1, -205.98704569011483, []]}, "{\"10.0.0.11_10.0.0.41\": [1, 2, 4], \"10.0.0.12_10.0.0.42\": [1, 2, 4], \"10.0.0.13_10.0.0.43\": [1, 2, 4]}": {"[\"10.0.0.12_10.0.0.42\", [1, 3, 4]]": [2, -237.35151142564123, []], "[\"10.0.0.11_10.0.0.41\", [1, 3, 4]]": [1, -205.60927581564448, []], "[\"10.0.0.13_10.0.0.43\", [1, 3, 4]]": [1, -199.73367462158203, []], "[\"NoTrans\", []]": [1, -221.55040512084963, []]}}