{"{\"10.0.0.11_10.0.0.41\": [1, 3, 4], \"10.0.0.12_10.0.0.42\": [1, 3, 4], \"10.0.0.13_10.0.0.43\": [1, 3, 4]}": {"[\"10.0.0.11_10.0.0.41\", [1, 2, 4]]": [56, -132.52935206312284, []], "[\"10.0.0.13_10.0.0.43\", [1, 2, 4]]": [1, -174.4517400033609, []], "[\"10.0.0.12_10.0.0.42\", [1, 2, 4]]": [5, -246.6730877466721, []], "[\"NoTrans\", []]": [2, -197.81759603486978, []]}, "{\"10.0.0.11_10.0.0.41\": [1, 3, 4], \"10.0.0.12_10.0.0.42\": [1, 2, 4], \"10.0.0.13_10.0.0.43\": [1, 3, 4]}": {"[\"10.0.0.11_10.0.0.41\", [1, 2, 4]]": [6, -305.8016317886607, []], "[\"10.0.0.13_10.0.0.43\", [1, 2, 4]]": [3, -303.49044512576864, []], "[\"10.0.0.12_10.0.0.42\", [1, 3, 4]]": [36, -211.18219851761253, []], "[\"NoTrans\", []]": [2, -236.23977091348823, []]}, "{\"10.0.0.11_10.0.0.41\": [1, 3, 4], \"10.0.0.12_10.0.0.42\": [1, 3, 4], \"10.0.0.13_10.0.0.43\": [1, 2, 4]}": {"[\"10.0.0.11_10.0.0.41\", [1, 2, 4]]": [1, -304.96484452307624, []], "[\"10.0.0.13_10.0.0.43\", [1, 3, 4]]": [5, -203.9426881393149, []], "[\"10.0.0.12_10.0.0.42\", [1, 2, 4]]": [10, -310.9333065801766, []], "[\"NoTrans\", []]": [4, -318.28345561483627, []]}, "{\"10.0.0.11_10.0.0.41\": [1, 3, 4], \"10.0.0.12_10.0.0.42\": [1, 2, 4], \"10.0.0.13_10.0.0.43\": [1, 2, 4]}": {"[\"10.0.0.11_10.0.0.41\", [1, 2, 4]]": [0, -Infinity, []], "[\"10.0.0.13_10.0.0.43\", [1, 3, 4]]": [16, -248.5453921167225, []], "[\"10.0.0.12_10.0.0.42\", [1, 3, 4]]": [2, -318.5133753709251, []], "[\"NoTrans\", []]": [0, -Infinity, []]}, "{\"10.0.0.11_10.0.0.41\": [1, 2, 4], \"10.0.0.12_10.0.0.42\": [1, 3, 4], \"10.0.0.13_10.0.0.43\": [1, 3, 4]}": {"[\"10.0.0.11_10.0.0.41\", [1, 3, 4]]": [21, -207.5043429994681, []], "[\"10.0.0.13_10.0.0.43\", [1, 2, 4]]": [27, -258.6406243455346, []], "[\"10.0.0.12_10.0.0.42\", [1, 2, 4]]": [19, -311.6996599968806, []], "[\"NoTrans\", []]": [326, -126.75975180947408, []]}, "{\"10.0.0.11_10.0.0.41\": [1, 2, 4], \"10.0.0.12_10.0.0.42\": [1, 2, 4], \"10.0.0.13_10.0.0.43\": [1, 3, 4]}": {"[\"10.0.0.11_10.0.0.41\", [1, 3, 4]]": [24, -250.3792809853225, []], "[\"10.0.0.13_10.0.0.43\", [1, 2, 4]]": [1, -279.15441856706116, []], "[\"10.0.0.12_10.0.0.42\", [1, 3, 4]]": [0, -Infinity, []], "[\"NoTrans\", []]": [2, -302.56745542084195, []]}, "{\"10.0.0.11_10.0.0.41\": [1, 2, 4], \"10.0.0.12_10.0.0.42\": [1, 3, 4], \"10.0.0.13_10.0.0.43\": [1, 2, 4]}": {"[\"10.0.0.11_10.0.0.41\", [1, 3, 4]]": [13, -247.2320371699593, []], "[\"10.0.0.13_10.0.0.43\", [1, 3, 4]]": [12, -180.5323088251033, []], "[\"10.0.0.12_10.0.0.42\", [1, 2, 4]]": [3, -369.04653847774557, []], "[\"NoTrans\", []]": [2, -292.1832812159953, []]}, "{\"10.0.0.11_10.0.0.41\": [1, 2, 4], \"10.0.0.12_10.0.0.42\": [1, 2, 4], \"10.0.0.13_10.0.0.43\": [1, 2, 4]}": {"[\"10.0.0.11_10.0.0.41\", [1, 3, 4]]": [5, -307.84034656606747, []], "[\"10.0.0.13_10.0.0.43\", [1, 3, 4]]": [0, -Infinity, []], "[\"10.0.0.12_10.0.0.42\", [1, 3, 4]]": [0, -Infinity, []], "[\"NoTrans\", []]": [2, -347.05156309779625, []]}}