{"{\"10.0.0.11_10.0.0.41\": [1, 3, 4], \"10.0.0.12_10.0.0.42\": [1, 3, 4], \"10.0.0.13_10.0.0.43\": [1, 3, 4]}": {"[\"10.0.0.11_10.0.0.41\", [1, 2, 4]]": [2, -124.3941444251623, []], "[\"10.0.0.12_10.0.0.42\", [1, 2, 4]]": [1, -149.83640971078935, []], "[\"10.0.0.13_10.0.0.43\", [1, 2, 4]]": [1, -150.05412063839213, []], "[\"NoTrans\", []]": [1, -165.49919509887695, []]}, "{\"10.0.0.11_10.0.0.41\": [1, 3, 4], \"10.0.0.12_10.0.0.42\": [1, 3, 4], \"10.0.0.13_10.0.0.43\": [1, 2, 4]}": {"[\"10.0.0.11_10.0.0.41\", [1, 2, 4]]": [1, -188.94537353515625, []], "[\"10.0.0.12_10.0.0.42\", [1, 2, 4]]": [1, -172.02905473055753, []], "[\"10.0.0.13_10.0.0.43\", [1, 3, 4]]": [2, -180.5910499572754, []], "[\"NoTrans\", []]": [1, -170.85685145829945, []]}, "{\"10.0.0.11_10.0.0.41\": [1, 3, 4], \"10.0.0.12_10.0.0.42\": [1, 2, 4], \"10.0.0.13_10.0.0.43\": [1, 3, 4]}": {"[\"10.0.0.11_10.0.0.41\", [1, 2, 4]]": [1, -173.50349513632491, []], "[\"10.0.0.12_10.0.0.42\", [1, 3, 4]]": [1, -168.31342914075066, []], "[\"10.0.0.13_10.0.0.43\", [1, 2, 4]]": [1, -174.3331470880708, []], "[\"NoTrans\", []]": [1, -153.30888769653825, []]}, "{\"10.0.0.11_10.0.0.41\": [1, 3, 4], \"10.0.0.12_10.0.0.42\": [1, 2, 4], \"10.0.0.13_10.0.0.43\": [1, 2, 4]}": {"[\"10.0.0.11_10.0.0.41\", [1, 2, 4]]": [1, -192.77809524536133, []], "[\"10.0.0.12_10.0.0.42\", [1, 3, 4]]": [1, -189.50969068755393, []], "[\"10.0.0.13_10.0.0.43\", [1, 3, 4]]": [1, -152.4938203266499, []], "[\"NoTrans\", []]": [1, -171.3007540200305, []]}, "{\"10.0.0.11_10.0.0.41\": [1, 2, 4], \"10.0.0.12_10.0.0.42\": [1, 3, 4], \"10.0.0.13_10.0.0.43\": [1, 3, 4]}": {"[\"10.0.0.11_10.0.0.41\", [1, 3, 4]]": [1, -163.97894287109375, []], "[\"10.0.0.12_10.0.0.42\", [1, 2, 4]]": [1, -173.27253019430236, []], "[\"10.0.0.13_10.0.0.43\", [1, 2, 4]]": [1, -174.8454400913496, []], "[\"NoTrans\", []]": [649, -118.52568434771646, []]}, "{\"10.0.0.11_10.0.0.41\": [1, 2, 4], \"10.0.0.12_10.0.0.42\": [1, 3, 4], \"10.0.0.13_10.0.0.43\": [1, 2, 4]}": {"[\"10.0.0.11_10.0.0.41\", [1, 3, 4]]": [2, -164.70819369782083, []], "[\"10.0.0.12_10.0.0.42\", [1, 2, 4]]": [1, -195.43503189086914, []], "[\"10.0.0.13_10.0.0.43\", [1, 3, 4]]": [1, -173.03305000304056, []], "[\"NoTrans\", []]": [1, -187.84273529052734, []]}, "{\"10.0.0.11_10.0.0.41\": [1, 2, 4], \"10.0.0.12_10.0.0.42\": [1, 2, 4], \"10.0.0.13_10.0.0.43\": [1, 3, 4]}": {"[\"10.0.0.11_10.0.0.41\", [1, 3, 4]]": [1, -151.51055293257002, []], "[\"10.0.0.12_10.0.0.42\", [1, 3, 4]]": [1, -140.98117581284833, []], "[\"10.0.0.13_10.0.0.43\", [1, 2, 4]]": [1, -192.73947143554688, []], "[\"NoTrans\", []]": [1, -172.27715551825568, []]}, "{\"10.0.0.11_10.0.0.41\": [1, 2, 4], \"10.0.0.12_10.0.0.42\": [1, 2, 4], \"10.0.0.13_10.0.0.43\": [1, 2, 4]}": {"[\"10.0.0.11_10.0.0.41\", [1, 3, 4]]": [1, -173.08455835788442, []], "[\"10.0.0.12_10.0.0.42\", [1, 3, 4]]": [1, -218.20661396280985, []], "[\"10.0.0.13_10.0.0.43\", [1, 3, 4]]": [1, -172.0710559972487, []], "[\"NoTrans\", []]": [1, -194.5001449584961, []]}}