{"{\"10.0.0.11_10.0.0.41\": [1, 3, 4], \"10.0.0.12_10.0.0.42\": [1, 3, 4], \"10.0.0.13_10.0.0.43\": [1, 3, 4]}": {"[\"10.0.0.12_10.0.0.42\", [1, 2, 4]]": [0, -140, []], "[\"10.0.0.13_10.0.0.43\", [1, 2, 4]]": [2, -214.3479099329018, []], "[\"10.0.0.11_10.0.0.41\", [1, 2, 4]]": [1, -141.23965782454724, []], "[\"NoTrans\", []]": [1, -197.06958541870117, []]}, "{\"10.0.0.11_10.0.0.41\": [1, 2, 4], \"10.0.0.12_10.0.0.42\": [1, 3, 4], \"10.0.0.13_10.0.0.43\": [1, 3, 4]}": {"[\"10.0.0.12_10.0.0.42\", [1, 2, 4]]": [1, -201.38431927121275, []], "[\"10.0.0.13_10.0.0.43\", [1, 2, 4]]": [1, -203.01354070839824, []], "[\"10.0.0.11_10.0.0.41\", [1, 3, 4]]": [2, -199.38375198364258, []], "[\"NoTrans\", []]": [358, -133.3602117568525, []]}, "{\"10.0.0.11_10.0.0.41\": [1, 3, 4], \"10.0.0.12_10.0.0.42\": [1, 3, 4], \"10.0.0.13_10.0.0.43\": [1, 2, 4]}": {"[\"10.0.0.12_10.0.0.42\", [1, 2, 4]]": [2, -224.91761129071804, []], "[\"10.0.0.13_10.0.0.43\", [1, 3, 4]]": [1, -199.20486221313476, []], "[\"10.0.0.11_10.0.0.41\", [1, 2, 4]]": [2, -236.54733721925973, []], "[\"NoTrans\", []]": [2, -222.84651565744184, []]}, "{\"10.0.0.11_10.0.0.41\": [1, 2, 4], \"10.0.0.12_10.0.0.42\": [1, 3, 4], \"10.0.0.13_10.0.0.43\": [1, 2, 4]}": {"[\"10.0.0.12_10.0.0.42\", [1, 2, 4]]": [2, -215.48335754394532, []], "[\"10.0.0.13_10.0.0.43\", [1, 3, 4]]": [2, -181.76167918820585, []], "[\"10.0.0.11_10.0.0.41\", [1, 3, 4]]": [1, -183.15856041799591, []], "[\"NoTrans\", []]": [1, -200.10364655070663, []]}, "{\"10.0.0.11_10.0.0.41\": [1, 3, 4], \"10.0.0.12_10.0.0.42\": [1, 2, 4], \"10.0.0.13_10.0.0.43\": [1, 3, 4]}": {"[\"10.0.0.12_10.0.0.42\", [1, 3, 4]]": [0, -140, []], "[\"10.0.0.13_10.0.0.43\", [1, 2, 4]]": [1, -202.36418975443686, []], "[\"10.0.0.11_10.0.0.41\", [1, 2, 4]]": [1, -199.02551861147236, []], "[\"NoTrans\", []]": [0, -140, []]}, "{\"10.0.0.11_10.0.0.41\": [1, 2, 4], \"10.0.0.12_10.0.0.42\": [1, 2, 4], \"10.0.0.13_10.0.0.43\": [1, 3, 4]}": {"[\"10.0.0.12_10.0.0.42\", [1, 3, 4]]": [2, -157.86029948479373, []], "[\"10.0.0.13_10.0.0.43\", [1, 2, 4]]": [1, -221.40061552540857, []], "[\"10.0.0.11_10.0.0.41\", [1, 3, 4]]": [1, -182.76074717974748, []], "[\"NoTrans\", []]": [1, -202.59571846125795, []]}, "{\"10.0.0.11_10.0.0.41\": [1, 3, 4], \"10.0.0.12_10.0.0.42\": [1, 2, 4], \"10.0.0.13_10.0.0.43\": [1, 2, 4]}": {"[\"10.0.0.12_10.0.0.42\", [1, 3, 4]]": [2, -191.0497813828932, []], "[\"10.0.0.13_10.0.0.43\", [1, 3, 4]]": [1, -183.4263453903005, []], "[\"10.0.0.11_10.0.0.41\", [1, 2, 4]]": [1, -219.3289161682129, []], "[\"NoTrans\", []]": [393, -186.0642217266727, []]}, "{\"10.0.0.11_10.0.0.41\": [1, 2, 4], \"10.0.0.12_10.0.0.42\": [1, 2, 4], \"10.0.0.13_10.0.0.43\": [1, 2, 4]}": {"[\"10.0.0.12_10.0.0.42\", [1, 3, 4]]": [1, -197.8018253710993, []], "[\"10.0.0.13_10.0.0.43\", [1, 3, 4]]": [2, -199.6772107605074, []], "[\"10.0.0.11_10.0.0.41\", [1, 3, 4]]": [1, -202.02731069219286, []], "[\"NoTrans\", []]": [1, -216.4480567932129, []]}}