{"{\"10.0.0.11_10.0.0.41\": [1, 3, 4], \"10.0.0.12_10.0.0.42\": [1, 3, 4], \"10.0.0.13_10.0.0.43\": [1, 3, 4]}": {"[\"10.0.0.12_10.0.0.42\", [1, 2, 4]]": [2, -139.61784112956508, []], "[\"10.0.0.13_10.0.0.43\", [1, 2, 4]]": [1, -126.80248330732354, []], "[\"10.0.0.11_10.0.0.41\", [1, 2, 4]]": [3, -128.18622660521643, []], "[\"NoTrans\", []]": [1, -137.69013424815935, []]}, "{\"10.0.0.11_10.0.0.41\": [1, 2, 4], \"10.0.0.12_10.0.0.42\": [1, 3, 4], \"10.0.0.13_10.0.0.43\": [1, 3, 4]}": {"[\"10.0.0.12_10.0.0.42\", [1, 2, 4]]": [3, -189.89929838593923, []], "[\"10.0.0.13_10.0.0.43\", [1, 2, 4]]": [1, -184.27040083984957, []], "[\"10.0.0.11_10.0.0.41\", [1, 3, 4]]": [2, -172.05272487819633, []], "[\"NoTrans\", []]": [621, -109.30880699339002, []]}, "{\"10.0.0.11_10.0.0.41\": [1, 3, 4], \"10.0.0.12_10.0.0.42\": [1, 3, 4], \"10.0.0.13_10.0.0.43\": [1, 2, 4]}": {"[\"10.0.0.12_10.0.0.42\", [1, 2, 4]]": [2, -158.21190781190484, []], "[\"10.0.0.13_10.0.0.43\", [1, 3, 4]]": [2, -179.62488161494687, []], "[\"10.0.0.11_10.0.0.41\", [1, 2, 4]]": [1, -167.73809901695918, []], "[\"NoTrans\", []]": [2, -172.98541939831026, []]}, "{\"10.0.0.11_10.0.0.41\": [1, 2, 4], \"10.0.0.12_10.0.0.42\": [1, 3, 4], \"10.0.0.13_10.0.0.43\": [1, 2, 4]}": {"[\"10.0.0.12_10.0.0.42\", [1, 2, 4]]": [1, -155.4908222739979, []], "[\"10.0.0.13_10.0.0.43\", [1, 3, 4]]": [1, -131.79963024827438, []], "[\"10.0.0.11_10.0.0.41\", [1, 3, 4]]": [2, -155.6441843883554, []], "[\"NoTrans\", []]": [1, -167.20903842808215, []]}, "{\"10.0.0.11_10.0.0.41\": [1, 3, 4], \"10.0.0.12_10.0.0.42\": [1, 2, 4], \"10.0.0.13_10.0.0.43\": [1, 3, 4]}": {"[\"10.0.0.12_10.0.0.42\", [1, 3, 4]]": [2, -160.68462282779768, []], "[\"10.0.0.13_10.0.0.43\", [1, 2, 4]]": [3, -205.67445114779844, []], "[\"10.0.0.11_10.0.0.41\", [1, 2, 4]]": [2, -168.35853142475975, []], "[\"NoTrans\", []]": [2, -159.85399132352694, []]}, "{\"10.0.0.11_10.0.0.41\": [1, 2, 4], \"10.0.0.12_10.0.0.42\": [1, 2, 4], \"10.0.0.13_10.0.0.43\": [1, 3, 4]}": {"[\"10.0.0.12_10.0.0.42\", [1, 3, 4]]": [3, -168.11611470925104, []], "[\"10.0.0.13_10.0.0.43\", [1, 2, 4]]": [2, -176.81312986066783, []], "[\"10.0.0.11_10.0.0.41\", [1, 3, 4]]": [2, -150.4909497512737, []], "[\"NoTrans\", []]": [2, -184.40770404565274, []]}, "{\"10.0.0.11_10.0.0.41\": [1, 3, 4], \"10.0.0.12_10.0.0.42\": [1, 2, 4], \"10.0.0.13_10.0.0.43\": [1, 2, 4]}": {"[\"10.0.0.12_10.0.0.42\", [1, 3, 4]]": [2, -163.2508403882136, []], "[\"10.0.0.13_10.0.0.43\", [1, 3, 4]]": [2, -154.09454911399445, []], "[\"10.0.0.11_10.0.0.41\", [1, 2, 4]]": [2, -209.07779435599696, []], "[\"NoTrans\", []]": [2, -202.36431467916503, []]}, "{\"10.0.0.11_10.0.0.41\": [1, 2, 4], \"10.0.0.12_10.0.0.42\": [1, 2, 4], \"10.0.0.13_10.0.0.43\": [1, 2, 4]}": {"[\"10.0.0.12_10.0.0.42\", [1, 3, 4]]": [2, -185.77647416577372, []], "[\"10.0.0.13_10.0.0.43\", [1, 3, 4]]": [2, -184.03453666175255, []], "[\"10.0.0.11_10.0.0.41\", [1, 3, 4]]": [1, -139.81965236879418, []], "[\"NoTrans\", []]": [1, -156.82310529401744, []]}}