{"{\"10.0.0.11_10.0.0.41\": [1, 3, 4], \"10.0.0.12_10.0.0.42\": [1, 3, 4], \"10.0.0.13_10.0.0.43\": [1, 3, 4]}": {"[\"10.0.0.13_10.0.0.43\", [1, 2, 4]]": [9, -155.10611397524673, []], "[\"10.0.0.12_10.0.0.42\", [1, 2, 4]]": [10, -158.284273443776, []], "[\"10.0.0.11_10.0.0.41\", [1, 2, 4]]": [11, -124.44221059105024, []], "[\"NoTrans\", []]": [8, -175.63229712885564, []]}, "{\"10.0.0.11_10.0.0.41\": [1, 2, 4], \"10.0.0.12_10.0.0.42\": [1, 3, 4], \"10.0.0.13_10.0.0.43\": [1, 3, 4]}": {"[\"10.0.0.13_10.0.0.43\", [1, 2, 4]]": [14, -175.01798036829015, []], "[\"10.0.0.12_10.0.0.42\", [1, 2, 4]]": [13, -180.1494942470328, []], "[\"10.0.0.11_10.0.0.41\", [1, 3, 4]]": [10, -175.1925738378781, []], "[\"NoTrans\", []]": [366, -136.8882744753365, []]}, "{\"10.0.0.11_10.0.0.41\": [1, 3, 4], \"10.0.0.12_10.0.0.42\": [1, 2, 4], \"10.0.0.13_10.0.0.43\": [1, 3, 4]}": {"[\"10.0.0.13_10.0.0.43\", [1, 2, 4]]": [13, -175.98574088364893, []], "[\"10.0.0.12_10.0.0.42\", [1, 3, 4]]": [10, -190.38144447193693, []], "[\"10.0.0.11_10.0.0.41\", [1, 2, 4]]": [13, -178.13372760074358, []], "[\"NoTrans\", []]": [11, -203.41409598190648, []]}, "{\"10.0.0.11_10.0.0.41\": [1, 2, 4], \"10.0.0.12_10.0.0.42\": [1, 2, 4], \"10.0.0.13_10.0.0.43\": [1, 3, 4]}": {"[\"10.0.0.13_10.0.0.43\", [1, 2, 4]]": [18, -191.20646660743, []], "[\"10.0.0.12_10.0.0.42\", [1, 3, 4]]": [13, -144.35930433731477, []], "[\"10.0.0.11_10.0.0.41\", [1, 3, 4]]": [12, -159.91131994972267, []], "[\"NoTrans\", []]": [13, -107.88902080405693, []]}, "{\"10.0.0.11_10.0.0.41\": [1, 3, 4], \"10.0.0.12_10.0.0.42\": [1, 3, 4], \"10.0.0.13_10.0.0.43\": [1, 2, 4]}": {"[\"10.0.0.13_10.0.0.43\", [1, 3, 4]]": [10, -172.93489261402877, []], "[\"10.0.0.12_10.0.0.42\", [1, 2, 4]]": [13, -176.99067006134297, []], "[\"10.0.0.11_10.0.0.41\", [1, 2, 4]]": [12, -179.0199558058971, []], "[\"NoTrans\", []]": [10, -157.6213155150527, []]}, "{\"10.0.0.11_10.0.0.41\": [1, 2, 4], \"10.0.0.12_10.0.0.42\": [1, 3, 4], \"10.0.0.13_10.0.0.43\": [1, 2, 4]}": {"[\"10.0.0.13_10.0.0.43\", [1, 3, 4]]": [14, -145.28562522412443, []], "[\"10.0.0.12_10.0.0.42\", [1, 2, 4]]": [16, -197.20615446336697, []], "[\"10.0.0.11_10.0.0.41\", [1, 3, 4]]": [12, -156.47829722698575, []], "[\"NoTrans\", []]": [16, -179.24009283224035, []]}, "{\"10.0.0.11_10.0.0.41\": [1, 3, 4], \"10.0.0.12_10.0.0.42\": [1, 2, 4], \"10.0.0.13_10.0.0.43\": [1, 2, 4]}": {"[\"10.0.0.13_10.0.0.43\", [1, 3, 4]]": [14, -202.5939085314053, []], "[\"10.0.0.12_10.0.0.42\", [1, 3, 4]]": [14, -159.6719391164131, []], "[\"10.0.0.11_10.0.0.41\", [1, 2, 4]]": [15, -191.1942442271411, []], "[\"NoTrans\", []]": [15, -175.76725751299185, []]}, "{\"10.0.0.11_10.0.0.41\": [1, 2, 4], \"10.0.0.12_10.0.0.42\": [1, 2, 4], \"10.0.0.13_10.0.0.43\": [1, 2, 4]}": {"[\"10.0.0.13_10.0.0.43\", [1, 3, 4]]": [17, -174.57740682065537, []], "[\"10.0.0.12_10.0.0.42\", [1, 3, 4]]": [16, -175.06865795222672, []], "[\"10.0.0.11_10.0.0.41\", [1, 3, 4]]": [16, -222.8254810940356, []], "[\"NoTrans\", []]": [25, -197.79222514624394, []]}}