{"{\"10.0.0.11_10.0.0.41\": [1, 3, 4], \"10.0.0.12_10.0.0.42\": [1, 3, 4], \"10.0.0.13_10.0.0.43\": [1, 3, 4]}": {"[\"10.0.0.12_10.0.0.42\", [1, 2, 4]]": [13, -413.1078376307271, []], "[\"10.0.0.13_10.0.0.43\", [1, 2, 4]]": [16, -410.7111501700234, []], "[\"10.0.0.11_10.0.0.41\", [1, 2, 4]]": [9, -415.5871318344178, []], "[\"NoTrans\", []]": [9, -421.6578775215918, []]}, "{\"10.0.0.11_10.0.0.41\": [1, 2, 4], \"10.0.0.12_10.0.0.42\": [1, 3, 4], \"10.0.0.13_10.0.0.43\": [1, 3, 4]}": {"[\"10.0.0.12_10.0.0.42\", [1, 2, 4]]": [9, -410.48036024628516, []], "[\"10.0.0.13_10.0.0.43\", [1, 2, 4]]": [9, -424.4120072227259, []], "[\"10.0.0.11_10.0.0.41\", [1, 3, 4]]": [8, -408.472100558069, []], "[\"NoTrans\", []]": [7, -416.8738482478341, []]}, "{\"10.0.0.11_10.0.0.41\": [1, 3, 4], \"10.0.0.12_10.0.0.42\": [1, 3, 4], \"10.0.0.13_10.0.0.43\": [1, 2, 4]}": {"[\"10.0.0.12_10.0.0.42\", [1, 2, 4]]": [15, -432.9871415261173, []], "[\"10.0.0.13_10.0.0.43\", [1, 3, 4]]": [15, -429.60757220863604, []], "[\"10.0.0.11_10.0.0.41\", [1, 2, 4]]": [16, -431.01169815334725, []], "[\"NoTrans\", []]": [47, -400.48612171830695, []]}, "{\"10.0.0.11_10.0.0.41\": [1, 2, 4], \"10.0.0.12_10.0.0.42\": [1, 3, 4], \"10.0.0.13_10.0.0.43\": [1, 2, 4]}": {"[\"10.0.0.12_10.0.0.42\", [1, 2, 4]]": [8, -433.91544631649606, []], "[\"10.0.0.13_10.0.0.43\", [1, 3, 4]]": [9, -419.79609737726423, []], "[\"10.0.0.11_10.0.0.41\", [1, 3, 4]]": [15, -408.84543464152915, []], "[\"NoTrans\", []]": [9, -424.4621111151496, []]}, "{\"10.0.0.11_10.0.0.41\": [1, 3, 4], \"10.0.0.12_10.0.0.42\": [1, 2, 4], \"10.0.0.13_10.0.0.43\": [1, 3, 4]}": {"[\"10.0.0.12_10.0.0.42\", [1, 3, 4]]": [15, -422.9478563910856, []], "[\"10.0.0.13_10.0.0.43\", [1, 2, 4]]": [16, -423.73187700980935, []], "[\"10.0.0.11_10.0.0.41\", [1, 2, 4]]": [13, -433.6448433554927, []], "[\"NoTrans\", []]": [28, -413.46032716625905, []]}, "{\"10.0.0.11_10.0.0.41\": [1, 2, 4], \"10.0.0.12_10.0.0.42\": [1, 2, 4], \"10.0.0.13_10.0.0.43\": [1, 3, 4]}": {"[\"10.0.0.12_10.0.0.42\", [1, 3, 4]]": [8, -399.5971759716519, []], "[\"10.0.0.13_10.0.0.43\", [1, 2, 4]]": [6, -417.32251669852974, []], "[\"10.0.0.11_10.0.0.41\", [1, 3, 4]]": [14, -412.88394578714866, []], "[\"NoTrans\", []]": [10, -432.1751586338416, []]}, "{\"10.0.0.11_10.0.0.41\": [1, 3, 4], \"10.0.0.12_10.0.0.42\": [1, 2, 4], \"10.0.0.13_10.0.0.43\": [1, 2, 4]}": {"[\"10.0.0.12_10.0.0.42\", [1, 3, 4]]": [16, -410.16165728819607, []], "[\"10.0.0.13_10.0.0.43\", [1, 3, 4]]": [17, -412.26073030702446, []], "[\"10.0.0.11_10.0.0.41\", [1, 2, 4]]": [6, -430.11550545630837, []], "[\"NoTrans\", []]": [8, -424.3871429549569, []]}, "{\"10.0.0.11_10.0.0.41\": [1, 2, 4], \"10.0.0.12_10.0.0.42\": [1, 2, 4], \"10.0.0.13_10.0.0.43\": [1, 2, 4]}": {"[\"10.0.0.12_10.0.0.42\", [1, 3, 4]]": [7, -419.94706532465267, []], "[\"10.0.0.13_10.0.0.43\", [1, 3, 4]]": [6, -426.47982872862946, []], "[\"10.0.0.11_10.0.0.41\", [1, 3, 4]]": [7, -411.51641426872436, []], "[\"NoTrans\", []]": [5, -425.9670936514843, []]}}