{"{\"10.0.0.11_10.0.0.41\": [1, 3, 4], \"10.0.0.12_10.0.0.42\": [1, 3, 4], \"10.0.0.13_10.0.0.43\": [1, 3, 4]}": {"[\"10.0.0.13_10.0.0.43\", [1, 2, 4]]": [1, -204.68196077511476, []], "[\"10.0.0.12_10.0.0.42\", [1, 2, 4]]": [1, -204.36681875425046, []], "[\"10.0.0.11_10.0.0.41\", [1, 2, 4]]": [0, -140, []], "[\"NoTrans\", []]": [1, -225.1631141662598, []]}, "{\"10.0.0.11_10.0.0.41\": [1, 2, 4], \"10.0.0.12_10.0.0.42\": [1, 3, 4], \"10.0.0.13_10.0.0.43\": [1, 3, 4]}": {"[\"10.0.0.13_10.0.0.43\", [1, 2, 4]]": [1, -184.84402413574873, []], "[\"10.0.0.12_10.0.0.42\", [1, 2, 4]]": [0, -140, []], "[\"10.0.0.11_10.0.0.41\", [1, 3, 4]]": [0, -140, []], "[\"NoTrans\", []]": [0, -140, []]}, "{\"10.0.0.11_10.0.0.41\": [1, 3, 4], \"10.0.0.12_10.0.0.42\": [1, 2, 4], \"10.0.0.13_10.0.0.43\": [1, 3, 4]}": {"[\"10.0.0.13_10.0.0.43\", [1, 2, 4]]": [1, -172.121210300965, []], "[\"10.0.0.12_10.0.0.42\", [1, 3, 4]]": [1, -225.47096023559573, []], "[\"10.0.0.11_10.0.0.41\", [1, 2, 4]]": [1, -183.61691430108266, []], "[\"NoTrans\", []]": [1, -204.50686959344392, []]}, "{\"10.0.0.11_10.0.0.41\": [1, 2, 4], \"10.0.0.12_10.0.0.42\": [1, 2, 4], \"10.0.0.13_10.0.0.43\": [1, 3, 4]}": {"[\"10.0.0.13_10.0.0.43\", [1, 2, 4]]": [0, -140, []], "[\"10.0.0.12_10.0.0.42\", [1, 3, 4]]": [0, -140, []], "[\"10.0.0.11_10.0.0.41\", [1, 3, 4]]": [1, -204.71190670256755, []], "[\"NoTrans\", []]": [0, -140, []]}, "{\"10.0.0.11_10.0.0.41\": [1, 3, 4], \"10.0.0.12_10.0.0.42\": [1, 3, 4], \"10.0.0.13_10.0.0.43\": [1, 2, 4]}": {"[\"10.0.0.13_10.0.0.43\", [1, 3, 4]]": [1, -227.66689071655276, []], "[\"10.0.0.12_10.0.0.42\", [1, 2, 4]]": [1, -173.39698995466793, []], "[\"10.0.0.11_10.0.0.41\", [1, 2, 4]]": [1, -182.68649124026473, []], "[\"NoTrans\", []]": [1, -204.1902378622155, []]}, "{\"10.0.0.11_10.0.0.41\": [1, 2, 4], \"10.0.0.12_10.0.0.42\": [1, 3, 4], \"10.0.0.13_10.0.0.43\": [1, 2, 4]}": {"[\"10.0.0.13_10.0.0.43\", [1, 3, 4]]": [1, -203.0623410611788, []], "[\"10.0.0.12_10.0.0.42\", [1, 2, 4]]": [1, -195.9146858215332, []], "[\"10.0.0.11_10.0.0.41\", [1, 3, 4]]": [1, -205.45367707452453, []], "[\"NoTrans\", []]": [0, -140, []]}, "{\"10.0.0.11_10.0.0.41\": [1, 3, 4], \"10.0.0.12_10.0.0.42\": [1, 2, 4], \"10.0.0.13_10.0.0.43\": [1, 2, 4]}": {"[\"10.0.0.13_10.0.0.43\", [1, 3, 4]]": [1, -205.37458671461707, []], "[\"10.0.0.12_10.0.0.42\", [1, 3, 4]]": [1, -207.29442392570732, []], "[\"10.0.0.11_10.0.0.41\", [1, 2, 4]]": [1, -194.69705741459148, []], "[\"NoTrans\", []]": [368, -113.07465758650409, []]}, "{\"10.0.0.11_10.0.0.41\": [1, 2, 4], \"10.0.0.12_10.0.0.42\": [1, 2, 4], \"10.0.0.13_10.0.0.43\": [1, 2, 4]}": {"[\"10.0.0.13_10.0.0.43\", [1, 3, 4]]": [0, -140, []], "[\"10.0.0.12_10.0.0.42\", [1, 3, 4]]": [1, -182.56605934064808, []], "[\"10.0.0.11_10.0.0.41\", [1, 3, 4]]": [2, -145.70943139599714, []], "[\"NoTrans\", []]": [399, -164.37405310001526, []]}}