{"{\"10.0.0.11_10.0.0.41\": [1, 3, 4], \"10.0.0.12_10.0.0.42\": [1, 3, 4], \"10.0.0.13_10.0.0.43\": [1, 3, 4]}": {"[\"10.0.0.13_10.0.0.43\", [1, 2, 4]]": [36, -363.46239993949337, []], "[\"10.0.0.12_10.0.0.42\", [1, 2, 4]]": [6, -390.27484047835696, []], "[\"10.0.0.11_10.0.0.41\", [1, 2, 4]]": [73, -293.05814456798873, []], "[\"NoTrans\", []]": [20, -332.72961315785255, []]}, "{\"10.0.0.11_10.0.0.41\": [1, 2, 4], \"10.0.0.12_10.0.0.42\": [1, 3, 4], \"10.0.0.13_10.0.0.43\": [1, 3, 4]}": {"[\"10.0.0.13_10.0.0.43\", [1, 2, 4]]": [29, -422.4804892605925, []], "[\"10.0.0.12_10.0.0.42\", [1, 2, 4]]": [17, -414.7430923789164, []], "[\"10.0.0.11_10.0.0.41\", [1, 3, 4]]": [27, -333.0002542256905, []], "[\"NoTrans\", []]": [0, -Infinity, []]}, "{\"10.0.0.11_10.0.0.41\": [1, 3, 4], \"10.0.0.12_10.0.0.42\": [1, 2, 4], \"10.0.0.13_10.0.0.43\": [1, 3, 4]}": {"[\"10.0.0.13_10.0.0.43\", [1, 2, 4]]": [16, -415.72661461567014, []], "[\"10.0.0.12_10.0.0.42\", [1, 3, 4]]": [31, -348.24464926813664, []], "[\"10.0.0.11_10.0.0.41\", [1, 2, 4]]": [17, -417.14183820453815, []], "[\"NoTrans\", []]": [111, -418.70917302026953, []]}, "{\"10.0.0.11_10.0.0.41\": [1, 2, 4], \"10.0.0.12_10.0.0.42\": [1, 2, 4], \"10.0.0.13_10.0.0.43\": [1, 3, 4]}": {"[\"10.0.0.13_10.0.0.43\", [1, 2, 4]]": [8, -442.15632970642076, []], "[\"10.0.0.12_10.0.0.42\", [1, 3, 4]]": [0, -Infinity, []], "[\"10.0.0.11_10.0.0.41\", [1, 3, 4]]": [36, -389.0161603413979, []], "[\"NoTrans\", []]": [9, -431.2508787145002, []]}, "{\"10.0.0.11_10.0.0.41\": [1, 3, 4], \"10.0.0.12_10.0.0.42\": [1, 3, 4], \"10.0.0.13_10.0.0.43\": [1, 2, 4]}": {"[\"10.0.0.13_10.0.0.43\", [1, 3, 4]]": [58, -339.30024624900534, []], "[\"10.0.0.12_10.0.0.42\", [1, 2, 4]]": [14, -420.35545876725996, []], "[\"10.0.0.11_10.0.0.41\", [1, 2, 4]]": [14, -423.62839024328235, []], "[\"NoTrans\", []]": [82, -423.6600289263025, []]}, "{\"10.0.0.11_10.0.0.41\": [1, 2, 4], \"10.0.0.12_10.0.0.42\": [1, 3, 4], \"10.0.0.13_10.0.0.43\": [1, 2, 4]}": {"[\"10.0.0.13_10.0.0.43\", [1, 3, 4]]": [0, -Infinity, []], "[\"10.0.0.12_10.0.0.42\", [1, 2, 4]]": [3, -423.2230090967784, []], "[\"10.0.0.11_10.0.0.41\", [1, 3, 4]]": [40, -392.7063825748515, []], "[\"NoTrans\", []]": [11, -412.01251326659195, []]}, "{\"10.0.0.11_10.0.0.41\": [1, 3, 4], \"10.0.0.12_10.0.0.42\": [1, 2, 4], \"10.0.0.13_10.0.0.43\": [1, 2, 4]}": {"[\"10.0.0.13_10.0.0.43\", [1, 3, 4]]": [22, -411.5064995208646, []], "[\"10.0.0.12_10.0.0.42\", [1, 3, 4]]": [10, -366.6566138207232, []], "[\"10.0.0.11_10.0.0.41\", [1, 2, 4]]": [2, -452.1924327596051, []], "[\"NoTrans\", []]": [0, -Infinity, []]}, "{\"10.0.0.11_10.0.0.41\": [1, 2, 4], \"10.0.0.12_10.0.0.42\": [1, 2, 4], \"10.0.0.13_10.0.0.43\": [1, 2, 4]}": {"[\"10.0.0.13_10.0.0.43\", [1, 3, 4]]": [9, -434.32140147796696, []], "[\"10.0.0.12_10.0.0.42\", [1, 3, 4]]": [0, -Infinity, []], "[\"10.0.0.11_10.0.0.41\", [1, 3, 4]]": [4, -385.41585215120386, []], "[\"NoTrans\", []]": [0, -Infinity, []]}}