{"{\"10.0.0.11_10.0.0.41\": [1, 3, 4], \"10.0.0.12_10.0.0.42\": [1, 3, 4], \"10.0.0.13_10.0.0.43\": [1, 3, 4]}": {"[\"10.0.0.12_10.0.0.42\", [1, 2, 4]]": [15, -268.9098749417175, []], "[\"10.0.0.11_10.0.0.41\", [1, 2, 4]]": [26, -165.2816385917331, []], "[\"10.0.0.13_10.0.0.43\", [1, 2, 4]]": [19, -274.1223515272126, []], "[\"NoTrans\", []]": [12, -237.24257676022586, []]}, "{\"10.0.0.11_10.0.0.41\": [1, 3, 4], \"10.0.0.12_10.0.0.42\": [1, 3, 4], \"10.0.0.13_10.0.0.43\": [1, 2, 4]}": {"[\"10.0.0.12_10.0.0.42\", [1, 2, 4]]": [12, -323.48549406185475, []], "[\"10.0.0.11_10.0.0.41\", [1, 2, 4]]": [15, -278.8345499296997, []], "[\"10.0.0.13_10.0.0.43\", [1, 3, 4]]": [16, -235.24409419858964, []], "[\"NoTrans\", []]": [9, -275.0193490494952, []]}, "{\"10.0.0.11_10.0.0.41\": [1, 2, 4], \"10.0.0.12_10.0.0.42\": [1, 3, 4], \"10.0.0.13_10.0.0.43\": [1, 3, 4]}": {"[\"10.0.0.12_10.0.0.42\", [1, 2, 4]]": [22, -272.52912676352724, []], "[\"10.0.0.11_10.0.0.41\", [1, 3, 4]]": [21, -234.39464991003325, []], "[\"10.0.0.13_10.0.0.43\", [1, 2, 4]]": [22, -275.1875913843367, []], "[\"NoTrans\", []]": [28, -173.38763715228134, []]}, "{\"10.0.0.11_10.0.0.41\": [1, 2, 4], \"10.0.0.12_10.0.0.42\": [1, 3, 4], \"10.0.0.13_10.0.0.43\": [1, 2, 4]}": {"[\"10.0.0.12_10.0.0.42\", [1, 2, 4]]": [12, -359.8393218616201, []], "[\"10.0.0.11_10.0.0.41\", [1, 3, 4]]": [16, -281.65524785417506, []], "[\"10.0.0.13_10.0.0.43\", [1, 3, 4]]": [20, -206.28476179038677, []], "[\"NoTrans\", []]": [12, -275.8820365688177, []]}, "{\"10.0.0.11_10.0.0.41\": [1, 3, 4], \"10.0.0.12_10.0.0.42\": [1, 2, 4], \"10.0.0.13_10.0.0.43\": [1, 3, 4]}": {"[\"10.0.0.12_10.0.0.42\", [1, 3, 4]]": [23, -229.23044381123174, []], "[\"10.0.0.11_10.0.0.41\", [1, 2, 4]]": [14, -287.0685483400687, []], "[\"10.0.0.13_10.0.0.43\", [1, 2, 4]]": [14, -330.7281698357016, []], "[\"NoTrans\", []]": [23, -275.3863500538887, []]}, "{\"10.0.0.11_10.0.0.41\": [1, 3, 4], \"10.0.0.12_10.0.0.42\": [1, 2, 4], \"10.0.0.13_10.0.0.43\": [1, 2, 4]}": {"[\"10.0.0.12_10.0.0.42\", [1, 3, 4]]": [7, -275.31430118187075, []], "[\"10.0.0.11_10.0.0.41\", [1, 2, 4]]": [15, -355.365732253848, []], "[\"10.0.0.13_10.0.0.43\", [1, 3, 4]]": [15, -276.75255362376504, []], "[\"NoTrans\", []]": [11, -328.20699515076035, []]}, "{\"10.0.0.11_10.0.0.41\": [1, 2, 4], \"10.0.0.12_10.0.0.42\": [1, 2, 4], \"10.0.0.13_10.0.0.43\": [1, 3, 4]}": {"[\"10.0.0.12_10.0.0.42\", [1, 3, 4]]": [19, -206.01048962872932, []], "[\"10.0.0.11_10.0.0.41\", [1, 3, 4]]": [21, -272.30856279186185, []], "[\"10.0.0.13_10.0.0.43\", [1, 2, 4]]": [20, -346.5334964404239, []], "[\"NoTrans\", []]": [24, -274.36203123088524, []]}, "{\"10.0.0.11_10.0.0.41\": [1, 2, 4], \"10.0.0.12_10.0.0.42\": [1, 2, 4], \"10.0.0.13_10.0.0.43\": [1, 2, 4]}": {"[\"10.0.0.12_10.0.0.42\", [1, 3, 4]]": [11, -284.9022126751051, []], "[\"10.0.0.11_10.0.0.41\", [1, 3, 4]]": [11, -327.28807543126277, []], "[\"10.0.0.13_10.0.0.43\", [1, 3, 4]]": [25, -271.0631933736903, []], "[\"NoTrans\", []]": [14, -347.86877633650556, []]}}