{"{\"10.0.0.11_10.0.0.41\": [1, 3, 4], \"10.0.0.12_10.0.0.42\": [1, 3, 4], \"10.0.0.13_10.0.0.43\": [1, 3, 4]}": {"[\"10.0.0.12_10.0.0.42\", [1, 2, 4]]": [1, -152.17688874178913, []], "[\"10.0.0.13_10.0.0.43\", [1, 2, 4]]": [1, -153.56055938260744, []], "[\"10.0.0.11_10.0.0.41\", [1, 2, 4]]": [1, -105.88209725094546, []], "[\"NoTrans\", []]": [1, -168.31529998779297, []]}, "{\"10.0.0.11_10.0.0.41\": [1, 2, 4], \"10.0.0.12_10.0.0.42\": [1, 3, 4], \"10.0.0.13_10.0.0.43\": [1, 3, 4]}": {"[\"10.0.0.12_10.0.0.42\", [1, 2, 4]]": [1, -172.73354097827055, []], "[\"10.0.0.13_10.0.0.43\", [1, 2, 4]]": [1, -171.34143743748416, []], "[\"10.0.0.11_10.0.0.41\", [1, 3, 4]]": [1, -167.50152969360352, []], "[\"NoTrans\", []]": [658, -142.36077563755305, []]}, "{\"10.0.0.11_10.0.0.41\": [1, 3, 4], \"10.0.0.12_10.0.0.42\": [1, 3, 4], \"10.0.0.13_10.0.0.43\": [1, 2, 4]}": {"[\"10.0.0.12_10.0.0.42\", [1, 2, 4]]": [1, -171.0646922143593, []], "[\"10.0.0.13_10.0.0.43\", [1, 3, 4]]": [1, -168.69715118408203, []], "[\"10.0.0.11_10.0.0.41\", [1, 2, 4]]": [1, -173.54370216791688, []], "[\"NoTrans\", []]": [1, -153.20891752167302, []]}, "{\"10.0.0.11_10.0.0.41\": [1, 2, 4], \"10.0.0.12_10.0.0.42\": [1, 3, 4], \"10.0.0.13_10.0.0.43\": [1, 2, 4]}": {"[\"10.0.0.12_10.0.0.42\", [1, 2, 4]]": [1, -190.60161972045898, []], "[\"10.0.0.13_10.0.0.43\", [1, 3, 4]]": [1, -137.44075117783396, []], "[\"10.0.0.11_10.0.0.41\", [1, 3, 4]]": [1, -153.97685348224383, []], "[\"NoTrans\", []]": [1, -173.22623716943463, []]}, "{\"10.0.0.11_10.0.0.41\": [1, 3, 4], \"10.0.0.12_10.0.0.42\": [1, 2, 4], \"10.0.0.13_10.0.0.43\": [1, 3, 4]}": {"[\"10.0.0.12_10.0.0.42\", [1, 3, 4]]": [1, -154.5231274821536, []], "[\"10.0.0.13_10.0.0.43\", [1, 2, 4]]": [1, -172.06623949066025, []], "[\"10.0.0.11_10.0.0.41\", [1, 2, 4]]": [1, -173.8814819726008, []], "[\"NoTrans\", []]": [1, -153.53282550700277, []]}, "{\"10.0.0.11_10.0.0.41\": [1, 2, 4], \"10.0.0.12_10.0.0.42\": [1, 2, 4], \"10.0.0.13_10.0.0.43\": [1, 3, 4]}": {"[\"10.0.0.12_10.0.0.42\", [1, 3, 4]]": [1, -139.88505423032598, []], "[\"10.0.0.13_10.0.0.43\", [1, 2, 4]]": [1, -192.43687057495117, []], "[\"10.0.0.11_10.0.0.41\", [1, 3, 4]]": [1, -173.3290989073153, []], "[\"NoTrans\", []]": [0, -100, []]}, "{\"10.0.0.11_10.0.0.41\": [1, 3, 4], \"10.0.0.12_10.0.0.42\": [1, 2, 4], \"10.0.0.13_10.0.0.43\": [1, 2, 4]}": {"[\"10.0.0.12_10.0.0.42\", [1, 3, 4]]": [1, -152.81056147321914, []], "[\"10.0.0.13_10.0.0.43\", [1, 3, 4]]": [1, -155.05213349228842, []], "[\"10.0.0.11_10.0.0.41\", [1, 2, 4]]": [1, -190.6420555114746, []], "[\"NoTrans\", []]": [1, -171.51468543903076, []]}, "{\"10.0.0.11_10.0.0.41\": [1, 2, 4], \"10.0.0.12_10.0.0.42\": [1, 2, 4], \"10.0.0.13_10.0.0.43\": [1, 2, 4]}": {"[\"10.0.0.12_10.0.0.42\", [1, 3, 4]]": [1, -171.49983932902086, []], "[\"10.0.0.13_10.0.0.43\", [1, 3, 4]]": [1, -170.05980423758552, []], "[\"10.0.0.11_10.0.0.41\", [1, 3, 4]]": [1, -170.32039516264734, []], "[\"NoTrans\", []]": [1, -193.28983688354492, []]}}