{"{\"10.0.0.11_10.0.0.41\": [1, 3, 4], \"10.0.0.12_10.0.0.42\": [1, 3, 4], \"10.0.0.13_10.0.0.43\": [1, 3, 4]}": {"[\"10.0.0.12_10.0.0.42\", [1, 2, 4]]": [3, -165.57613263283284, []], "[\"10.0.0.13_10.0.0.43\", [1, 2, 4]]": [4, -164.2401424279891, []], "[\"10.0.0.11_10.0.0.41\", [1, 2, 4]]": [6, -122.62364161684322, []], "[\"NoTrans\", []]": [4, -179.81154391625978, []]}, "{\"10.0.0.11_10.0.0.41\": [1, 2, 4], \"10.0.0.12_10.0.0.42\": [1, 3, 4], \"10.0.0.13_10.0.0.43\": [1, 3, 4]}": {"[\"10.0.0.12_10.0.0.42\", [1, 2, 4]]": [7, -187.10947899348378, []], "[\"10.0.0.13_10.0.0.43\", [1, 2, 4]]": [8, -181.71088400314227, []], "[\"10.0.0.11_10.0.0.41\", [1, 3, 4]]": [5, -188.07512982670187, []], "[\"NoTrans\", []]": [358, -135.0991340712109, []]}, "{\"10.0.0.11_10.0.0.41\": [1, 3, 4], \"10.0.0.12_10.0.0.42\": [1, 3, 4], \"10.0.0.13_10.0.0.43\": [1, 2, 4]}": {"[\"10.0.0.12_10.0.0.42\", [1, 2, 4]]": [5, -185.47428112594386, []], "[\"10.0.0.13_10.0.0.43\", [1, 3, 4]]": [5, -194.07008175181642, []], "[\"10.0.0.11_10.0.0.41\", [1, 2, 4]]": [9, -182.25941670184977, []], "[\"NoTrans\", []]": [6, -208.72603621642284, []]}, "{\"10.0.0.11_10.0.0.41\": [1, 2, 4], \"10.0.0.12_10.0.0.42\": [1, 3, 4], \"10.0.0.13_10.0.0.43\": [1, 2, 4]}": {"[\"10.0.0.12_10.0.0.42\", [1, 2, 4]]": [24, -199.26660743500994, []], "[\"10.0.0.13_10.0.0.43\", [1, 3, 4]]": [6, -150.99285120748002, []], "[\"10.0.0.11_10.0.0.41\", [1, 3, 4]]": [7, -169.6575022649822, []], "[\"NoTrans\", []]": [9, -119.55942250045528, []]}, "{\"10.0.0.11_10.0.0.41\": [1, 3, 4], \"10.0.0.12_10.0.0.42\": [1, 2, 4], \"10.0.0.13_10.0.0.43\": [1, 3, 4]}": {"[\"10.0.0.12_10.0.0.42\", [1, 3, 4]]": [3, -175.90837286316338, []], "[\"10.0.0.13_10.0.0.43\", [1, 2, 4]]": [11, -214.3029973518257, []], "[\"10.0.0.11_10.0.0.41\", [1, 2, 4]]": [7, -186.1763423353313, []], "[\"NoTrans\", []]": [5, -119.66023256205445, []]}, "{\"10.0.0.11_10.0.0.41\": [1, 2, 4], \"10.0.0.12_10.0.0.42\": [1, 2, 4], \"10.0.0.13_10.0.0.43\": [1, 3, 4]}": {"[\"10.0.0.12_10.0.0.42\", [1, 3, 4]]": [9, -156.28320489925795, []], "[\"10.0.0.13_10.0.0.43\", [1, 2, 4]]": [17, -206.06245535285237, []], "[\"10.0.0.11_10.0.0.41\", [1, 3, 4]]": [7, -164.83833875910057, []], "[\"NoTrans\", []]": [11, -182.92790845145328, []]}, "{\"10.0.0.11_10.0.0.41\": [1, 3, 4], \"10.0.0.12_10.0.0.42\": [1, 2, 4], \"10.0.0.13_10.0.0.43\": [1, 2, 4]}": {"[\"10.0.0.12_10.0.0.42\", [1, 3, 4]]": [8, -206.5315082923545, []], "[\"10.0.0.13_10.0.0.43\", [1, 3, 4]]": [11, -165.87818555319166, []], "[\"10.0.0.11_10.0.0.41\", [1, 2, 4]]": [26, -204.93144689496165, []], "[\"NoTrans\", []]": [107, -183.14969353158847, []]}, "{\"10.0.0.11_10.0.0.41\": [1, 2, 4], \"10.0.0.12_10.0.0.42\": [1, 2, 4], \"10.0.0.13_10.0.0.43\": [1, 2, 4]}": {"[\"10.0.0.12_10.0.0.42\", [1, 3, 4]]": [20, -184.81619547176717, []], "[\"10.0.0.13_10.0.0.43\", [1, 3, 4]]": [19, -186.99029781703325, []], "[\"10.0.0.11_10.0.0.41\", [1, 3, 4]]": [29, -183.7638380059628, []], "[\"NoTrans\", []]": [22, -203.29799521241767, []]}}