{"{\"10.0.0.11_10.0.0.41\": [1, 3, 4], \"10.0.0.12_10.0.0.42\": [1, 3, 4], \"10.0.0.13_10.0.0.43\": [1, 3, 4]}": {"[\"10.0.0.13_10.0.0.43\", [1, 2, 4]]": [13, -411.27982060897733, []], "[\"10.0.0.12_10.0.0.42\", [1, 2, 4]]": [12, -407.5665594475335, []], "[\"10.0.0.11_10.0.0.41\", [1, 2, 4]]": [9, -418.7768554061815, []], "[\"NoTrans\", []]": [9, -420.6255511566072, []]}, "{\"10.0.0.11_10.0.0.41\": [1, 2, 4], \"10.0.0.12_10.0.0.42\": [1, 3, 4], \"10.0.0.13_10.0.0.43\": [1, 3, 4]}": {"[\"10.0.0.13_10.0.0.43\", [1, 2, 4]]": [9, -423.0315315691119, []], "[\"10.0.0.12_10.0.0.42\", [1, 2, 4]]": [9, -421.9047405275139, []], "[\"10.0.0.11_10.0.0.41\", [1, 3, 4]]": [9, -411.8182739318428, []], "[\"NoTrans\", []]": [7, -424.3095942417319, []]}, "{\"10.0.0.11_10.0.0.41\": [1, 3, 4], \"10.0.0.12_10.0.0.42\": [1, 2, 4], \"10.0.0.13_10.0.0.43\": [1, 3, 4]}": {"[\"10.0.0.13_10.0.0.43\", [1, 2, 4]]": [13, -425.2366941787773, []], "[\"10.0.0.12_10.0.0.42\", [1, 3, 4]]": [12, -422.9255238158755, []], "[\"10.0.0.11_10.0.0.41\", [1, 2, 4]]": [13, -423.549148189063, []], "[\"NoTrans\", []]": [37, -411.64137466675265, []]}, "{\"10.0.0.11_10.0.0.41\": [1, 2, 4], \"10.0.0.12_10.0.0.42\": [1, 2, 4], \"10.0.0.13_10.0.0.43\": [1, 3, 4]}": {"[\"10.0.0.13_10.0.0.43\", [1, 2, 4]]": [6, -420.1777372226641, []], "[\"10.0.0.12_10.0.0.42\", [1, 3, 4]]": [8, -432.50901028085764, []], "[\"10.0.0.11_10.0.0.41\", [1, 3, 4]]": [14, -405.4549706918111, []], "[\"NoTrans\", []]": [9, -424.282753798525, []]}, "{\"10.0.0.11_10.0.0.41\": [1, 3, 4], \"10.0.0.12_10.0.0.42\": [1, 3, 4], \"10.0.0.13_10.0.0.43\": [1, 2, 4]}": {"[\"10.0.0.13_10.0.0.43\", [1, 3, 4]]": [13, -419.913561389334, []], "[\"10.0.0.12_10.0.0.42\", [1, 2, 4]]": [11, -422.04878227364867, []], "[\"10.0.0.11_10.0.0.41\", [1, 2, 4]]": [12, -418.9497752374489, []], "[\"NoTrans\", []]": [27, -410.5220237684152, []]}, "{\"10.0.0.11_10.0.0.41\": [1, 2, 4], \"10.0.0.12_10.0.0.42\": [1, 3, 4], \"10.0.0.13_10.0.0.43\": [1, 2, 4]}": {"[\"10.0.0.13_10.0.0.43\", [1, 3, 4]]": [9, -429.9458197236291, []], "[\"10.0.0.12_10.0.0.42\", [1, 2, 4]]": [6, -412.94195577828935, []], "[\"10.0.0.11_10.0.0.41\", [1, 3, 4]]": [12, -404.52837986481484, []], "[\"NoTrans\", []]": [8, -423.8254741079605, []]}, "{\"10.0.0.11_10.0.0.41\": [1, 3, 4], \"10.0.0.12_10.0.0.42\": [1, 2, 4], \"10.0.0.13_10.0.0.43\": [1, 2, 4]}": {"[\"10.0.0.13_10.0.0.43\", [1, 3, 4]]": [12, -405.90071950915836, []], "[\"10.0.0.12_10.0.0.42\", [1, 3, 4]]": [12, -409.64260287232594, []], "[\"10.0.0.11_10.0.0.41\", [1, 2, 4]]": [7, -427.6604842865398, []], "[\"NoTrans\", []]": [8, -416.45277318040826, []]}, "{\"10.0.0.11_10.0.0.41\": [1, 2, 4], \"10.0.0.12_10.0.0.42\": [1, 2, 4], \"10.0.0.13_10.0.0.43\": [1, 2, 4]}": {"[\"10.0.0.13_10.0.0.43\", [1, 3, 4]]": [6, -402.51318214219344, []], "[\"10.0.0.12_10.0.0.42\", [1, 3, 4]]": [6, -403.9624119555486, []], "[\"10.0.0.11_10.0.0.41\", [1, 3, 4]]": [7, -409.00317042812037, []], "[\"NoTrans\", []]": [5, -426.19846799215236, []]}}