{"{\"10.0.0.11_10.0.0.41\": [1, 3, 4], \"10.0.0.12_10.0.0.42\": [1, 3, 4], \"10.0.0.13_10.0.0.43\": [1, 3, 4]}": {"[\"10.0.0.13_10.0.0.43\", [1, 2, 4]]": [2, -156.66160680149005, []], "[\"10.0.0.11_10.0.0.41\", [1, 2, 4]]": [3, -131.53953614341506, []], "[\"10.0.0.12_10.0.0.42\", [1, 2, 4]]": [2, -173.70854709822487, []], "[\"NoTrans\", []]": [2, -165.12898154276598, []]}, "{\"10.0.0.11_10.0.0.41\": [1, 3, 4], \"10.0.0.12_10.0.0.42\": [1, 2, 4], \"10.0.0.13_10.0.0.43\": [1, 3, 4]}": {"[\"10.0.0.13_10.0.0.43\", [1, 2, 4]]": [2, -152.70376289692769, []], "[\"10.0.0.11_10.0.0.41\", [1, 2, 4]]": [2, -193.90159367522517, []], "[\"10.0.0.12_10.0.0.42\", [1, 3, 4]]": [2, -170.66567130106677, []], "[\"NoTrans\", []]": [2, -147.91423950515866, []]}, "{\"10.0.0.11_10.0.0.41\": [1, 2, 4], \"10.0.0.12_10.0.0.42\": [1, 3, 4], \"10.0.0.13_10.0.0.43\": [1, 3, 4]}": {"[\"10.0.0.13_10.0.0.43\", [1, 2, 4]]": [3, -196.88399435781724, []], "[\"10.0.0.11_10.0.0.41\", [1, 3, 4]]": [2, -176.68426329389914, []], "[\"10.0.0.12_10.0.0.42\", [1, 2, 4]]": [2, -180.34833207305599, []], "[\"NoTrans\", []]": [609, -115.49230160335527, []]}, "{\"10.0.0.11_10.0.0.41\": [1, 2, 4], \"10.0.0.12_10.0.0.42\": [1, 2, 4], \"10.0.0.13_10.0.0.43\": [1, 3, 4]}": {"[\"10.0.0.13_10.0.0.43\", [1, 2, 4]]": [2, -159.99028387060594, []], "[\"10.0.0.11_10.0.0.41\", [1, 3, 4]]": [2, -150.0093425963971, []], "[\"10.0.0.12_10.0.0.42\", [1, 3, 4]]": [2, -156.3955750637267, []], "[\"NoTrans\", []]": [1, -140.62697946412177, []]}, "{\"10.0.0.11_10.0.0.41\": [1, 3, 4], \"10.0.0.12_10.0.0.42\": [1, 3, 4], \"10.0.0.13_10.0.0.43\": [1, 2, 4]}": {"[\"10.0.0.13_10.0.0.43\", [1, 3, 4]]": [3, -184.64764312529235, []], "[\"10.0.0.11_10.0.0.41\", [1, 2, 4]]": [2, -182.4313882237364, []], "[\"10.0.0.12_10.0.0.42\", [1, 2, 4]]": [2, -184.94626118626056, []], "[\"NoTrans\", []]": [2, -156.57962608404168, []]}, "{\"10.0.0.11_10.0.0.41\": [1, 3, 4], \"10.0.0.12_10.0.0.42\": [1, 2, 4], \"10.0.0.13_10.0.0.43\": [1, 2, 4]}": {"[\"10.0.0.13_10.0.0.43\", [1, 3, 4]]": [2, -121.93899921407572, []], "[\"10.0.0.11_10.0.0.41\", [1, 2, 4]]": [2, -174.6169557685538, []], "[\"10.0.0.12_10.0.0.42\", [1, 3, 4]]": [2, -183.82706249584254, []], "[\"NoTrans\", []]": [1, -133.6667644171579, []]}, "{\"10.0.0.11_10.0.0.41\": [1, 2, 4], \"10.0.0.12_10.0.0.42\": [1, 3, 4], \"10.0.0.13_10.0.0.43\": [1, 2, 4]}": {"[\"10.0.0.13_10.0.0.43\", [1, 3, 4]]": [3, -172.4278047779503, []], "[\"10.0.0.11_10.0.0.41\", [1, 3, 4]]": [3, -174.920494746133, []], "[\"10.0.0.12_10.0.0.42\", [1, 2, 4]]": [2, -213.39393777861932, []], "[\"NoTrans\", []]": [2, -181.6080527952863, []]}, "{\"10.0.0.11_10.0.0.41\": [1, 2, 4], \"10.0.0.12_10.0.0.42\": [1, 2, 4], \"10.0.0.13_10.0.0.43\": [1, 2, 4]}": {"[\"10.0.0.13_10.0.0.43\", [1, 3, 4]]": [2, -149.21453492842622, []], "[\"10.0.0.11_10.0.0.41\", [1, 3, 4]]": [2, -147.30070859792244, []], "[\"10.0.0.12_10.0.0.42\", [1, 3, 4]]": [3, -202.19486757275627, []], "[\"NoTrans\", []]": [2, -210.75037164702752, []]}}