{"{\"10.0.0.11_10.0.0.41\": [1, 3, 4], \"10.0.0.12_10.0.0.42\": [1, 3, 4], \"10.0.0.13_10.0.0.43\": [1, 3, 4]}": {"[\"10.0.0.11_10.0.0.41\", [1, 2, 4]]": [6, -181.34507236522657, []], "[\"10.0.0.12_10.0.0.42\", [1, 2, 4]]": [2, -191.75769809980665, []], "[\"10.0.0.13_10.0.0.43\", [1, 2, 4]]": [2, -196.58996055623996, []], "[\"NoTrans\", []]": [3, -222.44894777330123, []]}, "{\"10.0.0.11_10.0.0.41\": [1, 3, 4], \"10.0.0.12_10.0.0.42\": [1, 3, 4], \"10.0.0.13_10.0.0.43\": [1, 2, 4]}": {"[\"10.0.0.11_10.0.0.41\", [1, 2, 4]]": [3, -223.3598585517622, []], "[\"10.0.0.12_10.0.0.42\", [1, 2, 4]]": [2, -220.64585152061034, []], "[\"10.0.0.13_10.0.0.43\", [1, 3, 4]]": [3, -201.72270307714456, []], "[\"NoTrans\", []]": [2, -194.6184640605539, []]}, "{\"10.0.0.11_10.0.0.41\": [1, 3, 4], \"10.0.0.12_10.0.0.42\": [1, 2, 4], \"10.0.0.13_10.0.0.43\": [1, 3, 4]}": {"[\"10.0.0.11_10.0.0.41\", [1, 2, 4]]": [3, -227.23264781958284, []], "[\"10.0.0.12_10.0.0.42\", [1, 3, 4]]": [2, -193.8147756067913, []], "[\"10.0.0.13_10.0.0.43\", [1, 2, 4]]": [2, -222.02361645158274, []], "[\"NoTrans\", []]": [2, -189.08610726663989, []]}, "{\"10.0.0.11_10.0.0.41\": [1, 3, 4], \"10.0.0.12_10.0.0.42\": [1, 2, 4], \"10.0.0.13_10.0.0.43\": [1, 2, 4]}": {"[\"10.0.0.11_10.0.0.41\", [1, 2, 4]]": [2, -208.77043816500844, []], "[\"10.0.0.12_10.0.0.42\", [1, 3, 4]]": [3, -221.75155381034077, []], "[\"10.0.0.13_10.0.0.43\", [1, 3, 4]]": [2, -210.53312287718697, []], "[\"NoTrans\", []]": [2, -235.49494327208302, []]}, "{\"10.0.0.11_10.0.0.41\": [1, 2, 4], \"10.0.0.12_10.0.0.42\": [1, 3, 4], \"10.0.0.13_10.0.0.43\": [1, 3, 4]}": {"[\"10.0.0.11_10.0.0.41\", [1, 3, 4]]": [5, -237.52369618372325, []], "[\"10.0.0.12_10.0.0.42\", [1, 2, 4]]": [4, -232.1308520392006, []], "[\"10.0.0.13_10.0.0.43\", [1, 2, 4]]": [4, -244.71741668589186, []], "[\"NoTrans\", []]": [783, -134.2542958745558, []]}, "{\"10.0.0.11_10.0.0.41\": [1, 2, 4], \"10.0.0.12_10.0.0.42\": [1, 3, 4], \"10.0.0.13_10.0.0.43\": [1, 2, 4]}": {"[\"10.0.0.11_10.0.0.41\", [1, 3, 4]]": [3, -216.1089247651152, []], "[\"10.0.0.12_10.0.0.42\", [1, 2, 4]]": [3, -268.50413343186347, []], "[\"10.0.0.13_10.0.0.43\", [1, 3, 4]]": [4, -218.2298966408596, []], "[\"NoTrans\", []]": [3, -244.01155121236167, []]}, "{\"10.0.0.11_10.0.0.41\": [1, 2, 4], \"10.0.0.12_10.0.0.42\": [1, 2, 4], \"10.0.0.13_10.0.0.43\": [1, 3, 4]}": {"[\"10.0.0.11_10.0.0.41\", [1, 3, 4]]": [3, -185.59717907912557, []], "[\"10.0.0.12_10.0.0.42\", [1, 3, 4]]": [4, -208.88401991318153, []], "[\"10.0.0.13_10.0.0.43\", [1, 2, 4]]": [3, -243.02864408558258, []], "[\"NoTrans\", []]": [2, -184.87564470436615, []]}, "{\"10.0.0.11_10.0.0.41\": [1, 2, 4], \"10.0.0.12_10.0.0.42\": [1, 2, 4], \"10.0.0.13_10.0.0.43\": [1, 2, 4]}": {"[\"10.0.0.11_10.0.0.41\", [1, 3, 4]]": [3, -245.80611331968078, []], "[\"10.0.0.12_10.0.0.42\", [1, 3, 4]]": [3, -247.433014330904, []], "[\"10.0.0.13_10.0.0.43\", [1, 3, 4]]": [2, -212.38584711309161, []], "[\"NoTrans\", []]": [2, -238.5776133543814, []]}}