{"{\"10.0.0.11_10.0.0.41\": [1, 3, 4], \"10.0.0.12_10.0.0.42\": [1, 3, 4], \"10.0.0.13_10.0.0.43\": [1, 3, 4]}": {"[\"10.0.0.13_10.0.0.43\", [1, 2, 4]]": [2, -167.04479953402617, []], "[\"10.0.0.12_10.0.0.42\", [1, 2, 4]]": [2, -193.55266955890696, []], "[\"10.0.0.11_10.0.0.41\", [1, 2, 4]]": [4, -142.13144255962578, []], "[\"NoTrans\", []]": [2, -202.8595448867733, []]}, "{\"10.0.0.11_10.0.0.41\": [1, 2, 4], \"10.0.0.12_10.0.0.42\": [1, 3, 4], \"10.0.0.13_10.0.0.43\": [1, 3, 4]}": {"[\"10.0.0.13_10.0.0.43\", [1, 2, 4]]": [3, -199.1678003771168, []], "[\"10.0.0.12_10.0.0.42\", [1, 2, 4]]": [2, -213.89909702758894, []], "[\"10.0.0.11_10.0.0.41\", [1, 3, 4]]": [3, -209.30460046045073, []], "[\"NoTrans\", []]": [818, -149.25481052674817, []]}, "{\"10.0.0.11_10.0.0.41\": [1, 3, 4], \"10.0.0.12_10.0.0.42\": [1, 2, 4], \"10.0.0.13_10.0.0.43\": [1, 3, 4]}": {"[\"10.0.0.13_10.0.0.43\", [1, 2, 4]]": [3, -195.87728659575288, []], "[\"10.0.0.12_10.0.0.42\", [1, 3, 4]]": [2, -193.5720744907007, []], "[\"10.0.0.11_10.0.0.41\", [1, 2, 4]]": [1, -184.6847274877186, []], "[\"NoTrans\", []]": [2, -191.89053501466935, []]}, "{\"10.0.0.11_10.0.0.41\": [1, 2, 4], \"10.0.0.12_10.0.0.42\": [1, 2, 4], \"10.0.0.13_10.0.0.43\": [1, 3, 4]}": {"[\"10.0.0.13_10.0.0.43\", [1, 2, 4]]": [1, -155.64281677130097, []], "[\"10.0.0.12_10.0.0.42\", [1, 3, 4]]": [2, -169.05737751634834, []], "[\"10.0.0.11_10.0.0.41\", [1, 3, 4]]": [2, -193.0383946898834, []], "[\"NoTrans\", []]": [1, -169.85767462022983, []]}, "{\"10.0.0.11_10.0.0.41\": [1, 3, 4], \"10.0.0.12_10.0.0.42\": [1, 3, 4], \"10.0.0.13_10.0.0.43\": [1, 2, 4]}": {"[\"10.0.0.13_10.0.0.43\", [1, 3, 4]]": [3, -208.29995897069807, []], "[\"10.0.0.12_10.0.0.42\", [1, 2, 4]]": [2, -174.43954471000632, []], "[\"10.0.0.11_10.0.0.41\", [1, 2, 4]]": [2, -183.30460302866618, []], "[\"NoTrans\", []]": [3, -208.8124689285847, []]}, "{\"10.0.0.11_10.0.0.41\": [1, 2, 4], \"10.0.0.12_10.0.0.42\": [1, 3, 4], \"10.0.0.13_10.0.0.43\": [1, 2, 4]}": {"[\"10.0.0.13_10.0.0.43\", [1, 3, 4]]": [3, -163.10080874067742, []], "[\"10.0.0.12_10.0.0.42\", [1, 2, 4]]": [1, -156.82804321173063, []], "[\"10.0.0.11_10.0.0.41\", [1, 3, 4]]": [2, -168.83135543045148, []], "[\"NoTrans\", []]": [2, -181.98910756913688, []]}, "{\"10.0.0.11_10.0.0.41\": [1, 3, 4], \"10.0.0.12_10.0.0.42\": [1, 2, 4], \"10.0.0.13_10.0.0.43\": [1, 2, 4]}": {"[\"10.0.0.13_10.0.0.43\", [1, 3, 4]]": [2, -162.4446023730094, []], "[\"10.0.0.12_10.0.0.42\", [1, 3, 4]]": [3, -199.90371959464082, []], "[\"10.0.0.11_10.0.0.41\", [1, 2, 4]]": [2, -173.41015075567594, []], "[\"NoTrans\", []]": [2, -191.48017155109062, []]}, "{\"10.0.0.11_10.0.0.41\": [1, 2, 4], \"10.0.0.12_10.0.0.42\": [1, 2, 4], \"10.0.0.13_10.0.0.43\": [1, 2, 4]}": {"[\"10.0.0.13_10.0.0.43\", [1, 3, 4]]": [2, -186.42232568625332, []], "[\"10.0.0.12_10.0.0.42\", [1, 3, 4]]": [1, -84.02376251140345, []], "[\"10.0.0.11_10.0.0.41\", [1, 3, 4]]": [1, -126.46478511674127, []], "[\"NoTrans\", []]": [1, -156.1835501087033, []]}}