{"{\"10.0.0.11_10.0.0.41\": [1, 3, 4], \"10.0.0.12_10.0.0.42\": [1, 3, 4], \"10.0.0.13_10.0.0.43\": [1, 3, 4]}": {"[\"10.0.0.12_10.0.0.42\", [1, 2, 4]]": [2, -154.56520783462418, []], "[\"10.0.0.13_10.0.0.43\", [1, 2, 4]]": [2, -140.8416172103521, []], "[\"10.0.0.11_10.0.0.41\", [1, 2, 4]]": [3, -135.43732049828537, []], "[\"NoTrans\", []]": [1, -121.78709864461362, []]}, "{\"10.0.0.11_10.0.0.41\": [1, 2, 4], \"10.0.0.12_10.0.0.42\": [1, 3, 4], \"10.0.0.13_10.0.0.43\": [1, 3, 4]}": {"[\"10.0.0.12_10.0.0.42\", [1, 2, 4]]": [2, -168.23068584997569, []], "[\"10.0.0.13_10.0.0.43\", [1, 2, 4]]": [3, -196.13372902854192, []], "[\"10.0.0.11_10.0.0.41\", [1, 3, 4]]": [2, -172.97736407153255, []], "[\"NoTrans\", []]": [623, -113.90346019885406, []]}, "{\"10.0.0.11_10.0.0.41\": [1, 3, 4], \"10.0.0.12_10.0.0.42\": [1, 3, 4], \"10.0.0.13_10.0.0.43\": [1, 2, 4]}": {"[\"10.0.0.12_10.0.0.42\", [1, 2, 4]]": [2, -175.665600981611, []], "[\"10.0.0.13_10.0.0.43\", [1, 3, 4]]": [3, -179.425224789306, []], "[\"10.0.0.11_10.0.0.41\", [1, 2, 4]]": [2, -162.4425488329119, []], "[\"NoTrans\", []]": [2, -163.82174837299215, []]}, "{\"10.0.0.11_10.0.0.41\": [1, 2, 4], \"10.0.0.12_10.0.0.42\": [1, 3, 4], \"10.0.0.13_10.0.0.43\": [1, 2, 4]}": {"[\"10.0.0.12_10.0.0.42\", [1, 2, 4]]": [2, -154.7762038399025, []], "[\"10.0.0.13_10.0.0.43\", [1, 3, 4]]": [3, -153.52098891709096, []], "[\"10.0.0.11_10.0.0.41\", [1, 3, 4]]": [3, -164.64943755205476, []], "[\"NoTrans\", []]": [2, -178.20259179462457, []]}, "{\"10.0.0.11_10.0.0.41\": [1, 3, 4], \"10.0.0.12_10.0.0.42\": [1, 2, 4], \"10.0.0.13_10.0.0.43\": [1, 3, 4]}": {"[\"10.0.0.12_10.0.0.42\", [1, 3, 4]]": [2, -147.78216932955374, []], "[\"10.0.0.13_10.0.0.43\", [1, 2, 4]]": [1, -160.38900072695463, []], "[\"10.0.0.11_10.0.0.41\", [1, 2, 4]]": [1, -153.5513393756781, []], "[\"NoTrans\", []]": [1, -139.36214373224104, []]}, "{\"10.0.0.11_10.0.0.41\": [1, 2, 4], \"10.0.0.12_10.0.0.42\": [1, 2, 4], \"10.0.0.13_10.0.0.43\": [1, 3, 4]}": {"[\"10.0.0.12_10.0.0.42\", [1, 3, 4]]": [2, -126.9317619629372, []], "[\"10.0.0.13_10.0.0.43\", [1, 2, 4]]": [1, -139.58243752315516, []], "[\"10.0.0.11_10.0.0.41\", [1, 3, 4]]": [1, -142.11609098477638, []], "[\"NoTrans\", []]": [1, -152.56206416433642, []]}, "{\"10.0.0.11_10.0.0.41\": [1, 3, 4], \"10.0.0.12_10.0.0.42\": [1, 2, 4], \"10.0.0.13_10.0.0.43\": [1, 2, 4]}": {"[\"10.0.0.12_10.0.0.42\", [1, 3, 4]]": [2, -159.45613340020316, []], "[\"10.0.0.13_10.0.0.43\", [1, 3, 4]]": [1, -141.5675886187351, []], "[\"10.0.0.11_10.0.0.41\", [1, 2, 4]]": [1, -138.25091744258876, []], "[\"NoTrans\", []]": [1, -157.50330829730348, []]}, "{\"10.0.0.11_10.0.0.41\": [1, 2, 4], \"10.0.0.12_10.0.0.42\": [1, 2, 4], \"10.0.0.13_10.0.0.43\": [1, 2, 4]}": {"[\"10.0.0.12_10.0.0.42\", [1, 3, 4]]": [2, -167.50228770847033, []], "[\"10.0.0.13_10.0.0.43\", [1, 3, 4]]": [1, -149.87140506589807, []], "[\"10.0.0.11_10.0.0.41\", [1, 3, 4]]": [1, -161.03914394465994, []], "[\"NoTrans\", []]": [1, -139.70431710079188, []]}}