{"{\"10.0.0.11_10.0.0.41\": [1, 3, 4], \"10.0.0.12_10.0.0.42\": [1, 3, 4], \"10.0.0.13_10.0.0.43\": [1, 3, 4]}": {"[\"10.0.0.12_10.0.0.42\", [1, 2, 4]]": [0, -140, []], "[\"10.0.0.13_10.0.0.43\", [1, 2, 4]]": [1, -140.28851087798495, []], "[\"10.0.0.11_10.0.0.41\", [1, 2, 4]]": [2, -139.52729222824075, []], "[\"NoTrans\", []]": [1, -195.9472201175697, []]}, "{\"10.0.0.11_10.0.0.41\": [1, 2, 4], \"10.0.0.12_10.0.0.42\": [1, 3, 4], \"10.0.0.13_10.0.0.43\": [1, 3, 4]}": {"[\"10.0.0.12_10.0.0.42\", [1, 2, 4]]": [1, -201.01772904423052, []], "[\"10.0.0.13_10.0.0.43\", [1, 2, 4]]": [1, -198.8879058861508, []], "[\"10.0.0.11_10.0.0.41\", [1, 3, 4]]": [2, -198.34910564613418, []], "[\"NoTrans\", []]": [363, -124.25874626765433, []]}, "{\"10.0.0.11_10.0.0.41\": [1, 3, 4], \"10.0.0.12_10.0.0.42\": [1, 3, 4], \"10.0.0.13_10.0.0.43\": [1, 2, 4]}": {"[\"10.0.0.12_10.0.0.42\", [1, 2, 4]]": [2, -200.76263986714082, []], "[\"10.0.0.13_10.0.0.43\", [1, 3, 4]]": [0, -140, []], "[\"10.0.0.11_10.0.0.41\", [1, 2, 4]]": [1, -202.82746940748297, []], "[\"NoTrans\", []]": [0, -140, []]}, "{\"10.0.0.11_10.0.0.41\": [1, 2, 4], \"10.0.0.12_10.0.0.42\": [1, 3, 4], \"10.0.0.13_10.0.0.43\": [1, 2, 4]}": {"[\"10.0.0.12_10.0.0.42\", [1, 2, 4]]": [1, -220.8122611999512, []], "[\"10.0.0.13_10.0.0.43\", [1, 3, 4]]": [1, -183.41787093708632, []], "[\"10.0.0.11_10.0.0.41\", [1, 3, 4]]": [1, -185.20822236118116, []], "[\"NoTrans\", []]": [1, -202.93357506422572, []]}, "{\"10.0.0.11_10.0.0.41\": [1, 3, 4], \"10.0.0.12_10.0.0.42\": [1, 2, 4], \"10.0.0.13_10.0.0.43\": [1, 3, 4]}": {"[\"10.0.0.12_10.0.0.42\", [1, 3, 4]]": [1, -198.70532760620117, []], "[\"10.0.0.13_10.0.0.43\", [1, 2, 4]]": [190, -198.24182235876683, []], "[\"10.0.0.11_10.0.0.41\", [1, 2, 4]]": [2, -201.11196078766284, []], "[\"NoTrans\", []]": [0, -140, []]}, "{\"10.0.0.11_10.0.0.41\": [1, 2, 4], \"10.0.0.12_10.0.0.42\": [1, 2, 4], \"10.0.0.13_10.0.0.43\": [1, 3, 4]}": {"[\"10.0.0.12_10.0.0.42\", [1, 3, 4]]": [2, -170.06060256648894, []], "[\"10.0.0.13_10.0.0.43\", [1, 2, 4]]": [1, -220.2638984680176, []], "[\"10.0.0.11_10.0.0.41\", [1, 3, 4]]": [1, -183.94511036186614, []], "[\"NoTrans\", []]": [1, -201.01945757256607, []]}, "{\"10.0.0.11_10.0.0.41\": [1, 3, 4], \"10.0.0.12_10.0.0.42\": [1, 2, 4], \"10.0.0.13_10.0.0.43\": [1, 2, 4]}": {"[\"10.0.0.12_10.0.0.42\", [1, 3, 4]]": [1, -183.13421672884905, []], "[\"10.0.0.13_10.0.0.43\", [1, 3, 4]]": [192, -190.8170342840818, []], "[\"10.0.0.11_10.0.0.41\", [1, 2, 4]]": [1, -213.89522333533262, []], "[\"NoTrans\", []]": [1, -201.7182024510245, []]}, "{\"10.0.0.11_10.0.0.41\": [1, 2, 4], \"10.0.0.12_10.0.0.42\": [1, 2, 4], \"10.0.0.13_10.0.0.43\": [1, 2, 4]}": {"[\"10.0.0.12_10.0.0.42\", [1, 3, 4]]": [1, -201.037268561912, []], "[\"10.0.0.13_10.0.0.43\", [1, 3, 4]]": [1, -202.04319856893227, []], "[\"10.0.0.11_10.0.0.41\", [1, 3, 4]]": [2, -220.15802406982846, []], "[\"NoTrans\", []]": [1, -218.36503753662112, []]}}