{"{\"10.0.0.11_10.0.0.41\": [1, 3, 4], \"10.0.0.12_10.0.0.42\": [1, 3, 4], \"10.0.0.13_10.0.0.43\": [1, 3, 4]}": {"[\"10.0.0.12_10.0.0.42\", [1, 2, 4]]": [11, -262.7292875291361, []], "[\"10.0.0.13_10.0.0.43\", [1, 2, 4]]": [5, -267.83727270600457, []], "[\"10.0.0.11_10.0.0.41\", [1, 2, 4]]": [31, -130.98223234354512, []], "[\"NoTrans\", []]": [33, -215.79350469159266, []]}, "{\"10.0.0.11_10.0.0.41\": [1, 2, 4], \"10.0.0.12_10.0.0.42\": [1, 3, 4], \"10.0.0.13_10.0.0.43\": [1, 3, 4]}": {"[\"10.0.0.12_10.0.0.42\", [1, 2, 4]]": [37, -270.12037700053935, []], "[\"10.0.0.13_10.0.0.43\", [1, 2, 4]]": [35, -288.99566597051825, []], "[\"10.0.0.11_10.0.0.41\", [1, 3, 4]]": [27, -227.36032197872828, []], "[\"NoTrans\", []]": [444, -146.675889374643, []]}, "{\"10.0.0.11_10.0.0.41\": [1, 3, 4], \"10.0.0.12_10.0.0.42\": [1, 3, 4], \"10.0.0.13_10.0.0.43\": [1, 2, 4]}": {"[\"10.0.0.12_10.0.0.42\", [1, 2, 4]]": [0, -Infinity, []], "[\"10.0.0.13_10.0.0.43\", [1, 3, 4]]": [8, -233.56770851366122, []], "[\"10.0.0.11_10.0.0.41\", [1, 2, 4]]": [1, -303.80943901316294, []], "[\"NoTrans\", []]": [5, -269.6821453559621, []]}, "{\"10.0.0.11_10.0.0.41\": [1, 2, 4], \"10.0.0.12_10.0.0.42\": [1, 3, 4], \"10.0.0.13_10.0.0.43\": [1, 2, 4]}": {"[\"10.0.0.12_10.0.0.42\", [1, 2, 4]]": [23, -354.9453174363964, []], "[\"10.0.0.13_10.0.0.43\", [1, 3, 4]]": [17, -201.2732074954579, []], "[\"10.0.0.11_10.0.0.41\", [1, 3, 4]]": [0, -Infinity, []], "[\"NoTrans\", []]": [4, -385.3579215435761, []]}, "{\"10.0.0.11_10.0.0.41\": [1, 3, 4], \"10.0.0.12_10.0.0.42\": [1, 2, 4], \"10.0.0.13_10.0.0.43\": [1, 3, 4]}": {"[\"10.0.0.12_10.0.0.42\", [1, 3, 4]]": [12, -234.41748235367336, []], "[\"10.0.0.13_10.0.0.43\", [1, 2, 4]]": [5, -284.44460145908175, []], "[\"10.0.0.11_10.0.0.41\", [1, 2, 4]]": [0, -Infinity, []], "[\"NoTrans\", []]": [2, -226.06114385511262, []]}, "{\"10.0.0.11_10.0.0.41\": [1, 2, 4], \"10.0.0.12_10.0.0.42\": [1, 2, 4], \"10.0.0.13_10.0.0.43\": [1, 3, 4]}": {"[\"10.0.0.12_10.0.0.42\", [1, 3, 4]]": [52, -174.6969730654109, []], "[\"10.0.0.13_10.0.0.43\", [1, 2, 4]]": [3, -345.54968727832244, []], "[\"10.0.0.11_10.0.0.41\", [1, 3, 4]]": [2, -252.23006482604396, []], "[\"NoTrans\", []]": [0, -Infinity, []]}, "{\"10.0.0.11_10.0.0.41\": [1, 3, 4], \"10.0.0.12_10.0.0.42\": [1, 2, 4], \"10.0.0.13_10.0.0.43\": [1, 2, 4]}": {"[\"10.0.0.12_10.0.0.42\", [1, 3, 4]]": [4, -272.1880973525598, []], "[\"10.0.0.13_10.0.0.43\", [1, 3, 4]]": [3, -250.8543962264423, []], "[\"10.0.0.11_10.0.0.41\", [1, 2, 4]]": [1, -240.2657811171208, []], "[\"NoTrans\", []]": [3, -247.53249484883827, []]}, "{\"10.0.0.11_10.0.0.41\": [1, 2, 4], \"10.0.0.12_10.0.0.42\": [1, 2, 4], \"10.0.0.13_10.0.0.43\": [1, 2, 4]}": {"[\"10.0.0.12_10.0.0.42\", [1, 3, 4]]": [4, -380.9784604026826, []], "[\"10.0.0.13_10.0.0.43\", [1, 3, 4]]": [20, -254.11229502107744, []], "[\"10.0.0.11_10.0.0.41\", [1, 3, 4]]": [3, -279.4521237149929, []], "[\"NoTrans\", []]": [3, -352.1090878635221, []]}}