{"{\"10.0.0.11_10.0.0.41\": [1, 3, 4], \"10.0.0.12_10.0.0.42\": [1, 3, 4], \"10.0.0.13_10.0.0.43\": [1, 3, 4]}": {"[\"10.0.0.13_10.0.0.43\", [1, 2, 4]]": [21, -303.94423631269075, []], "[\"10.0.0.12_10.0.0.42\", [1, 2, 4]]": [21, -309.31865722335704, []], "[\"10.0.0.11_10.0.0.41\", [1, 2, 4]]": [13, -211.7957728561491, []], "[\"NoTrans\", []]": [19, -276.63371207881596, []]}, "{\"10.0.0.11_10.0.0.41\": [1, 2, 4], \"10.0.0.12_10.0.0.42\": [1, 3, 4], \"10.0.0.13_10.0.0.43\": [1, 3, 4]}": {"[\"10.0.0.13_10.0.0.43\", [1, 2, 4]]": [17, -305.6806757080869, []], "[\"10.0.0.12_10.0.0.42\", [1, 2, 4]]": [16, -310.9986791235568, []], "[\"10.0.0.11_10.0.0.41\", [1, 3, 4]]": [15, -274.51259890561425, []], "[\"NoTrans\", []]": [25, -229.01174612506372, []]}, "{\"10.0.0.11_10.0.0.41\": [1, 3, 4], \"10.0.0.12_10.0.0.42\": [1, 2, 4], \"10.0.0.13_10.0.0.43\": [1, 3, 4]}": {"[\"10.0.0.13_10.0.0.43\", [1, 2, 4]]": [18, -349.4270669391069, []], "[\"10.0.0.12_10.0.0.42\", [1, 3, 4]]": [22, -273.3850076107687, []], "[\"10.0.0.11_10.0.0.41\", [1, 2, 4]]": [20, -308.2857496967547, []], "[\"NoTrans\", []]": [20, -307.43322277498874, []]}, "{\"10.0.0.11_10.0.0.41\": [1, 2, 4], \"10.0.0.12_10.0.0.42\": [1, 2, 4], \"10.0.0.13_10.0.0.43\": [1, 3, 4]}": {"[\"10.0.0.13_10.0.0.43\", [1, 2, 4]]": [12, -365.0103194213727, []], "[\"10.0.0.12_10.0.0.42\", [1, 3, 4]]": [20, -252.72697783267162, []], "[\"10.0.0.11_10.0.0.41\", [1, 3, 4]]": [17, -309.966483084189, []], "[\"NoTrans\", []]": [13, -307.27994571710184, []]}, "{\"10.0.0.11_10.0.0.41\": [1, 3, 4], \"10.0.0.12_10.0.0.42\": [1, 3, 4], \"10.0.0.13_10.0.0.43\": [1, 2, 4]}": {"[\"10.0.0.13_10.0.0.43\", [1, 3, 4]]": [18, -270.7519989344461, []], "[\"10.0.0.12_10.0.0.42\", [1, 2, 4]]": [18, -353.578068590343, []], "[\"10.0.0.11_10.0.0.41\", [1, 2, 4]]": [19, -313.15973070904516, []], "[\"NoTrans\", []]": [25, -305.69368836012234, []]}, "{\"10.0.0.11_10.0.0.41\": [1, 2, 4], \"10.0.0.12_10.0.0.42\": [1, 3, 4], \"10.0.0.13_10.0.0.43\": [1, 2, 4]}": {"[\"10.0.0.13_10.0.0.43\", [1, 3, 4]]": [15, -247.24593274621867, []], "[\"10.0.0.12_10.0.0.42\", [1, 2, 4]]": [16, -363.49992263769457, []], "[\"10.0.0.11_10.0.0.41\", [1, 3, 4]]": [23, -306.2785979976134, []], "[\"NoTrans\", []]": [16, -304.6495587938766, []]}, "{\"10.0.0.11_10.0.0.41\": [1, 3, 4], \"10.0.0.12_10.0.0.42\": [1, 2, 4], \"10.0.0.13_10.0.0.43\": [1, 2, 4]}": {"[\"10.0.0.13_10.0.0.43\", [1, 3, 4]]": [22, -305.32173142926786, []], "[\"10.0.0.12_10.0.0.42\", [1, 3, 4]]": [12, -300.5408770939764, []], "[\"10.0.0.11_10.0.0.41\", [1, 2, 4]]": [17, -376.9627015801773, []], "[\"NoTrans\", []]": [11, -351.69402601430534, []]}, "{\"10.0.0.11_10.0.0.41\": [1, 2, 4], \"10.0.0.12_10.0.0.42\": [1, 2, 4], \"10.0.0.13_10.0.0.43\": [1, 2, 4]}": {"[\"10.0.0.13_10.0.0.43\", [1, 3, 4]]": [12, -310.46893626824743, []], "[\"10.0.0.12_10.0.0.42\", [1, 3, 4]]": [18, -307.16921173039077, []], "[\"10.0.0.11_10.0.0.41\", [1, 3, 4]]": [15, -327.2805281217746, []], "[\"NoTrans\", []]": [13, -375.77409374958637, []]}}