{"{\"10.0.0.11_10.0.0.41\": [1, 3, 4], \"10.0.0.12_10.0.0.42\": [1, 3, 4], \"10.0.0.13_10.0.0.43\": [1, 3, 4]}": {"[\"10.0.0.11_10.0.0.41\", [1, 2, 4]]": [63, -132.80042929831643, []], "[\"10.0.0.13_10.0.0.43\", [1, 2, 4]]": [12, -332.0405602071749, []], "[\"10.0.0.12_10.0.0.42\", [1, 2, 4]]": [8, -260.05584781436244, []], "[\"NoTrans\", []]": [7, -217.4974692425348, []]}, "{\"10.0.0.11_10.0.0.41\": [1, 3, 4], \"10.0.0.12_10.0.0.42\": [1, 2, 4], \"10.0.0.13_10.0.0.43\": [1, 3, 4]}": {"[\"10.0.0.11_10.0.0.41\", [1, 2, 4]]": [4, -296.4616927717885, []], "[\"10.0.0.13_10.0.0.43\", [1, 2, 4]]": [15, -311.81255148306565, []], "[\"10.0.0.12_10.0.0.42\", [1, 3, 4]]": [52, -226.682422461616, []], "[\"NoTrans\", []]": [7, -239.01222571284669, []]}, "{\"10.0.0.11_10.0.0.41\": [1, 3, 4], \"10.0.0.12_10.0.0.42\": [1, 3, 4], \"10.0.0.13_10.0.0.43\": [1, 2, 4]}": {"[\"10.0.0.11_10.0.0.41\", [1, 2, 4]]": [8, -357.7524805552134, []], "[\"10.0.0.13_10.0.0.43\", [1, 3, 4]]": [0, -Infinity, []], "[\"10.0.0.12_10.0.0.42\", [1, 2, 4]]": [34, -311.87928358175634, []], "[\"NoTrans\", []]": [9, -360.70212431659115, []]}, "{\"10.0.0.11_10.0.0.41\": [1, 3, 4], \"10.0.0.12_10.0.0.42\": [1, 2, 4], \"10.0.0.13_10.0.0.43\": [1, 2, 4]}": {"[\"10.0.0.11_10.0.0.41\", [1, 2, 4]]": [16, -412.37551815678205, []], "[\"10.0.0.13_10.0.0.43\", [1, 3, 4]]": [48, -262.6251864635368, []], "[\"10.0.0.12_10.0.0.42\", [1, 3, 4]]": [3, -326.9233232886901, []], "[\"NoTrans\", []]": [1, -446.9411330076357, []]}, "{\"10.0.0.11_10.0.0.41\": [1, 2, 4], \"10.0.0.12_10.0.0.42\": [1, 3, 4], \"10.0.0.13_10.0.0.43\": [1, 3, 4]}": {"[\"10.0.0.11_10.0.0.41\", [1, 3, 4]]": [31, -227.36595702627807, []], "[\"10.0.0.13_10.0.0.43\", [1, 2, 4]]": [20, -369.36263219444743, []], "[\"10.0.0.12_10.0.0.42\", [1, 2, 4]]": [18, -252.43999230719135, []], "[\"NoTrans\", []]": [349, -123.9781709411145, []]}, "{\"10.0.0.11_10.0.0.41\": [1, 2, 4], \"10.0.0.12_10.0.0.42\": [1, 2, 4], \"10.0.0.13_10.0.0.43\": [1, 3, 4]}": {"[\"10.0.0.11_10.0.0.41\", [1, 3, 4]]": [15, -261.8645182157602, []], "[\"10.0.0.13_10.0.0.43\", [1, 2, 4]]": [1, -312.9948903891336, []], "[\"10.0.0.12_10.0.0.42\", [1, 3, 4]]": [7, -199.42153680098608, []], "[\"NoTrans\", []]": [2, -280.9760912739372, []]}, "{\"10.0.0.11_10.0.0.41\": [1, 2, 4], \"10.0.0.12_10.0.0.42\": [1, 3, 4], \"10.0.0.13_10.0.0.43\": [1, 2, 4]}": {"[\"10.0.0.11_10.0.0.41\", [1, 3, 4]]": [27, -334.7847416653494, []], "[\"10.0.0.13_10.0.0.43\", [1, 3, 4]]": [0, -Infinity, []], "[\"10.0.0.12_10.0.0.42\", [1, 2, 4]]": [1, -458.27149296712633, []], "[\"NoTrans\", []]": [3, -357.8963972852824, []]}, "{\"10.0.0.11_10.0.0.41\": [1, 2, 4], \"10.0.0.12_10.0.0.42\": [1, 2, 4], \"10.0.0.13_10.0.0.43\": [1, 2, 4]}": {"[\"10.0.0.11_10.0.0.41\", [1, 3, 4]]": [18, -310.9232382829417, []], "[\"10.0.0.13_10.0.0.43\", [1, 3, 4]]": [0, -Infinity, []], "[\"10.0.0.12_10.0.0.42\", [1, 3, 4]]": [0, -Infinity, []], "[\"NoTrans\", []]": [8, -413.4465953531258, []]}}