{"{\"10.0.0.11_10.0.0.41\": [1, 3, 4], \"10.0.0.12_10.0.0.42\": [1, 3, 4], \"10.0.0.13_10.0.0.43\": [1, 3, 4]}": {"[\"10.0.0.13_10.0.0.43\", [1, 2, 4]]": [0, -140, []], "[\"10.0.0.12_10.0.0.42\", [1, 2, 4]]": [1, -140.0976987946708, []], "[\"10.0.0.11_10.0.0.41\", [1, 2, 4]]": [1, -140.11580244352385, []], "[\"NoTrans\", []]": [0, -140, []]}, "{\"10.0.0.11_10.0.0.41\": [1, 2, 4], \"10.0.0.12_10.0.0.42\": [1, 3, 4], \"10.0.0.13_10.0.0.43\": [1, 3, 4]}": {"[\"10.0.0.13_10.0.0.43\", [1, 2, 4]]": [12, -166.0199040422764, []], "[\"10.0.0.12_10.0.0.42\", [1, 2, 4]]": [1, -202.9123079433245, []], "[\"10.0.0.11_10.0.0.41\", [1, 3, 4]]": [1, -201.8677116394043, []], "[\"NoTrans\", []]": [666, -136.73823494614888, []]}, "{\"10.0.0.11_10.0.0.41\": [1, 3, 4], \"10.0.0.12_10.0.0.42\": [1, 2, 4], \"10.0.0.13_10.0.0.43\": [1, 3, 4]}": {"[\"10.0.0.13_10.0.0.43\", [1, 2, 4]]": [10, -140.12149173033913, []], "[\"10.0.0.12_10.0.0.42\", [1, 3, 4]]": [1, -201.10324630737304, []], "[\"10.0.0.11_10.0.0.41\", [1, 2, 4]]": [1, -205.53246849524123, []], "[\"NoTrans\", []]": [2, -141.68634571171714, []]}, "{\"10.0.0.11_10.0.0.41\": [1, 2, 4], \"10.0.0.12_10.0.0.42\": [1, 2, 4], \"10.0.0.13_10.0.0.43\": [1, 3, 4]}": {"[\"10.0.0.13_10.0.0.43\", [1, 2, 4]]": [0, -140, []], "[\"10.0.0.12_10.0.0.42\", [1, 3, 4]]": [1, -170.76243236056933, []], "[\"10.0.0.11_10.0.0.41\", [1, 3, 4]]": [1, -144.8497178916887, []], "[\"NoTrans\", []]": [1, -205.0933158844735, []]}, "{\"10.0.0.11_10.0.0.41\": [1, 3, 4], \"10.0.0.12_10.0.0.42\": [1, 3, 4], \"10.0.0.13_10.0.0.43\": [1, 2, 4]}": {"[\"10.0.0.13_10.0.0.43\", [1, 3, 4]]": [0, -140, []], "[\"10.0.0.12_10.0.0.42\", [1, 2, 4]]": [0, -140, []], "[\"10.0.0.11_10.0.0.41\", [1, 2, 4]]": [2, -138.77756725574415, []], "[\"NoTrans\", []]": [1, -188.2376905892648, []]}, "{\"10.0.0.11_10.0.0.41\": [1, 2, 4], \"10.0.0.12_10.0.0.42\": [1, 3, 4], \"10.0.0.13_10.0.0.43\": [1, 2, 4]}": {"[\"10.0.0.13_10.0.0.43\", [1, 3, 4]]": [13, -141.04063987980624, []], "[\"10.0.0.12_10.0.0.42\", [1, 2, 4]]": [1, -228.28983078002932, []], "[\"10.0.0.11_10.0.0.41\", [1, 3, 4]]": [1, -188.1896014855562, []], "[\"NoTrans\", []]": [14, -148.65865098819242, []]}, "{\"10.0.0.11_10.0.0.41\": [1, 3, 4], \"10.0.0.12_10.0.0.42\": [1, 2, 4], \"10.0.0.13_10.0.0.43\": [1, 2, 4]}": {"[\"10.0.0.13_10.0.0.43\", [1, 3, 4]]": [10, -138.2915948908007, []], "[\"10.0.0.12_10.0.0.42\", [1, 3, 4]]": [1, -189.65726813379874, []], "[\"10.0.0.11_10.0.0.41\", [1, 2, 4]]": [1, -232.55483591181803, []], "[\"NoTrans\", []]": [45, -142.7264266357352, []]}, "{\"10.0.0.11_10.0.0.41\": [1, 2, 4], \"10.0.0.12_10.0.0.42\": [1, 2, 4], \"10.0.0.13_10.0.0.43\": [1, 2, 4]}": {"[\"10.0.0.13_10.0.0.43\", [1, 3, 4]]": [0, -140, []], "[\"10.0.0.12_10.0.0.42\", [1, 3, 4]]": [1, -194.74007337162863, []], "[\"10.0.0.11_10.0.0.41\", [1, 3, 4]]": [2, -139.4245246116425, []], "[\"NoTrans\", []]": [1, -216.0794616699219, []]}}