{"{\"10.0.0.11_10.0.0.41\": [1, 3, 4], \"10.0.0.12_10.0.0.42\": [1, 3, 4], \"10.0.0.13_10.0.0.43\": [1, 3, 4]}": {"[\"10.0.0.13_10.0.0.43\", [1, 2, 4]]": [2, -244.51488020645638, []], "[\"10.0.0.12_10.0.0.42\", [1, 2, 4]]": [3, -246.27303869900706, []], "[\"10.0.0.11_10.0.0.41\", [1, 2, 4]]": [19, -119.75557318709444, []], "[\"NoTrans\", []]": [3, -221.61238214708092, []]}, "{\"10.0.0.11_10.0.0.41\": [1, 2, 4], \"10.0.0.12_10.0.0.42\": [1, 3, 4], \"10.0.0.13_10.0.0.43\": [1, 3, 4]}": {"[\"10.0.0.13_10.0.0.43\", [1, 2, 4]]": [9, -256.86059026534014, []], "[\"10.0.0.12_10.0.0.42\", [1, 2, 4]]": [8, -257.93312180891013, []], "[\"10.0.0.11_10.0.0.41\", [1, 3, 4]]": [14, -227.1736040514121, []], "[\"NoTrans\", []]": [523, -122.05320180634729, []]}, "{\"10.0.0.11_10.0.0.41\": [1, 3, 4], \"10.0.0.12_10.0.0.42\": [1, 2, 4], \"10.0.0.13_10.0.0.43\": [1, 3, 4]}": {"[\"10.0.0.13_10.0.0.43\", [1, 2, 4]]": [3, -261.7955201332999, []], "[\"10.0.0.12_10.0.0.42\", [1, 3, 4]]": [5, -204.0690118894769, []], "[\"10.0.0.11_10.0.0.41\", [1, 2, 4]]": [2, -239.48165930113402, []], "[\"NoTrans\", []]": [4, -248.0270297976861, []]}, "{\"10.0.0.11_10.0.0.41\": [1, 2, 4], \"10.0.0.12_10.0.0.42\": [1, 2, 4], \"10.0.0.13_10.0.0.43\": [1, 3, 4]}": {"[\"10.0.0.13_10.0.0.43\", [1, 2, 4]]": [2, -278.4206064990643, []], "[\"10.0.0.12_10.0.0.42\", [1, 3, 4]]": [6, -186.0168721912175, []], "[\"10.0.0.11_10.0.0.41\", [1, 3, 4]]": [4, -250.68859249407006, []], "[\"NoTrans\", []]": [3, -245.19844216168784, []]}, "{\"10.0.0.11_10.0.0.41\": [1, 3, 4], \"10.0.0.12_10.0.0.42\": [1, 3, 4], \"10.0.0.13_10.0.0.43\": [1, 2, 4]}": {"[\"10.0.0.13_10.0.0.43\", [1, 3, 4]]": [5, -216.34241134722936, []], "[\"10.0.0.12_10.0.0.42\", [1, 2, 4]]": [3, -263.01575393374355, []], "[\"10.0.0.11_10.0.0.41\", [1, 2, 4]]": [1, -232.70832762316434, []], "[\"NoTrans\", []]": [4, -259.64672967686676, []]}, "{\"10.0.0.11_10.0.0.41\": [1, 2, 4], \"10.0.0.12_10.0.0.42\": [1, 3, 4], \"10.0.0.13_10.0.0.43\": [1, 2, 4]}": {"[\"10.0.0.13_10.0.0.43\", [1, 3, 4]]": [7, -179.4831054297518, []], "[\"10.0.0.12_10.0.0.42\", [1, 2, 4]]": [2, -279.87985869523595, []], "[\"10.0.0.11_10.0.0.41\", [1, 3, 4]]": [4, -259.9528899270631, []], "[\"NoTrans\", []]": [3, -257.815696144154, []]}, "{\"10.0.0.11_10.0.0.41\": [1, 3, 4], \"10.0.0.12_10.0.0.42\": [1, 2, 4], \"10.0.0.13_10.0.0.43\": [1, 2, 4]}": {"[\"10.0.0.13_10.0.0.43\", [1, 3, 4]]": [3, -254.70227241320612, []], "[\"10.0.0.12_10.0.0.42\", [1, 3, 4]]": [3, -250.93182351605515, []], "[\"10.0.0.11_10.0.0.41\", [1, 2, 4]]": [2, -282.73771544572423, []], "[\"NoTrans\", []]": [2, -255.64906983614813, []]}, "{\"10.0.0.11_10.0.0.41\": [1, 2, 4], \"10.0.0.12_10.0.0.42\": [1, 2, 4], \"10.0.0.13_10.0.0.43\": [1, 2, 4]}": {"[\"10.0.0.13_10.0.0.43\", [1, 3, 4]]": [2, -250.70358007092972, []], "[\"10.0.0.12_10.0.0.42\", [1, 3, 4]]": [3, -243.68030287414058, []], "[\"10.0.0.11_10.0.0.41\", [1, 3, 4]]": [2, -236.94419411035727, []], "[\"NoTrans\", []]": [1, -224.3537307739258, []]}}