{"{\"10.0.0.11_10.0.0.41\": [1, 3, 4], \"10.0.0.12_10.0.0.42\": [1, 3, 4], \"10.0.0.13_10.0.0.43\": [1, 3, 4]}": {"[\"10.0.0.12_10.0.0.42\", [1, 2, 4]]": [17, -279.64125049380823, []], "[\"10.0.0.13_10.0.0.43\", [1, 2, 4]]": [15, -287.6163855621167, []], "[\"10.0.0.11_10.0.0.41\", [1, 2, 4]]": [22, -188.213602521591, []], "[\"NoTrans\", []]": [25, -255.57067284864968, []]}, "{\"10.0.0.11_10.0.0.41\": [1, 2, 4], \"10.0.0.12_10.0.0.42\": [1, 3, 4], \"10.0.0.13_10.0.0.43\": [1, 3, 4]}": {"[\"10.0.0.12_10.0.0.42\", [1, 2, 4]]": [22, -288.1555994354505, []], "[\"10.0.0.13_10.0.0.43\", [1, 2, 4]]": [24, -289.3322422014235, []], "[\"10.0.0.11_10.0.0.41\", [1, 3, 4]]": [18, -257.0275645800585, []], "[\"NoTrans\", []]": [13, -198.35746192225918, []]}, "{\"10.0.0.11_10.0.0.41\": [1, 3, 4], \"10.0.0.12_10.0.0.42\": [1, 3, 4], \"10.0.0.13_10.0.0.43\": [1, 2, 4]}": {"[\"10.0.0.12_10.0.0.42\", [1, 2, 4]]": [20, -332.3625603889887, []], "[\"10.0.0.13_10.0.0.43\", [1, 3, 4]]": [16, -253.45471566162246, []], "[\"10.0.0.11_10.0.0.41\", [1, 2, 4]]": [18, -291.32794116292996, []], "[\"NoTrans\", []]": [18, -285.7214209576662, []]}, "{\"10.0.0.11_10.0.0.41\": [1, 2, 4], \"10.0.0.12_10.0.0.42\": [1, 3, 4], \"10.0.0.13_10.0.0.43\": [1, 2, 4]}": {"[\"10.0.0.12_10.0.0.42\", [1, 2, 4]]": [15, -351.78462724294354, []], "[\"10.0.0.13_10.0.0.43\", [1, 3, 4]]": [27, -230.38075770295887, []], "[\"10.0.0.11_10.0.0.41\", [1, 3, 4]]": [16, -286.6725330518802, []], "[\"NoTrans\", []]": [22, -293.1673871414602, []]}, "{\"10.0.0.11_10.0.0.41\": [1, 3, 4], \"10.0.0.12_10.0.0.42\": [1, 2, 4], \"10.0.0.13_10.0.0.43\": [1, 3, 4]}": {"[\"10.0.0.12_10.0.0.42\", [1, 3, 4]]": [20, -242.7968719335232, []], "[\"10.0.0.13_10.0.0.43\", [1, 2, 4]]": [18, -335.2627667230182, []], "[\"10.0.0.11_10.0.0.41\", [1, 2, 4]]": [9, -277.77927103272015, []], "[\"NoTrans\", []]": [6, -279.94732325280773, []]}, "{\"10.0.0.11_10.0.0.41\": [1, 2, 4], \"10.0.0.12_10.0.0.42\": [1, 2, 4], \"10.0.0.13_10.0.0.43\": [1, 3, 4]}": {"[\"10.0.0.12_10.0.0.42\", [1, 3, 4]]": [15, -227.36122384323582, []], "[\"10.0.0.13_10.0.0.43\", [1, 2, 4]]": [13, -359.4049629714696, []], "[\"10.0.0.11_10.0.0.41\", [1, 3, 4]]": [16, -282.2154949259198, []], "[\"NoTrans\", []]": [10, -282.5744329902053, []]}, "{\"10.0.0.11_10.0.0.41\": [1, 3, 4], \"10.0.0.12_10.0.0.42\": [1, 2, 4], \"10.0.0.13_10.0.0.43\": [1, 2, 4]}": {"[\"10.0.0.12_10.0.0.42\", [1, 3, 4]]": [23, -285.7112206148481, []], "[\"10.0.0.13_10.0.0.43\", [1, 3, 4]]": [15, -280.46704903481395, []], "[\"10.0.0.11_10.0.0.41\", [1, 2, 4]]": [14, -354.947118119539, []], "[\"NoTrans\", []]": [17, -335.146372469368, []]}, "{\"10.0.0.11_10.0.0.41\": [1, 2, 4], \"10.0.0.12_10.0.0.42\": [1, 2, 4], \"10.0.0.13_10.0.0.43\": [1, 2, 4]}": {"[\"10.0.0.12_10.0.0.42\", [1, 3, 4]]": [16, -290.377458866513, []], "[\"10.0.0.13_10.0.0.43\", [1, 3, 4]]": [13, -287.3520113400237, []], "[\"10.0.0.11_10.0.0.41\", [1, 3, 4]]": [14, -332.87182114671816, []], "[\"NoTrans\", []]": [14, -353.26428129686025, []]}}