{"{\"10.0.0.11_10.0.0.41\": [1, 3, 4], \"10.0.0.12_10.0.0.42\": [1, 3, 4], \"10.0.0.13_10.0.0.43\": [1, 3, 4]}": {"[\"10.0.0.13_10.0.0.43\", [1, 2, 4]]": [12, -287.06460175714926, []], "[\"10.0.0.11_10.0.0.41\", [1, 2, 4]]": [24, -197.79620849632155, []], "[\"10.0.0.12_10.0.0.42\", [1, 2, 4]]": [18, -283.6760968401068, []], "[\"NoTrans\", []]": [13, -251.104822003337, []]}, "{\"10.0.0.11_10.0.0.41\": [1, 3, 4], \"10.0.0.12_10.0.0.42\": [1, 2, 4], \"10.0.0.13_10.0.0.43\": [1, 3, 4]}": {"[\"10.0.0.13_10.0.0.43\", [1, 2, 4]]": [21, -332.1989654497832, []], "[\"10.0.0.11_10.0.0.41\", [1, 2, 4]]": [12, -283.81574678608933, []], "[\"10.0.0.12_10.0.0.42\", [1, 3, 4]]": [17, -250.65813182540293, []], "[\"NoTrans\", []]": [13, -284.9112168293932, []]}, "{\"10.0.0.11_10.0.0.41\": [1, 2, 4], \"10.0.0.12_10.0.0.42\": [1, 3, 4], \"10.0.0.13_10.0.0.43\": [1, 3, 4]}": {"[\"10.0.0.13_10.0.0.43\", [1, 2, 4]]": [24, -282.4242064256268, []], "[\"10.0.0.11_10.0.0.41\", [1, 3, 4]]": [19, -257.33430864626314, []], "[\"10.0.0.12_10.0.0.42\", [1, 2, 4]]": [12, -278.35703331773317, []], "[\"NoTrans\", []]": [21, -202.84446301301193, []]}, "{\"10.0.0.11_10.0.0.41\": [1, 2, 4], \"10.0.0.12_10.0.0.42\": [1, 2, 4], \"10.0.0.13_10.0.0.43\": [1, 3, 4]}": {"[\"10.0.0.13_10.0.0.43\", [1, 2, 4]]": [6, -344.0124131235199, []], "[\"10.0.0.11_10.0.0.41\", [1, 3, 4]]": [11, -281.79261750537296, []], "[\"10.0.0.12_10.0.0.42\", [1, 3, 4]]": [15, -224.81958508164644, []], "[\"NoTrans\", []]": [11, -278.84684964179314, []]}, "{\"10.0.0.11_10.0.0.41\": [1, 3, 4], \"10.0.0.12_10.0.0.42\": [1, 3, 4], \"10.0.0.13_10.0.0.43\": [1, 2, 4]}": {"[\"10.0.0.13_10.0.0.43\", [1, 3, 4]]": [18, -254.73729552660865, []], "[\"10.0.0.11_10.0.0.41\", [1, 2, 4]]": [13, -283.8355145995554, []], "[\"10.0.0.12_10.0.0.42\", [1, 2, 4]]": [21, -330.07277470164826, []], "[\"NoTrans\", []]": [22, -286.6430481155703, []]}, "{\"10.0.0.11_10.0.0.41\": [1, 3, 4], \"10.0.0.12_10.0.0.42\": [1, 2, 4], \"10.0.0.13_10.0.0.43\": [1, 2, 4]}": {"[\"10.0.0.13_10.0.0.43\", [1, 3, 4]]": [20, -282.67581108716945, []], "[\"10.0.0.11_10.0.0.41\", [1, 2, 4]]": [16, -354.6695113135594, []], "[\"10.0.0.12_10.0.0.42\", [1, 3, 4]]": [22, -284.60181811204865, []], "[\"NoTrans\", []]": [13, -320.88933422341177, []]}, "{\"10.0.0.11_10.0.0.41\": [1, 2, 4], \"10.0.0.12_10.0.0.42\": [1, 3, 4], \"10.0.0.13_10.0.0.43\": [1, 2, 4]}": {"[\"10.0.0.13_10.0.0.43\", [1, 3, 4]]": [16, -223.91891634825825, []], "[\"10.0.0.11_10.0.0.41\", [1, 3, 4]]": [18, -284.4211644884076, []], "[\"10.0.0.12_10.0.0.42\", [1, 2, 4]]": [14, -353.9173516327035, []], "[\"NoTrans\", []]": [19, -284.2883188023125, []]}, "{\"10.0.0.11_10.0.0.41\": [1, 2, 4], \"10.0.0.12_10.0.0.42\": [1, 2, 4], \"10.0.0.13_10.0.0.43\": [1, 2, 4]}": {"[\"10.0.0.13_10.0.0.43\", [1, 3, 4]]": [9, -285.3811307000516, []], "[\"10.0.0.11_10.0.0.41\", [1, 3, 4]]": [16, -331.7328163533969, []], "[\"10.0.0.12_10.0.0.42\", [1, 3, 4]]": [11, -282.12850651089485, []], "[\"NoTrans\", []]": [6, -341.811697980389, []]}}