{"{\"10.0.0.11_10.0.0.41\": [1, 3, 4], \"10.0.0.12_10.0.0.42\": [1, 3, 4], \"10.0.0.13_10.0.0.43\": [1, 3, 4]}": {"[\"10.0.0.12_10.0.0.42\", [1, 2, 4]]": [23, -273.04248267397867, []], "[\"10.0.0.13_10.0.0.43\", [1, 2, 4]]": [14, -277.4179818571933, []], "[\"10.0.0.11_10.0.0.41\", [1, 2, 4]]": [28, -167.033843343306, []], "[\"NoTrans\", []]": [15, -239.87483484453932, []]}, "{\"10.0.0.11_10.0.0.41\": [1, 2, 4], \"10.0.0.12_10.0.0.42\": [1, 3, 4], \"10.0.0.13_10.0.0.43\": [1, 3, 4]}": {"[\"10.0.0.12_10.0.0.42\", [1, 2, 4]]": [25, -271.9754941534275, []], "[\"10.0.0.13_10.0.0.43\", [1, 2, 4]]": [16, -274.5565800632335, []], "[\"10.0.0.11_10.0.0.41\", [1, 3, 4]]": [23, -237.2848028616194, []], "[\"NoTrans\", []]": [24, -172.73624972767522, []]}, "{\"10.0.0.11_10.0.0.41\": [1, 3, 4], \"10.0.0.12_10.0.0.42\": [1, 3, 4], \"10.0.0.13_10.0.0.43\": [1, 2, 4]}": {"[\"10.0.0.12_10.0.0.42\", [1, 2, 4]]": [17, -336.33998735636237, []], "[\"10.0.0.13_10.0.0.43\", [1, 3, 4]]": [19, -237.98698669131508, []], "[\"10.0.0.11_10.0.0.41\", [1, 2, 4]]": [13, -286.36330879534444, []], "[\"NoTrans\", []]": [19, -277.8204823381563, []]}, "{\"10.0.0.11_10.0.0.41\": [1, 2, 4], \"10.0.0.12_10.0.0.42\": [1, 3, 4], \"10.0.0.13_10.0.0.43\": [1, 2, 4]}": {"[\"10.0.0.12_10.0.0.42\", [1, 2, 4]]": [13, -350.7230192047656, []], "[\"10.0.0.13_10.0.0.43\", [1, 3, 4]]": [15, -195.5070645414106, []], "[\"10.0.0.11_10.0.0.41\", [1, 3, 4]]": [12, -275.59113751168815, []], "[\"NoTrans\", []]": [15, -273.29401058697306, []]}, "{\"10.0.0.11_10.0.0.41\": [1, 3, 4], \"10.0.0.12_10.0.0.42\": [1, 2, 4], \"10.0.0.13_10.0.0.43\": [1, 3, 4]}": {"[\"10.0.0.12_10.0.0.42\", [1, 3, 4]]": [23, -240.26568247043545, []], "[\"10.0.0.13_10.0.0.43\", [1, 2, 4]]": [17, -331.35673210947704, []], "[\"10.0.0.11_10.0.0.41\", [1, 2, 4]]": [18, -280.80746845225724, []], "[\"NoTrans\", []]": [15, -279.2218804948732, []]}, "{\"10.0.0.11_10.0.0.41\": [1, 2, 4], \"10.0.0.12_10.0.0.42\": [1, 2, 4], \"10.0.0.13_10.0.0.43\": [1, 3, 4]}": {"[\"10.0.0.12_10.0.0.42\", [1, 3, 4]]": [22, -206.02650693919287, []], "[\"10.0.0.13_10.0.0.43\", [1, 2, 4]]": [12, -349.41068443842147, []], "[\"10.0.0.11_10.0.0.41\", [1, 3, 4]]": [24, -281.8120327929711, []], "[\"NoTrans\", []]": [23, -272.0638623343231, []]}, "{\"10.0.0.11_10.0.0.41\": [1, 3, 4], \"10.0.0.12_10.0.0.42\": [1, 2, 4], \"10.0.0.13_10.0.0.43\": [1, 2, 4]}": {"[\"10.0.0.12_10.0.0.42\", [1, 3, 4]]": [23, -279.6494646874191, []], "[\"10.0.0.13_10.0.0.43\", [1, 3, 4]]": [11, -279.5605433371796, []], "[\"10.0.0.11_10.0.0.41\", [1, 2, 4]]": [10, -353.0674165940911, []], "[\"NoTrans\", []]": [11, -333.10188460049073, []]}, "{\"10.0.0.11_10.0.0.41\": [1, 2, 4], \"10.0.0.12_10.0.0.42\": [1, 2, 4], \"10.0.0.13_10.0.0.43\": [1, 2, 4]}": {"[\"10.0.0.12_10.0.0.42\", [1, 3, 4]]": [11, -275.34443825352906, []], "[\"10.0.0.13_10.0.0.43\", [1, 3, 4]]": [15, -270.98831005666506, []], "[\"10.0.0.11_10.0.0.41\", [1, 3, 4]]": [9, -326.6732135919875, []], "[\"NoTrans\", []]": [7, -353.14679339744475, []]}}