{"{\"10.0.0.11_10.0.0.41\": [1, 3, 4], \"10.0.0.12_10.0.0.42\": [1, 3, 4], \"10.0.0.13_10.0.0.43\": [1, 3, 4]}": {"[\"10.0.0.12_10.0.0.42\", [1, 2, 4]]": [1, -186.90666062318164, []], "[\"10.0.0.11_10.0.0.41\", [1, 2, 4]]": [2, -139.08309910302907, []], "[\"10.0.0.13_10.0.0.43\", [1, 2, 4]]": [0, -140, []], "[\"NoTrans\", []]": [1, -205.66934356689455, []]}, "{\"10.0.0.11_10.0.0.41\": [1, 3, 4], \"10.0.0.12_10.0.0.42\": [1, 3, 4], \"10.0.0.13_10.0.0.43\": [1, 2, 4]}": {"[\"10.0.0.12_10.0.0.42\", [1, 2, 4]]": [1, -204.43206471096113, []], "[\"10.0.0.11_10.0.0.41\", [1, 2, 4]]": [1, -202.46942540643826, []], "[\"10.0.0.13_10.0.0.43\", [1, 3, 4]]": [1, -202.3412109375, []], "[\"NoTrans\", []]": [0, -140, []]}, "{\"10.0.0.11_10.0.0.41\": [1, 2, 4], \"10.0.0.12_10.0.0.42\": [1, 3, 4], \"10.0.0.13_10.0.0.43\": [1, 3, 4]}": {"[\"10.0.0.12_10.0.0.42\", [1, 2, 4]]": [1, -205.96415926981808, []], "[\"10.0.0.11_10.0.0.41\", [1, 3, 4]]": [1, -203.42842175860247, []], "[\"10.0.0.13_10.0.0.43\", [1, 2, 4]]": [1, -205.83049118694333, []], "[\"NoTrans\", []]": [368, -143.19658492869672, []]}, "{\"10.0.0.11_10.0.0.41\": [1, 2, 4], \"10.0.0.12_10.0.0.42\": [1, 3, 4], \"10.0.0.13_10.0.0.43\": [1, 2, 4]}": {"[\"10.0.0.12_10.0.0.42\", [1, 2, 4]]": [1, -220.81264266967776, []], "[\"10.0.0.11_10.0.0.41\", [1, 3, 4]]": [1, -185.28561622911212, []], "[\"10.0.0.13_10.0.0.43\", [1, 3, 4]]": [1, -176.00881058483893, []], "[\"NoTrans\", []]": [1, -205.51040126367266, []]}, "{\"10.0.0.11_10.0.0.41\": [1, 3, 4], \"10.0.0.12_10.0.0.42\": [1, 2, 4], \"10.0.0.13_10.0.0.43\": [1, 3, 4]}": {"[\"10.0.0.12_10.0.0.42\", [1, 3, 4]]": [0, -140, []], "[\"10.0.0.11_10.0.0.41\", [1, 2, 4]]": [0, -140, []], "[\"10.0.0.13_10.0.0.43\", [1, 2, 4]]": [2, -206.43797423400815, []], "[\"NoTrans\", []]": [0, -140, []]}, "{\"10.0.0.11_10.0.0.41\": [1, 3, 4], \"10.0.0.12_10.0.0.42\": [1, 2, 4], \"10.0.0.13_10.0.0.43\": [1, 2, 4]}": {"[\"10.0.0.12_10.0.0.42\", [1, 3, 4]]": [2, -197.9287957040258, []], "[\"10.0.0.11_10.0.0.41\", [1, 2, 4]]": [1, -223.756063079834, []], "[\"10.0.0.13_10.0.0.43\", [1, 3, 4]]": [1, -185.6249961270333, []], "[\"NoTrans\", []]": [396, -183.03475665761266, []]}, "{\"10.0.0.11_10.0.0.41\": [1, 2, 4], \"10.0.0.12_10.0.0.42\": [1, 2, 4], \"10.0.0.13_10.0.0.43\": [1, 3, 4]}": {"[\"10.0.0.12_10.0.0.42\", [1, 3, 4]]": [1, -185.0754346516609, []], "[\"10.0.0.11_10.0.0.41\", [1, 3, 4]]": [0, -140, []], "[\"10.0.0.13_10.0.0.43\", [1, 2, 4]]": [1, -223.51163635253909, []], "[\"NoTrans\", []]": [0, -140, []]}, "{\"10.0.0.11_10.0.0.41\": [1, 2, 4], \"10.0.0.12_10.0.0.42\": [1, 2, 4], \"10.0.0.13_10.0.0.43\": [1, 2, 4]}": {"[\"10.0.0.12_10.0.0.42\", [1, 3, 4]]": [1, -204.1993403227565, []], "[\"10.0.0.11_10.0.0.41\", [1, 3, 4]]": [1, -230.0905343741502, []], "[\"10.0.0.13_10.0.0.43\", [1, 3, 4]]": [1, -204.2391874508014, []], "[\"NoTrans\", []]": [1, -222.14931259155276, []]}}