{"{\"10.0.0.11_10.0.0.41\": [1, 3, 4], \"10.0.0.12_10.0.0.42\": [1, 3, 4], \"10.0.0.13_10.0.0.43\": [1, 3, 4]}": {"[\"10.0.0.11_10.0.0.41\", [1, 2, 4]]": [45, -149.10446790414352, []], "[\"10.0.0.13_10.0.0.43\", [1, 2, 4]]": [6, -267.0146321359837, []], "[\"10.0.0.12_10.0.0.42\", [1, 2, 4]]": [10, -266.3191195034962, []], "[\"NoTrans\", []]": [15, -215.83402740019508, []]}, "{\"10.0.0.11_10.0.0.41\": [1, 3, 4], \"10.0.0.12_10.0.0.42\": [1, 2, 4], \"10.0.0.13_10.0.0.43\": [1, 3, 4]}": {"[\"10.0.0.11_10.0.0.41\", [1, 2, 4]]": [10, -265.37477305204806, []], "[\"10.0.0.13_10.0.0.43\", [1, 2, 4]]": [11, -330.50766487244397, []], "[\"10.0.0.12_10.0.0.42\", [1, 3, 4]]": [12, -226.2239644549915, []], "[\"NoTrans\", []]": [23, -267.1085106401888, []]}, "{\"10.0.0.11_10.0.0.41\": [1, 3, 4], \"10.0.0.12_10.0.0.42\": [1, 3, 4], \"10.0.0.13_10.0.0.43\": [1, 2, 4]}": {"[\"10.0.0.11_10.0.0.41\", [1, 2, 4]]": [8, -262.5633056464715, []], "[\"10.0.0.13_10.0.0.43\", [1, 3, 4]]": [13, -225.40040598373648, []], "[\"10.0.0.12_10.0.0.42\", [1, 2, 4]]": [6, -331.44302977970614, []], "[\"NoTrans\", []]": [11, -276.3807246144717, []]}, "{\"10.0.0.11_10.0.0.41\": [1, 3, 4], \"10.0.0.12_10.0.0.42\": [1, 2, 4], \"10.0.0.13_10.0.0.43\": [1, 2, 4]}": {"[\"10.0.0.11_10.0.0.41\", [1, 2, 4]]": [4, -333.6861625236181, []], "[\"10.0.0.13_10.0.0.43\", [1, 3, 4]]": [14, -270.4995221635303, []], "[\"10.0.0.12_10.0.0.42\", [1, 3, 4]]": [10, -279.34781140130076, []], "[\"NoTrans\", []]": [8, -332.728209403758, []]}, "{\"10.0.0.11_10.0.0.41\": [1, 2, 4], \"10.0.0.12_10.0.0.42\": [1, 3, 4], \"10.0.0.13_10.0.0.43\": [1, 3, 4]}": {"[\"10.0.0.11_10.0.0.41\", [1, 3, 4]]": [36, -218.65652379388857, []], "[\"10.0.0.13_10.0.0.43\", [1, 2, 4]]": [28, -274.2769436018825, []], "[\"10.0.0.12_10.0.0.42\", [1, 2, 4]]": [31, -280.57164425785237, []], "[\"NoTrans\", []]": [104, -179.67633787628867, []]}, "{\"10.0.0.11_10.0.0.41\": [1, 2, 4], \"10.0.0.12_10.0.0.42\": [1, 2, 4], \"10.0.0.13_10.0.0.43\": [1, 3, 4]}": {"[\"10.0.0.11_10.0.0.41\", [1, 3, 4]]": [10, -269.00765718433445, []], "[\"10.0.0.13_10.0.0.43\", [1, 2, 4]]": [12, -322.82541288786865, []], "[\"10.0.0.12_10.0.0.42\", [1, 3, 4]]": [26, -213.64427785853977, []], "[\"NoTrans\", []]": [9, -280.5291666849826, []]}, "{\"10.0.0.11_10.0.0.41\": [1, 2, 4], \"10.0.0.12_10.0.0.42\": [1, 3, 4], \"10.0.0.13_10.0.0.43\": [1, 2, 4]}": {"[\"10.0.0.11_10.0.0.41\", [1, 3, 4]]": [11, -272.26671924190197, []], "[\"10.0.0.13_10.0.0.43\", [1, 3, 4]]": [24, -214.14903404150235, []], "[\"10.0.0.12_10.0.0.42\", [1, 2, 4]]": [10, -321.9767835079101, []], "[\"NoTrans\", []]": [18, -266.41690164590517, []]}, "{\"10.0.0.11_10.0.0.41\": [1, 2, 4], \"10.0.0.12_10.0.0.42\": [1, 2, 4], \"10.0.0.13_10.0.0.43\": [1, 2, 4]}": {"[\"10.0.0.11_10.0.0.41\", [1, 3, 4]]": [11, -323.6126346617949, []], "[\"10.0.0.13_10.0.0.43\", [1, 3, 4]]": [6, -236.30287263120115, []], "[\"10.0.0.12_10.0.0.42\", [1, 3, 4]]": [9, -272.3424225868807, []], "[\"NoTrans\", []]": [4, -321.5141277540159, []]}}