{"{\"10.0.0.11_10.0.0.41\": [1, 3, 4], \"10.0.0.12_10.0.0.42\": [1, 3, 4], \"10.0.0.13_10.0.0.43\": [1, 3, 4]}": {"[\"10.0.0.13_10.0.0.43\", [1, 2, 4]]": [2, -159.83111902035546, []], "[\"10.0.0.12_10.0.0.42\", [1, 2, 4]]": [2, -137.3886726331049, []], "[\"10.0.0.11_10.0.0.41\", [1, 2, 4]]": [5, -154.71599202017214, []], "[\"NoTrans\", []]": [2, -163.55717926900343, []]}, "{\"10.0.0.11_10.0.0.41\": [1, 2, 4], \"10.0.0.12_10.0.0.42\": [1, 3, 4], \"10.0.0.13_10.0.0.43\": [1, 3, 4]}": {"[\"10.0.0.13_10.0.0.43\", [1, 2, 4]]": [3, -205.34910558452322, []], "[\"10.0.0.12_10.0.0.42\", [1, 2, 4]]": [3, -197.01210490618644, []], "[\"10.0.0.11_10.0.0.41\", [1, 3, 4]]": [4, -198.6431204235092, []], "[\"NoTrans\", []]": [825, -117.85445513470789, []]}, "{\"10.0.0.11_10.0.0.41\": [1, 3, 4], \"10.0.0.12_10.0.0.42\": [1, 2, 4], \"10.0.0.13_10.0.0.43\": [1, 3, 4]}": {"[\"10.0.0.13_10.0.0.43\", [1, 2, 4]]": [2, -179.57597020344917, []], "[\"10.0.0.12_10.0.0.42\", [1, 3, 4]]": [2, -149.6670726023887, []], "[\"10.0.0.11_10.0.0.41\", [1, 2, 4]]": [2, -200.82804645024652, []], "[\"NoTrans\", []]": [2, -169.3545765354928, []]}, "{\"10.0.0.11_10.0.0.41\": [1, 2, 4], \"10.0.0.12_10.0.0.42\": [1, 2, 4], \"10.0.0.13_10.0.0.43\": [1, 3, 4]}": {"[\"10.0.0.13_10.0.0.43\", [1, 2, 4]]": [2, -217.82772507843248, []], "[\"10.0.0.12_10.0.0.42\", [1, 3, 4]]": [3, -175.08941842439506, []], "[\"10.0.0.11_10.0.0.41\", [1, 3, 4]]": [2, -188.00163907959453, []], "[\"NoTrans\", []]": [1, -148.92692216010073, []]}, "{\"10.0.0.11_10.0.0.41\": [1, 3, 4], \"10.0.0.12_10.0.0.42\": [1, 3, 4], \"10.0.0.13_10.0.0.43\": [1, 2, 4]}": {"[\"10.0.0.13_10.0.0.43\", [1, 3, 4]]": [2, -160.02500649798588, []], "[\"10.0.0.12_10.0.0.42\", [1, 2, 4]]": [1, -162.67010277075167, []], "[\"10.0.0.11_10.0.0.41\", [1, 2, 4]]": [1, -155.46790449309503, []], "[\"NoTrans\", []]": [1, -146.68360326661264, []]}, "{\"10.0.0.11_10.0.0.41\": [1, 2, 4], \"10.0.0.12_10.0.0.42\": [1, 3, 4], \"10.0.0.13_10.0.0.43\": [1, 2, 4]}": {"[\"10.0.0.13_10.0.0.43\", [1, 3, 4]]": [3, -189.77872442149751, []], "[\"10.0.0.12_10.0.0.42\", [1, 2, 4]]": [1, -196.20348420318834, []], "[\"10.0.0.11_10.0.0.41\", [1, 3, 4]]": [1, -145.37623118529189, []], "[\"NoTrans\", []]": [1, -154.84750077880892, []]}, "{\"10.0.0.11_10.0.0.41\": [1, 3, 4], \"10.0.0.12_10.0.0.42\": [1, 2, 4], \"10.0.0.13_10.0.0.43\": [1, 2, 4]}": {"[\"10.0.0.13_10.0.0.43\", [1, 3, 4]]": [2, -170.58247147869312, []], "[\"10.0.0.12_10.0.0.42\", [1, 3, 4]]": [1, -144.9438848439473, []], "[\"10.0.0.11_10.0.0.41\", [1, 2, 4]]": [1, -197.52251115020982, []], "[\"NoTrans\", []]": [1, -164.50378064761253, []]}, "{\"10.0.0.11_10.0.0.41\": [1, 2, 4], \"10.0.0.12_10.0.0.42\": [1, 2, 4], \"10.0.0.13_10.0.0.43\": [1, 2, 4]}": {"[\"10.0.0.13_10.0.0.43\", [1, 3, 4]]": [2, -183.990711662184, []], "[\"10.0.0.12_10.0.0.42\", [1, 3, 4]]": [1, -155.7834052944084, []], "[\"10.0.0.11_10.0.0.41\", [1, 3, 4]]": [1, -162.30620223937842, []], "[\"NoTrans\", []]": [1, -197.27522339996568, []]}}