{"{\"10.0.0.11_10.0.0.41\": [1, 3, 4], \"10.0.0.12_10.0.0.42\": [1, 3, 4], \"10.0.0.13_10.0.0.43\": [1, 3, 4]}": {"[\"10.0.0.11_10.0.0.41\", [1, 2, 4]]": [2, -100.7911735627995, []], "[\"10.0.0.12_10.0.0.42\", [1, 2, 4]]": [1, -150.2977757582199, []], "[\"10.0.0.13_10.0.0.43\", [1, 2, 4]]": [1, -151.5441099089159, []], "[\"NoTrans\", []]": [1, -166.70626068115234, []]}, "{\"10.0.0.11_10.0.0.41\": [1, 3, 4], \"10.0.0.12_10.0.0.42\": [1, 3, 4], \"10.0.0.13_10.0.0.43\": [1, 2, 4]}": {"[\"10.0.0.11_10.0.0.41\", [1, 2, 4]]": [1, -172.0302870265972, []], "[\"10.0.0.12_10.0.0.42\", [1, 2, 4]]": [1, -173.50037433518077, []], "[\"10.0.0.13_10.0.0.43\", [1, 3, 4]]": [2, -179.37063664527494, []], "[\"NoTrans\", []]": [2, -196.45143959643678, []]}, "{\"10.0.0.11_10.0.0.41\": [1, 3, 4], \"10.0.0.12_10.0.0.42\": [1, 2, 4], \"10.0.0.13_10.0.0.43\": [1, 3, 4]}": {"[\"10.0.0.11_10.0.0.41\", [1, 2, 4]]": [1, -173.13247025266313, []], "[\"10.0.0.12_10.0.0.42\", [1, 3, 4]]": [1, -163.89168167114258, []], "[\"10.0.0.13_10.0.0.43\", [1, 2, 4]]": [2, -183.70522206343986, []], "[\"NoTrans\", []]": [2, -192.90442081442615, []]}, "{\"10.0.0.11_10.0.0.41\": [1, 3, 4], \"10.0.0.12_10.0.0.42\": [1, 2, 4], \"10.0.0.13_10.0.0.43\": [1, 2, 4]}": {"[\"10.0.0.11_10.0.0.41\", [1, 2, 4]]": [1, -191.9665184020996, []], "[\"10.0.0.12_10.0.0.42\", [1, 3, 4]]": [2, -160.96845613199054, []], "[\"10.0.0.13_10.0.0.43\", [1, 3, 4]]": [1, -163.75053787231445, []], "[\"NoTrans\", []]": [1, -175.05597801299183, []]}, "{\"10.0.0.11_10.0.0.41\": [1, 2, 4], \"10.0.0.12_10.0.0.42\": [1, 3, 4], \"10.0.0.13_10.0.0.43\": [1, 3, 4]}": {"[\"10.0.0.11_10.0.0.41\", [1, 3, 4]]": [1, -166.05623626708984, []], "[\"10.0.0.12_10.0.0.42\", [1, 2, 4]]": [1, -171.44505158685644, []], "[\"10.0.0.13_10.0.0.43\", [1, 2, 4]]": [1, -174.60370927787477, []], "[\"NoTrans\", []]": [656, -116.1591493762083, []]}, "{\"10.0.0.11_10.0.0.41\": [1, 2, 4], \"10.0.0.12_10.0.0.42\": [1, 3, 4], \"10.0.0.13_10.0.0.43\": [1, 2, 4]}": {"[\"10.0.0.11_10.0.0.41\", [1, 3, 4]]": [1, -150.89532213630622, []], "[\"10.0.0.12_10.0.0.42\", [1, 2, 4]]": [1, -195.0635757446289, []], "[\"10.0.0.13_10.0.0.43\", [1, 3, 4]]": [1, -137.52135649823595, []], "[\"NoTrans\", []]": [0, -100, []]}, "{\"10.0.0.11_10.0.0.41\": [1, 2, 4], \"10.0.0.12_10.0.0.42\": [1, 2, 4], \"10.0.0.13_10.0.0.43\": [1, 3, 4]}": {"[\"10.0.0.11_10.0.0.41\", [1, 3, 4]]": [1, -180.7528593217424, []], "[\"10.0.0.12_10.0.0.42\", [1, 3, 4]]": [1, -144.59611632590185, []], "[\"10.0.0.13_10.0.0.43\", [1, 2, 4]]": [1, -188.81386184692383, []], "[\"NoTrans\", []]": [1, -172.48868436744465, []]}, "{\"10.0.0.11_10.0.0.41\": [1, 2, 4], \"10.0.0.12_10.0.0.42\": [1, 2, 4], \"10.0.0.13_10.0.0.43\": [1, 2, 4]}": {"[\"10.0.0.11_10.0.0.41\", [1, 3, 4]]": [1, -171.60593940992067, []], "[\"10.0.0.12_10.0.0.42\", [1, 3, 4]]": [1, -171.9653781035703, []], "[\"10.0.0.13_10.0.0.43\", [1, 3, 4]]": [1, -172.61962457230584, []], "[\"NoTrans\", []]": [1, -193.33265686035156, []]}}