{"{\"10.0.0.11_10.0.0.41\": [1, 3, 4], \"10.0.0.12_10.0.0.42\": [1, 3, 4], \"10.0.0.13_10.0.0.43\": [1, 3, 4]}": {"[\"10.0.0.13_10.0.0.43\", [1, 2, 4]]": [9, -102.45142408940734, []], "[\"10.0.0.12_10.0.0.42\", [1, 2, 4]]": [9, -102.93921297829078, []], "[\"10.0.0.11_10.0.0.41\", [1, 2, 4]]": [9, -123.30692358690308, []], "[\"NoTrans\", []]": [7, -104.8591198394343, []]}, "{\"10.0.0.11_10.0.0.41\": [1, 2, 4], \"10.0.0.12_10.0.0.42\": [1, 3, 4], \"10.0.0.13_10.0.0.43\": [1, 3, 4]}": {"[\"10.0.0.13_10.0.0.43\", [1, 2, 4]]": [11, -194.6151692904877, []], "[\"10.0.0.12_10.0.0.42\", [1, 2, 4]]": [11, -171.3158039834064, []], "[\"10.0.0.11_10.0.0.41\", [1, 3, 4]]": [10, -170.0128862430102, []], "[\"NoTrans\", []]": [370, -125.49043748046685, []]}, "{\"10.0.0.11_10.0.0.41\": [1, 3, 4], \"10.0.0.12_10.0.0.42\": [1, 2, 4], \"10.0.0.13_10.0.0.43\": [1, 3, 4]}": {"[\"10.0.0.13_10.0.0.43\", [1, 2, 4]]": [14, -170.53271313174844, []], "[\"10.0.0.12_10.0.0.42\", [1, 3, 4]]": [9, -105.30409954690396, []], "[\"10.0.0.11_10.0.0.41\", [1, 2, 4]]": [13, -172.35812230228007, []], "[\"NoTrans\", []]": [11, -155.48407963268, []]}, "{\"10.0.0.11_10.0.0.41\": [1, 2, 4], \"10.0.0.12_10.0.0.42\": [1, 2, 4], \"10.0.0.13_10.0.0.43\": [1, 3, 4]}": {"[\"10.0.0.13_10.0.0.43\", [1, 2, 4]]": [17, -189.6217771909246, []], "[\"10.0.0.12_10.0.0.42\", [1, 3, 4]]": [12, -140.93319728664545, []], "[\"10.0.0.11_10.0.0.41\", [1, 3, 4]]": [13, -152.34689579917585, []], "[\"NoTrans\", []]": [13, -169.37410530589682, []]}, "{\"10.0.0.11_10.0.0.41\": [1, 3, 4], \"10.0.0.12_10.0.0.42\": [1, 3, 4], \"10.0.0.13_10.0.0.43\": [1, 2, 4]}": {"[\"10.0.0.13_10.0.0.43\", [1, 3, 4]]": [8, -106.41744595857554, []], "[\"10.0.0.12_10.0.0.42\", [1, 2, 4]]": [12, -176.49228527041663, []], "[\"10.0.0.11_10.0.0.41\", [1, 2, 4]]": [13, -168.7999474251945, []], "[\"NoTrans\", []]": [10, -154.81407368989628, []]}, "{\"10.0.0.11_10.0.0.41\": [1, 2, 4], \"10.0.0.12_10.0.0.42\": [1, 3, 4], \"10.0.0.13_10.0.0.43\": [1, 2, 4]}": {"[\"10.0.0.13_10.0.0.43\", [1, 3, 4]]": [12, -155.21621262146752, []], "[\"10.0.0.12_10.0.0.42\", [1, 2, 4]]": [19, -228.23311556917844, []], "[\"10.0.0.11_10.0.0.41\", [1, 3, 4]]": [12, -152.90532320791675, []], "[\"NoTrans\", []]": [15, -165.57041871726642, []]}, "{\"10.0.0.11_10.0.0.41\": [1, 3, 4], \"10.0.0.12_10.0.0.42\": [1, 2, 4], \"10.0.0.13_10.0.0.43\": [1, 2, 4]}": {"[\"10.0.0.13_10.0.0.43\", [1, 3, 4]]": [14, -150.94795999451057, []], "[\"10.0.0.12_10.0.0.42\", [1, 3, 4]]": [12, -155.1247650129295, []], "[\"10.0.0.11_10.0.0.41\", [1, 2, 4]]": [20, -189.92818737564247, []], "[\"NoTrans\", []]": [15, -171.579745560292, []]}, "{\"10.0.0.11_10.0.0.41\": [1, 2, 4], \"10.0.0.12_10.0.0.42\": [1, 2, 4], \"10.0.0.13_10.0.0.43\": [1, 2, 4]}": {"[\"10.0.0.13_10.0.0.43\", [1, 3, 4]]": [18, -170.53821958380956, []], "[\"10.0.0.12_10.0.0.42\", [1, 3, 4]]": [19, -184.64403482240965, []], "[\"10.0.0.11_10.0.0.41\", [1, 3, 4]]": [19, -173.75908359621963, []], "[\"NoTrans\", []]": [21, -187.13715072112063, []]}}