{"{\"10.0.0.11_10.0.0.41\": [1, 3, 4], \"10.0.0.12_10.0.0.42\": [1, 3, 4], \"10.0.0.13_10.0.0.43\": [1, 3, 4]}": {"[\"10.0.0.11_10.0.0.41\", [1, 2, 4]]": [35, -160.02885111914293, []], "[\"10.0.0.13_10.0.0.43\", [1, 2, 4]]": [12, -261.2885780794086, []], "[\"10.0.0.12_10.0.0.42\", [1, 2, 4]]": [10, -267.50678660870705, []], "[\"NoTrans\", []]": [12, -222.95165683077715, []]}, "{\"10.0.0.11_10.0.0.41\": [1, 3, 4], \"10.0.0.12_10.0.0.42\": [1, 2, 4], \"10.0.0.13_10.0.0.43\": [1, 3, 4]}": {"[\"10.0.0.11_10.0.0.41\", [1, 2, 4]]": [15, -262.62259128912973, []], "[\"10.0.0.13_10.0.0.43\", [1, 2, 4]]": [9, -317.6326364359211, []], "[\"10.0.0.12_10.0.0.42\", [1, 3, 4]]": [12, -229.00841680955278, []], "[\"NoTrans\", []]": [18, -268.0744031874832, []]}, "{\"10.0.0.11_10.0.0.41\": [1, 3, 4], \"10.0.0.12_10.0.0.42\": [1, 3, 4], \"10.0.0.13_10.0.0.43\": [1, 2, 4]}": {"[\"10.0.0.11_10.0.0.41\", [1, 2, 4]]": [12, -262.64028713827753, []], "[\"10.0.0.13_10.0.0.43\", [1, 3, 4]]": [17, -222.715374764904, []], "[\"10.0.0.12_10.0.0.42\", [1, 2, 4]]": [11, -316.81125100507154, []], "[\"NoTrans\", []]": [13, -266.2779783033393, []]}, "{\"10.0.0.11_10.0.0.41\": [1, 3, 4], \"10.0.0.12_10.0.0.42\": [1, 2, 4], \"10.0.0.13_10.0.0.43\": [1, 2, 4]}": {"[\"10.0.0.11_10.0.0.41\", [1, 2, 4]]": [9, -337.44605308192183, []], "[\"10.0.0.13_10.0.0.43\", [1, 3, 4]]": [10, -262.9692884611427, []], "[\"10.0.0.12_10.0.0.42\", [1, 3, 4]]": [14, -263.27126190306006, []], "[\"NoTrans\", []]": [8, -318.6286997459336, []]}, "{\"10.0.0.11_10.0.0.41\": [1, 2, 4], \"10.0.0.12_10.0.0.42\": [1, 3, 4], \"10.0.0.13_10.0.0.43\": [1, 3, 4]}": {"[\"10.0.0.11_10.0.0.41\", [1, 3, 4]]": [28, -225.46638577731727, []], "[\"10.0.0.13_10.0.0.43\", [1, 2, 4]]": [33, -272.60817202354554, []], "[\"10.0.0.12_10.0.0.42\", [1, 2, 4]]": [24, -260.628968923912, []], "[\"NoTrans\", []]": [91, -164.98522223523725, []]}, "{\"10.0.0.11_10.0.0.41\": [1, 2, 4], \"10.0.0.12_10.0.0.42\": [1, 2, 4], \"10.0.0.13_10.0.0.43\": [1, 3, 4]}": {"[\"10.0.0.11_10.0.0.41\", [1, 3, 4]]": [16, -268.1905048575889, []], "[\"10.0.0.13_10.0.0.43\", [1, 2, 4]]": [12, -327.3572561851064, []], "[\"10.0.0.12_10.0.0.42\", [1, 3, 4]]": [23, -196.2835404603138, []], "[\"NoTrans\", []]": [7, -285.42042123724997, []]}, "{\"10.0.0.11_10.0.0.41\": [1, 2, 4], \"10.0.0.12_10.0.0.42\": [1, 3, 4], \"10.0.0.13_10.0.0.43\": [1, 2, 4]}": {"[\"10.0.0.11_10.0.0.41\", [1, 3, 4]]": [15, -264.6498826980497, []], "[\"10.0.0.13_10.0.0.43\", [1, 3, 4]]": [27, -205.535431168299, []], "[\"10.0.0.12_10.0.0.42\", [1, 2, 4]]": [13, -332.54539576100683, []], "[\"NoTrans\", []]": [13, -262.84255789795606, []]}, "{\"10.0.0.11_10.0.0.41\": [1, 2, 4], \"10.0.0.12_10.0.0.42\": [1, 2, 4], \"10.0.0.13_10.0.0.43\": [1, 2, 4]}": {"[\"10.0.0.11_10.0.0.41\", [1, 3, 4]]": [13, -312.66998085857193, []], "[\"10.0.0.13_10.0.0.43\", [1, 3, 4]]": [12, -270.4609387054066, []], "[\"10.0.0.12_10.0.0.42\", [1, 3, 4]]": [10, -257.46308304360974, []], "[\"NoTrans\", []]": [8, -329.8215039346849, []]}}