{"{\"10.0.0.11_10.0.0.41\": [1, 3, 4], \"10.0.0.12_10.0.0.42\": [1, 3, 4], \"10.0.0.13_10.0.0.43\": [1, 3, 4]}": {"[\"10.0.0.12_10.0.0.42\", [1, 2, 4]]": [23, -291.1951199464707, []], "[\"10.0.0.13_10.0.0.43\", [1, 2, 4]]": [21, -290.7641587827912, []], "[\"10.0.0.11_10.0.0.41\", [1, 2, 4]]": [21, -179.69276679159563, []], "[\"NoTrans\", []]": [20, -256.55359118121413, []]}, "{\"10.0.0.11_10.0.0.41\": [1, 2, 4], \"10.0.0.12_10.0.0.42\": [1, 3, 4], \"10.0.0.13_10.0.0.43\": [1, 3, 4]}": {"[\"10.0.0.12_10.0.0.42\", [1, 2, 4]]": [20, -285.6951499972157, []], "[\"10.0.0.13_10.0.0.43\", [1, 2, 4]]": [16, -292.41059746772686, []], "[\"10.0.0.11_10.0.0.41\", [1, 3, 4]]": [27, -252.7895799437105, []], "[\"NoTrans\", []]": [28, -187.43991002871962, []]}, "{\"10.0.0.11_10.0.0.41\": [1, 3, 4], \"10.0.0.12_10.0.0.42\": [1, 3, 4], \"10.0.0.13_10.0.0.43\": [1, 2, 4]}": {"[\"10.0.0.12_10.0.0.42\", [1, 2, 4]]": [15, -344.50232171066676, []], "[\"10.0.0.13_10.0.0.43\", [1, 3, 4]]": [21, -254.43821673295275, []], "[\"10.0.0.11_10.0.0.41\", [1, 2, 4]]": [19, -295.17950807428775, []], "[\"NoTrans\", []]": [21, -294.7335991203924, []]}, "{\"10.0.0.11_10.0.0.41\": [1, 2, 4], \"10.0.0.12_10.0.0.42\": [1, 3, 4], \"10.0.0.13_10.0.0.43\": [1, 2, 4]}": {"[\"10.0.0.12_10.0.0.42\", [1, 2, 4]]": [18, -362.44817677855474, []], "[\"10.0.0.13_10.0.0.43\", [1, 3, 4]]": [19, -217.31297162461786, []], "[\"10.0.0.11_10.0.0.41\", [1, 3, 4]]": [17, -292.74043404181947, []], "[\"NoTrans\", []]": [23, -300.9648180472548, []]}, "{\"10.0.0.11_10.0.0.41\": [1, 3, 4], \"10.0.0.12_10.0.0.42\": [1, 2, 4], \"10.0.0.13_10.0.0.43\": [1, 3, 4]}": {"[\"10.0.0.12_10.0.0.42\", [1, 3, 4]]": [17, -257.57625475433196, []], "[\"10.0.0.13_10.0.0.43\", [1, 2, 4]]": [10, -343.0736581791146, []], "[\"10.0.0.11_10.0.0.41\", [1, 2, 4]]": [14, -292.8294064287095, []], "[\"NoTrans\", []]": [16, -291.0100832336688, []]}, "{\"10.0.0.11_10.0.0.41\": [1, 2, 4], \"10.0.0.12_10.0.0.42\": [1, 2, 4], \"10.0.0.13_10.0.0.43\": [1, 3, 4]}": {"[\"10.0.0.12_10.0.0.42\", [1, 3, 4]]": [24, -221.9890102899341, []], "[\"10.0.0.13_10.0.0.43\", [1, 2, 4]]": [18, -363.6454429965463, []], "[\"10.0.0.11_10.0.0.41\", [1, 3, 4]]": [10, -294.7789884576533, []], "[\"NoTrans\", []]": [10, -286.70024200585465, []]}, "{\"10.0.0.11_10.0.0.41\": [1, 3, 4], \"10.0.0.12_10.0.0.42\": [1, 2, 4], \"10.0.0.13_10.0.0.43\": [1, 2, 4]}": {"[\"10.0.0.12_10.0.0.42\", [1, 3, 4]]": [17, -293.5960846250737, []], "[\"10.0.0.13_10.0.0.43\", [1, 3, 4]]": [8, -292.30349218312375, []], "[\"10.0.0.11_10.0.0.41\", [1, 2, 4]]": [9, -368.1555969917115, []], "[\"NoTrans\", []]": [8, -340.5122622273171, []]}, "{\"10.0.0.11_10.0.0.41\": [1, 2, 4], \"10.0.0.12_10.0.0.42\": [1, 2, 4], \"10.0.0.13_10.0.0.43\": [1, 2, 4]}": {"[\"10.0.0.12_10.0.0.42\", [1, 3, 4]]": [19, -295.0890081016585, []], "[\"10.0.0.13_10.0.0.43\", [1, 3, 4]]": [18, -286.3079436305149, []], "[\"10.0.0.11_10.0.0.41\", [1, 3, 4]]": [9, -339.79250398635116, []], "[\"NoTrans\", []]": [11, -365.4455582626533, []]}}