{"{\"10.0.0.11_10.0.0.41\": [1, 3, 4], \"10.0.0.12_10.0.0.42\": [1, 3, 4], \"10.0.0.13_10.0.0.43\": [1, 3, 4]}": {"[\"10.0.0.12_10.0.0.42\", [1, 2, 4]]": [4, -169.3376418666774, []], "[\"10.0.0.13_10.0.0.43\", [1, 2, 4]]": [4, -197.57993252047413, []], "[\"10.0.0.11_10.0.0.41\", [1, 2, 4]]": [5, -121.41869998630438, []], "[\"NoTrans\", []]": [4, -183.70948803247072, []]}, "{\"10.0.0.11_10.0.0.41\": [1, 2, 4], \"10.0.0.12_10.0.0.42\": [1, 3, 4], \"10.0.0.13_10.0.0.43\": [1, 3, 4]}": {"[\"10.0.0.12_10.0.0.42\", [1, 2, 4]]": [8, -183.58648047493116, []], "[\"10.0.0.13_10.0.0.43\", [1, 2, 4]]": [6, -183.97887893568463, []], "[\"10.0.0.11_10.0.0.41\", [1, 3, 4]]": [4, -181.65321187652387, []], "[\"NoTrans\", []]": [352, -121.26210039288102, []]}, "{\"10.0.0.11_10.0.0.41\": [1, 3, 4], \"10.0.0.12_10.0.0.42\": [1, 3, 4], \"10.0.0.13_10.0.0.43\": [1, 2, 4]}": {"[\"10.0.0.12_10.0.0.42\", [1, 2, 4]]": [10, -233.5794534336759, []], "[\"10.0.0.13_10.0.0.43\", [1, 3, 4]]": [4, -181.56954127047578, []], "[\"10.0.0.11_10.0.0.41\", [1, 2, 4]]": [7, -184.04011194051333, []], "[\"NoTrans\", []]": [7, -209.37859753054065, []]}, "{\"10.0.0.11_10.0.0.41\": [1, 2, 4], \"10.0.0.12_10.0.0.42\": [1, 3, 4], \"10.0.0.13_10.0.0.43\": [1, 2, 4]}": {"[\"10.0.0.12_10.0.0.42\", [1, 2, 4]]": [12, -157.7989804989619, []], "[\"10.0.0.13_10.0.0.43\", [1, 3, 4]]": [8, -153.0499350402543, []], "[\"10.0.0.11_10.0.0.41\", [1, 3, 4]]": [6, -165.44559691157366, []], "[\"NoTrans\", []]": [9, -183.02495923609973, []]}, "{\"10.0.0.11_10.0.0.41\": [1, 3, 4], \"10.0.0.12_10.0.0.42\": [1, 2, 4], \"10.0.0.13_10.0.0.43\": [1, 3, 4]}": {"[\"10.0.0.12_10.0.0.42\", [1, 3, 4]]": [5, -201.4600808658325, []], "[\"10.0.0.13_10.0.0.43\", [1, 2, 4]]": [12, -185.53568299624771, []], "[\"10.0.0.11_10.0.0.41\", [1, 2, 4]]": [16, -189.31524397884886, []], "[\"NoTrans\", []]": [8, -210.4751003208687, []]}, "{\"10.0.0.11_10.0.0.41\": [1, 2, 4], \"10.0.0.12_10.0.0.42\": [1, 2, 4], \"10.0.0.13_10.0.0.43\": [1, 3, 4]}": {"[\"10.0.0.12_10.0.0.42\", [1, 3, 4]]": [6, -153.41799998445873, []], "[\"10.0.0.13_10.0.0.43\", [1, 2, 4]]": [16, -202.5318266014959, []], "[\"10.0.0.11_10.0.0.41\", [1, 3, 4]]": [19, -163.6690627722573, []], "[\"NoTrans\", []]": [11, -117.21670584349674, []]}, "{\"10.0.0.11_10.0.0.41\": [1, 3, 4], \"10.0.0.12_10.0.0.42\": [1, 2, 4], \"10.0.0.13_10.0.0.43\": [1, 2, 4]}": {"[\"10.0.0.12_10.0.0.42\", [1, 3, 4]]": [11, -178.08911153354686, []], "[\"10.0.0.13_10.0.0.43\", [1, 3, 4]]": [10, -210.20465401738463, []], "[\"10.0.0.11_10.0.0.41\", [1, 2, 4]]": [11, -206.71353155818377, []], "[\"NoTrans\", []]": [8, -186.77885165790647, []]}, "{\"10.0.0.11_10.0.0.41\": [1, 2, 4], \"10.0.0.12_10.0.0.42\": [1, 2, 4], \"10.0.0.13_10.0.0.43\": [1, 2, 4]}": {"[\"10.0.0.12_10.0.0.42\", [1, 3, 4]]": [13, -183.49195332613206, []], "[\"10.0.0.13_10.0.0.43\", [1, 3, 4]]": [17, -184.75226650825059, []], "[\"10.0.0.11_10.0.0.41\", [1, 3, 4]]": [10, -228.65449914915396, []], "[\"NoTrans\", []]": [154, -192.25609010214677, []]}}