{"{\"10.0.0.11_10.0.0.41\": [1, 3, 4], \"10.0.0.12_10.0.0.42\": [1, 3, 4], \"10.0.0.13_10.0.0.43\": [1, 3, 4]}": {"[\"10.0.0.13_10.0.0.43\", [1, 2, 4]]": [2, -184.2911786760967, []], "[\"10.0.0.12_10.0.0.42\", [1, 2, 4]]": [1, -184.9078237531074, []], "[\"10.0.0.11_10.0.0.41\", [1, 2, 4]]": [1, -139.1094327567446, []], "[\"NoTrans\", []]": [1, -198.94279251098632, []]}, "{\"10.0.0.11_10.0.0.41\": [1, 2, 4], \"10.0.0.12_10.0.0.42\": [1, 3, 4], \"10.0.0.13_10.0.0.43\": [1, 3, 4]}": {"[\"10.0.0.13_10.0.0.43\", [1, 2, 4]]": [1, -199.6275244640238, []], "[\"10.0.0.12_10.0.0.42\", [1, 2, 4]]": [1, -204.11502753771032, []], "[\"10.0.0.11_10.0.0.41\", [1, 3, 4]]": [1, -198.52403411865234, []], "[\"NoTrans\", []]": [354, -131.83088240380778, []]}, "{\"10.0.0.11_10.0.0.41\": [1, 3, 4], \"10.0.0.12_10.0.0.42\": [1, 2, 4], \"10.0.0.13_10.0.0.43\": [1, 3, 4]}": {"[\"10.0.0.13_10.0.0.43\", [1, 2, 4]]": [1, -200.93777155326876, []], "[\"10.0.0.12_10.0.0.42\", [1, 3, 4]]": [2, -192.72525380399424, []], "[\"10.0.0.11_10.0.0.41\", [1, 2, 4]]": [1, -201.9622565812119, []], "[\"NoTrans\", []]": [1, -181.93152427651245, []]}, "{\"10.0.0.11_10.0.0.41\": [1, 2, 4], \"10.0.0.12_10.0.0.42\": [1, 2, 4], \"10.0.0.13_10.0.0.43\": [1, 3, 4]}": {"[\"10.0.0.13_10.0.0.43\", [1, 2, 4]]": [0, -140, []], "[\"10.0.0.12_10.0.0.42\", [1, 3, 4]]": [1, -173.18551170828192, []], "[\"10.0.0.11_10.0.0.41\", [1, 3, 4]]": [1, -182.66351905605015, []], "[\"NoTrans\", []]": [1, -200.69440519020782, []]}, "{\"10.0.0.11_10.0.0.41\": [1, 3, 4], \"10.0.0.12_10.0.0.42\": [1, 3, 4], \"10.0.0.13_10.0.0.43\": [1, 2, 4]}": {"[\"10.0.0.13_10.0.0.43\", [1, 3, 4]]": [1, -199.1678596496582, []], "[\"10.0.0.12_10.0.0.42\", [1, 2, 4]]": [1, -201.45747558220353, []], "[\"10.0.0.11_10.0.0.41\", [1, 2, 4]]": [194, -229.3994015384527, []], "[\"NoTrans\", []]": [2, -219.78270654055592, []]}, "{\"10.0.0.11_10.0.0.41\": [1, 2, 4], \"10.0.0.12_10.0.0.42\": [1, 3, 4], \"10.0.0.13_10.0.0.43\": [1, 2, 4]}": {"[\"10.0.0.13_10.0.0.43\", [1, 3, 4]]": [2, -180.06378546753047, []], "[\"10.0.0.12_10.0.0.42\", [1, 2, 4]]": [1, -217.4818397521973, []], "[\"10.0.0.11_10.0.0.41\", [1, 3, 4]]": [193, -180.86256620808194, []], "[\"NoTrans\", []]": [1, -202.6579358432254, []]}, "{\"10.0.0.11_10.0.0.41\": [1, 3, 4], \"10.0.0.12_10.0.0.42\": [1, 2, 4], \"10.0.0.13_10.0.0.43\": [1, 2, 4]}": {"[\"10.0.0.13_10.0.0.43\", [1, 3, 4]]": [1, -182.37078256518646, []], "[\"10.0.0.12_10.0.0.42\", [1, 3, 4]]": [1, -210.8945845134602, []], "[\"10.0.0.11_10.0.0.41\", [1, 2, 4]]": [1, -217.5046325683594, []], "[\"NoTrans\", []]": [1, -201.87402034609028, []]}, "{\"10.0.0.11_10.0.0.41\": [1, 2, 4], \"10.0.0.12_10.0.0.42\": [1, 2, 4], \"10.0.0.13_10.0.0.43\": [1, 2, 4]}": {"[\"10.0.0.13_10.0.0.43\", [1, 3, 4]]": [0, -140, []], "[\"10.0.0.12_10.0.0.42\", [1, 3, 4]]": [1, -199.64453672215245, []], "[\"10.0.0.11_10.0.0.41\", [1, 3, 4]]": [1, -201.54437983164456, []], "[\"NoTrans\", []]": [0, -140, []]}}