{"{\"10.0.0.11_10.0.0.41\": [1, 3, 4], \"10.0.0.12_10.0.0.42\": [1, 3, 4], \"10.0.0.13_10.0.0.43\": [1, 3, 4]}": {"[\"10.0.0.11_10.0.0.41\", [1, 2, 4]]": [4, -158.54229567825703, []], "[\"10.0.0.12_10.0.0.42\", [1, 2, 4]]": [1, -126.80702393077452, []], "[\"10.0.0.13_10.0.0.43\", [1, 2, 4]]": [3, -181.41519090380146, []], "[\"NoTrans\", []]": [2, -170.10401347814832, []]}, "{\"10.0.0.11_10.0.0.41\": [1, 3, 4], \"10.0.0.12_10.0.0.42\": [1, 3, 4], \"10.0.0.13_10.0.0.43\": [1, 2, 4]}": {"[\"10.0.0.11_10.0.0.41\", [1, 2, 4]]": [3, -203.09893511936903, []], "[\"10.0.0.12_10.0.0.42\", [1, 2, 4]]": [3, -198.33967087381265, []], "[\"10.0.0.13_10.0.0.43\", [1, 3, 4]]": [3, -191.42449286468593, []], "[\"NoTrans\", []]": [3, -192.3716201296915, []]}, "{\"10.0.0.11_10.0.0.41\": [1, 3, 4], \"10.0.0.12_10.0.0.42\": [1, 2, 4], \"10.0.0.13_10.0.0.43\": [1, 3, 4]}": {"[\"10.0.0.11_10.0.0.41\", [1, 2, 4]]": [2, -185.79071958018784, []], "[\"10.0.0.12_10.0.0.42\", [1, 3, 4]]": [2, -120.16513601582716, []], "[\"10.0.0.13_10.0.0.43\", [1, 2, 4]]": [2, -204.57621041739736, []], "[\"NoTrans\", []]": [1, -126.3311674397, []]}, "{\"10.0.0.11_10.0.0.41\": [1, 3, 4], \"10.0.0.12_10.0.0.42\": [1, 2, 4], \"10.0.0.13_10.0.0.43\": [1, 2, 4]}": {"[\"10.0.0.11_10.0.0.41\", [1, 2, 4]]": [2, -170.7906902345308, []], "[\"10.0.0.12_10.0.0.42\", [1, 3, 4]]": [3, -204.69783536088744, []], "[\"10.0.0.13_10.0.0.43\", [1, 3, 4]]": [3, -156.58057047929464, []], "[\"NoTrans\", []]": [2, -190.8767707117286, []]}, "{\"10.0.0.11_10.0.0.41\": [1, 2, 4], \"10.0.0.12_10.0.0.42\": [1, 3, 4], \"10.0.0.13_10.0.0.43\": [1, 3, 4]}": {"[\"10.0.0.11_10.0.0.41\", [1, 3, 4]]": [3, -183.0828651047584, []], "[\"10.0.0.12_10.0.0.42\", [1, 2, 4]]": [2, -202.4856122131939, []], "[\"10.0.0.13_10.0.0.43\", [1, 2, 4]]": [2, -196.00808544002672, []], "[\"NoTrans\", []]": [614, -122.95197831350615, []]}, "{\"10.0.0.11_10.0.0.41\": [1, 2, 4], \"10.0.0.12_10.0.0.42\": [1, 3, 4], \"10.0.0.13_10.0.0.43\": [1, 2, 4]}": {"[\"10.0.0.11_10.0.0.41\", [1, 3, 4]]": [3, -196.63518796523013, []], "[\"10.0.0.12_10.0.0.42\", [1, 2, 4]]": [1, -159.42743301391602, []], "[\"10.0.0.13_10.0.0.43\", [1, 3, 4]]": [2, -178.88944653761817, []], "[\"NoTrans\", []]": [1, -145.53824331544374, []]}, "{\"10.0.0.11_10.0.0.41\": [1, 2, 4], \"10.0.0.12_10.0.0.42\": [1, 2, 4], \"10.0.0.13_10.0.0.43\": [1, 3, 4]}": {"[\"10.0.0.11_10.0.0.41\", [1, 3, 4]]": [2, -171.76236903393232, []], "[\"10.0.0.12_10.0.0.42\", [1, 3, 4]]": [2, -183.13450663130865, []], "[\"10.0.0.13_10.0.0.43\", [1, 2, 4]]": [1, -162.77101516723633, []], "[\"NoTrans\", []]": [1, -171.45579956584675, []]}, "{\"10.0.0.11_10.0.0.41\": [1, 2, 4], \"10.0.0.12_10.0.0.42\": [1, 2, 4], \"10.0.0.13_10.0.0.43\": [1, 2, 4]}": {"[\"10.0.0.11_10.0.0.41\", [1, 3, 4]]": [2, -147.61880344305786, []], "[\"10.0.0.12_10.0.0.42\", [1, 3, 4]]": [1, -140.2441976577114, []], "[\"10.0.0.13_10.0.0.43\", [1, 3, 4]]": [1, -170.83535920128654, []], "[\"NoTrans\", []]": [1, -163.36524963378906, []]}}