{"{\"10.0.0.11_10.0.0.41\": [1, 3, 4], \"10.0.0.12_10.0.0.42\": [1, 3, 4], \"10.0.0.13_10.0.0.43\": [1, 3, 4]}": {"[\"10.0.0.12_10.0.0.42\", [1, 2, 4]]": [16, -292.27980955091107, []], "[\"10.0.0.13_10.0.0.43\", [1, 2, 4]]": [15, -287.1092570809742, []], "[\"10.0.0.11_10.0.0.41\", [1, 2, 4]]": [21, -168.0154293596357, []], "[\"NoTrans\", []]": [20, -247.5848962304865, []]}, "{\"10.0.0.11_10.0.0.41\": [1, 2, 4], \"10.0.0.12_10.0.0.42\": [1, 3, 4], \"10.0.0.13_10.0.0.43\": [1, 3, 4]}": {"[\"10.0.0.12_10.0.0.42\", [1, 2, 4]]": [17, -275.61124249493685, []], "[\"10.0.0.13_10.0.0.43\", [1, 2, 4]]": [21, -278.6620634087386, []], "[\"10.0.0.11_10.0.0.41\", [1, 3, 4]]": [22, -234.06124530138788, []], "[\"NoTrans\", []]": [27, -180.9667243556527, []]}, "{\"10.0.0.11_10.0.0.41\": [1, 3, 4], \"10.0.0.12_10.0.0.42\": [1, 3, 4], \"10.0.0.13_10.0.0.43\": [1, 2, 4]}": {"[\"10.0.0.12_10.0.0.42\", [1, 2, 4]]": [17, -337.6169429633927, []], "[\"10.0.0.13_10.0.0.43\", [1, 3, 4]]": [17, -248.92200128614212, []], "[\"10.0.0.11_10.0.0.41\", [1, 2, 4]]": [18, -289.5298241554581, []], "[\"NoTrans\", []]": [14, -291.4480337045404, []]}, "{\"10.0.0.11_10.0.0.41\": [1, 2, 4], \"10.0.0.12_10.0.0.42\": [1, 3, 4], \"10.0.0.13_10.0.0.43\": [1, 2, 4]}": {"[\"10.0.0.12_10.0.0.42\", [1, 2, 4]]": [15, -349.5203818680261, []], "[\"10.0.0.13_10.0.0.43\", [1, 3, 4]]": [19, -214.37025407560122, []], "[\"10.0.0.11_10.0.0.41\", [1, 3, 4]]": [19, -293.1965565725698, []], "[\"NoTrans\", []]": [24, -290.2913033371994, []]}, "{\"10.0.0.11_10.0.0.41\": [1, 3, 4], \"10.0.0.12_10.0.0.42\": [1, 2, 4], \"10.0.0.13_10.0.0.43\": [1, 3, 4]}": {"[\"10.0.0.12_10.0.0.42\", [1, 3, 4]]": [13, -253.9189439892742, []], "[\"10.0.0.13_10.0.0.43\", [1, 2, 4]]": [18, -338.63588177902085, []], "[\"10.0.0.11_10.0.0.41\", [1, 2, 4]]": [17, -277.34764130672914, []], "[\"NoTrans\", []]": [15, -286.50320521325824, []]}, "{\"10.0.0.11_10.0.0.41\": [1, 2, 4], \"10.0.0.12_10.0.0.42\": [1, 2, 4], \"10.0.0.13_10.0.0.43\": [1, 3, 4]}": {"[\"10.0.0.12_10.0.0.42\", [1, 3, 4]]": [20, -212.93665280117236, []], "[\"10.0.0.13_10.0.0.43\", [1, 2, 4]]": [7, -360.6780742660322, []], "[\"10.0.0.11_10.0.0.41\", [1, 3, 4]]": [18, -288.4739858004635, []], "[\"NoTrans\", []]": [15, -277.8539487094056, []]}, "{\"10.0.0.11_10.0.0.41\": [1, 3, 4], \"10.0.0.12_10.0.0.42\": [1, 2, 4], \"10.0.0.13_10.0.0.43\": [1, 2, 4]}": {"[\"10.0.0.12_10.0.0.42\", [1, 3, 4]]": [18, -292.1657169521411, []], "[\"10.0.0.13_10.0.0.43\", [1, 3, 4]]": [14, -289.3439452275928, []], "[\"10.0.0.11_10.0.0.41\", [1, 2, 4]]": [15, -359.59011942886144, []], "[\"NoTrans\", []]": [12, -340.36219924129125, []]}, "{\"10.0.0.11_10.0.0.41\": [1, 2, 4], \"10.0.0.12_10.0.0.42\": [1, 2, 4], \"10.0.0.13_10.0.0.43\": [1, 2, 4]}": {"[\"10.0.0.12_10.0.0.42\", [1, 3, 4]]": [15, -284.46939475806346, []], "[\"10.0.0.13_10.0.0.43\", [1, 3, 4]]": [10, -276.4673422084318, []], "[\"10.0.0.11_10.0.0.41\", [1, 3, 4]]": [12, -339.2305839696034, []], "[\"NoTrans\", []]": [12, -359.38016906571806, []]}}