{"{\"10.0.0.11_10.0.0.41\": [1, 3, 4], \"10.0.0.12_10.0.0.42\": [1, 3, 4], \"10.0.0.13_10.0.0.43\": [1, 3, 4]}": {"[\"10.0.0.12_10.0.0.42\", [1, 2, 4]]": [1, -154.38129542139595, []], "[\"10.0.0.13_10.0.0.43\", [1, 2, 4]]": [1, -153.37681416196762, []], "[\"10.0.0.11_10.0.0.41\", [1, 2, 4]]": [2, -115.25555327149252, []], "[\"NoTrans\", []]": [1, -169.1287841796875, []]}, "{\"10.0.0.11_10.0.0.41\": [1, 2, 4], \"10.0.0.12_10.0.0.42\": [1, 3, 4], \"10.0.0.13_10.0.0.43\": [1, 3, 4]}": {"[\"10.0.0.12_10.0.0.42\", [1, 2, 4]]": [1, -175.4601502654312, []], "[\"10.0.0.13_10.0.0.43\", [1, 2, 4]]": [1, -171.09828620875356, []], "[\"10.0.0.11_10.0.0.41\", [1, 3, 4]]": [1, -173.74428420246252, []], "[\"NoTrans\", []]": [650, -132.02107106267522, []]}, "{\"10.0.0.11_10.0.0.41\": [1, 3, 4], \"10.0.0.12_10.0.0.42\": [1, 3, 4], \"10.0.0.13_10.0.0.43\": [1, 2, 4]}": {"[\"10.0.0.12_10.0.0.42\", [1, 2, 4]]": [1, -172.97124015421127, []], "[\"10.0.0.13_10.0.0.43\", [1, 3, 4]]": [1, -169.44626235961914, []], "[\"10.0.0.11_10.0.0.41\", [1, 2, 4]]": [1, -175.83660440191318, []], "[\"NoTrans\", []]": [1, -153.35048216978677, []]}, "{\"10.0.0.11_10.0.0.41\": [1, 2, 4], \"10.0.0.12_10.0.0.42\": [1, 3, 4], \"10.0.0.13_10.0.0.43\": [1, 2, 4]}": {"[\"10.0.0.12_10.0.0.42\", [1, 2, 4]]": [1, -193.49745178222656, []], "[\"10.0.0.13_10.0.0.43\", [1, 3, 4]]": [1, -143.28862942527752, []], "[\"10.0.0.11_10.0.0.41\", [1, 3, 4]]": [1, -155.9796748644657, []], "[\"NoTrans\", []]": [0, -100, []]}, "{\"10.0.0.11_10.0.0.41\": [1, 3, 4], \"10.0.0.12_10.0.0.42\": [1, 2, 4], \"10.0.0.13_10.0.0.43\": [1, 3, 4]}": {"[\"10.0.0.12_10.0.0.42\", [1, 3, 4]]": [2, -185.0286491394043, []], "[\"10.0.0.13_10.0.0.43\", [1, 2, 4]]": [1, -171.89583098826665, []], "[\"10.0.0.11_10.0.0.41\", [1, 2, 4]]": [1, -172.85342307574984, []], "[\"NoTrans\", []]": [2, -200.73115534373017, []]}, "{\"10.0.0.11_10.0.0.41\": [1, 2, 4], \"10.0.0.12_10.0.0.42\": [1, 2, 4], \"10.0.0.13_10.0.0.43\": [1, 3, 4]}": {"[\"10.0.0.12_10.0.0.42\", [1, 3, 4]]": [1, -141.91238887426624, []], "[\"10.0.0.13_10.0.0.43\", [1, 2, 4]]": [1, -191.60812759399414, []], "[\"10.0.0.11_10.0.0.41\", [1, 3, 4]]": [1, -187.95845060694177, []], "[\"NoTrans\", []]": [1, -169.83128358300849, []]}, "{\"10.0.0.11_10.0.0.41\": [1, 3, 4], \"10.0.0.12_10.0.0.42\": [1, 2, 4], \"10.0.0.13_10.0.0.43\": [1, 2, 4]}": {"[\"10.0.0.12_10.0.0.42\", [1, 3, 4]]": [1, -155.87680612920084, []], "[\"10.0.0.13_10.0.0.43\", [1, 3, 4]]": [1, -155.85607360636533, []], "[\"10.0.0.11_10.0.0.41\", [1, 2, 4]]": [1, -191.15293884277344, []], "[\"NoTrans\", []]": [1, -172.45768010222542, []]}, "{\"10.0.0.11_10.0.0.41\": [1, 2, 4], \"10.0.0.12_10.0.0.42\": [1, 2, 4], \"10.0.0.13_10.0.0.43\": [1, 2, 4]}": {"[\"10.0.0.12_10.0.0.42\", [1, 3, 4]]": [1, -172.21209334206904, []], "[\"10.0.0.13_10.0.0.43\", [1, 3, 4]]": [1, -170.4180107292321, []], "[\"10.0.0.11_10.0.0.41\", [1, 3, 4]]": [1, -170.3895910354007, []], "[\"NoTrans\", []]": [1, -189.4753303527832, []]}}