{"{\"10.0.0.11_10.0.0.41\": [1, 3, 4], \"10.0.0.12_10.0.0.42\": [1, 3, 4], \"10.0.0.13_10.0.0.43\": [1, 3, 4]}": {"[\"10.0.0.11_10.0.0.41\", [1, 2, 4]]": [5, -175.38827290036656, []], "[\"10.0.0.12_10.0.0.42\", [1, 2, 4]]": [3, -246.87449033776574, []], "[\"10.0.0.13_10.0.0.43\", [1, 2, 4]]": [1, -187.52265600209893, []], "[\"NoTrans\", []]": [2, -244.227782922398, []]}, "{\"10.0.0.11_10.0.0.41\": [1, 3, 4], \"10.0.0.12_10.0.0.42\": [1, 3, 4], \"10.0.0.13_10.0.0.43\": [1, 2, 4]}": {"[\"10.0.0.11_10.0.0.41\", [1, 2, 4]]": [1, -207.98434978283382, []], "[\"10.0.0.12_10.0.0.42\", [1, 2, 4]]": [1, -204.14831936648278, []], "[\"10.0.0.13_10.0.0.43\", [1, 3, 4]]": [2, -217.3960467529297, []], "[\"NoTrans\", []]": [2, -226.60994762635892, []]}, "{\"10.0.0.11_10.0.0.41\": [1, 3, 4], \"10.0.0.12_10.0.0.42\": [1, 2, 4], \"10.0.0.13_10.0.0.43\": [1, 3, 4]}": {"[\"10.0.0.11_10.0.0.41\", [1, 2, 4]]": [2, -260.12671161093647, []], "[\"10.0.0.12_10.0.0.42\", [1, 3, 4]]": [3, -245.5797840210308, []], "[\"10.0.0.13_10.0.0.43\", [1, 2, 4]]": [2, -250.77729410516912, []], "[\"NoTrans\", []]": [2, -228.8982848529597, []]}, "{\"10.0.0.11_10.0.0.41\": [1, 3, 4], \"10.0.0.12_10.0.0.42\": [1, 2, 4], \"10.0.0.13_10.0.0.43\": [1, 2, 4]}": {"[\"10.0.0.11_10.0.0.41\", [1, 2, 4]]": [1, -225.5326629638672, []], "[\"10.0.0.12_10.0.0.42\", [1, 3, 4]]": [1, -219.17791060417727, []], "[\"10.0.0.13_10.0.0.43\", [1, 3, 4]]": [2, -247.8024875746459, []], "[\"NoTrans\", []]": [1, -202.47236694900812, []]}, "{\"10.0.0.11_10.0.0.41\": [1, 2, 4], \"10.0.0.12_10.0.0.42\": [1, 3, 4], \"10.0.0.13_10.0.0.43\": [1, 3, 4]}": {"[\"10.0.0.11_10.0.0.41\", [1, 3, 4]]": [4, -252.8704400134694, []], "[\"10.0.0.12_10.0.0.42\", [1, 2, 4]]": [3, -256.8161109995324, []], "[\"10.0.0.13_10.0.0.43\", [1, 2, 4]]": [3, -253.21368276803676, []], "[\"NoTrans\", []]": [621, -132.73150927046382, []]}, "{\"10.0.0.11_10.0.0.41\": [1, 2, 4], \"10.0.0.12_10.0.0.42\": [1, 3, 4], \"10.0.0.13_10.0.0.43\": [1, 2, 4]}": {"[\"10.0.0.11_10.0.0.41\", [1, 3, 4]]": [1, -186.54954341867847, []], "[\"10.0.0.12_10.0.0.42\", [1, 2, 4]]": [1, -223.41130981445315, []], "[\"10.0.0.13_10.0.0.43\", [1, 3, 4]]": [3, -204.15502480515732, []], "[\"NoTrans\", []]": [1, -205.5252062049538, []]}, "{\"10.0.0.11_10.0.0.41\": [1, 2, 4], \"10.0.0.12_10.0.0.42\": [1, 2, 4], \"10.0.0.13_10.0.0.43\": [1, 3, 4]}": {"[\"10.0.0.11_10.0.0.41\", [1, 3, 4]]": [2, -226.96897626530205, []], "[\"10.0.0.12_10.0.0.42\", [1, 3, 4]]": [3, -222.50652773155568, []], "[\"10.0.0.13_10.0.0.43\", [1, 2, 4]]": [1, -223.58554611206057, []], "[\"NoTrans\", []]": [2, -246.3875878261165, []]}, "{\"10.0.0.11_10.0.0.41\": [1, 2, 4], \"10.0.0.12_10.0.0.42\": [1, 2, 4], \"10.0.0.13_10.0.0.43\": [1, 2, 4]}": {"[\"10.0.0.11_10.0.0.41\", [1, 3, 4]]": [1, -203.07111343384435, []], "[\"10.0.0.12_10.0.0.42\", [1, 3, 4]]": [1, -203.30917705585125, []], "[\"10.0.0.13_10.0.0.43\", [1, 3, 4]]": [1, -203.44800169618424, []], "[\"NoTrans\", []]": [1, -220.57060012817385, []]}}