{"{\"10.0.0.11_10.0.0.41\": [1, 3, 4], \"10.0.0.12_10.0.0.42\": [1, 3, 4], \"10.0.0.13_10.0.0.43\": [1, 3, 4]}": {"[\"10.0.0.11_10.0.0.41\", [1, 2, 4]]": [39, -128.91916000728443, []], "[\"10.0.0.13_10.0.0.43\", [1, 2, 4]]": [2, -252.42268753499508, []], "[\"10.0.0.12_10.0.0.42\", [1, 2, 4]]": [0, -Infinity, []], "[\"NoTrans\", []]": [3, -306.74814812900723, []]}, "{\"10.0.0.11_10.0.0.41\": [1, 3, 4], \"10.0.0.12_10.0.0.42\": [1, 2, 4], \"10.0.0.13_10.0.0.43\": [1, 3, 4]}": {"[\"10.0.0.11_10.0.0.41\", [1, 2, 4]]": [13, -254.61566593719675, []], "[\"10.0.0.13_10.0.0.43\", [1, 2, 4]]": [0, -Infinity, []], "[\"10.0.0.12_10.0.0.42\", [1, 3, 4]]": [0, -Infinity, []], "[\"NoTrans\", []]": [8, -350.71364606990306, []]}, "{\"10.0.0.11_10.0.0.41\": [1, 3, 4], \"10.0.0.12_10.0.0.42\": [1, 3, 4], \"10.0.0.13_10.0.0.43\": [1, 2, 4]}": {"[\"10.0.0.11_10.0.0.41\", [1, 2, 4]]": [8, -403.5696181372926, []], "[\"10.0.0.13_10.0.0.43\", [1, 3, 4]]": [6, -221.87128911182208, []], "[\"10.0.0.12_10.0.0.42\", [1, 2, 4]]": [0, -Infinity, []], "[\"NoTrans\", []]": [0, -Infinity, []]}, "{\"10.0.0.11_10.0.0.41\": [1, 3, 4], \"10.0.0.12_10.0.0.42\": [1, 2, 4], \"10.0.0.13_10.0.0.43\": [1, 2, 4]}": {"[\"10.0.0.11_10.0.0.41\", [1, 2, 4]]": [5, -398.43027396698164, []], "[\"10.0.0.13_10.0.0.43\", [1, 3, 4]]": [11, -295.60314344477865, []], "[\"10.0.0.12_10.0.0.42\", [1, 3, 4]]": [2, -379.13811614337504, []], "[\"NoTrans\", []]": [0, -Infinity, []]}, "{\"10.0.0.11_10.0.0.41\": [1, 2, 4], \"10.0.0.12_10.0.0.42\": [1, 3, 4], \"10.0.0.13_10.0.0.43\": [1, 3, 4]}": {"[\"10.0.0.11_10.0.0.41\", [1, 3, 4]]": [34, -204.5509812134812, []], "[\"10.0.0.13_10.0.0.43\", [1, 2, 4]]": [36, -254.973778581635, []], "[\"10.0.0.12_10.0.0.42\", [1, 2, 4]]": [26, -247.09520530916464, []], "[\"NoTrans\", []]": [496, -130.9711196582659, []]}, "{\"10.0.0.11_10.0.0.41\": [1, 2, 4], \"10.0.0.12_10.0.0.42\": [1, 2, 4], \"10.0.0.13_10.0.0.43\": [1, 3, 4]}": {"[\"10.0.0.11_10.0.0.41\", [1, 3, 4]]": [2, -282.45328376937533, []], "[\"10.0.0.13_10.0.0.43\", [1, 2, 4]]": [1, -328.3509376382325, []], "[\"10.0.0.12_10.0.0.42\", [1, 3, 4]]": [36, -171.99629932717477, []], "[\"NoTrans\", []]": [3, -251.5199448259562, []]}, "{\"10.0.0.11_10.0.0.41\": [1, 2, 4], \"10.0.0.12_10.0.0.42\": [1, 3, 4], \"10.0.0.13_10.0.0.43\": [1, 2, 4]}": {"[\"10.0.0.11_10.0.0.41\", [1, 3, 4]]": [10, -255.57270637624663, []], "[\"10.0.0.13_10.0.0.43\", [1, 3, 4]]": [22, -192.68236946299098, []], "[\"10.0.0.12_10.0.0.42\", [1, 2, 4]]": [16, -400.05117393512757, []], "[\"NoTrans\", []]": [3, -395.5251585896305, []]}, "{\"10.0.0.11_10.0.0.41\": [1, 2, 4], \"10.0.0.12_10.0.0.42\": [1, 2, 4], \"10.0.0.13_10.0.0.43\": [1, 2, 4]}": {"[\"10.0.0.11_10.0.0.41\", [1, 3, 4]]": [18, -335.8668916690562, []], "[\"10.0.0.13_10.0.0.43\", [1, 3, 4]]": [0, -Infinity, []], "[\"10.0.0.12_10.0.0.42\", [1, 3, 4]]": [4, -376.66697779262086, []], "[\"NoTrans\", []]": [3, -398.3264367868836, []]}}