{"{\"10.0.0.11_10.0.0.41\": [1, 3, 4], \"10.0.0.12_10.0.0.42\": [1, 3, 4], \"10.0.0.13_10.0.0.43\": [1, 3, 4]}": {"[\"10.0.0.12_10.0.0.42\", [1, 2, 4]]": [14, -407.1688811384379, []], "[\"10.0.0.13_10.0.0.43\", [1, 2, 4]]": [14, -372.9026729763153, []], "[\"10.0.0.11_10.0.0.41\", [1, 2, 4]]": [37, -271.41614098915227, []], "[\"NoTrans\", []]": [14, -356.2902911700046, []]}, "{\"10.0.0.11_10.0.0.41\": [1, 2, 4], \"10.0.0.12_10.0.0.42\": [1, 3, 4], \"10.0.0.13_10.0.0.43\": [1, 3, 4]}": {"[\"10.0.0.12_10.0.0.42\", [1, 2, 4]]": [27, -431.79510519810964, []], "[\"10.0.0.13_10.0.0.43\", [1, 2, 4]]": [14, -415.48947742769377, []], "[\"10.0.0.11_10.0.0.41\", [1, 3, 4]]": [35, -324.32128574181405, []], "[\"NoTrans\", []]": [193, -180.870505124087, []]}, "{\"10.0.0.11_10.0.0.41\": [1, 3, 4], \"10.0.0.12_10.0.0.42\": [1, 3, 4], \"10.0.0.13_10.0.0.43\": [1, 2, 4]}": {"[\"10.0.0.12_10.0.0.42\", [1, 2, 4]]": [16, -390.2139923713317, []], "[\"10.0.0.13_10.0.0.43\", [1, 3, 4]]": [17, -398.5384279792028, []], "[\"10.0.0.11_10.0.0.41\", [1, 2, 4]]": [13, -381.1320592520911, []], "[\"NoTrans\", []]": [18, -417.6464392317828, []]}, "{\"10.0.0.11_10.0.0.41\": [1, 2, 4], \"10.0.0.12_10.0.0.42\": [1, 3, 4], \"10.0.0.13_10.0.0.43\": [1, 2, 4]}": {"[\"10.0.0.12_10.0.0.42\", [1, 2, 4]]": [6, -465.1449306247863, []], "[\"10.0.0.13_10.0.0.43\", [1, 3, 4]]": [24, -354.1427773141937, []], "[\"10.0.0.11_10.0.0.41\", [1, 3, 4]]": [11, -337.45645692139885, []], "[\"NoTrans\", []]": [14, -364.3878723087297, []]}, "{\"10.0.0.11_10.0.0.41\": [1, 3, 4], \"10.0.0.12_10.0.0.42\": [1, 2, 4], \"10.0.0.13_10.0.0.43\": [1, 3, 4]}": {"[\"10.0.0.12_10.0.0.42\", [1, 3, 4]]": [13, -366.0541068888676, []], "[\"10.0.0.13_10.0.0.43\", [1, 2, 4]]": [16, -430.7232116436309, []], "[\"10.0.0.11_10.0.0.41\", [1, 2, 4]]": [0, -Infinity, []], "[\"NoTrans\", []]": [0, -Infinity, []]}, "{\"10.0.0.11_10.0.0.41\": [1, 2, 4], \"10.0.0.12_10.0.0.42\": [1, 2, 4], \"10.0.0.13_10.0.0.43\": [1, 3, 4]}": {"[\"10.0.0.12_10.0.0.42\", [1, 3, 4]]": [16, -365.51811471822185, []], "[\"10.0.0.13_10.0.0.43\", [1, 2, 4]]": [9, -408.58123960894346, []], "[\"10.0.0.11_10.0.0.41\", [1, 3, 4]]": [5, -355.12399543533485, []], "[\"NoTrans\", []]": [18, -414.2898996034392, []]}, "{\"10.0.0.11_10.0.0.41\": [1, 3, 4], \"10.0.0.12_10.0.0.42\": [1, 2, 4], \"10.0.0.13_10.0.0.43\": [1, 2, 4]}": {"[\"10.0.0.12_10.0.0.42\", [1, 3, 4]]": [21, -393.8974206185411, []], "[\"10.0.0.13_10.0.0.43\", [1, 3, 4]]": [9, -415.3483480218389, []], "[\"10.0.0.11_10.0.0.41\", [1, 2, 4]]": [2, -418.22488430327655, []], "[\"NoTrans\", []]": [9, -421.4740218332835, []]}, "{\"10.0.0.11_10.0.0.41\": [1, 2, 4], \"10.0.0.12_10.0.0.42\": [1, 2, 4], \"10.0.0.13_10.0.0.43\": [1, 2, 4]}": {"[\"10.0.0.12_10.0.0.42\", [1, 3, 4]]": [14, -330.23533998928804, []], "[\"10.0.0.13_10.0.0.43\", [1, 3, 4]]": [3, -402.3202451519851, []], "[\"10.0.0.11_10.0.0.41\", [1, 3, 4]]": [0, -Infinity, []], "[\"NoTrans\", []]": [10, -441.1938639706697, []]}}