{"{\"10.0.0.11_10.0.0.41\": [1, 3, 4], \"10.0.0.12_10.0.0.42\": [1, 3, 4], \"10.0.0.13_10.0.0.43\": [1, 3, 4]}": {"[\"10.0.0.11_10.0.0.41\", [1, 2, 4]]": [4, -166.91048222081153, []], "[\"10.0.0.12_10.0.0.42\", [1, 2, 4]]": [1, -182.4718635255647, []], "[\"10.0.0.13_10.0.0.43\", [1, 2, 4]]": [2, -207.37343447684594, []], "[\"NoTrans\", []]": [1, -165.1244010925293, []]}, "{\"10.0.0.11_10.0.0.41\": [1, 3, 4], \"10.0.0.12_10.0.0.42\": [1, 3, 4], \"10.0.0.13_10.0.0.43\": [1, 2, 4]}": {"[\"10.0.0.11_10.0.0.41\", [1, 2, 4]]": [2, -230.87458038567203, []], "[\"10.0.0.12_10.0.0.42\", [1, 2, 4]]": [2, -220.71592226866528, []], "[\"10.0.0.13_10.0.0.43\", [1, 3, 4]]": [3, -223.83196547639184, []], "[\"NoTrans\", []]": [3, -229.19694763897834, []]}, "{\"10.0.0.11_10.0.0.41\": [1, 3, 4], \"10.0.0.12_10.0.0.42\": [1, 2, 4], \"10.0.0.13_10.0.0.43\": [1, 3, 4]}": {"[\"10.0.0.11_10.0.0.41\", [1, 2, 4]]": [2, -227.88967472377826, []], "[\"10.0.0.12_10.0.0.42\", [1, 3, 4]]": [2, -176.41532974243165, []], "[\"10.0.0.13_10.0.0.43\", [1, 2, 4]]": [2, -230.24547330333843, []], "[\"NoTrans\", []]": [2, -192.24667783101776, []]}, "{\"10.0.0.11_10.0.0.41\": [1, 3, 4], \"10.0.0.12_10.0.0.42\": [1, 2, 4], \"10.0.0.13_10.0.0.43\": [1, 2, 4]}": {"[\"10.0.0.11_10.0.0.41\", [1, 2, 4]]": [1, -190.5296173095703, []], "[\"10.0.0.12_10.0.0.42\", [1, 3, 4]]": [2, -227.51787155238702, []], "[\"10.0.0.13_10.0.0.43\", [1, 3, 4]]": [2, -204.65009559343224, []], "[\"NoTrans\", []]": [2, -233.7696935856037, []]}, "{\"10.0.0.11_10.0.0.41\": [1, 2, 4], \"10.0.0.12_10.0.0.42\": [1, 3, 4], \"10.0.0.13_10.0.0.43\": [1, 3, 4]}": {"[\"10.0.0.11_10.0.0.41\", [1, 3, 4]]": [2, -208.67251839796126, []], "[\"10.0.0.12_10.0.0.42\", [1, 2, 4]]": [3, -229.58803051804438, []], "[\"10.0.0.13_10.0.0.43\", [1, 2, 4]]": [3, -229.14784298752784, []], "[\"NoTrans\", []]": [628, -120.09947028899178, []]}, "{\"10.0.0.11_10.0.0.41\": [1, 2, 4], \"10.0.0.12_10.0.0.42\": [1, 3, 4], \"10.0.0.13_10.0.0.43\": [1, 2, 4]}": {"[\"10.0.0.11_10.0.0.41\", [1, 3, 4]]": [3, -230.09883866477165, []], "[\"10.0.0.12_10.0.0.42\", [1, 2, 4]]": [1, -190.86607360839844, []], "[\"10.0.0.13_10.0.0.43\", [1, 3, 4]]": [2, -193.7507494986971, []], "[\"NoTrans\", []]": [1, -174.01355563676105, []]}, "{\"10.0.0.11_10.0.0.41\": [1, 2, 4], \"10.0.0.12_10.0.0.42\": [1, 2, 4], \"10.0.0.13_10.0.0.43\": [1, 3, 4]}": {"[\"10.0.0.11_10.0.0.41\", [1, 3, 4]]": [3, -209.0855802734651, []], "[\"10.0.0.12_10.0.0.42\", [1, 3, 4]]": [2, -207.0003131300627, []], "[\"10.0.0.13_10.0.0.43\", [1, 2, 4]]": [1, -189.3630828857422, []], "[\"NoTrans\", []]": [1, -168.80349661777598, []]}, "{\"10.0.0.11_10.0.0.41\": [1, 2, 4], \"10.0.0.12_10.0.0.42\": [1, 2, 4], \"10.0.0.13_10.0.0.43\": [1, 2, 4]}": {"[\"10.0.0.11_10.0.0.41\", [1, 3, 4]]": [1, -169.49827727910758, []], "[\"10.0.0.12_10.0.0.42\", [1, 3, 4]]": [1, -170.78907496832645, []], "[\"10.0.0.13_10.0.0.43\", [1, 3, 4]]": [1, -169.85054268973184, []], "[\"NoTrans\", []]": [0, -100, []]}}