{"{\"10.0.0.1_10.0.1.1\": [1, 4, 5], \"10.0.0.2_10.0.1.2\": [1, 4, 5], \"10.0.0.3_10.0.1.3\": [1, 4, 5]}": {"[\"10.0.0.2_10.0.1.2\", [1, 3, 5]]": [1, -166.66728591159688, []], "[\"10.0.0.2_10.0.1.2\", [1, 2, 5]]": [1, -215.5744969292889, []], "[\"10.0.0.3_10.0.1.3\", [1, 3, 5]]": [1, -168.0239912991585, []], "[\"10.0.0.3_10.0.1.3\", [1, 2, 5]]": [1, -209.48805487527184, []], "[\"10.0.0.1_10.0.1.1\", [1, 3, 5]]": [1, -164.93692941292244, []], "[\"10.0.0.1_10.0.1.1\", [1, 2, 5]]": [1, -165.26812159882587, []], "[\"NoTrans\", []]": [1, -171.07537994384765, []]}, "{\"10.0.0.1_10.0.1.1\": [1, 3, 5], \"10.0.0.2_10.0.1.2\": [1, 4, 5], \"10.0.0.3_10.0.1.3\": [1, 4, 5]}": {"[\"10.0.0.2_10.0.1.2\", [1, 3, 5]]": [1, -184.34263237249826, []], "[\"10.0.0.2_10.0.1.2\", [1, 2, 5]]": [1, -209.90111330887476, []], "[\"10.0.0.3_10.0.1.3\", [1, 3, 5]]": [1, -183.79404510590152, []], "[\"10.0.0.3_10.0.1.3\", [1, 2, 5]]": [1, -206.74325183006968, []], "[\"10.0.0.1_10.0.1.1\", [1, 4, 5]]": [1, -171.16912612915038, []], "[\"10.0.0.1_10.0.1.1\", [1, 2, 5]]": [2, -171.25208257634654, []], "[\"NoTrans\", []]": [2, -183.47307811181133, []]}, "{\"10.0.0.1_10.0.1.1\": [1, 2, 5], \"10.0.0.2_10.0.1.2\": [1, 4, 5], \"10.0.0.3_10.0.1.3\": [1, 4, 5]}": {"[\"10.0.0.2_10.0.1.2\", [1, 3, 5]]": [2, -141.30692648369126, []], "[\"10.0.0.2_10.0.1.2\", [1, 2, 5]]": [1, -245.44111281684934, []], "[\"10.0.0.3_10.0.1.3\", [1, 3, 5]]": [1, -167.98882942486188, []], "[\"10.0.0.3_10.0.1.3\", [1, 2, 5]]": [1, -249.4339825295364, []], "[\"10.0.0.1_10.0.1.1\", [1, 4, 5]]": [1, -176.90566787719726, []], "[\"10.0.0.1_10.0.1.1\", [1, 3, 5]]": [1, -164.48335556194593, []], "[\"NoTrans\", []]": [1, -163.94673047309925, []]}, "{\"10.0.0.1_10.0.1.1\": [1, 4, 5], \"10.0.0.2_10.0.1.2\": [1, 4, 5], \"10.0.0.3_10.0.1.3\": [1, 3, 5]}": {"[\"10.0.0.2_10.0.1.2\", [1, 3, 5]]": [1, -186.79961479624754, []], "[\"10.0.0.2_10.0.1.2\", [1, 2, 5]]": [1, -220.00134543855103, []], "[\"10.0.0.3_10.0.1.3\", [1, 4, 5]]": [1, -175.72044143676757, []], "[\"10.0.0.3_10.0.1.3\", [1, 2, 5]]": [1, -209.43855060776787, []], "[\"10.0.0.1_10.0.1.1\", [1, 3, 5]]": [1, -184.5900459106649, []], "[\"10.0.0.1_10.0.1.1\", [1, 2, 5]]": [1, -166.5948786229721, []], "[\"NoTrans\", []]": [1, -167.0404779086329, []]}, "{\"10.0.0.1_10.0.1.1\": [1, 3, 5], \"10.0.0.2_10.0.1.2\": [1, 4, 5], \"10.0.0.3_10.0.1.3\": [1, 3, 5]}": {"[\"10.0.0.2_10.0.1.2\", [1, 3, 5]]": [1, -201.5409828186035, []], "[\"10.0.0.2_10.0.1.2\", [1, 2, 5]]": [1, -229.95489072699456, []], "[\"10.0.0.3_10.0.1.3\", [1, 4, 5]]": [2, -182.86008657143782, []], "[\"10.0.0.3_10.0.1.3\", [1, 2, 5]]": [1, -209.05141934032144, []], "[\"10.0.0.1_10.0.1.1\", [1, 4, 5]]": [1, -168.4674607988695, []], "[\"10.0.0.1_10.0.1.1\", [1, 2, 5]]": [1, -165.88171921431868, []], "[\"NoTrans\", []]": [1, -184.25915510595436, []]}, "{\"10.0.0.1_10.0.1.1\": [1, 2, 5], \"10.0.0.2_10.0.1.2\": [1, 4, 5], \"10.0.0.3_10.0.1.3\": [1, 3, 5]}": {"[\"10.0.0.2_10.0.1.2\", [1, 3, 5]]": [1, -186.6493746180589, []], "[\"10.0.0.2_10.0.1.2\", [1, 2, 5]]": [1, -253.3925059836488, []], "[\"10.0.0.3_10.0.1.3\", [1, 4, 5]]": [1, -166.81646902359293, []], "[\"10.0.0.3_10.0.1.3\", [1, 2, 5]]": [1, -246.50110515942305, []], "[\"10.0.0.1_10.0.1.1\", [1, 4, 5]]": [1, -166.6828751672221, []], "[\"10.0.0.1_10.0.1.1\", [1, 3, 5]]": [1, -183.8909192122565, []], "[\"NoTrans\", []]": [1, -167.77683782329973, []]}, "{\"10.0.0.1_10.0.1.1\": [1, 4, 5], \"10.0.0.2_10.0.1.2\": [1, 4, 5], \"10.0.0.3_10.0.1.3\": [1, 2, 5]}": {"[\"10.0.0.2_10.0.1.2\", [1, 3, 5]]": [1, -210.40103194037204, []], "[\"10.0.0.2_10.0.1.2\", [1, 2, 5]]": [1, -246.77039791105008, []], "[\"10.0.0.3_10.0.1.3\", [1, 4, 5]]": [1, -176.0613800048828, []], "[\"10.0.0.3_10.0.1.3\", [1, 3, 5]]": [1, -167.5428595934285, []], "[\"10.0.0.1_10.0.1.1\", [1, 3, 5]]": [1, -207.71618501027126, []], "[\"10.0.0.1_10.0.1.1\", [1, 2, 5]]": [0, -140, []], "[\"NoTrans\", []]": [0, -140, []]}, "{\"10.0.0.1_10.0.1.1\": [1, 3, 5], \"10.0.0.2_10.0.1.2\": [1, 4, 5], \"10.0.0.3_10.0.1.3\": [1, 2, 5]}": {"[\"10.0.0.2_10.0.1.2\", [1, 3, 5]]": [1, -225.41020233179302, []], "[\"10.0.0.2_10.0.1.2\", [1, 2, 5]]": [1, -243.86301523284249, []], "[\"10.0.0.3_10.0.1.3\", [1, 4, 5]]": [0, -140, []], "[\"10.0.0.3_10.0.1.3\", [1, 3, 5]]": [1, -199.82459994385445, []], "[\"10.0.0.1_10.0.1.1\", [1, 4, 5]]": [1, -208.62563668697456, []], "[\"10.0.0.1_10.0.1.1\", [1, 2, 5]]": [1, -243.88549882187323, []], "[\"NoTrans\", []]": [0, -140, []]}, "{\"10.0.0.1_10.0.1.1\": [1, 2, 5], \"10.0.0.2_10.0.1.2\": [1, 4, 5], \"10.0.0.3_10.0.1.3\": [1, 2, 5]}": {"[\"10.0.0.2_10.0.1.2\", [1, 3, 5]]": [0, -140, []], "[\"10.0.0.2_10.0.1.2\", [1, 2, 5]]": [1, -279.8715950012207, []], "[\"10.0.0.3_10.0.1.3\", [1, 4, 5]]": [1, -166.24125058916388, []], "[\"10.0.0.3_10.0.1.3\", [1, 3, 5]]": [1, -174.45671248288835, []], "[\"10.0.0.1_10.0.1.1\", [1, 4, 5]]": [0, -140, []], "[\"10.0.0.1_10.0.1.1\", [1, 3, 5]]": [1, -208.1724302159006, []], "[\"NoTrans\", []]": [0, -140, []]}, "{\"10.0.0.1_10.0.1.1\": [1, 4, 5], \"10.0.0.2_10.0.1.2\": [1, 3, 5], \"10.0.0.3_10.0.1.3\": [1, 4, 5]}": {"[\"10.0.0.2_10.0.1.2\", [1, 4, 5]]": [1, -176.49654159545898, []], "[\"10.0.0.2_10.0.1.2\", [1, 2, 5]]": [1, -217.48884123511687, []], "[\"10.0.0.3_10.0.1.3\", [1, 3, 5]]": [1, -185.59191050968644, []], "[\"10.0.0.3_10.0.1.3\", [1, 2, 5]]": [1, -208.06154323875143, []], "[\"10.0.0.1_10.0.1.1\", [1, 3, 5]]": [1, -187.6403010287685, []], "[\"10.0.0.1_10.0.1.1\", [1, 2, 5]]": [1, -146.15370740921935, []], "[\"NoTrans\", []]": [1, -167.53362815154702, []]}, "{\"10.0.0.1_10.0.1.1\": [1, 3, 5], \"10.0.0.2_10.0.1.2\": [1, 3, 5], \"10.0.0.3_10.0.1.3\": [1, 4, 5]}": {"[\"10.0.0.2_10.0.1.2\", [1, 4, 5]]": [1, -161.7715509426937, []], "[\"10.0.0.2_10.0.1.2\", [1, 2, 5]]": [1, -208.95648712441476, []], "[\"10.0.0.3_10.0.1.3\", [1, 3, 5]]": [1, -200.6770492553711, []], "[\"10.0.0.3_10.0.1.3\", [1, 2, 5]]": [1, -229.58005857705427, []], "[\"10.0.0.1_10.0.1.1\", [1, 4, 5]]": [1, -165.1898702320787, []], "[\"10.0.0.1_10.0.1.1\", [1, 2, 5]]": [1, -159.80614768830497, []], "[\"NoTrans\", []]": [1, -185.5338011704235, []]}, "{\"10.0.0.1_10.0.1.1\": [1, 2, 5], \"10.0.0.2_10.0.1.2\": [1, 3, 5], \"10.0.0.3_10.0.1.3\": [1, 4, 5]}": {"[\"10.0.0.2_10.0.1.2\", [1, 4, 5]]": [1, -166.08945550003753, []], "[\"10.0.0.2_10.0.1.2\", [1, 2, 5]]": [1, -247.67756937400273, []], "[\"10.0.0.3_10.0.1.3\", [1, 3, 5]]": [1, -185.20089842698664, []], "[\"10.0.0.3_10.0.1.3\", [1, 2, 5]]": [1, -245.32627337214626, []], "[\"10.0.0.1_10.0.1.1\", [1, 4, 5]]": [1, -165.04388961726264, []], "[\"10.0.0.1_10.0.1.1\", [1, 3, 5]]": [1, -186.81234771708816, []], "[\"NoTrans\", []]": [2031, -118.0124863993612, []]}, "{\"10.0.0.1_10.0.1.1\": [1, 4, 5], \"10.0.0.2_10.0.1.2\": [1, 3, 5], \"10.0.0.3_10.0.1.3\": [1, 3, 5]}": {"[\"10.0.0.2_10.0.1.2\", [1, 4, 5]]": [1, -167.35569918853884, []], "[\"10.0.0.2_10.0.1.2\", [1, 2, 5]]": [1, -168.38227869013932, []], "[\"10.0.0.3_10.0.1.3\", [1, 4, 5]]": [1, -170.46627618451035, []], "[\"10.0.0.3_10.0.1.3\", [1, 2, 5]]": [1, -209.4269701945367, []], "[\"10.0.0.1_10.0.1.1\", [1, 3, 5]]": [1, -200.77985534667968, []], "[\"10.0.0.1_10.0.1.1\", [1, 2, 5]]": [1, -187.35174681019606, []], "[\"NoTrans\", []]": [1, -186.09433964463233, []]}, "{\"10.0.0.1_10.0.1.1\": [1, 3, 5], \"10.0.0.2_10.0.1.2\": [1, 3, 5], \"10.0.0.3_10.0.1.3\": [1, 3, 5]}": {"[\"10.0.0.2_10.0.1.2\", [1, 4, 5]]": [1, -186.7824504608487, []], "[\"10.0.0.2_10.0.1.2\", [1, 2, 5]]": [1, -227.74585905295731, []], "[\"10.0.0.3_10.0.1.3\", [1, 4, 5]]": [1, -184.584356331107, []], "[\"10.0.0.3_10.0.1.3\", [1, 2, 5]]": [1, -231.32414614829815, []], "[\"10.0.0.1_10.0.1.1\", [1, 4, 5]]": [1, -185.48368197632084, []], "[\"10.0.0.1_10.0.1.1\", [1, 2, 5]]": [1, -184.65394827960023, []], "[\"NoTrans\", []]": [1, -200.53237686157226, []]}, "{\"10.0.0.1_10.0.1.1\": [1, 2, 5], \"10.0.0.2_10.0.1.2\": [1, 3, 5], \"10.0.0.3_10.0.1.3\": [1, 3, 5]}": {"[\"10.0.0.2_10.0.1.2\", [1, 4, 5]]": [1, -167.5827113914494, []],