{"{\"10.0.0.11_10.0.0.41\": [1, 3, 4], \"10.0.0.12_10.0.0.42\": [1, 3, 4], \"10.0.0.13_10.0.0.43\": [1, 3, 4]}": {"[\"10.0.0.13_10.0.0.43\", [1, 2, 4]]": [1, -139.43404509833465, []], "[\"10.0.0.12_10.0.0.42\", [1, 2, 4]]": [1, -185.3998334081532, []], "[\"10.0.0.11_10.0.0.41\", [1, 2, 4]]": [3, -142.90730667048527, []], "[\"NoTrans\", []]": [1, -202.8945327758789, []]}, "{\"10.0.0.11_10.0.0.41\": [1, 2, 4], \"10.0.0.12_10.0.0.42\": [1, 3, 4], \"10.0.0.13_10.0.0.43\": [1, 3, 4]}": {"[\"10.0.0.13_10.0.0.43\", [1, 2, 4]]": [1, -207.88603645539928, []], "[\"10.0.0.12_10.0.0.42\", [1, 2, 4]]": [3, -205.6501868282466, []], "[\"10.0.0.11_10.0.0.41\", [1, 3, 4]]": [1, -204.10140762329104, []], "[\"NoTrans\", []]": [381, -147.29856485372585, []]}, "{\"10.0.0.11_10.0.0.41\": [1, 3, 4], \"10.0.0.12_10.0.0.42\": [1, 2, 4], \"10.0.0.13_10.0.0.43\": [1, 3, 4]}": {"[\"10.0.0.13_10.0.0.43\", [1, 2, 4]]": [3, -237.57524710920308, []], "[\"10.0.0.12_10.0.0.42\", [1, 3, 4]]": [1, -204.9749676654244, []], "[\"10.0.0.11_10.0.0.41\", [1, 2, 4]]": [0, -140, []], "[\"NoTrans\", []]": [1, -187.9160899386008, []]}, "{\"10.0.0.11_10.0.0.41\": [1, 2, 4], \"10.0.0.12_10.0.0.42\": [1, 2, 4], \"10.0.0.13_10.0.0.43\": [1, 3, 4]}": {"[\"10.0.0.13_10.0.0.43\", [1, 2, 4]]": [1, -224.43832168579104, []], "[\"10.0.0.12_10.0.0.42\", [1, 3, 4]]": [2, -185.75462498060463, []], "[\"10.0.0.11_10.0.0.41\", [1, 3, 4]]": [1, -187.32224375966513, []], "[\"NoTrans\", []]": [1, -208.99862316169487, []]}, "{\"10.0.0.11_10.0.0.41\": [1, 3, 4], \"10.0.0.12_10.0.0.42\": [1, 3, 4], \"10.0.0.13_10.0.0.43\": [1, 2, 4]}": {"[\"10.0.0.13_10.0.0.43\", [1, 3, 4]]": [2, -218.32578367421834, []], "[\"10.0.0.12_10.0.0.42\", [1, 2, 4]]": [116, -211.57468611763966, []], "[\"10.0.0.11_10.0.0.41\", [1, 2, 4]]": [1, -206.65780787209576, []], "[\"NoTrans\", []]": [8, -233.92463681071334, []]}, "{\"10.0.0.11_10.0.0.41\": [1, 2, 4], \"10.0.0.12_10.0.0.42\": [1, 3, 4], \"10.0.0.13_10.0.0.43\": [1, 2, 4]}": {"[\"10.0.0.13_10.0.0.43\", [1, 3, 4]]": [1, -175.89129364150693, []], "[\"10.0.0.12_10.0.0.42\", [1, 2, 4]]": [1, -226.01617584228518, []], "[\"10.0.0.11_10.0.0.41\", [1, 3, 4]]": [1, -142.3301597253503, []], "[\"NoTrans\", []]": [0, -140, []]}, "{\"10.0.0.11_10.0.0.41\": [1, 3, 4], \"10.0.0.12_10.0.0.42\": [1, 2, 4], \"10.0.0.13_10.0.0.43\": [1, 2, 4]}": {"[\"10.0.0.13_10.0.0.43\", [1, 3, 4]]": [2, -200.37668891507892, []], "[\"10.0.0.12_10.0.0.42\", [1, 3, 4]]": [117, -202.59376168283768, []], "[\"10.0.0.11_10.0.0.41\", [1, 2, 4]]": [1, -222.87725219726565, []], "[\"NoTrans\", []]": [124, -214.42155835073441, []]}, "{\"10.0.0.11_10.0.0.41\": [1, 2, 4], \"10.0.0.12_10.0.0.42\": [1, 2, 4], \"10.0.0.13_10.0.0.43\": [1, 2, 4]}": {"[\"10.0.0.13_10.0.0.43\", [1, 3, 4]]": [1, -195.181019726903, []], "[\"10.0.0.12_10.0.0.42\", [1, 3, 4]]": [1, -204.39581259503694, []], "[\"10.0.0.11_10.0.0.41\", [1, 3, 4]]": [1, -141.23407819576624, []], "[\"NoTrans\", []]": [1, -222.3806739807129, []]}}