{"{\"10.0.0.11_10.0.0.41\": [1, 3, 4], \"10.0.0.12_10.0.0.42\": [1, 3, 4], \"10.0.0.13_10.0.0.43\": [1, 3, 4]}": {"[\"10.0.0.12_10.0.0.42\", [1, 2, 4]]": [1, -154.85736108653327, []], "[\"10.0.0.13_10.0.0.43\", [1, 2, 4]]": [1, -150.8934234993816, []], "[\"10.0.0.11_10.0.0.41\", [1, 2, 4]]": [2, -119.92786866747574, []], "[\"NoTrans\", []]": [1, -171.18833923339844, []]}, "{\"10.0.0.11_10.0.0.41\": [1, 2, 4], \"10.0.0.12_10.0.0.42\": [1, 3, 4], \"10.0.0.13_10.0.0.43\": [1, 3, 4]}": {"[\"10.0.0.12_10.0.0.42\", [1, 2, 4]]": [1, -172.82481293790175, []], "[\"10.0.0.13_10.0.0.43\", [1, 2, 4]]": [1, -173.75181579954648, []], "[\"10.0.0.11_10.0.0.41\", [1, 3, 4]]": [1, -174.137770289427, []], "[\"NoTrans\", []]": [647, -129.9015053800119, []]}, "{\"10.0.0.11_10.0.0.41\": [1, 3, 4], \"10.0.0.12_10.0.0.42\": [1, 3, 4], \"10.0.0.13_10.0.0.43\": [1, 2, 4]}": {"[\"10.0.0.12_10.0.0.42\", [1, 2, 4]]": [1, -172.11124004378226, []], "[\"10.0.0.13_10.0.0.43\", [1, 3, 4]]": [2, -184.52400283813478, []], "[\"10.0.0.11_10.0.0.41\", [1, 2, 4]]": [1, -173.92238271616304, []], "[\"NoTrans\", []]": [2, -201.17571029495883, []]}, "{\"10.0.0.11_10.0.0.41\": [1, 2, 4], \"10.0.0.12_10.0.0.42\": [1, 3, 4], \"10.0.0.13_10.0.0.43\": [1, 2, 4]}": {"[\"10.0.0.12_10.0.0.42\", [1, 2, 4]]": [1, -193.49335098266602, []], "[\"10.0.0.13_10.0.0.43\", [1, 3, 4]]": [1, -142.66624105986028, []], "[\"10.0.0.11_10.0.0.41\", [1, 3, 4]]": [1, -152.63374394984078, []], "[\"NoTrans\", []]": [1, -170.9667638817043, []]}, "{\"10.0.0.11_10.0.0.41\": [1, 3, 4], \"10.0.0.12_10.0.0.42\": [1, 2, 4], \"10.0.0.13_10.0.0.43\": [1, 3, 4]}": {"[\"10.0.0.12_10.0.0.42\", [1, 3, 4]]": [1, -168.1449737548828, []], "[\"10.0.0.13_10.0.0.43\", [1, 2, 4]]": [1, -172.20402495541867, []], "[\"10.0.0.11_10.0.0.41\", [1, 2, 4]]": [1, -174.59804581807262, []], "[\"NoTrans\", []]": [1, -155.64510187297077, []]}, "{\"10.0.0.11_10.0.0.41\": [1, 2, 4], \"10.0.0.12_10.0.0.42\": [1, 2, 4], \"10.0.0.13_10.0.0.43\": [1, 3, 4]}": {"[\"10.0.0.12_10.0.0.42\", [1, 3, 4]]": [1, -125.5478105481704, []], "[\"10.0.0.13_10.0.0.43\", [1, 2, 4]]": [1, -191.03201293945312, []], "[\"10.0.0.11_10.0.0.41\", [1, 3, 4]]": [1, -150.37396078419616, []], "[\"NoTrans\", []]": [1, -171.6360820637687, []]}, "{\"10.0.0.11_10.0.0.41\": [1, 3, 4], \"10.0.0.12_10.0.0.42\": [1, 2, 4], \"10.0.0.13_10.0.0.43\": [1, 2, 4]}": {"[\"10.0.0.12_10.0.0.42\", [1, 3, 4]]": [2, -164.18960145898214, []], "[\"10.0.0.13_10.0.0.43\", [1, 3, 4]]": [1, -155.01597466345441, []], "[\"10.0.0.11_10.0.0.41\", [1, 2, 4]]": [1, -170.5920526647442, []], "[\"NoTrans\", []]": [1, -173.57003312436032, []]}, "{\"10.0.0.11_10.0.0.41\": [1, 2, 4], \"10.0.0.12_10.0.0.42\": [1, 2, 4], \"10.0.0.13_10.0.0.43\": [1, 2, 4]}": {"[\"10.0.0.12_10.0.0.42\", [1, 3, 4]]": [1, -170.4508179698595, []], "[\"10.0.0.13_10.0.0.43\", [1, 3, 4]]": [1, -140.11709252666566, []], "[\"10.0.0.11_10.0.0.41\", [1, 3, 4]]": [1, -139.3577096606935, []], "[\"NoTrans\", []]": [1, -192.3155632019043, []]}}