{"{\"10.0.0.11_10.0.0.41\": [1, 3, 4], \"10.0.0.12_10.0.0.42\": [1, 3, 4], \"10.0.0.13_10.0.0.43\": [1, 3, 4]}": {"[\"10.0.0.12_10.0.0.42\", [1, 2, 4]]": [0, -140, []], "[\"10.0.0.13_10.0.0.43\", [1, 2, 4]]": [1, -185.2662559632243, []], "[\"10.0.0.11_10.0.0.41\", [1, 2, 4]]": [1, -143.87969413515418, []], "[\"NoTrans\", []]": [0, -140, []]}, "{\"10.0.0.11_10.0.0.41\": [1, 2, 4], \"10.0.0.12_10.0.0.42\": [1, 3, 4], \"10.0.0.13_10.0.0.43\": [1, 3, 4]}": {"[\"10.0.0.12_10.0.0.42\", [1, 2, 4]]": [1, -200.59618289919356, []], "[\"10.0.0.13_10.0.0.43\", [1, 2, 4]]": [1, -169.2695837630012, []], "[\"10.0.0.11_10.0.0.41\", [1, 3, 4]]": [1, -199.78259811401367, []], "[\"NoTrans\", []]": [370, -128.47752287830494, []]}, "{\"10.0.0.11_10.0.0.41\": [1, 3, 4], \"10.0.0.12_10.0.0.42\": [1, 3, 4], \"10.0.0.13_10.0.0.43\": [1, 2, 4]}": {"[\"10.0.0.12_10.0.0.42\", [1, 2, 4]]": [2, -204.04256703992223, []], "[\"10.0.0.13_10.0.0.43\", [1, 3, 4]]": [1, -201.28759155273437, []], "[\"10.0.0.11_10.0.0.41\", [1, 2, 4]]": [1, -207.21976830853959, []], "[\"NoTrans\", []]": [1, -184.96913233995397, []]}, "{\"10.0.0.11_10.0.0.41\": [1, 2, 4], \"10.0.0.12_10.0.0.42\": [1, 3, 4], \"10.0.0.13_10.0.0.43\": [1, 2, 4]}": {"[\"10.0.0.12_10.0.0.42\", [1, 2, 4]]": [1, -221.79197082519534, []], "[\"10.0.0.13_10.0.0.43\", [1, 3, 4]]": [2, -179.38625273423622, []], "[\"10.0.0.11_10.0.0.41\", [1, 3, 4]]": [1, -188.35692697243064, []], "[\"NoTrans\", []]": [2, -212.24860937750145, []]}, "{\"10.0.0.11_10.0.0.41\": [1, 3, 4], \"10.0.0.12_10.0.0.42\": [1, 2, 4], \"10.0.0.13_10.0.0.43\": [1, 3, 4]}": {"[\"10.0.0.12_10.0.0.42\", [1, 3, 4]]": [0, -140, []], "[\"10.0.0.13_10.0.0.43\", [1, 2, 4]]": [1, -229.71930925692908, []], "[\"10.0.0.11_10.0.0.41\", [1, 2, 4]]": [0, -140, []], "[\"NoTrans\", []]": [0, -140, []]}, "{\"10.0.0.11_10.0.0.41\": [1, 2, 4], \"10.0.0.12_10.0.0.42\": [1, 2, 4], \"10.0.0.13_10.0.0.43\": [1, 3, 4]}": {"[\"10.0.0.12_10.0.0.42\", [1, 3, 4]]": [1, -172.76630812319814, []], "[\"10.0.0.13_10.0.0.43\", [1, 2, 4]]": [1, -248.92264689889834, []], "[\"10.0.0.11_10.0.0.41\", [1, 3, 4]]": [0, -140, []], "[\"NoTrans\", []]": [0, -140, []]}, "{\"10.0.0.11_10.0.0.41\": [1, 3, 4], \"10.0.0.12_10.0.0.42\": [1, 2, 4], \"10.0.0.13_10.0.0.43\": [1, 2, 4]}": {"[\"10.0.0.12_10.0.0.42\", [1, 3, 4]]": [2, -194.10167514032932, []], "[\"10.0.0.13_10.0.0.43\", [1, 3, 4]]": [1, -186.77165678244168, []], "[\"10.0.0.11_10.0.0.41\", [1, 2, 4]]": [1, -223.99905929565432, []], "[\"NoTrans\", []]": [391, -237.9560047118776, []]}, "{\"10.0.0.11_10.0.0.41\": [1, 2, 4], \"10.0.0.12_10.0.0.42\": [1, 2, 4], \"10.0.0.13_10.0.0.43\": [1, 2, 4]}": {"[\"10.0.0.12_10.0.0.42\", [1, 3, 4]]": [2, -219.0712908341815, []], "[\"10.0.0.13_10.0.0.43\", [1, 3, 4]]": [1, -202.6234556813659, []], "[\"10.0.0.11_10.0.0.41\", [1, 3, 4]]": [1, -201.4165941491299, []], "[\"NoTrans\", []]": [1, -222.27424392700198, []]}}