{"{\"10.0.0.11_10.0.0.41\": [1, 3, 4], \"10.0.0.12_10.0.0.42\": [1, 3, 4], \"10.0.0.13_10.0.0.43\": [1, 3, 4]}": {"[\"10.0.0.13_10.0.0.43\", [1, 2, 4]]": [1, -149.7391707378675, []], "[\"10.0.0.12_10.0.0.42\", [1, 2, 4]]": [1, -149.98908150685725, []], "[\"10.0.0.11_10.0.0.41\", [1, 2, 4]]": [1, -101.14791024282854, []], "[\"NoTrans\", []]": [1, -161.46381759643555, []]}, "{\"10.0.0.11_10.0.0.41\": [1, 2, 4], \"10.0.0.12_10.0.0.42\": [1, 3, 4], \"10.0.0.13_10.0.0.43\": [1, 3, 4]}": {"[\"10.0.0.13_10.0.0.43\", [1, 2, 4]]": [1, -173.94527359669684, []], "[\"10.0.0.12_10.0.0.42\", [1, 2, 4]]": [1, -172.45640672210166, []], "[\"10.0.0.11_10.0.0.41\", [1, 3, 4]]": [1, -167.75730514526367, []], "[\"NoTrans\", []]": [657, -106.71402728350846, []]}, "{\"10.0.0.11_10.0.0.41\": [1, 3, 4], \"10.0.0.12_10.0.0.42\": [1, 2, 4], \"10.0.0.13_10.0.0.43\": [1, 3, 4]}": {"[\"10.0.0.13_10.0.0.43\", [1, 2, 4]]": [1, -172.03640339575549, []], "[\"10.0.0.12_10.0.0.42\", [1, 3, 4]]": [1, -164.94511032104492, []], "[\"10.0.0.11_10.0.0.41\", [1, 2, 4]]": [1, -175.1282685802477, []], "[\"NoTrans\", []]": [1, -151.67769728383283, []]}, "{\"10.0.0.11_10.0.0.41\": [1, 2, 4], \"10.0.0.12_10.0.0.42\": [1, 2, 4], \"10.0.0.13_10.0.0.43\": [1, 3, 4]}": {"[\"10.0.0.13_10.0.0.43\", [1, 2, 4]]": [1, -195.03267669677734, []], "[\"10.0.0.12_10.0.0.42\", [1, 3, 4]]": [1, -141.03287427435245, []], "[\"10.0.0.11_10.0.0.41\", [1, 3, 4]]": [1, -152.83297660053782, []], "[\"NoTrans\", []]": [1, -173.01736740597812, []]}, "{\"10.0.0.11_10.0.0.41\": [1, 3, 4], \"10.0.0.12_10.0.0.42\": [1, 3, 4], \"10.0.0.13_10.0.0.43\": [1, 2, 4]}": {"[\"10.0.0.13_10.0.0.43\", [1, 3, 4]]": [1, -165.0169219970703, []], "[\"10.0.0.12_10.0.0.42\", [1, 2, 4]]": [1, -172.20560409449115, []], "[\"10.0.0.11_10.0.0.41\", [1, 2, 4]]": [1, -174.89118050747226, []], "[\"NoTrans\", []]": [1, -153.7009743520729, []]}, "{\"10.0.0.11_10.0.0.41\": [1, 2, 4], \"10.0.0.12_10.0.0.42\": [1, 3, 4], \"10.0.0.13_10.0.0.43\": [1, 2, 4]}": {"[\"10.0.0.13_10.0.0.43\", [1, 3, 4]]": [2, -158.86689460048913, []], "[\"10.0.0.12_10.0.0.42\", [1, 2, 4]]": [1, -190.71701431274414, []], "[\"10.0.0.11_10.0.0.41\", [1, 3, 4]]": [1, -151.3709629824061, []], "[\"NoTrans\", []]": [1, -171.5867500167044, []]}, "{\"10.0.0.11_10.0.0.41\": [1, 3, 4], \"10.0.0.12_10.0.0.42\": [1, 2, 4], \"10.0.0.13_10.0.0.43\": [1, 2, 4]}": {"[\"10.0.0.13_10.0.0.43\", [1, 3, 4]]": [1, -151.13450053495717, []], "[\"10.0.0.12_10.0.0.42\", [1, 3, 4]]": [1, -151.81970921724457, []], "[\"10.0.0.11_10.0.0.41\", [1, 2, 4]]": [1, -221.44520804000172, []], "[\"NoTrans\", []]": [1, -174.05319335201165, []]}, "{\"10.0.0.11_10.0.0.41\": [1, 2, 4], \"10.0.0.12_10.0.0.42\": [1, 2, 4], \"10.0.0.13_10.0.0.43\": [1, 2, 4]}": {"[\"10.0.0.13_10.0.0.43\", [1, 3, 4]]": [1, -170.61756105961547, []], "[\"10.0.0.12_10.0.0.42\", [1, 3, 4]]": [2, -179.77257906702272, []], "[\"10.0.0.11_10.0.0.41\", [1, 3, 4]]": [1, -170.22896044065027, []], "[\"NoTrans\", []]": [1, -173.3594672556893, []]}}