{"{\"10.0.0.11_10.0.0.41\": [1, 3, 4], \"10.0.0.12_10.0.0.42\": [1, 3, 4], \"10.0.0.13_10.0.0.43\": [1, 3, 4]}": {"[\"10.0.0.11_10.0.0.41\", [1, 2, 4]]": [44, -168.78164254987047, []], "[\"10.0.0.13_10.0.0.43\", [1, 2, 4]]": [5, -289.7312047858521, []], "[\"10.0.0.12_10.0.0.42\", [1, 2, 4]]": [5, -250.13377004392495, []], "[\"NoTrans\", []]": [4, -198.78638015509642, []]}, "{\"10.0.0.11_10.0.0.41\": [1, 3, 4], \"10.0.0.12_10.0.0.42\": [1, 2, 4], \"10.0.0.13_10.0.0.43\": [1, 3, 4]}": {"[\"10.0.0.11_10.0.0.41\", [1, 2, 4]]": [9, -273.66567871017077, []], "[\"10.0.0.13_10.0.0.43\", [1, 2, 4]]": [0, -Infinity, []], "[\"10.0.0.12_10.0.0.42\", [1, 3, 4]]": [5, -207.72638782767152, []], "[\"NoTrans\", []]": [0, -Infinity, []]}, "{\"10.0.0.11_10.0.0.41\": [1, 3, 4], \"10.0.0.12_10.0.0.42\": [1, 3, 4], \"10.0.0.13_10.0.0.43\": [1, 2, 4]}": {"[\"10.0.0.11_10.0.0.41\", [1, 2, 4]]": [13, -238.3443922353735, []], "[\"10.0.0.13_10.0.0.43\", [1, 3, 4]]": [0, -Infinity, []], "[\"10.0.0.12_10.0.0.42\", [1, 2, 4]]": [0, -Infinity, []], "[\"NoTrans\", []]": [0, -Infinity, []]}, "{\"10.0.0.11_10.0.0.41\": [1, 3, 4], \"10.0.0.12_10.0.0.42\": [1, 2, 4], \"10.0.0.13_10.0.0.43\": [1, 2, 4]}": {"[\"10.0.0.11_10.0.0.41\", [1, 2, 4]]": [3, -313.076781024755, []], "[\"10.0.0.13_10.0.0.43\", [1, 3, 4]]": [3, -308.73042900802005, []], "[\"10.0.0.12_10.0.0.42\", [1, 3, 4]]": [0, -Infinity, []], "[\"NoTrans\", []]": [0, -Infinity, []]}, "{\"10.0.0.11_10.0.0.41\": [1, 2, 4], \"10.0.0.12_10.0.0.42\": [1, 3, 4], \"10.0.0.13_10.0.0.43\": [1, 3, 4]}": {"[\"10.0.0.11_10.0.0.41\", [1, 3, 4]]": [49, -228.20772525939623, []], "[\"10.0.0.13_10.0.0.43\", [1, 2, 4]]": [26, -258.5085928838911, []], "[\"10.0.0.12_10.0.0.42\", [1, 2, 4]]": [36, -270.6282834076451, []], "[\"NoTrans\", []]": [505, -153.46324775094095, []]}, "{\"10.0.0.11_10.0.0.41\": [1, 2, 4], \"10.0.0.12_10.0.0.42\": [1, 2, 4], \"10.0.0.13_10.0.0.43\": [1, 3, 4]}": {"[\"10.0.0.11_10.0.0.41\", [1, 3, 4]]": [5, -265.31855875696283, []], "[\"10.0.0.13_10.0.0.43\", [1, 2, 4]]": [6, -324.61529640101566, []], "[\"10.0.0.12_10.0.0.42\", [1, 3, 4]]": [34, -208.29393070168925, []], "[\"NoTrans\", []]": [5, -262.18096997730606, []]}, "{\"10.0.0.11_10.0.0.41\": [1, 2, 4], \"10.0.0.12_10.0.0.42\": [1, 3, 4], \"10.0.0.13_10.0.0.43\": [1, 2, 4]}": {"[\"10.0.0.11_10.0.0.41\", [1, 3, 4]]": [8, -301.4302466204207, []], "[\"10.0.0.13_10.0.0.43\", [1, 3, 4]]": [34, -215.72013661705054, []], "[\"10.0.0.12_10.0.0.42\", [1, 2, 4]]": [2, -315.58057739302336, []], "[\"NoTrans\", []]": [7, -259.7747825859982, []]}, "{\"10.0.0.11_10.0.0.41\": [1, 2, 4], \"10.0.0.12_10.0.0.42\": [1, 2, 4], \"10.0.0.13_10.0.0.43\": [1, 2, 4]}": {"[\"10.0.0.11_10.0.0.41\", [1, 3, 4]]": [6, -294.17019623043376, []], "[\"10.0.0.13_10.0.0.43\", [1, 3, 4]]": [0, -Infinity, []], "[\"10.0.0.12_10.0.0.42\", [1, 3, 4]]": [5, -255.5377183436749, []], "[\"NoTrans\", []]": [0, -Infinity, []]}}