{"{\"10.0.0.1_10.0.1.1\": [1, 3, 4], \"10.0.0.2_10.0.1.2\": [1, 3, 4]}": {"[\"10.0.0.1_10.0.1.1\", [1, 2, 4]]": [1, -137.49394130401103, []], "[\"10.0.0.2_10.0.1.2\", [1, 2, 4]]": [0, -140, []], "[\"NoTrans\", []]": [0, -140, []]}, "{\"10.0.0.1_10.0.1.1\": [1, 3, 4], \"10.0.0.2_10.0.1.2\": [1, 2, 4]}": {"[\"10.0.0.1_10.0.1.1\", [1, 2, 4]]": [1, -268.40480575561526, []], "[\"10.0.0.2_10.0.1.2\", [1, 3, 4]]": [0, -140, []], "[\"NoTrans\", []]": [0, -140, []]}, "{\"10.0.0.1_10.0.1.1\": [1, 2, 4], \"10.0.0.2_10.0.1.2\": [1, 3, 4]}": {"[\"10.0.0.1_10.0.1.1\", [1, 3, 4]]": [1, -196.49251708984374, []], "[\"10.0.0.2_10.0.1.2\", [1, 2, 4]]": [1, -265.45231997064525, []], "[\"NoTrans\", []]": [188, -109.44543942184879, []]}, "{\"10.0.0.1_10.0.1.1\": [1, 2, 4], \"10.0.0.2_10.0.1.2\": [1, 2, 4]}": {"[\"10.0.0.1_10.0.1.1\", [1, 3, 4]]": [0, -140, []], "[\"10.0.0.2_10.0.1.2\", [1, 3, 4]]": [2, -134.28012595229032, []], "[\"NoTrans\", []]": [0, -140, []]}}