{"{\"10.0.0.11_10.0.0.41\": [1, 3, 4], \"10.0.0.12_10.0.0.42\": [1, 3, 4], \"10.0.0.13_10.0.0.43\": [1, 3, 4]}": {"[\"10.0.0.13_10.0.0.43\", [1, 2, 4]]": [2, -155.72708103178627, []], "[\"10.0.0.12_10.0.0.42\", [1, 2, 4]]": [3, -212.83786183917334, []], "[\"10.0.0.11_10.0.0.41\", [1, 2, 4]]": [5, -168.72477145720302, []], "[\"NoTrans\", []]": [2, -179.51855244440895, []]}, "{\"10.0.0.11_10.0.0.41\": [1, 2, 4], \"10.0.0.12_10.0.0.42\": [1, 3, 4], \"10.0.0.13_10.0.0.43\": [1, 3, 4]}": {"[\"10.0.0.13_10.0.0.43\", [1, 2, 4]]": [3, -206.01407279045134, []], "[\"10.0.0.12_10.0.0.42\", [1, 2, 4]]": [4, -208.78605423492854, []], "[\"10.0.0.11_10.0.0.41\", [1, 3, 4]]": [4, -213.47181298781598, []], "[\"NoTrans\", []]": [805, -136.59294376255076, []]}, "{\"10.0.0.11_10.0.0.41\": [1, 3, 4], \"10.0.0.12_10.0.0.42\": [1, 2, 4], \"10.0.0.13_10.0.0.43\": [1, 3, 4]}": {"[\"10.0.0.13_10.0.0.43\", [1, 2, 4]]": [3, -213.6760377831589, []], "[\"10.0.0.12_10.0.0.42\", [1, 3, 4]]": [3, -182.89687886042458, []], "[\"10.0.0.11_10.0.0.41\", [1, 2, 4]]": [3, -232.21509212369676, []], "[\"NoTrans\", []]": [3, -205.32073892098416, []]}, "{\"10.0.0.11_10.0.0.41\": [1, 2, 4], \"10.0.0.12_10.0.0.42\": [1, 2, 4], \"10.0.0.13_10.0.0.43\": [1, 3, 4]}": {"[\"10.0.0.13_10.0.0.43\", [1, 2, 4]]": [2, -216.54824062041385, []], "[\"10.0.0.12_10.0.0.42\", [1, 3, 4]]": [4, -203.26110543075137, []], "[\"10.0.0.11_10.0.0.41\", [1, 3, 4]]": [3, -199.5302599735301, []], "[\"NoTrans\", []]": [2, -185.6827107441047, []]}, "{\"10.0.0.11_10.0.0.41\": [1, 3, 4], \"10.0.0.12_10.0.0.42\": [1, 3, 4], \"10.0.0.13_10.0.0.43\": [1, 2, 4]}": {"[\"10.0.0.13_10.0.0.43\", [1, 3, 4]]": [3, -210.0108544199648, []], "[\"10.0.0.12_10.0.0.42\", [1, 2, 4]]": [1, -163.26121762628657, []], "[\"10.0.0.11_10.0.0.41\", [1, 2, 4]]": [1, -155.22588271668326, []], "[\"NoTrans\", []]": [2, -186.6797422261771, []]}, "{\"10.0.0.11_10.0.0.41\": [1, 2, 4], \"10.0.0.12_10.0.0.42\": [1, 3, 4], \"10.0.0.13_10.0.0.43\": [1, 2, 4]}": {"[\"10.0.0.13_10.0.0.43\", [1, 3, 4]]": [3, -185.6260493396312, []], "[\"10.0.0.12_10.0.0.42\", [1, 2, 4]]": [1, -197.62152476958377, []], "[\"10.0.0.11_10.0.0.41\", [1, 3, 4]]": [1, -144.38716249272494, []], "[\"NoTrans\", []]": [1, -151.682084337696, []]}, "{\"10.0.0.11_10.0.0.41\": [1, 3, 4], \"10.0.0.12_10.0.0.42\": [1, 2, 4], \"10.0.0.13_10.0.0.43\": [1, 2, 4]}": {"[\"10.0.0.13_10.0.0.43\", [1, 3, 4]]": [2, -164.4472204081649, []], "[\"10.0.0.12_10.0.0.42\", [1, 3, 4]]": [2, -189.107016583876, []], "[\"10.0.0.11_10.0.0.41\", [1, 2, 4]]": [1, -195.85455699614627, []], "[\"NoTrans\", []]": [1, -157.43311358176334, []]}, "{\"10.0.0.11_10.0.0.41\": [1, 2, 4], \"10.0.0.12_10.0.0.42\": [1, 2, 4], \"10.0.0.13_10.0.0.43\": [1, 2, 4]}": {"[\"10.0.0.13_10.0.0.43\", [1, 3, 4]]": [2, -192.37962805949945, []], "[\"10.0.0.12_10.0.0.42\", [1, 3, 4]]": [1, -156.8660237828243, []], "[\"10.0.0.11_10.0.0.41\", [1, 3, 4]]": [1, -160.2304351982471, []], "[\"NoTrans\", []]": [1, -191.23066707305057, []]}}