{"{\"10.0.0.11_10.0.0.41\": [1, 3, 4], \"10.0.0.12_10.0.0.42\": [1, 3, 4], \"10.0.0.13_10.0.0.43\": [1, 3, 4]}": {"[\"10.0.0.12_10.0.0.42\", [1, 2, 4]]": [6, -290.344874993296, []], "[\"10.0.0.13_10.0.0.43\", [1, 2, 4]]": [7, -282.3455716312513, []], "[\"10.0.0.11_10.0.0.41\", [1, 2, 4]]": [32, -146.28691048654127, []], "[\"NoTrans\", []]": [8, -244.98564466831834, []]}, "{\"10.0.0.11_10.0.0.41\": [1, 2, 4], \"10.0.0.12_10.0.0.42\": [1, 3, 4], \"10.0.0.13_10.0.0.43\": [1, 3, 4]}": {"[\"10.0.0.12_10.0.0.42\", [1, 2, 4]]": [28, -255.12537016182364, []], "[\"10.0.0.13_10.0.0.43\", [1, 2, 4]]": [18, -251.28596384457293, []], "[\"10.0.0.11_10.0.0.41\", [1, 3, 4]]": [27, -226.77391724310675, []], "[\"NoTrans\", []]": [279, -147.20773637821668, []]}, "{\"10.0.0.11_10.0.0.41\": [1, 3, 4], \"10.0.0.12_10.0.0.42\": [1, 3, 4], \"10.0.0.13_10.0.0.43\": [1, 2, 4]}": {"[\"10.0.0.12_10.0.0.42\", [1, 2, 4]]": [7, -341.64525991624674, []], "[\"10.0.0.13_10.0.0.43\", [1, 3, 4]]": [10, -238.2956723247581, []], "[\"10.0.0.11_10.0.0.41\", [1, 2, 4]]": [5, -293.1521703613136, []], "[\"NoTrans\", []]": [8, -294.87430506003955, []]}, "{\"10.0.0.11_10.0.0.41\": [1, 2, 4], \"10.0.0.12_10.0.0.42\": [1, 3, 4], \"10.0.0.13_10.0.0.43\": [1, 2, 4]}": {"[\"10.0.0.12_10.0.0.42\", [1, 2, 4]]": [5, -356.5006942036113, []], "[\"10.0.0.13_10.0.0.43\", [1, 3, 4]]": [15, -168.7113241923646, []], "[\"10.0.0.11_10.0.0.41\", [1, 3, 4]]": [11, -295.9515137538236, []], "[\"NoTrans\", []]": [8, -271.113175385015, []]}, "{\"10.0.0.11_10.0.0.41\": [1, 3, 4], \"10.0.0.12_10.0.0.42\": [1, 2, 4], \"10.0.0.13_10.0.0.43\": [1, 3, 4]}": {"[\"10.0.0.12_10.0.0.42\", [1, 3, 4]]": [8, -263.91727001387443, []], "[\"10.0.0.13_10.0.0.43\", [1, 2, 4]]": [6, -327.4712333126741, []], "[\"10.0.0.11_10.0.0.41\", [1, 2, 4]]": [10, -278.3418769584529, []], "[\"NoTrans\", []]": [7, -292.68244328401033, []]}, "{\"10.0.0.11_10.0.0.41\": [1, 2, 4], \"10.0.0.12_10.0.0.42\": [1, 2, 4], \"10.0.0.13_10.0.0.43\": [1, 3, 4]}": {"[\"10.0.0.12_10.0.0.42\", [1, 3, 4]]": [26, -176.76209232350163, []], "[\"10.0.0.13_10.0.0.43\", [1, 2, 4]]": [6, -351.85212797758044, []], "[\"10.0.0.11_10.0.0.41\", [1, 3, 4]]": [11, -298.4702243790844, []], "[\"NoTrans\", []]": [11, -262.6260147976933, []]}, "{\"10.0.0.11_10.0.0.41\": [1, 3, 4], \"10.0.0.12_10.0.0.42\": [1, 2, 4], \"10.0.0.13_10.0.0.43\": [1, 2, 4]}": {"[\"10.0.0.12_10.0.0.42\", [1, 3, 4]]": [4, -291.5052968522831, []], "[\"10.0.0.13_10.0.0.43\", [1, 3, 4]]": [7, -298.2044184927543, []], "[\"10.0.0.11_10.0.0.41\", [1, 2, 4]]": [8, -362.5527644367664, []], "[\"NoTrans\", []]": [8, -345.52041474312654, []]}, "{\"10.0.0.11_10.0.0.41\": [1, 2, 4], \"10.0.0.12_10.0.0.42\": [1, 2, 4], \"10.0.0.13_10.0.0.43\": [1, 2, 4]}": {"[\"10.0.0.12_10.0.0.42\", [1, 3, 4]]": [8, -295.23907804155584, []], "[\"10.0.0.13_10.0.0.43\", [1, 3, 4]]": [5, -264.57651690956885, []], "[\"10.0.0.11_10.0.0.41\", [1, 3, 4]]": [6, -335.28515924893674, []], "[\"NoTrans\", []]": [5, -349.1401070798747, []]}}