{"{\"10.0.0.11_10.0.0.41\": [1, 3, 4], \"10.0.0.12_10.0.0.42\": [1, 3, 4], \"10.0.0.13_10.0.0.43\": [1, 3, 4]}": {"[\"10.0.0.13_10.0.0.43\", [1, 2, 4]]": [2, -160.73912515178034, []], "[\"10.0.0.12_10.0.0.42\", [1, 2, 4]]": [3, -208.64789970785847, []], "[\"10.0.0.11_10.0.0.41\", [1, 2, 4]]": [5, -169.7354989681308, []], "[\"NoTrans\", []]": [2, -187.99369480817467, []]}, "{\"10.0.0.11_10.0.0.41\": [1, 2, 4], \"10.0.0.12_10.0.0.42\": [1, 3, 4], \"10.0.0.13_10.0.0.43\": [1, 3, 4]}": {"[\"10.0.0.13_10.0.0.43\", [1, 2, 4]]": [3, -206.19430715329105, []], "[\"10.0.0.12_10.0.0.42\", [1, 2, 4]]": [3, -200.12668642505753, []], "[\"10.0.0.11_10.0.0.41\", [1, 3, 4]]": [4, -203.4005391918718, []], "[\"NoTrans\", []]": [796, -151.777454167274, []]}, "{\"10.0.0.11_10.0.0.41\": [1, 3, 4], \"10.0.0.12_10.0.0.42\": [1, 2, 4], \"10.0.0.13_10.0.0.43\": [1, 3, 4]}": {"[\"10.0.0.13_10.0.0.43\", [1, 2, 4]]": [3, -216.97347815059032, []], "[\"10.0.0.12_10.0.0.42\", [1, 3, 4]]": [3, -190.8110349351681, []], "[\"10.0.0.11_10.0.0.41\", [1, 2, 4]]": [3, -228.42649027475744, []], "[\"NoTrans\", []]": [3, -207.51773084499143, []]}, "{\"10.0.0.11_10.0.0.41\": [1, 2, 4], \"10.0.0.12_10.0.0.42\": [1, 2, 4], \"10.0.0.13_10.0.0.43\": [1, 3, 4]}": {"[\"10.0.0.13_10.0.0.43\", [1, 2, 4]]": [2, -219.42293523065683, []], "[\"10.0.0.12_10.0.0.42\", [1, 3, 4]]": [3, -172.84162238342708, []], "[\"10.0.0.11_10.0.0.41\", [1, 3, 4]]": [4, -216.31933592031618, []], "[\"NoTrans\", []]": [2, -191.36623224342327, []]}, "{\"10.0.0.11_10.0.0.41\": [1, 3, 4], \"10.0.0.12_10.0.0.42\": [1, 3, 4], \"10.0.0.13_10.0.0.43\": [1, 2, 4]}": {"[\"10.0.0.13_10.0.0.43\", [1, 3, 4]]": [3, -210.47728696554086, []], "[\"10.0.0.12_10.0.0.42\", [1, 2, 4]]": [1, -162.28754146722596, []], "[\"10.0.0.11_10.0.0.41\", [1, 2, 4]]": [2, -210.56787815654823, []], "[\"NoTrans\", []]": [2, -190.98961718031015, []]}, "{\"10.0.0.11_10.0.0.41\": [1, 2, 4], \"10.0.0.12_10.0.0.42\": [1, 3, 4], \"10.0.0.13_10.0.0.43\": [1, 2, 4]}": {"[\"10.0.0.13_10.0.0.43\", [1, 3, 4]]": [3, -187.65407856145356, []], "[\"10.0.0.12_10.0.0.42\", [1, 2, 4]]": [1, -196.68329594843027, []], "[\"10.0.0.11_10.0.0.41\", [1, 3, 4]]": [2, -199.7584090333353, []], "[\"NoTrans\", []]": [1, -154.03426829591055, []]}, "{\"10.0.0.11_10.0.0.41\": [1, 3, 4], \"10.0.0.12_10.0.0.42\": [1, 2, 4], \"10.0.0.13_10.0.0.43\": [1, 2, 4]}": {"[\"10.0.0.13_10.0.0.43\", [1, 3, 4]]": [2, -165.11882976367937, []], "[\"10.0.0.12_10.0.0.42\", [1, 3, 4]]": [2, -192.82068944935415, []], "[\"10.0.0.11_10.0.0.41\", [1, 2, 4]]": [1, -202.70279286615488, []], "[\"NoTrans\", []]": [1, -162.60762208979017, []]}, "{\"10.0.0.11_10.0.0.41\": [1, 2, 4], \"10.0.0.12_10.0.0.42\": [1, 2, 4], \"10.0.0.13_10.0.0.43\": [1, 2, 4]}": {"[\"10.0.0.13_10.0.0.43\", [1, 3, 4]]": [2, -192.70296744430408, []], "[\"10.0.0.12_10.0.0.42\", [1, 3, 4]]": [1, -155.49012329640647, []], "[\"10.0.0.11_10.0.0.41\", [1, 3, 4]]": [1, -163.4075440661777, []], "[\"NoTrans\", []]": [1, -201.51699422113535, []]}}