{"{\"10.0.0.11_10.0.0.41\": [1, 3, 4], \"10.0.0.12_10.0.0.42\": [1, 3, 4], \"10.0.0.13_10.0.0.43\": [1, 3, 4]}": {"[\"10.0.0.12_10.0.0.42\", [1, 2, 4]]": [8, -286.4881466208105, []], "[\"10.0.0.13_10.0.0.43\", [1, 2, 4]]": [21, -292.3757348000926, []], "[\"10.0.0.11_10.0.0.41\", [1, 2, 4]]": [32, -208.51978855386218, []], "[\"NoTrans\", []]": [11, -262.6785015616653, []]}, "{\"10.0.0.11_10.0.0.41\": [1, 2, 4], \"10.0.0.12_10.0.0.42\": [1, 3, 4], \"10.0.0.13_10.0.0.43\": [1, 3, 4]}": {"[\"10.0.0.12_10.0.0.42\", [1, 2, 4]]": [23, -297.9268096913932, []], "[\"10.0.0.13_10.0.0.43\", [1, 2, 4]]": [22, -293.22723273194714, []], "[\"10.0.0.11_10.0.0.41\", [1, 3, 4]]": [36, -264.77393443254766, []], "[\"NoTrans\", []]": [37, -209.50944658167182, []]}, "{\"10.0.0.11_10.0.0.41\": [1, 3, 4], \"10.0.0.12_10.0.0.42\": [1, 3, 4], \"10.0.0.13_10.0.0.43\": [1, 2, 4]}": {"[\"10.0.0.12_10.0.0.42\", [1, 2, 4]]": [17, -342.25981528072947, []], "[\"10.0.0.13_10.0.0.43\", [1, 3, 4]]": [14, -261.0953575994379, []], "[\"10.0.0.11_10.0.0.41\", [1, 2, 4]]": [17, -298.6799081487019, []], "[\"NoTrans\", []]": [13, -295.4637562885359, []]}, "{\"10.0.0.11_10.0.0.41\": [1, 2, 4], \"10.0.0.12_10.0.0.42\": [1, 3, 4], \"10.0.0.13_10.0.0.43\": [1, 2, 4]}": {"[\"10.0.0.12_10.0.0.42\", [1, 2, 4]]": [17, -361.56628199084514, []], "[\"10.0.0.13_10.0.0.43\", [1, 3, 4]]": [21, -236.80229397793474, []], "[\"10.0.0.11_10.0.0.41\", [1, 3, 4]]": [14, -291.4271592240277, []], "[\"NoTrans\", []]": [16, -296.37893732735284, []]}, "{\"10.0.0.11_10.0.0.41\": [1, 3, 4], \"10.0.0.12_10.0.0.42\": [1, 2, 4], \"10.0.0.13_10.0.0.43\": [1, 3, 4]}": {"[\"10.0.0.12_10.0.0.42\", [1, 3, 4]]": [10, -252.88078827751914, []], "[\"10.0.0.13_10.0.0.43\", [1, 2, 4]]": [10, -341.3174125092979, []], "[\"10.0.0.11_10.0.0.41\", [1, 2, 4]]": [13, -301.7577675980925, []], "[\"NoTrans\", []]": [13, -291.4066285634493, []]}, "{\"10.0.0.11_10.0.0.41\": [1, 2, 4], \"10.0.0.12_10.0.0.42\": [1, 2, 4], \"10.0.0.13_10.0.0.43\": [1, 3, 4]}": {"[\"10.0.0.12_10.0.0.42\", [1, 3, 4]]": [28, -260.5328097003938, []], "[\"10.0.0.13_10.0.0.43\", [1, 2, 4]]": [12, -368.28026217455306, []], "[\"10.0.0.11_10.0.0.41\", [1, 3, 4]]": [14, -289.49005759167596, []], "[\"NoTrans\", []]": [21, -300.4801872280743, []]}, "{\"10.0.0.11_10.0.0.41\": [1, 3, 4], \"10.0.0.12_10.0.0.42\": [1, 2, 4], \"10.0.0.13_10.0.0.43\": [1, 2, 4]}": {"[\"10.0.0.12_10.0.0.42\", [1, 3, 4]]": [13, -295.8252258919237, []], "[\"10.0.0.13_10.0.0.43\", [1, 3, 4]]": [11, -288.7952779929412, []], "[\"10.0.0.11_10.0.0.41\", [1, 2, 4]]": [17, -367.30823772557915, []], "[\"NoTrans\", []]": [20, -333.1940223687281, []]}, "{\"10.0.0.11_10.0.0.41\": [1, 2, 4], \"10.0.0.12_10.0.0.42\": [1, 2, 4], \"10.0.0.13_10.0.0.43\": [1, 2, 4]}": {"[\"10.0.0.12_10.0.0.42\", [1, 3, 4]]": [13, -295.7636175891656, []], "[\"10.0.0.13_10.0.0.43\", [1, 3, 4]]": [18, -292.9595303352258, []], "[\"10.0.0.11_10.0.0.41\", [1, 3, 4]]": [14, -336.2189893805347, []], "[\"NoTrans\", []]": [14, -363.18324145628185, []]}}