{"{\"10.0.0.11_10.0.0.41\": [1, 3, 4], \"10.0.0.12_10.0.0.42\": [1, 3, 4], \"10.0.0.13_10.0.0.43\": [1, 3, 4]}": {"[\"10.0.0.13_10.0.0.43\", [1, 2, 4]]": [1, -204.25221969529264, []], "[\"10.0.0.12_10.0.0.42\", [1, 2, 4]]": [1, -204.66290728287055, []], "[\"10.0.0.11_10.0.0.41\", [1, 2, 4]]": [1, -205.65562449139964, []], "[\"NoTrans\", []]": [1, -226.21234664916994, []]}, "{\"10.0.0.11_10.0.0.41\": [1, 2, 4], \"10.0.0.12_10.0.0.42\": [1, 3, 4], \"10.0.0.13_10.0.0.43\": [1, 3, 4]}": {"[\"10.0.0.13_10.0.0.43\", [1, 2, 4]]": [1, -195.22228758206077, []], "[\"10.0.0.12_10.0.0.42\", [1, 2, 4]]": [1, -185.1066788977801, []], "[\"10.0.0.11_10.0.0.41\", [1, 3, 4]]": [1, -225.7345558166504, []], "[\"NoTrans\", []]": [1, -208.31561149187542, []]}, "{\"10.0.0.11_10.0.0.41\": [1, 3, 4], \"10.0.0.12_10.0.0.42\": [1, 2, 4], \"10.0.0.13_10.0.0.43\": [1, 3, 4]}": {"[\"10.0.0.13_10.0.0.43\", [1, 2, 4]]": [1, -175.33305187121587, []], "[\"10.0.0.12_10.0.0.42\", [1, 3, 4]]": [1, -224.7661949157715, []], "[\"10.0.0.11_10.0.0.41\", [1, 2, 4]]": [1, -184.55128662452793, []], "[\"NoTrans\", []]": [1, -208.08036149220493, []]}, "{\"10.0.0.11_10.0.0.41\": [1, 2, 4], \"10.0.0.12_10.0.0.42\": [1, 2, 4], \"10.0.0.13_10.0.0.43\": [1, 3, 4]}": {"[\"10.0.0.13_10.0.0.43\", [1, 2, 4]]": [1, -199.5279670715332, []], "[\"10.0.0.12_10.0.0.42\", [1, 3, 4]]": [1, -205.6173212529613, []], "[\"10.0.0.11_10.0.0.41\", [1, 3, 4]]": [1, -208.13615790251498, []], "[\"NoTrans\", []]": [1, -182.09820688127664, []]}, "{\"10.0.0.11_10.0.0.41\": [1, 3, 4], \"10.0.0.12_10.0.0.42\": [1, 3, 4], \"10.0.0.13_10.0.0.43\": [1, 2, 4]}": {"[\"10.0.0.13_10.0.0.43\", [1, 3, 4]]": [1, -224.67778930664065, []], "[\"10.0.0.12_10.0.0.42\", [1, 2, 4]]": [1, -173.19542324823692, []], "[\"10.0.0.11_10.0.0.41\", [1, 2, 4]]": [1, -184.46200152392888, []], "[\"NoTrans\", []]": [0, -140, []]}, "{\"10.0.0.11_10.0.0.41\": [1, 2, 4], \"10.0.0.12_10.0.0.42\": [1, 3, 4], \"10.0.0.13_10.0.0.43\": [1, 2, 4]}": {"[\"10.0.0.13_10.0.0.43\", [1, 3, 4]]": [1, -205.4358607520326, []], "[\"10.0.0.12_10.0.0.42\", [1, 2, 4]]": [2, -206.8098075473688, []], "[\"10.0.0.11_10.0.0.41\", [1, 3, 4]]": [1, -206.4253841277914, []], "[\"NoTrans\", []]": [399, -200.69175110381784, []]}, "{\"10.0.0.11_10.0.0.41\": [1, 3, 4], \"10.0.0.12_10.0.0.42\": [1, 2, 4], \"10.0.0.13_10.0.0.43\": [1, 2, 4]}": {"[\"10.0.0.13_10.0.0.43\", [1, 3, 4]]": [1, -205.92936330725126, []], "[\"10.0.0.12_10.0.0.42\", [1, 3, 4]]": [1, -205.75031473716137, []], "[\"10.0.0.11_10.0.0.41\", [1, 2, 4]]": [1, -199.6103645324707, []], "[\"NoTrans\", []]": [358, -127.25640234347635, []]}, "{\"10.0.0.11_10.0.0.41\": [1, 2, 4], \"10.0.0.12_10.0.0.42\": [1, 2, 4], \"10.0.0.13_10.0.0.43\": [1, 2, 4]}": {"[\"10.0.0.13_10.0.0.43\", [1, 3, 4]]": [1, -182.96407488364997, []], "[\"10.0.0.12_10.0.0.42\", [1, 3, 4]]": [2, -183.52305340803613, []], "[\"10.0.0.11_10.0.0.41\", [1, 3, 4]]": [2, -154.48876220424742, []], "[\"NoTrans\", []]": [1, -198.4530807495117, []]}}