{"{\"10.0.0.11_10.0.0.41\": [1, 3, 4], \"10.0.0.12_10.0.0.42\": [1, 3, 4], \"10.0.0.13_10.0.0.43\": [1, 3, 4]}": {"[\"10.0.0.13_10.0.0.43\", [1, 2, 4]]": [10, -158.197277711178, []], "[\"10.0.0.12_10.0.0.42\", [1, 2, 4]]": [11, -158.6233808996008, []], "[\"10.0.0.11_10.0.0.41\", [1, 2, 4]]": [9, -113.20149702150621, []], "[\"NoTrans\", []]": [8, -113.2305232681088, []]}, "{\"10.0.0.11_10.0.0.41\": [1, 2, 4], \"10.0.0.12_10.0.0.42\": [1, 3, 4], \"10.0.0.13_10.0.0.43\": [1, 3, 4]}": {"[\"10.0.0.13_10.0.0.43\", [1, 2, 4]]": [11, -174.72254091614187, []], "[\"10.0.0.12_10.0.0.42\", [1, 2, 4]]": [12, -175.58854994311747, []], "[\"10.0.0.11_10.0.0.41\", [1, 3, 4]]": [10, -175.93374541283157, []], "[\"NoTrans\", []]": [377, -134.61487815998623, []]}, "{\"10.0.0.11_10.0.0.41\": [1, 3, 4], \"10.0.0.12_10.0.0.42\": [1, 2, 4], \"10.0.0.13_10.0.0.43\": [1, 3, 4]}": {"[\"10.0.0.13_10.0.0.43\", [1, 2, 4]]": [14, -173.657703427866, []], "[\"10.0.0.12_10.0.0.42\", [1, 3, 4]]": [10, -175.22738431710025, []], "[\"10.0.0.11_10.0.0.41\", [1, 2, 4]]": [14, -202.51176263920553, []], "[\"NoTrans\", []]": [11, -110.28148641438726, []]}, "{\"10.0.0.11_10.0.0.41\": [1, 2, 4], \"10.0.0.12_10.0.0.42\": [1, 2, 4], \"10.0.0.13_10.0.0.43\": [1, 3, 4]}": {"[\"10.0.0.13_10.0.0.43\", [1, 2, 4]]": [16, -193.54766886928047, []], "[\"10.0.0.12_10.0.0.42\", [1, 3, 4]]": [13, -155.7690992100415, []], "[\"10.0.0.11_10.0.0.41\", [1, 3, 4]]": [13, -157.92726882897526, []], "[\"NoTrans\", []]": [15, -176.6450538216123, []]}, "{\"10.0.0.11_10.0.0.41\": [1, 3, 4], \"10.0.0.12_10.0.0.42\": [1, 3, 4], \"10.0.0.13_10.0.0.43\": [1, 2, 4]}": {"[\"10.0.0.13_10.0.0.43\", [1, 3, 4]]": [10, -176.0338034638989, []], "[\"10.0.0.12_10.0.0.42\", [1, 2, 4]]": [14, -178.84981554943914, []], "[\"10.0.0.11_10.0.0.41\", [1, 2, 4]]": [11, -109.60875658772864, []], "[\"NoTrans\", []]": [12, -158.4161742592997, []]}, "{\"10.0.0.11_10.0.0.41\": [1, 2, 4], \"10.0.0.12_10.0.0.42\": [1, 3, 4], \"10.0.0.13_10.0.0.43\": [1, 2, 4]}": {"[\"10.0.0.13_10.0.0.43\", [1, 3, 4]]": [12, -142.05675921780613, []], "[\"10.0.0.12_10.0.0.42\", [1, 2, 4]]": [15, -107.91761977448704, []], "[\"10.0.0.11_10.0.0.41\", [1, 3, 4]]": [12, -112.16540970763441, []], "[\"NoTrans\", []]": [12, -107.14490909042372, []]}, "{\"10.0.0.11_10.0.0.41\": [1, 3, 4], \"10.0.0.12_10.0.0.42\": [1, 2, 4], \"10.0.0.13_10.0.0.43\": [1, 2, 4]}": {"[\"10.0.0.13_10.0.0.43\", [1, 3, 4]]": [14, -161.66066723730128, []], "[\"10.0.0.12_10.0.0.42\", [1, 3, 4]]": [13, -158.9362668507949, []], "[\"10.0.0.11_10.0.0.41\", [1, 2, 4]]": [18, -192.1662681633067, []], "[\"NoTrans\", []]": [14, -175.62517643597607, []]}, "{\"10.0.0.11_10.0.0.41\": [1, 2, 4], \"10.0.0.12_10.0.0.42\": [1, 2, 4], \"10.0.0.13_10.0.0.43\": [1, 2, 4]}": {"[\"10.0.0.13_10.0.0.43\", [1, 3, 4]]": [16, -176.4356796379318, []], "[\"10.0.0.12_10.0.0.42\", [1, 3, 4]]": [17, -107.44318277243674, []], "[\"10.0.0.11_10.0.0.41\", [1, 3, 4]]": [16, -174.73036826603968, []], "[\"NoTrans\", []]": [21, -107.2247947695843, []]}}