{"{\"10.0.0.11_10.0.0.41\": [1, 3, 4], \"10.0.0.12_10.0.0.42\": [1, 3, 4], \"10.0.0.13_10.0.0.43\": [1, 3, 4]}": {"[\"10.0.0.11_10.0.0.41\", [1, 2, 4]]": [56, -128.37635078052205, []], "[\"10.0.0.13_10.0.0.43\", [1, 2, 4]]": [5, -243.28352117875633, []], "[\"10.0.0.12_10.0.0.42\", [1, 2, 4]]": [3, -243.50517850745678, []], "[\"NoTrans\", []]": [3, -192.973090876202, []]}, "{\"10.0.0.11_10.0.0.41\": [1, 3, 4], \"10.0.0.12_10.0.0.42\": [1, 2, 4], \"10.0.0.13_10.0.0.43\": [1, 3, 4]}": {"[\"10.0.0.11_10.0.0.41\", [1, 2, 4]]": [1, -249.17511113030014, []], "[\"10.0.0.13_10.0.0.43\", [1, 2, 4]]": [5, -244.7467104524983, []], "[\"10.0.0.12_10.0.0.42\", [1, 3, 4]]": [13, -199.8534690877999, []], "[\"NoTrans\", []]": [2, -233.05902862636788, []]}, "{\"10.0.0.11_10.0.0.41\": [1, 3, 4], \"10.0.0.12_10.0.0.42\": [1, 3, 4], \"10.0.0.13_10.0.0.43\": [1, 2, 4]}": {"[\"10.0.0.11_10.0.0.41\", [1, 2, 4]]": [14, -315.7464663207148, []], "[\"10.0.0.13_10.0.0.43\", [1, 3, 4]]": [26, -210.1353826509057, []], "[\"10.0.0.12_10.0.0.42\", [1, 2, 4]]": [6, -295.1196591599433, []], "[\"NoTrans\", []]": [2, -241.92971001279466, []]}, "{\"10.0.0.11_10.0.0.41\": [1, 3, 4], \"10.0.0.12_10.0.0.42\": [1, 2, 4], \"10.0.0.13_10.0.0.43\": [1, 2, 4]}": {"[\"10.0.0.11_10.0.0.41\", [1, 2, 4]]": [6, -340.2078026388818, []], "[\"10.0.0.13_10.0.0.43\", [1, 3, 4]]": [6, -244.79049886027062, []], "[\"10.0.0.12_10.0.0.42\", [1, 3, 4]]": [5, -248.01950706192733, []], "[\"NoTrans\", []]": [4, -274.2167036369524, []]}, "{\"10.0.0.11_10.0.0.41\": [1, 2, 4], \"10.0.0.12_10.0.0.42\": [1, 3, 4], \"10.0.0.13_10.0.0.43\": [1, 3, 4]}": {"[\"10.0.0.11_10.0.0.41\", [1, 3, 4]]": [25, -207.95259952470036, []], "[\"10.0.0.13_10.0.0.43\", [1, 2, 4]]": [22, -307.8170384000268, []], "[\"10.0.0.12_10.0.0.42\", [1, 2, 4]]": [17, -242.61730968421531, []], "[\"NoTrans\", []]": [301, -132.58589829109957, []]}, "{\"10.0.0.11_10.0.0.41\": [1, 2, 4], \"10.0.0.12_10.0.0.42\": [1, 2, 4], \"10.0.0.13_10.0.0.43\": [1, 3, 4]}": {"[\"10.0.0.11_10.0.0.41\", [1, 3, 4]]": [9, -249.50372444548208, []], "[\"10.0.0.13_10.0.0.43\", [1, 2, 4]]": [0, -Infinity, []], "[\"10.0.0.12_10.0.0.42\", [1, 3, 4]]": [9, -168.03868317999428, []], "[\"NoTrans\", []]": [0, -Infinity, []]}, "{\"10.0.0.11_10.0.0.41\": [1, 2, 4], \"10.0.0.12_10.0.0.42\": [1, 3, 4], \"10.0.0.13_10.0.0.43\": [1, 2, 4]}": {"[\"10.0.0.11_10.0.0.41\", [1, 3, 4]]": [36, -245.99965733126817, []], "[\"10.0.0.13_10.0.0.43\", [1, 3, 4]]": [0, -Infinity, []], "[\"10.0.0.12_10.0.0.42\", [1, 2, 4]]": [1, -277.5082800199386, []], "[\"NoTrans\", []]": [9, -324.1045699359491, []]}, "{\"10.0.0.11_10.0.0.41\": [1, 2, 4], \"10.0.0.12_10.0.0.42\": [1, 2, 4], \"10.0.0.13_10.0.0.43\": [1, 2, 4]}": {"[\"10.0.0.11_10.0.0.41\", [1, 3, 4]]": [6, -271.3648482756145, []], "[\"10.0.0.13_10.0.0.43\", [1, 3, 4]]": [0, -Infinity, []], "[\"10.0.0.12_10.0.0.42\", [1, 3, 4]]": [1, -380.6039972300855, []], "[\"NoTrans\", []]": [0, -Infinity, []]}}