{"{\"10.0.0.11_10.0.0.41\": [1, 3, 4], \"10.0.0.12_10.0.0.42\": [1, 3, 4], \"10.0.0.13_10.0.0.43\": [1, 3, 4]}": {"[\"10.0.0.12_10.0.0.42\", [1, 2, 4]]": [14, -280.76372417818965, []], "[\"10.0.0.11_10.0.0.41\", [1, 2, 4]]": [15, -164.66831696165363, []], "[\"10.0.0.13_10.0.0.43\", [1, 2, 4]]": [13, -277.79957608769894, []], "[\"NoTrans\", []]": [11, -237.71885958825092, []]}, "{\"10.0.0.11_10.0.0.41\": [1, 3, 4], \"10.0.0.12_10.0.0.42\": [1, 3, 4], \"10.0.0.13_10.0.0.43\": [1, 2, 4]}": {"[\"10.0.0.12_10.0.0.42\", [1, 2, 4]]": [13, -333.71199733078373, []], "[\"10.0.0.11_10.0.0.41\", [1, 2, 4]]": [16, -273.26971277402544, []], "[\"10.0.0.13_10.0.0.43\", [1, 3, 4]]": [10, -234.24012214141436, []], "[\"NoTrans\", []]": [16, -277.44318865263716, []]}, "{\"10.0.0.11_10.0.0.41\": [1, 2, 4], \"10.0.0.12_10.0.0.42\": [1, 3, 4], \"10.0.0.13_10.0.0.43\": [1, 3, 4]}": {"[\"10.0.0.12_10.0.0.42\", [1, 2, 4]]": [23, -280.84842997561776, []], "[\"10.0.0.11_10.0.0.41\", [1, 3, 4]]": [17, -237.4018433257548, []], "[\"10.0.0.13_10.0.0.43\", [1, 2, 4]]": [16, -284.3064841012501, []], "[\"NoTrans\", []]": [30, -186.64998794009122, []]}, "{\"10.0.0.11_10.0.0.41\": [1, 2, 4], \"10.0.0.12_10.0.0.42\": [1, 3, 4], \"10.0.0.13_10.0.0.43\": [1, 2, 4]}": {"[\"10.0.0.12_10.0.0.42\", [1, 2, 4]]": [14, -356.9629292645373, []], "[\"10.0.0.11_10.0.0.41\", [1, 3, 4]]": [13, -276.541752078178, []], "[\"10.0.0.13_10.0.0.43\", [1, 3, 4]]": [19, -208.5201871703383, []], "[\"NoTrans\", []]": [24, -272.60976154832036, []]}, "{\"10.0.0.11_10.0.0.41\": [1, 3, 4], \"10.0.0.12_10.0.0.42\": [1, 2, 4], \"10.0.0.13_10.0.0.43\": [1, 3, 4]}": {"[\"10.0.0.12_10.0.0.42\", [1, 3, 4]]": [15, -249.32771712895718, []], "[\"10.0.0.11_10.0.0.41\", [1, 2, 4]]": [20, -283.10339826940015, []], "[\"10.0.0.13_10.0.0.43\", [1, 2, 4]]": [16, -327.1644757415273, []], "[\"NoTrans\", []]": [17, -284.5005353962327, []]}, "{\"10.0.0.11_10.0.0.41\": [1, 3, 4], \"10.0.0.12_10.0.0.42\": [1, 2, 4], \"10.0.0.13_10.0.0.43\": [1, 2, 4]}": {"[\"10.0.0.12_10.0.0.42\", [1, 3, 4]]": [13, -276.9104059082526, []], "[\"10.0.0.11_10.0.0.41\", [1, 2, 4]]": [15, -349.8274891668671, []], "[\"10.0.0.13_10.0.0.43\", [1, 3, 4]]": [16, -282.83845762836506, []], "[\"NoTrans\", []]": [18, -329.04933439687267, []]}, "{\"10.0.0.11_10.0.0.41\": [1, 2, 4], \"10.0.0.12_10.0.0.42\": [1, 2, 4], \"10.0.0.13_10.0.0.43\": [1, 3, 4]}": {"[\"10.0.0.12_10.0.0.42\", [1, 3, 4]]": [22, -215.786669164436, []], "[\"10.0.0.11_10.0.0.41\", [1, 3, 4]]": [21, -283.2185865131028, []], "[\"10.0.0.13_10.0.0.43\", [1, 2, 4]]": [13, -350.21287589048285, []], "[\"NoTrans\", []]": [22, -278.11926922433616, []]}, "{\"10.0.0.11_10.0.0.41\": [1, 2, 4], \"10.0.0.12_10.0.0.42\": [1, 2, 4], \"10.0.0.13_10.0.0.43\": [1, 2, 4]}": {"[\"10.0.0.12_10.0.0.42\", [1, 3, 4]]": [14, -284.6021202030329, []], "[\"10.0.0.11_10.0.0.41\", [1, 3, 4]]": [15, -327.6296936052893, []], "[\"10.0.0.13_10.0.0.43\", [1, 3, 4]]": [13, -275.56418466209317, []], "[\"NoTrans\", []]": [18, -350.69330227874184, []]}}