{"{\"10.0.0.11_10.0.0.41\": [1, 3, 4], \"10.0.0.12_10.0.0.42\": [1, 3, 4], \"10.0.0.13_10.0.0.43\": [1, 3, 4]}": {"[\"10.0.0.12_10.0.0.42\", [1, 2, 4]]": [7, -257.6699986834522, []], "[\"10.0.0.13_10.0.0.43\", [1, 2, 4]]": [6, -237.90889701852097, []], "[\"10.0.0.11_10.0.0.41\", [1, 2, 4]]": [48, -128.80466438614073, []], "[\"NoTrans\", []]": [8, -227.0867818718894, []]}, "{\"10.0.0.11_10.0.0.41\": [1, 2, 4], \"10.0.0.12_10.0.0.42\": [1, 3, 4], \"10.0.0.13_10.0.0.43\": [1, 3, 4]}": {"[\"10.0.0.12_10.0.0.42\", [1, 2, 4]]": [31, -261.91297531741685, []], "[\"10.0.0.13_10.0.0.43\", [1, 2, 4]]": [26, -255.5934083404656, []], "[\"10.0.0.11_10.0.0.41\", [1, 3, 4]]": [26, -203.34679544835328, []], "[\"NoTrans\", []]": [279, -146.1136714522511, []]}, "{\"10.0.0.11_10.0.0.41\": [1, 3, 4], \"10.0.0.12_10.0.0.42\": [1, 3, 4], \"10.0.0.13_10.0.0.43\": [1, 2, 4]}": {"[\"10.0.0.12_10.0.0.42\", [1, 2, 4]]": [18, -308.3452666936725, []], "[\"10.0.0.13_10.0.0.43\", [1, 3, 4]]": [10, -228.58714044689998, []], "[\"10.0.0.11_10.0.0.41\", [1, 2, 4]]": [0, -Infinity, []], "[\"NoTrans\", []]": [3, -253.07964748908498, []]}, "{\"10.0.0.11_10.0.0.41\": [1, 2, 4], \"10.0.0.12_10.0.0.42\": [1, 3, 4], \"10.0.0.13_10.0.0.43\": [1, 2, 4]}": {"[\"10.0.0.12_10.0.0.42\", [1, 2, 4]]": [4, -376.3972455669425, []], "[\"10.0.0.13_10.0.0.43\", [1, 3, 4]]": [8, -187.70089024378117, []], "[\"10.0.0.11_10.0.0.41\", [1, 3, 4]]": [17, -257.2537539924326, []], "[\"NoTrans\", []]": [0, -Infinity, []]}, "{\"10.0.0.11_10.0.0.41\": [1, 3, 4], \"10.0.0.12_10.0.0.42\": [1, 2, 4], \"10.0.0.13_10.0.0.43\": [1, 3, 4]}": {"[\"10.0.0.12_10.0.0.42\", [1, 3, 4]]": [26, -205.3447813630521, []], "[\"10.0.0.13_10.0.0.43\", [1, 2, 4]]": [3, -299.23996467881653, []], "[\"10.0.0.11_10.0.0.41\", [1, 2, 4]]": [4, -272.6696673965382, []], "[\"NoTrans\", []]": [4, -248.00091521940294, []]}, "{\"10.0.0.11_10.0.0.41\": [1, 2, 4], \"10.0.0.12_10.0.0.42\": [1, 2, 4], \"10.0.0.13_10.0.0.43\": [1, 3, 4]}": {"[\"10.0.0.12_10.0.0.42\", [1, 3, 4]]": [27, -172.86448239742597, []], "[\"10.0.0.13_10.0.0.43\", [1, 2, 4]]": [5, -377.41648399940595, []], "[\"10.0.0.11_10.0.0.41\", [1, 3, 4]]": [4, -256.31472974334315, []], "[\"NoTrans\", []]": [6, -263.5932507598096, []]}, "{\"10.0.0.11_10.0.0.41\": [1, 3, 4], \"10.0.0.12_10.0.0.42\": [1, 2, 4], \"10.0.0.13_10.0.0.43\": [1, 2, 4]}": {"[\"10.0.0.12_10.0.0.42\", [1, 3, 4]]": [5, -239.95594639305327, []], "[\"10.0.0.13_10.0.0.43\", [1, 3, 4]]": [21, -252.76397241949954, []], "[\"10.0.0.11_10.0.0.41\", [1, 2, 4]]": [0, -Infinity, []], "[\"NoTrans\", []]": [4, -296.2491399360702, []]}, "{\"10.0.0.11_10.0.0.41\": [1, 2, 4], \"10.0.0.12_10.0.0.42\": [1, 2, 4], \"10.0.0.13_10.0.0.43\": [1, 2, 4]}": {"[\"10.0.0.12_10.0.0.42\", [1, 3, 4]]": [3, -313.6279254142534, []], "[\"10.0.0.13_10.0.0.43\", [1, 3, 4]]": [1, -217.80353792860194, []], "[\"10.0.0.11_10.0.0.41\", [1, 3, 4]]": [5, -301.96410227695355, []], "[\"NoTrans\", []]": [0, -Infinity, []]}}