{"{\"10.0.0.11_10.0.0.41\": [1, 3, 4], \"10.0.0.12_10.0.0.42\": [1, 3, 4], \"10.0.0.13_10.0.0.43\": [1, 3, 4]}": {"[\"10.0.0.12_10.0.0.42\", [1, 2, 4]]": [21, -282.35227735325674, []], "[\"10.0.0.13_10.0.0.43\", [1, 2, 4]]": [19, -275.3580672751362, []], "[\"10.0.0.11_10.0.0.41\", [1, 2, 4]]": [24, -178.44488134580658, []], "[\"NoTrans\", []]": [16, -234.8312620489167, []]}, "{\"10.0.0.11_10.0.0.41\": [1, 2, 4], \"10.0.0.12_10.0.0.42\": [1, 3, 4], \"10.0.0.13_10.0.0.43\": [1, 3, 4]}": {"[\"10.0.0.12_10.0.0.42\", [1, 2, 4]]": [12, -280.2866132197718, []], "[\"10.0.0.13_10.0.0.43\", [1, 2, 4]]": [20, -279.34239268270966, []], "[\"10.0.0.11_10.0.0.41\", [1, 3, 4]]": [18, -249.47238132095242, []], "[\"NoTrans\", []]": [30, -182.21594011882095, []]}, "{\"10.0.0.11_10.0.0.41\": [1, 3, 4], \"10.0.0.12_10.0.0.42\": [1, 3, 4], \"10.0.0.13_10.0.0.43\": [1, 2, 4]}": {"[\"10.0.0.12_10.0.0.42\", [1, 2, 4]]": [14, -327.5192492897105, []], "[\"10.0.0.13_10.0.0.43\", [1, 3, 4]]": [27, -246.31676511653765, []], "[\"10.0.0.11_10.0.0.41\", [1, 2, 4]]": [18, -268.96725511401854, []], "[\"NoTrans\", []]": [25, -282.3599698542497, []]}, "{\"10.0.0.11_10.0.0.41\": [1, 2, 4], \"10.0.0.12_10.0.0.42\": [1, 3, 4], \"10.0.0.13_10.0.0.43\": [1, 2, 4]}": {"[\"10.0.0.12_10.0.0.42\", [1, 2, 4]]": [12, -336.3508906455199, []], "[\"10.0.0.13_10.0.0.43\", [1, 3, 4]]": [12, -231.24316271290465, []], "[\"10.0.0.11_10.0.0.41\", [1, 3, 4]]": [25, -281.46673999204324, []], "[\"NoTrans\", []]": [19, -275.1950081210298, []]}, "{\"10.0.0.11_10.0.0.41\": [1, 3, 4], \"10.0.0.12_10.0.0.42\": [1, 2, 4], \"10.0.0.13_10.0.0.43\": [1, 3, 4]}": {"[\"10.0.0.12_10.0.0.42\", [1, 3, 4]]": [19, -247.78580885664275, []], "[\"10.0.0.13_10.0.0.43\", [1, 2, 4]]": [18, -331.17168467934835, []], "[\"10.0.0.11_10.0.0.41\", [1, 2, 4]]": [15, -278.8633463256705, []], "[\"NoTrans\", []]": [15, -278.45282656228477, []]}, "{\"10.0.0.11_10.0.0.41\": [1, 2, 4], \"10.0.0.12_10.0.0.42\": [1, 2, 4], \"10.0.0.13_10.0.0.43\": [1, 3, 4]}": {"[\"10.0.0.12_10.0.0.42\", [1, 3, 4]]": [14, -213.39291034268714, []], "[\"10.0.0.13_10.0.0.43\", [1, 2, 4]]": [13, -356.25605681037604, []], "[\"10.0.0.11_10.0.0.41\", [1, 3, 4]]": [13, -271.35946290517006, []], "[\"NoTrans\", []]": [8, -279.49916541719915, []]}, "{\"10.0.0.11_10.0.0.41\": [1, 3, 4], \"10.0.0.12_10.0.0.42\": [1, 2, 4], \"10.0.0.13_10.0.0.43\": [1, 2, 4]}": {"[\"10.0.0.12_10.0.0.42\", [1, 3, 4]]": [16, -281.36631167400657, []], "[\"10.0.0.13_10.0.0.43\", [1, 3, 4]]": [18, -284.06668227981953, []], "[\"10.0.0.11_10.0.0.41\", [1, 2, 4]]": [8, -333.31282939139606, []], "[\"NoTrans\", []]": [16, -326.12404954618773, []]}, "{\"10.0.0.11_10.0.0.41\": [1, 2, 4], \"10.0.0.12_10.0.0.42\": [1, 2, 4], \"10.0.0.13_10.0.0.43\": [1, 2, 4]}": {"[\"10.0.0.12_10.0.0.42\", [1, 3, 4]]": [11, -290.30656599983, []], "[\"10.0.0.13_10.0.0.43\", [1, 3, 4]]": [13, -279.8884210314033, []], "[\"10.0.0.11_10.0.0.41\", [1, 3, 4]]": [10, -317.4434980863467, []], "[\"NoTrans\", []]": [8, -342.28831766451145, []]}}