{"{\"10.0.0.11_10.0.0.41\": [1, 3, 4], \"10.0.0.12_10.0.0.42\": [1, 3, 4], \"10.0.0.13_10.0.0.43\": [1, 3, 4]}": {"[\"10.0.0.12_10.0.0.42\", [1, 2, 4]]": [1, -187.28929716837715, []], "[\"10.0.0.11_10.0.0.41\", [1, 2, 4]]": [2, -140.02889236939714, []], "[\"10.0.0.13_10.0.0.43\", [1, 2, 4]]": [1, -187.12940703371956, []], "[\"NoTrans\", []]": [1, -201.94982299804687, []]}, "{\"10.0.0.11_10.0.0.41\": [1, 3, 4], \"10.0.0.12_10.0.0.42\": [1, 3, 4], \"10.0.0.13_10.0.0.43\": [1, 2, 4]}": {"[\"10.0.0.12_10.0.0.42\", [1, 2, 4]]": [1, -207.56273282788402, []], "[\"10.0.0.11_10.0.0.41\", [1, 2, 4]]": [1, -204.9749503950177, []], "[\"10.0.0.13_10.0.0.43\", [1, 3, 4]]": [1, -203.19398651123046, []], "[\"NoTrans\", []]": [1, -189.56261401551137, []]}, "{\"10.0.0.11_10.0.0.41\": [1, 2, 4], \"10.0.0.12_10.0.0.42\": [1, 3, 4], \"10.0.0.13_10.0.0.43\": [1, 3, 4]}": {"[\"10.0.0.12_10.0.0.42\", [1, 2, 4]]": [1, -204.4753174997108, []], "[\"10.0.0.11_10.0.0.41\", [1, 3, 4]]": [1, -202.77522811889648, []], "[\"10.0.0.13_10.0.0.43\", [1, 2, 4]]": [1, -186.8549839108311, []], "[\"NoTrans\", []]": [651, -124.74169997661515, []]}, "{\"10.0.0.11_10.0.0.41\": [1, 2, 4], \"10.0.0.12_10.0.0.42\": [1, 3, 4], \"10.0.0.13_10.0.0.43\": [1, 2, 4]}": {"[\"10.0.0.12_10.0.0.42\", [1, 2, 4]]": [1, -205.56935970109762, []], "[\"10.0.0.11_10.0.0.41\", [1, 3, 4]]": [1, -188.4688349798791, []], "[\"10.0.0.13_10.0.0.43\", [1, 3, 4]]": [1, -173.44700076354707, []], "[\"NoTrans\", []]": [1, -204.6378283298538, []]}, "{\"10.0.0.11_10.0.0.41\": [1, 3, 4], \"10.0.0.12_10.0.0.42\": [1, 2, 4], \"10.0.0.13_10.0.0.43\": [1, 3, 4]}": {"[\"10.0.0.12_10.0.0.42\", [1, 3, 4]]": [2, -218.41205872706064, []], "[\"10.0.0.11_10.0.0.41\", [1, 2, 4]]": [1, -206.52708239081227, []], "[\"10.0.0.13_10.0.0.43\", [1, 2, 4]]": [1, -207.30163245126818, []], "[\"NoTrans\", []]": [2, -226.64415027997006, []]}, "{\"10.0.0.11_10.0.0.41\": [1, 3, 4], \"10.0.0.12_10.0.0.42\": [1, 2, 4], \"10.0.0.13_10.0.0.43\": [1, 2, 4]}": {"[\"10.0.0.12_10.0.0.42\", [1, 3, 4]]": [1, -189.30995014464315, []], "[\"10.0.0.11_10.0.0.41\", [1, 2, 4]]": [1, -249.63134010764125, []], "[\"10.0.0.13_10.0.0.43\", [1, 3, 4]]": [1, -187.86890196255754, []], "[\"NoTrans\", []]": [1, -204.521994873364, []]}, "{\"10.0.0.11_10.0.0.41\": [1, 2, 4], \"10.0.0.12_10.0.0.42\": [1, 2, 4], \"10.0.0.13_10.0.0.43\": [1, 3, 4]}": {"[\"10.0.0.12_10.0.0.42\", [1, 3, 4]]": [1, -203.7536979675293, []], "[\"10.0.0.11_10.0.0.41\", [1, 3, 4]]": [2, -227.55172511737194, []], "[\"10.0.0.13_10.0.0.43\", [1, 2, 4]]": [1, -222.81736145019534, []], "[\"NoTrans\", []]": [1, -204.30787057065132, []]}, "{\"10.0.0.11_10.0.0.41\": [1, 2, 4], \"10.0.0.12_10.0.0.42\": [1, 2, 4], \"10.0.0.13_10.0.0.43\": [1, 2, 4]}": {"[\"10.0.0.12_10.0.0.42\", [1, 3, 4]]": [1, -186.71423805461828, []], "[\"10.0.0.11_10.0.0.41\", [1, 3, 4]]": [1, -204.21919790641095, []], "[\"10.0.0.13_10.0.0.43\", [1, 3, 4]]": [2, -244.45285984609043, []], "[\"NoTrans\", []]": [1, -223.01810989379885, []]}}