{"{\"10.0.0.11_10.0.0.41\": [1, 3, 4], \"10.0.0.12_10.0.0.42\": [1, 3, 4], \"10.0.0.13_10.0.0.43\": [1, 3, 4]}": {"[\"10.0.0.12_10.0.0.42\", [1, 2, 4]]": [0, -140, []], "[\"10.0.0.13_10.0.0.43\", [1, 2, 4]]": [2, -227.98310504558373, []], "[\"10.0.0.11_10.0.0.41\", [1, 2, 4]]": [2, -143.75921400905062, []], "[\"NoTrans\", []]": [1, -204.76106414794924, []]}, "{\"10.0.0.11_10.0.0.41\": [1, 2, 4], \"10.0.0.12_10.0.0.42\": [1, 3, 4], \"10.0.0.13_10.0.0.43\": [1, 3, 4]}": {"[\"10.0.0.12_10.0.0.42\", [1, 2, 4]]": [1, -207.09606626133956, []], "[\"10.0.0.13_10.0.0.43\", [1, 2, 4]]": [1, -204.23853008098268, []], "[\"10.0.0.11_10.0.0.41\", [1, 3, 4]]": [1, -203.22780327825686, []], "[\"NoTrans\", []]": [372, -142.0574651442543, []]}, "{\"10.0.0.11_10.0.0.41\": [1, 3, 4], \"10.0.0.12_10.0.0.42\": [1, 3, 4], \"10.0.0.13_10.0.0.43\": [1, 2, 4]}": {"[\"10.0.0.12_10.0.0.42\", [1, 2, 4]]": [2, -229.9512632915359, []], "[\"10.0.0.13_10.0.0.43\", [1, 3, 4]]": [3, -216.85265829467772, []], "[\"10.0.0.11_10.0.0.41\", [1, 2, 4]]": [2, -217.13483712723195, []], "[\"NoTrans\", []]": [2, -228.22698844792313, []]}, "{\"10.0.0.11_10.0.0.41\": [1, 2, 4], \"10.0.0.12_10.0.0.42\": [1, 3, 4], \"10.0.0.13_10.0.0.43\": [1, 2, 4]}": {"[\"10.0.0.12_10.0.0.42\", [1, 2, 4]]": [1, -223.37505660042427, []], "[\"10.0.0.13_10.0.0.43\", [1, 3, 4]]": [1, -174.6583941887654, []], "[\"10.0.0.11_10.0.0.41\", [1, 3, 4]]": [1, -233.1333711644121, []], "[\"NoTrans\", []]": [1, -205.48860712331296, []]}, "{\"10.0.0.11_10.0.0.41\": [1, 3, 4], \"10.0.0.12_10.0.0.42\": [1, 2, 4], \"10.0.0.13_10.0.0.43\": [1, 3, 4]}": {"[\"10.0.0.12_10.0.0.42\", [1, 3, 4]]": [0, -140, []], "[\"10.0.0.13_10.0.0.43\", [1, 2, 4]]": [0, -140, []], "[\"10.0.0.11_10.0.0.41\", [1, 2, 4]]": [2, -134.89934427621756, []], "[\"NoTrans\", []]": [0, -140, []]}, "{\"10.0.0.11_10.0.0.41\": [1, 2, 4], \"10.0.0.12_10.0.0.42\": [1, 2, 4], \"10.0.0.13_10.0.0.43\": [1, 3, 4]}": {"[\"10.0.0.12_10.0.0.42\", [1, 3, 4]]": [1, -172.42655744784656, []], "[\"10.0.0.13_10.0.0.43\", [1, 2, 4]]": [1, -219.96133042349916, []], "[\"10.0.0.11_10.0.0.41\", [1, 3, 4]]": [1, -186.5056188395636, []], "[\"NoTrans\", []]": [0, -140, []]}, "{\"10.0.0.11_10.0.0.41\": [1, 3, 4], \"10.0.0.12_10.0.0.42\": [1, 2, 4], \"10.0.0.13_10.0.0.43\": [1, 2, 4]}": {"[\"10.0.0.12_10.0.0.42\", [1, 3, 4]]": [4, -196.14131903915367, []], "[\"10.0.0.13_10.0.0.43\", [1, 3, 4]]": [1, -186.67260852999465, []], "[\"10.0.0.11_10.0.0.41\", [1, 2, 4]]": [1, -218.55621790714713, []], "[\"NoTrans\", []]": [379, -190.96324636326335, []]}, "{\"10.0.0.11_10.0.0.41\": [1, 2, 4], \"10.0.0.12_10.0.0.42\": [1, 2, 4], \"10.0.0.13_10.0.0.43\": [1, 2, 4]}": {"[\"10.0.0.12_10.0.0.42\", [1, 3, 4]]": [0, -140, []], "[\"10.0.0.13_10.0.0.43\", [1, 3, 4]]": [0, -140, []], "[\"10.0.0.11_10.0.0.41\", [1, 3, 4]]": [4, -131.15217055251637, []], "[\"NoTrans\", []]": [1, -222.70481429085396, []]}}