{"{\"10.0.0.11_10.0.0.41\": [1, 3, 4], \"10.0.0.12_10.0.0.42\": [1, 3, 4], \"10.0.0.13_10.0.0.43\": [1, 3, 4]}": {"[\"10.0.0.12_10.0.0.42\", [1, 2, 4]]": [1, -207.3687311292397, []], "[\"10.0.0.13_10.0.0.43\", [1, 2, 4]]": [1, -207.39683312582014, []], "[\"10.0.0.11_10.0.0.41\", [1, 2, 4]]": [1, -206.48604230584937, []], "[\"NoTrans\", []]": [1, -227.89767990112307, []]}, "{\"10.0.0.11_10.0.0.41\": [1, 2, 4], \"10.0.0.12_10.0.0.42\": [1, 3, 4], \"10.0.0.13_10.0.0.43\": [1, 3, 4]}": {"[\"10.0.0.12_10.0.0.42\", [1, 2, 4]]": [1, -184.51724006305918, []], "[\"10.0.0.13_10.0.0.43\", [1, 2, 4]]": [1, -185.92140715884594, []], "[\"10.0.0.11_10.0.0.41\", [1, 3, 4]]": [1, -226.5000701904297, []], "[\"NoTrans\", []]": [1, -206.39871277075042, []]}, "{\"10.0.0.11_10.0.0.41\": [1, 3, 4], \"10.0.0.12_10.0.0.42\": [1, 3, 4], \"10.0.0.13_10.0.0.43\": [1, 2, 4]}": {"[\"10.0.0.12_10.0.0.42\", [1, 2, 4]]": [1, -174.37379992905852, []], "[\"10.0.0.13_10.0.0.43\", [1, 3, 4]]": [1, -228.516805267334, []], "[\"10.0.0.11_10.0.0.41\", [1, 2, 4]]": [1, -186.68266798326786, []], "[\"NoTrans\", []]": [1, -208.8127441462446, []]}, "{\"10.0.0.11_10.0.0.41\": [1, 2, 4], \"10.0.0.12_10.0.0.42\": [1, 3, 4], \"10.0.0.13_10.0.0.43\": [1, 2, 4]}": {"[\"10.0.0.12_10.0.0.42\", [1, 2, 4]]": [1, -199.12761459350585, []], "[\"10.0.0.13_10.0.0.43\", [1, 3, 4]]": [1, -209.4251062728207, []], "[\"10.0.0.11_10.0.0.41\", [1, 3, 4]]": [1, -209.26883586382746, []], "[\"NoTrans\", []]": [1, -186.86927366600202, []]}, "{\"10.0.0.11_10.0.0.41\": [1, 3, 4], \"10.0.0.12_10.0.0.42\": [1, 2, 4], \"10.0.0.13_10.0.0.43\": [1, 3, 4]}": {"[\"10.0.0.12_10.0.0.42\", [1, 3, 4]]": [1, -226.84987792968752, []], "[\"10.0.0.13_10.0.0.43\", [1, 2, 4]]": [1, -175.5443479147952, []], "[\"10.0.0.11_10.0.0.41\", [1, 2, 4]]": [1, -183.2174142955447, []], "[\"NoTrans\", []]": [1, -205.32843133717577, []]}, "{\"10.0.0.11_10.0.0.41\": [1, 2, 4], \"10.0.0.12_10.0.0.42\": [1, 2, 4], \"10.0.0.13_10.0.0.43\": [1, 3, 4]}": {"[\"10.0.0.12_10.0.0.42\", [1, 3, 4]]": [1, -206.62169577794478, []], "[\"10.0.0.13_10.0.0.43\", [1, 2, 4]]": [2, -196.9046565246582, []], "[\"10.0.0.11_10.0.0.41\", [1, 3, 4]]": [1, -209.05902812630524, []], "[\"NoTrans\", []]": [1, -186.97923645571868, []]}, "{\"10.0.0.11_10.0.0.41\": [1, 3, 4], \"10.0.0.12_10.0.0.42\": [1, 2, 4], \"10.0.0.13_10.0.0.43\": [1, 2, 4]}": {"[\"10.0.0.12_10.0.0.42\", [1, 3, 4]]": [1, -207.82934957815615, []], "[\"10.0.0.13_10.0.0.43\", [1, 3, 4]]": [1, -208.400468389546, []], "[\"10.0.0.11_10.0.0.41\", [1, 2, 4]]": [1, -205.25052032063152, []], "[\"NoTrans\", []]": [355, -133.83644028869082, []]}, "{\"10.0.0.11_10.0.0.41\": [1, 2, 4], \"10.0.0.12_10.0.0.42\": [1, 2, 4], \"10.0.0.13_10.0.0.43\": [1, 2, 4]}": {"[\"10.0.0.12_10.0.0.42\", [1, 3, 4]]": [1, -184.6210347860046, []], "[\"10.0.0.13_10.0.0.43\", [1, 3, 4]]": [1, -181.69562517631408, []], "[\"10.0.0.11_10.0.0.41\", [1, 3, 4]]": [2, -159.52192330834157, []], "[\"NoTrans\", []]": [398, -181.29926382062072, []]}}