{"{\"10.0.0.11_10.0.0.41\": [1, 3, 4], \"10.0.0.12_10.0.0.42\": [1, 3, 4], \"10.0.0.13_10.0.0.43\": [1, 3, 4]}": {"[\"10.0.0.12_10.0.0.42\", [1, 2, 4]]": [4, -115.51911427764782, []], "[\"10.0.0.13_10.0.0.43\", [1, 2, 4]]": [4, -117.81007059605317, []], "[\"10.0.0.11_10.0.0.41\", [1, 2, 4]]": [4, -138.01889357787317, []], "[\"NoTrans\", []]": [3, -117.52262593148905, []]}, "{\"10.0.0.11_10.0.0.41\": [1, 2, 4], \"10.0.0.12_10.0.0.42\": [1, 3, 4], \"10.0.0.13_10.0.0.43\": [1, 3, 4]}": {"[\"10.0.0.12_10.0.0.42\", [1, 2, 4]]": [8, -181.03122050044487, []], "[\"10.0.0.13_10.0.0.43\", [1, 2, 4]]": [6, -182.56340851162398, []], "[\"10.0.0.11_10.0.0.41\", [1, 3, 4]]": [4, -181.10133155933022, []], "[\"NoTrans\", []]": [377, -126.58646436169876, []]}, "{\"10.0.0.11_10.0.0.41\": [1, 3, 4], \"10.0.0.12_10.0.0.42\": [1, 3, 4], \"10.0.0.13_10.0.0.43\": [1, 2, 4]}": {"[\"10.0.0.12_10.0.0.42\", [1, 2, 4]]": [6, -115.48280633578342, []], "[\"10.0.0.13_10.0.0.43\", [1, 3, 4]]": [4, -119.06714989445022, []], "[\"10.0.0.11_10.0.0.41\", [1, 2, 4]]": [9, -183.11778122001812, []], "[\"NoTrans\", []]": [8, -119.17318860054499, []]}, "{\"10.0.0.11_10.0.0.41\": [1, 2, 4], \"10.0.0.12_10.0.0.42\": [1, 3, 4], \"10.0.0.13_10.0.0.43\": [1, 2, 4]}": {"[\"10.0.0.12_10.0.0.42\", [1, 2, 4]]": [25, -194.81453024308937, []], "[\"10.0.0.13_10.0.0.43\", [1, 3, 4]]": [7, -159.89194517346368, []], "[\"10.0.0.11_10.0.0.41\", [1, 3, 4]]": [7, -163.2003308829894, []], "[\"NoTrans\", []]": [14, -186.0463645184067, []]}, "{\"10.0.0.11_10.0.0.41\": [1, 3, 4], \"10.0.0.12_10.0.0.42\": [1, 2, 4], \"10.0.0.13_10.0.0.43\": [1, 3, 4]}": {"[\"10.0.0.12_10.0.0.42\", [1, 3, 4]]": [4, -118.24396967656024, []], "[\"10.0.0.13_10.0.0.43\", [1, 2, 4]]": [5, -115.76264804512424, []], "[\"10.0.0.11_10.0.0.41\", [1, 2, 4]]": [7, -118.8217924429263, []], "[\"NoTrans\", []]": [3, -114.04951398733662, []]}, "{\"10.0.0.11_10.0.0.41\": [1, 2, 4], \"10.0.0.12_10.0.0.42\": [1, 2, 4], \"10.0.0.13_10.0.0.43\": [1, 3, 4]}": {"[\"10.0.0.12_10.0.0.42\", [1, 3, 4]]": [8, -154.90034661635565, []], "[\"10.0.0.13_10.0.0.43\", [1, 2, 4]]": [16, -198.903463657568, []], "[\"10.0.0.11_10.0.0.41\", [1, 3, 4]]": [7, -117.51041284534507, []], "[\"NoTrans\", []]": [10, -120.55798461203466, []]}, "{\"10.0.0.11_10.0.0.41\": [1, 3, 4], \"10.0.0.12_10.0.0.42\": [1, 2, 4], \"10.0.0.13_10.0.0.43\": [1, 2, 4]}": {"[\"10.0.0.12_10.0.0.42\", [1, 3, 4]]": [7, -118.27610913205766, []], "[\"10.0.0.13_10.0.0.43\", [1, 3, 4]]": [5, -118.3952864606582, []], "[\"10.0.0.11_10.0.0.41\", [1, 2, 4]]": [19, -238.51356470193736, []], "[\"NoTrans\", []]": [12, -118.11819585000764, []]}, "{\"10.0.0.11_10.0.0.41\": [1, 2, 4], \"10.0.0.12_10.0.0.42\": [1, 2, 4], \"10.0.0.13_10.0.0.43\": [1, 2, 4]}": {"[\"10.0.0.12_10.0.0.42\", [1, 3, 4]]": [24, -192.09821492391217, []], "[\"10.0.0.13_10.0.0.43\", [1, 3, 4]]": [16, -182.09127184727825, []], "[\"10.0.0.11_10.0.0.41\", [1, 3, 4]]": [20, -181.94140116652946, []], "[\"NoTrans\", []]": [130, -187.43034959476364, []]}}