{"{\"10.0.0.11_10.0.0.41\": [1, 3, 4], \"10.0.0.12_10.0.0.42\": [1, 3, 4], \"10.0.0.13_10.0.0.43\": [1, 3, 4]}": {"[\"10.0.0.12_10.0.0.42\", [1, 2, 4]]": [8, -376.2282313407713, []], "[\"10.0.0.13_10.0.0.43\", [1, 2, 4]]": [11, -353.99257319050366, []], "[\"10.0.0.11_10.0.0.41\", [1, 2, 4]]": [46, -279.16749206699194, []], "[\"NoTrans\", []]": [8, -349.13421958108677, []]}, "{\"10.0.0.11_10.0.0.41\": [1, 2, 4], \"10.0.0.12_10.0.0.42\": [1, 3, 4], \"10.0.0.13_10.0.0.43\": [1, 3, 4]}": {"[\"10.0.0.12_10.0.0.42\", [1, 2, 4]]": [25, -383.1651318365702, []], "[\"10.0.0.13_10.0.0.43\", [1, 2, 4]]": [24, -364.81890313269344, []], "[\"10.0.0.11_10.0.0.41\", [1, 3, 4]]": [40, -349.1189293848387, []], "[\"NoTrans\", []]": [245, -345.0283211827256, []]}, "{\"10.0.0.11_10.0.0.41\": [1, 3, 4], \"10.0.0.12_10.0.0.42\": [1, 3, 4], \"10.0.0.13_10.0.0.43\": [1, 2, 4]}": {"[\"10.0.0.12_10.0.0.42\", [1, 2, 4]]": [11, -374.6675991173915, []], "[\"10.0.0.13_10.0.0.43\", [1, 3, 4]]": [13, -338.06869541340126, []], "[\"10.0.0.11_10.0.0.41\", [1, 2, 4]]": [0, -Infinity, []], "[\"NoTrans\", []]": [0, -Infinity, []]}, "{\"10.0.0.11_10.0.0.41\": [1, 2, 4], \"10.0.0.12_10.0.0.42\": [1, 3, 4], \"10.0.0.13_10.0.0.43\": [1, 2, 4]}": {"[\"10.0.0.12_10.0.0.42\", [1, 2, 4]]": [10, -412.5988266158052, []], "[\"10.0.0.13_10.0.0.43\", [1, 3, 4]]": [16, -317.3357598066645, []], "[\"10.0.0.11_10.0.0.41\", [1, 3, 4]]": [3, -334.8294072754455, []], "[\"NoTrans\", []]": [10, -357.20253922549296, []]}, "{\"10.0.0.11_10.0.0.41\": [1, 3, 4], \"10.0.0.12_10.0.0.42\": [1, 2, 4], \"10.0.0.13_10.0.0.43\": [1, 3, 4]}": {"[\"10.0.0.12_10.0.0.42\", [1, 3, 4]]": [12, -357.56924516293066, []], "[\"10.0.0.13_10.0.0.43\", [1, 2, 4]]": [4, -374.1603979297988, []], "[\"10.0.0.11_10.0.0.41\", [1, 2, 4]]": [9, -386.79302594316346, []], "[\"NoTrans\", []]": [21, -379.5999885407345, []]}, "{\"10.0.0.11_10.0.0.41\": [1, 2, 4], \"10.0.0.12_10.0.0.42\": [1, 2, 4], \"10.0.0.13_10.0.0.43\": [1, 3, 4]}": {"[\"10.0.0.12_10.0.0.42\", [1, 3, 4]]": [28, -347.08594980296704, []], "[\"10.0.0.13_10.0.0.43\", [1, 2, 4]]": [4, -408.7545043159542, []], "[\"10.0.0.11_10.0.0.41\", [1, 3, 4]]": [17, -365.22820565091644, []], "[\"NoTrans\", []]": [4, -375.72875267727636, []]}, "{\"10.0.0.11_10.0.0.41\": [1, 3, 4], \"10.0.0.12_10.0.0.42\": [1, 2, 4], \"10.0.0.13_10.0.0.43\": [1, 2, 4]}": {"[\"10.0.0.12_10.0.0.42\", [1, 3, 4]]": [10, -337.94422751332877, []], "[\"10.0.0.13_10.0.0.43\", [1, 3, 4]]": [0, -Infinity, []], "[\"10.0.0.11_10.0.0.41\", [1, 2, 4]]": [8, -361.3300468489201, []], "[\"NoTrans\", []]": [6, -392.2703461714931, []]}, "{\"10.0.0.11_10.0.0.41\": [1, 2, 4], \"10.0.0.12_10.0.0.42\": [1, 2, 4], \"10.0.0.13_10.0.0.43\": [1, 2, 4]}": {"[\"10.0.0.12_10.0.0.42\", [1, 3, 4]]": [4, -362.5504910034403, []], "[\"10.0.0.13_10.0.0.43\", [1, 3, 4]]": [15, -362.71578159994044, []], "[\"10.0.0.11_10.0.0.41\", [1, 3, 4]]": [3, -357.52160101253, []], "[\"NoTrans\", []]": [0, -Infinity, []]}}