{"{\"10.0.0.11_10.0.0.41\": [1, 3, 4], \"10.0.0.12_10.0.0.42\": [1, 3, 4], \"10.0.0.13_10.0.0.43\": [1, 3, 4]}": {"[\"10.0.0.11_10.0.0.41\", [1, 2, 4]]": [18, -170.8748065276758, []], "[\"10.0.0.12_10.0.0.42\", [1, 2, 4]]": [14, -261.448632449608, []], "[\"10.0.0.13_10.0.0.43\", [1, 2, 4]]": [19, -272.13823621148197, []], "[\"NoTrans\", []]": [13, -243.65522906203722, []]}, "{\"10.0.0.11_10.0.0.41\": [1, 3, 4], \"10.0.0.12_10.0.0.42\": [1, 3, 4], \"10.0.0.13_10.0.0.43\": [1, 2, 4]}": {"[\"10.0.0.11_10.0.0.41\", [1, 2, 4]]": [24, -279.9140550851444, []], "[\"10.0.0.12_10.0.0.42\", [1, 2, 4]]": [11, -323.5968407854598, []], "[\"10.0.0.13_10.0.0.43\", [1, 3, 4]]": [21, -246.3570475764897, []], "[\"NoTrans\", []]": [13, -274.8670942193588, []]}, "{\"10.0.0.11_10.0.0.41\": [1, 3, 4], \"10.0.0.12_10.0.0.42\": [1, 2, 4], \"10.0.0.13_10.0.0.43\": [1, 3, 4]}": {"[\"10.0.0.11_10.0.0.41\", [1, 2, 4]]": [18, -275.0020991135978, []], "[\"10.0.0.12_10.0.0.42\", [1, 3, 4]]": [13, -245.0993508796251, []], "[\"10.0.0.13_10.0.0.43\", [1, 2, 4]]": [16, -319.1397319433039, []], "[\"NoTrans\", []]": [15, -258.66946027208263, []]}, "{\"10.0.0.11_10.0.0.41\": [1, 3, 4], \"10.0.0.12_10.0.0.42\": [1, 2, 4], \"10.0.0.13_10.0.0.43\": [1, 2, 4]}": {"[\"10.0.0.11_10.0.0.41\", [1, 2, 4]]": [16, -346.1294794506354, []], "[\"10.0.0.12_10.0.0.42\", [1, 3, 4]]": [12, -280.01248052758086, []], "[\"10.0.0.13_10.0.0.43\", [1, 3, 4]]": [15, -275.4963399988437, []], "[\"NoTrans\", []]": [21, -323.2090899877435, []]}, "{\"10.0.0.11_10.0.0.41\": [1, 2, 4], \"10.0.0.12_10.0.0.42\": [1, 3, 4], \"10.0.0.13_10.0.0.43\": [1, 3, 4]}": {"[\"10.0.0.11_10.0.0.41\", [1, 3, 4]]": [16, -247.55023118335208, []], "[\"10.0.0.12_10.0.0.42\", [1, 2, 4]]": [20, -274.70363609438976, []], "[\"10.0.0.13_10.0.0.43\", [1, 2, 4]]": [14, -281.25689373700567, []], "[\"NoTrans\", []]": [37, -189.5077430759395, []]}, "{\"10.0.0.11_10.0.0.41\": [1, 2, 4], \"10.0.0.12_10.0.0.42\": [1, 3, 4], \"10.0.0.13_10.0.0.43\": [1, 2, 4]}": {"[\"10.0.0.11_10.0.0.41\", [1, 3, 4]]": [25, -278.2599403286917, []], "[\"10.0.0.12_10.0.0.42\", [1, 2, 4]]": [10, -344.95258387366147, []], "[\"10.0.0.13_10.0.0.43\", [1, 3, 4]]": [14, -218.1660893014156, []], "[\"NoTrans\", []]": [9, -278.3198706941128, []]}, "{\"10.0.0.11_10.0.0.41\": [1, 2, 4], \"10.0.0.12_10.0.0.42\": [1, 2, 4], \"10.0.0.13_10.0.0.43\": [1, 3, 4]}": {"[\"10.0.0.11_10.0.0.41\", [1, 3, 4]]": [18, -273.8724345530089, []], "[\"10.0.0.12_10.0.0.42\", [1, 3, 4]]": [19, -211.90633918647535, []], "[\"10.0.0.13_10.0.0.43\", [1, 2, 4]]": [17, -333.7580444995574, []], "[\"NoTrans\", []]": [18, -272.8722704278132, []]}, "{\"10.0.0.11_10.0.0.41\": [1, 2, 4], \"10.0.0.12_10.0.0.42\": [1, 2, 4], \"10.0.0.13_10.0.0.43\": [1, 2, 4]}": {"[\"10.0.0.11_10.0.0.41\", [1, 3, 4]]": [16, -325.3310181378792, []], "[\"10.0.0.12_10.0.0.42\", [1, 3, 4]]": [11, -279.68763800686236, []], "[\"10.0.0.13_10.0.0.43\", [1, 3, 4]]": [16, -274.60168850822276, []], "[\"NoTrans\", []]": [16, -347.4915319304198, []]}}