{"{\"10.0.0.11_10.0.0.41\": [1, 3, 4], \"10.0.0.12_10.0.0.42\": [1, 3, 4], \"10.0.0.13_10.0.0.43\": [1, 3, 4]}": {"[\"10.0.0.12_10.0.0.42\", [1, 2, 4]]": [14, -407.7152325241014, []], "[\"10.0.0.13_10.0.0.43\", [1, 2, 4]]": [15, -409.7757672931965, []], "[\"10.0.0.11_10.0.0.41\", [1, 2, 4]]": [8, -411.978801110675, []], "[\"NoTrans\", []]": [10, -421.78174245629396, []]}, "{\"10.0.0.11_10.0.0.41\": [1, 2, 4], \"10.0.0.12_10.0.0.42\": [1, 3, 4], \"10.0.0.13_10.0.0.43\": [1, 3, 4]}": {"[\"10.0.0.12_10.0.0.42\", [1, 2, 4]]": [8, -409.6954848232091, []], "[\"10.0.0.13_10.0.0.43\", [1, 2, 4]]": [8, -432.0188960150954, []], "[\"10.0.0.11_10.0.0.41\", [1, 3, 4]]": [9, -411.6515176947473, []], "[\"NoTrans\", []]": [8, -427.75864916311343, []]}, "{\"10.0.0.11_10.0.0.41\": [1, 3, 4], \"10.0.0.12_10.0.0.42\": [1, 3, 4], \"10.0.0.13_10.0.0.43\": [1, 2, 4]}": {"[\"10.0.0.12_10.0.0.42\", [1, 2, 4]]": [16, -429.8402076533152, []], "[\"10.0.0.13_10.0.0.43\", [1, 3, 4]]": [13, -423.42310529464964, []], "[\"10.0.0.11_10.0.0.41\", [1, 2, 4]]": [13, -433.30331934582966, []], "[\"NoTrans\", []]": [28, -409.8802295782268, []]}, "{\"10.0.0.11_10.0.0.41\": [1, 2, 4], \"10.0.0.12_10.0.0.42\": [1, 3, 4], \"10.0.0.13_10.0.0.43\": [1, 2, 4]}": {"[\"10.0.0.12_10.0.0.42\", [1, 2, 4]]": [6, -428.80050767847297, []], "[\"10.0.0.13_10.0.0.43\", [1, 3, 4]]": [8, -431.48449430962, []], "[\"10.0.0.11_10.0.0.41\", [1, 3, 4]]": [15, -413.31907567888334, []], "[\"NoTrans\", []]": [9, -431.7342890180903, []]}, "{\"10.0.0.11_10.0.0.41\": [1, 3, 4], \"10.0.0.12_10.0.0.42\": [1, 2, 4], \"10.0.0.13_10.0.0.43\": [1, 3, 4]}": {"[\"10.0.0.12_10.0.0.42\", [1, 3, 4]]": [15, -419.807888645026, []], "[\"10.0.0.13_10.0.0.43\", [1, 2, 4]]": [13, -432.11411370342165, []], "[\"10.0.0.11_10.0.0.41\", [1, 2, 4]]": [15, -431.0333587592977, []], "[\"NoTrans\", []]": [24, -411.8360674320399, []]}, "{\"10.0.0.11_10.0.0.41\": [1, 2, 4], \"10.0.0.12_10.0.0.42\": [1, 2, 4], \"10.0.0.13_10.0.0.43\": [1, 3, 4]}": {"[\"10.0.0.12_10.0.0.42\", [1, 3, 4]]": [9, -428.81593292102303, []], "[\"10.0.0.13_10.0.0.43\", [1, 2, 4]]": [7, -418.2616869861163, []], "[\"10.0.0.11_10.0.0.41\", [1, 3, 4]]": [12, -411.13227982684936, []], "[\"NoTrans\", []]": [7, -408.7705271687121, []]}, "{\"10.0.0.11_10.0.0.41\": [1, 3, 4], \"10.0.0.12_10.0.0.42\": [1, 2, 4], \"10.0.0.13_10.0.0.43\": [1, 2, 4]}": {"[\"10.0.0.12_10.0.0.42\", [1, 3, 4]]": [12, -410.9317359194667, []], "[\"10.0.0.13_10.0.0.43\", [1, 3, 4]]": [17, -408.4075537269781, []], "[\"10.0.0.11_10.0.0.41\", [1, 2, 4]]": [7, -436.59058818509016, []], "[\"NoTrans\", []]": [8, -426.75946248006, []]}, "{\"10.0.0.11_10.0.0.41\": [1, 2, 4], \"10.0.0.12_10.0.0.42\": [1, 2, 4], \"10.0.0.13_10.0.0.43\": [1, 2, 4]}": {"[\"10.0.0.12_10.0.0.42\", [1, 3, 4]]": [8, -423.78830130388343, []], "[\"10.0.0.13_10.0.0.43\", [1, 3, 4]]": [5, -394.9446281449658, []], "[\"10.0.0.11_10.0.0.41\", [1, 3, 4]]": [7, -409.6375008594986, []], "[\"NoTrans\", []]": [6, -414.51119928368144, []]}}