{"{\"10.0.0.11_10.0.0.41\": [1, 3, 4], \"10.0.0.12_10.0.0.42\": [1, 3, 4], \"10.0.0.13_10.0.0.43\": [1, 3, 4]}": {"[\"10.0.0.12_10.0.0.42\", [1, 2, 4]]": [16, -280.8105686911102, []], "[\"10.0.0.13_10.0.0.43\", [1, 2, 4]]": [14, -291.0550175450013, []], "[\"10.0.0.11_10.0.0.41\", [1, 2, 4]]": [17, -165.54494906669177, []], "[\"NoTrans\", []]": [17, -239.73613405704174, []]}, "{\"10.0.0.11_10.0.0.41\": [1, 2, 4], \"10.0.0.12_10.0.0.42\": [1, 3, 4], \"10.0.0.13_10.0.0.43\": [1, 3, 4]}": {"[\"10.0.0.12_10.0.0.42\", [1, 2, 4]]": [21, -277.7384721310639, []], "[\"10.0.0.13_10.0.0.43\", [1, 2, 4]]": [16, -303.1026860573987, []], "[\"10.0.0.11_10.0.0.41\", [1, 3, 4]]": [16, -243.22675391166393, []], "[\"NoTrans\", []]": [20, -171.86823957754802, []]}, "{\"10.0.0.11_10.0.0.41\": [1, 3, 4], \"10.0.0.12_10.0.0.42\": [1, 3, 4], \"10.0.0.13_10.0.0.43\": [1, 2, 4]}": {"[\"10.0.0.12_10.0.0.42\", [1, 2, 4]]": [16, -338.0415694111304, []], "[\"10.0.0.13_10.0.0.43\", [1, 3, 4]]": [18, -242.82494665349583, []], "[\"10.0.0.11_10.0.0.41\", [1, 2, 4]]": [18, -284.34547364706316, []], "[\"NoTrans\", []]": [18, -287.4049648457113, []]}, "{\"10.0.0.11_10.0.0.41\": [1, 2, 4], \"10.0.0.12_10.0.0.42\": [1, 3, 4], \"10.0.0.13_10.0.0.43\": [1, 2, 4]}": {"[\"10.0.0.12_10.0.0.42\", [1, 2, 4]]": [17, -359.794440981848, []], "[\"10.0.0.13_10.0.0.43\", [1, 3, 4]]": [19, -218.05188806431033, []], "[\"10.0.0.11_10.0.0.41\", [1, 3, 4]]": [17, -287.79806832933247, []], "[\"NoTrans\", []]": [18, -286.2204672785524, []]}, "{\"10.0.0.11_10.0.0.41\": [1, 3, 4], \"10.0.0.12_10.0.0.42\": [1, 2, 4], \"10.0.0.13_10.0.0.43\": [1, 3, 4]}": {"[\"10.0.0.12_10.0.0.42\", [1, 3, 4]]": [13, -242.95578890863857, []], "[\"10.0.0.13_10.0.0.43\", [1, 2, 4]]": [18, -337.45002842111586, []], "[\"10.0.0.11_10.0.0.41\", [1, 2, 4]]": [18, -281.4877753823375, []], "[\"NoTrans\", []]": [15, -283.8168483936329, []]}, "{\"10.0.0.11_10.0.0.41\": [1, 2, 4], \"10.0.0.12_10.0.0.42\": [1, 2, 4], \"10.0.0.13_10.0.0.43\": [1, 3, 4]}": {"[\"10.0.0.12_10.0.0.42\", [1, 3, 4]]": [17, -209.75106702237747, []], "[\"10.0.0.13_10.0.0.43\", [1, 2, 4]]": [10, -359.7114380652552, []], "[\"10.0.0.11_10.0.0.41\", [1, 3, 4]]": [23, -281.40178980726614, []], "[\"NoTrans\", []]": [20, -276.33998590978894, []]}, "{\"10.0.0.11_10.0.0.41\": [1, 3, 4], \"10.0.0.12_10.0.0.42\": [1, 2, 4], \"10.0.0.13_10.0.0.43\": [1, 2, 4]}": {"[\"10.0.0.12_10.0.0.42\", [1, 3, 4]]": [21, -287.56509843472935, []], "[\"10.0.0.13_10.0.0.43\", [1, 3, 4]]": [11, -285.85757454216656, []], "[\"10.0.0.11_10.0.0.41\", [1, 2, 4]]": [16, -362.3386393720926, []], "[\"NoTrans\", []]": [23, -338.98597446423844, []]}, "{\"10.0.0.11_10.0.0.41\": [1, 2, 4], \"10.0.0.12_10.0.0.42\": [1, 2, 4], \"10.0.0.13_10.0.0.43\": [1, 2, 4]}": {"[\"10.0.0.12_10.0.0.42\", [1, 3, 4]]": [18, -302.22739620973863, []], "[\"10.0.0.13_10.0.0.43\", [1, 3, 4]]": [11, -279.33796398593, []], "[\"10.0.0.11_10.0.0.41\", [1, 3, 4]]": [14, -333.29980389850397, []], "[\"NoTrans\", []]": [15, -362.92751883463126, []]}}