{"{\"10.0.0.11_10.0.0.41\": [1, 3, 4], \"10.0.0.12_10.0.0.42\": [1, 3, 4], \"10.0.0.13_10.0.0.43\": [1, 3, 4]}": {"[\"10.0.0.13_10.0.0.43\", [1, 2, 4]]": [1, -152.3342371635097, []], "[\"10.0.0.12_10.0.0.42\", [1, 2, 4]]": [1, -150.8025030143619, []], "[\"10.0.0.11_10.0.0.41\", [1, 2, 4]]": [2, -106.92587651539536, []], "[\"NoTrans\", []]": [1, -167.0881118774414, []]}, "{\"10.0.0.11_10.0.0.41\": [1, 2, 4], \"10.0.0.12_10.0.0.42\": [1, 3, 4], \"10.0.0.13_10.0.0.43\": [1, 3, 4]}": {"[\"10.0.0.13_10.0.0.43\", [1, 2, 4]]": [1, -173.32707572172615, []], "[\"10.0.0.12_10.0.0.42\", [1, 2, 4]]": [1, -175.37325309372028, []], "[\"10.0.0.11_10.0.0.41\", [1, 3, 4]]": [1, -164.91611862182617, []], "[\"NoTrans\", []]": [654, -112.6181700913509, []]}, "{\"10.0.0.11_10.0.0.41\": [1, 3, 4], \"10.0.0.12_10.0.0.42\": [1, 2, 4], \"10.0.0.13_10.0.0.43\": [1, 3, 4]}": {"[\"10.0.0.13_10.0.0.43\", [1, 2, 4]]": [1, -175.02005688945133, []], "[\"10.0.0.12_10.0.0.42\", [1, 3, 4]]": [1, -165.48441314697266, []], "[\"10.0.0.11_10.0.0.41\", [1, 2, 4]]": [1, -174.3573139533178, []], "[\"NoTrans\", []]": [1, -152.33642870692142, []]}, "{\"10.0.0.11_10.0.0.41\": [1, 2, 4], \"10.0.0.12_10.0.0.42\": [1, 2, 4], \"10.0.0.13_10.0.0.43\": [1, 3, 4]}": {"[\"10.0.0.13_10.0.0.43\", [1, 2, 4]]": [1, -191.51619338989258, []], "[\"10.0.0.12_10.0.0.42\", [1, 3, 4]]": [1, -145.68238791290474, []], "[\"10.0.0.11_10.0.0.41\", [1, 3, 4]]": [1, -150.02418248741037, []], "[\"NoTrans\", []]": [1, -176.20203541884976, []]}, "{\"10.0.0.11_10.0.0.41\": [1, 3, 4], \"10.0.0.12_10.0.0.42\": [1, 3, 4], \"10.0.0.13_10.0.0.43\": [1, 2, 4]}": {"[\"10.0.0.13_10.0.0.43\", [1, 3, 4]]": [2, -189.15222039714212, []], "[\"10.0.0.12_10.0.0.42\", [1, 2, 4]]": [1, -174.37205613269603, []], "[\"10.0.0.11_10.0.0.41\", [1, 2, 4]]": [1, -173.27294476884515, []], "[\"NoTrans\", []]": [2, -195.88269672184728, []]}, "{\"10.0.0.11_10.0.0.41\": [1, 2, 4], \"10.0.0.12_10.0.0.42\": [1, 3, 4], \"10.0.0.13_10.0.0.43\": [1, 2, 4]}": {"[\"10.0.0.13_10.0.0.43\", [1, 3, 4]]": [1, -138.87846748085954, []], "[\"10.0.0.12_10.0.0.42\", [1, 2, 4]]": [1, -192.05702209472656, []], "[\"10.0.0.11_10.0.0.41\", [1, 3, 4]]": [1, -151.7199874832629, []], "[\"NoTrans\", []]": [1, -173.22116346468255, []]}, "{\"10.0.0.11_10.0.0.41\": [1, 3, 4], \"10.0.0.12_10.0.0.42\": [1, 2, 4], \"10.0.0.13_10.0.0.43\": [1, 2, 4]}": {"[\"10.0.0.13_10.0.0.43\", [1, 3, 4]]": [1, -152.28948187427903, []], "[\"10.0.0.12_10.0.0.42\", [1, 3, 4]]": [1, -155.45203627714528, []], "[\"10.0.0.11_10.0.0.41\", [1, 2, 4]]": [1, -201.10577011108398, []], "[\"NoTrans\", []]": [1, -173.81410574714246, []]}, "{\"10.0.0.11_10.0.0.41\": [1, 2, 4], \"10.0.0.12_10.0.0.42\": [1, 2, 4], \"10.0.0.13_10.0.0.43\": [1, 2, 4]}": {"[\"10.0.0.13_10.0.0.43\", [1, 3, 4]]": [1, -172.73141501061502, []], "[\"10.0.0.12_10.0.0.42\", [1, 3, 4]]": [1, -173.02111287258776, []], "[\"10.0.0.11_10.0.0.41\", [1, 3, 4]]": [1, -172.43864772874082, []], "[\"NoTrans\", []]": [0, -100, []]}}