{"{\"10.0.0.11_10.0.0.41\": [1, 3, 4], \"10.0.0.12_10.0.0.42\": [1, 3, 4], \"10.0.0.13_10.0.0.43\": [1, 3, 4]}": {"[\"10.0.0.12_10.0.0.42\", [1, 2, 4]]": [6, -284.48697043605114, []], "[\"10.0.0.13_10.0.0.43\", [1, 2, 4]]": [6, -266.3760168419952, []], "[\"10.0.0.11_10.0.0.41\", [1, 2, 4]]": [45, -160.3904411417359, []], "[\"NoTrans\", []]": [11, -257.52775298509835, []]}, "{\"10.0.0.11_10.0.0.41\": [1, 2, 4], \"10.0.0.12_10.0.0.42\": [1, 3, 4], \"10.0.0.13_10.0.0.43\": [1, 3, 4]}": {"[\"10.0.0.12_10.0.0.42\", [1, 2, 4]]": [20, -255.6929662139438, []], "[\"10.0.0.13_10.0.0.43\", [1, 2, 4]]": [20, -256.85730108583067, []], "[\"10.0.0.11_10.0.0.41\", [1, 3, 4]]": [42, -229.27256945955182, []], "[\"NoTrans\", []]": [323, -118.62848961453746, []]}, "{\"10.0.0.11_10.0.0.41\": [1, 3, 4], \"10.0.0.12_10.0.0.42\": [1, 3, 4], \"10.0.0.13_10.0.0.43\": [1, 2, 4]}": {"[\"10.0.0.12_10.0.0.42\", [1, 2, 4]]": [5, -311.52237034436956, []], "[\"10.0.0.13_10.0.0.43\", [1, 3, 4]]": [6, -222.03268904569268, []], "[\"10.0.0.11_10.0.0.41\", [1, 2, 4]]": [3, -251.78570960750886, []], "[\"NoTrans\", []]": [5, -277.05911343416966, []]}, "{\"10.0.0.11_10.0.0.41\": [1, 2, 4], \"10.0.0.12_10.0.0.42\": [1, 3, 4], \"10.0.0.13_10.0.0.43\": [1, 2, 4]}": {"[\"10.0.0.12_10.0.0.42\", [1, 2, 4]]": [4, -338.9983100184046, []], "[\"10.0.0.13_10.0.0.43\", [1, 3, 4]]": [18, -187.77072683853496, []], "[\"10.0.0.11_10.0.0.41\", [1, 3, 4]]": [5, -285.98999498523995, []], "[\"NoTrans\", []]": [4, -259.514529540471, []]}, "{\"10.0.0.11_10.0.0.41\": [1, 3, 4], \"10.0.0.12_10.0.0.42\": [1, 2, 4], \"10.0.0.13_10.0.0.43\": [1, 3, 4]}": {"[\"10.0.0.12_10.0.0.42\", [1, 3, 4]]": [8, -248.95751800848322, []], "[\"10.0.0.13_10.0.0.43\", [1, 2, 4]]": [5, -311.6557899888755, []], "[\"10.0.0.11_10.0.0.41\", [1, 2, 4]]": [6, -259.99704745013236, []], "[\"NoTrans\", []]": [9, -281.61112273518876, []]}, "{\"10.0.0.11_10.0.0.41\": [1, 2, 4], \"10.0.0.12_10.0.0.42\": [1, 2, 4], \"10.0.0.13_10.0.0.43\": [1, 3, 4]}": {"[\"10.0.0.12_10.0.0.42\", [1, 3, 4]]": [20, -195.0640745650126, []], "[\"10.0.0.13_10.0.0.43\", [1, 2, 4]]": [3, -317.74328483506434, []], "[\"10.0.0.11_10.0.0.41\", [1, 3, 4]]": [8, -283.7588556273284, []], "[\"NoTrans\", []]": [7, -261.2126929886791, []]}, "{\"10.0.0.11_10.0.0.41\": [1, 3, 4], \"10.0.0.12_10.0.0.42\": [1, 2, 4], \"10.0.0.13_10.0.0.43\": [1, 2, 4]}": {"[\"10.0.0.12_10.0.0.42\", [1, 3, 4]]": [3, -268.98562237373716, []], "[\"10.0.0.13_10.0.0.43\", [1, 3, 4]]": [5, -280.4909048436321, []], "[\"10.0.0.11_10.0.0.41\", [1, 2, 4]]": [6, -338.324849345754, []], "[\"NoTrans\", []]": [5, -303.6527598688783, []]}, "{\"10.0.0.11_10.0.0.41\": [1, 2, 4], \"10.0.0.12_10.0.0.42\": [1, 2, 4], \"10.0.0.13_10.0.0.43\": [1, 2, 4]}": {"[\"10.0.0.12_10.0.0.42\", [1, 3, 4]]": [4, -281.39004380699964, []], "[\"10.0.0.13_10.0.0.43\", [1, 3, 4]]": [5, -264.3059875427433, []], "[\"10.0.0.11_10.0.0.41\", [1, 3, 4]]": [4, -289.35388196829706, []], "[\"NoTrans\", []]": [4, -302.12355545005477, []]}}