{"{\"10.0.0.11_10.0.0.41\": [1, 3, 4], \"10.0.0.12_10.0.0.42\": [1, 3, 4], \"10.0.0.13_10.0.0.43\": [1, 3, 4]}": {"[\"10.0.0.12_10.0.0.42\", [1, 2, 4]]": [18, -281.83318309790707, []], "[\"10.0.0.11_10.0.0.41\", [1, 2, 4]]": [27, -177.73823612634519, []], "[\"10.0.0.13_10.0.0.43\", [1, 2, 4]]": [6, -287.5254270806189, []], "[\"NoTrans\", []]": [12, -235.75618793902726, []]}, "{\"10.0.0.11_10.0.0.41\": [1, 3, 4], \"10.0.0.12_10.0.0.42\": [1, 3, 4], \"10.0.0.13_10.0.0.43\": [1, 2, 4]}": {"[\"10.0.0.12_10.0.0.42\", [1, 2, 4]]": [10, -331.0776628990617, []], "[\"10.0.0.11_10.0.0.41\", [1, 2, 4]]": [9, -280.57799010753854, []], "[\"10.0.0.13_10.0.0.43\", [1, 3, 4]]": [17, -255.26642751149907, []], "[\"NoTrans\", []]": [13, -287.42715366253327, []]}, "{\"10.0.0.11_10.0.0.41\": [1, 2, 4], \"10.0.0.12_10.0.0.42\": [1, 3, 4], \"10.0.0.13_10.0.0.43\": [1, 3, 4]}": {"[\"10.0.0.12_10.0.0.42\", [1, 2, 4]]": [19, -276.7814098693203, []], "[\"10.0.0.11_10.0.0.41\", [1, 3, 4]]": [17, -248.9703665747201, []], "[\"10.0.0.13_10.0.0.43\", [1, 2, 4]]": [31, -275.09802151675495, []], "[\"NoTrans\", []]": [34, -168.9009624995859, []]}, "{\"10.0.0.11_10.0.0.41\": [1, 2, 4], \"10.0.0.12_10.0.0.42\": [1, 3, 4], \"10.0.0.13_10.0.0.43\": [1, 2, 4]}": {"[\"10.0.0.12_10.0.0.42\", [1, 2, 4]]": [16, -352.0750570213726, []], "[\"10.0.0.11_10.0.0.41\", [1, 3, 4]]": [15, -285.7613386250724, []], "[\"10.0.0.13_10.0.0.43\", [1, 3, 4]]": [22, -209.0055716557657, []], "[\"NoTrans\", []]": [19, -276.7877466389726, []]}, "{\"10.0.0.11_10.0.0.41\": [1, 3, 4], \"10.0.0.12_10.0.0.42\": [1, 2, 4], \"10.0.0.13_10.0.0.43\": [1, 3, 4]}": {"[\"10.0.0.12_10.0.0.42\", [1, 3, 4]]": [17, -246.6414045114831, []], "[\"10.0.0.11_10.0.0.41\", [1, 2, 4]]": [15, -284.972512045866, []], "[\"10.0.0.13_10.0.0.43\", [1, 2, 4]]": [17, -326.3508351449773, []], "[\"NoTrans\", []]": [18, -282.77502228195834, []]}, "{\"10.0.0.11_10.0.0.41\": [1, 3, 4], \"10.0.0.12_10.0.0.42\": [1, 2, 4], \"10.0.0.13_10.0.0.43\": [1, 2, 4]}": {"[\"10.0.0.12_10.0.0.42\", [1, 3, 4]]": [15, -287.1602006274603, []], "[\"10.0.0.11_10.0.0.41\", [1, 2, 4]]": [13, -350.33890166010525, []], "[\"10.0.0.13_10.0.0.43\", [1, 3, 4]]": [10, -274.7061357148976, []], "[\"NoTrans\", []]": [15, -332.14957234253785, []]}, "{\"10.0.0.11_10.0.0.41\": [1, 2, 4], \"10.0.0.12_10.0.0.42\": [1, 2, 4], \"10.0.0.13_10.0.0.43\": [1, 3, 4]}": {"[\"10.0.0.12_10.0.0.42\", [1, 3, 4]]": [18, -217.19331931946311, []], "[\"10.0.0.11_10.0.0.41\", [1, 3, 4]]": [20, -280.73639160176384, []], "[\"10.0.0.13_10.0.0.43\", [1, 2, 4]]": [17, -349.4582324159143, []], "[\"NoTrans\", []]": [27, -281.5624904663731, []]}, "{\"10.0.0.11_10.0.0.41\": [1, 2, 4], \"10.0.0.12_10.0.0.42\": [1, 2, 4], \"10.0.0.13_10.0.0.43\": [1, 2, 4]}": {"[\"10.0.0.12_10.0.0.42\", [1, 3, 4]]": [13, -276.0051565969213, []], "[\"10.0.0.11_10.0.0.41\", [1, 3, 4]]": [12, -321.88644335636894, []], "[\"10.0.0.13_10.0.0.43\", [1, 3, 4]]": [21, -281.79573683556634, []], "[\"NoTrans\", []]": [15, -350.49905350432994, []]}}