{"{\"10.0.0.11_10.0.0.41\": [1, 3, 4], \"10.0.0.12_10.0.0.42\": [1, 3, 4], \"10.0.0.13_10.0.0.43\": [1, 3, 4]}": {"[\"10.0.0.13_10.0.0.43\", [1, 2, 4]]": [2, -148.68179929407017, []], "[\"10.0.0.12_10.0.0.42\", [1, 2, 4]]": [2, -201.7872558126108, []], "[\"10.0.0.11_10.0.0.41\", [1, 2, 4]]": [4, -139.88890257260522, []], "[\"NoTrans\", []]": [2, -199.30545016502654, []]}, "{\"10.0.0.11_10.0.0.41\": [1, 2, 4], \"10.0.0.12_10.0.0.42\": [1, 3, 4], \"10.0.0.13_10.0.0.43\": [1, 3, 4]}": {"[\"10.0.0.13_10.0.0.43\", [1, 2, 4]]": [3, -186.31672024664775, []], "[\"10.0.0.12_10.0.0.42\", [1, 2, 4]]": [2, -207.41247730169664, []], "[\"10.0.0.11_10.0.0.41\", [1, 3, 4]]": [3, -206.61466845231246, []], "[\"NoTrans\", []]": [619, -139.53349678026882, []]}, "{\"10.0.0.11_10.0.0.41\": [1, 3, 4], \"10.0.0.12_10.0.0.42\": [1, 2, 4], \"10.0.0.13_10.0.0.43\": [1, 3, 4]}": {"[\"10.0.0.13_10.0.0.43\", [1, 2, 4]]": [3, -199.75168629952867, []], "[\"10.0.0.12_10.0.0.42\", [1, 3, 4]]": [2, -185.80493999347422, []], "[\"10.0.0.11_10.0.0.41\", [1, 2, 4]]": [1, -188.3159938668663, []], "[\"NoTrans\", []]": [2, -179.19799439876527, []]}, "{\"10.0.0.11_10.0.0.41\": [1, 2, 4], \"10.0.0.12_10.0.0.42\": [1, 2, 4], \"10.0.0.13_10.0.0.43\": [1, 3, 4]}": {"[\"10.0.0.13_10.0.0.43\", [1, 2, 4]]": [1, -160.37279368925732, []], "[\"10.0.0.12_10.0.0.42\", [1, 3, 4]]": [2, -159.99110725296373, []], "[\"10.0.0.11_10.0.0.41\", [1, 3, 4]]": [2, -181.85593594500497, []], "[\"NoTrans\", []]": [1, -177.36046274351895, []]}, "{\"10.0.0.11_10.0.0.41\": [1, 3, 4], \"10.0.0.12_10.0.0.42\": [1, 3, 4], \"10.0.0.13_10.0.0.43\": [1, 2, 4]}": {"[\"10.0.0.13_10.0.0.43\", [1, 3, 4]]": [3, -201.82295796164098, []], "[\"10.0.0.12_10.0.0.42\", [1, 2, 4]]": [2, -177.17837318773388, []], "[\"10.0.0.11_10.0.0.41\", [1, 2, 4]]": [2, -189.43706567066099, []], "[\"NoTrans\", []]": [2, -152.4828729518211, []]}, "{\"10.0.0.11_10.0.0.41\": [1, 2, 4], \"10.0.0.12_10.0.0.42\": [1, 3, 4], \"10.0.0.13_10.0.0.43\": [1, 2, 4]}": {"[\"10.0.0.13_10.0.0.43\", [1, 3, 4]]": [3, -169.8246860281973, []], "[\"10.0.0.12_10.0.0.42\", [1, 2, 4]]": [2, -195.13826713930646, []], "[\"10.0.0.11_10.0.0.41\", [1, 3, 4]]": [2, -168.0032006028066, []], "[\"NoTrans\", []]": [2, -189.47212087181848, []]}, "{\"10.0.0.11_10.0.0.41\": [1, 3, 4], \"10.0.0.12_10.0.0.42\": [1, 2, 4], \"10.0.0.13_10.0.0.43\": [1, 2, 4]}": {"[\"10.0.0.13_10.0.0.43\", [1, 3, 4]]": [2, -150.18442384737773, []], "[\"10.0.0.12_10.0.0.42\", [1, 3, 4]]": [3, -192.56315859786315, []], "[\"10.0.0.11_10.0.0.41\", [1, 2, 4]]": [2, -185.43604136992138, []], "[\"NoTrans\", []]": [1, -138.25196465490282, []]}, "{\"10.0.0.11_10.0.0.41\": [1, 2, 4], \"10.0.0.12_10.0.0.42\": [1, 2, 4], \"10.0.0.13_10.0.0.43\": [1, 2, 4]}": {"[\"10.0.0.13_10.0.0.43\", [1, 3, 4]]": [2, -189.02460889324942, []], "[\"10.0.0.12_10.0.0.42\", [1, 3, 4]]": [2, -195.9101350900106, []], "[\"10.0.0.11_10.0.0.41\", [1, 3, 4]]": [1, -135.98160024632904, []], "[\"NoTrans\", []]": [1, -162.62193919706982, []]}}