{"{\"10.0.0.11_10.0.0.41\": [1, 3, 4], \"10.0.0.12_10.0.0.42\": [1, 3, 4], \"10.0.0.13_10.0.0.43\": [1, 3, 4]}": {"[\"10.0.0.13_10.0.0.43\", [1, 2, 4]]": [12, -272.6600385710472, []], "[\"10.0.0.11_10.0.0.41\", [1, 2, 4]]": [27, -177.99976324014105, []], "[\"10.0.0.12_10.0.0.42\", [1, 2, 4]]": [18, -271.002336842372, []], "[\"NoTrans\", []]": [23, -233.79835019982795, []]}, "{\"10.0.0.11_10.0.0.41\": [1, 3, 4], \"10.0.0.12_10.0.0.42\": [1, 2, 4], \"10.0.0.13_10.0.0.43\": [1, 3, 4]}": {"[\"10.0.0.13_10.0.0.43\", [1, 2, 4]]": [16, -322.9659531009793, []], "[\"10.0.0.11_10.0.0.41\", [1, 2, 4]]": [12, -277.7308843431181, []], "[\"10.0.0.12_10.0.0.42\", [1, 3, 4]]": [20, -246.92853847247218, []], "[\"NoTrans\", []]": [14, -278.55914702533863, []]}, "{\"10.0.0.11_10.0.0.41\": [1, 2, 4], \"10.0.0.12_10.0.0.42\": [1, 3, 4], \"10.0.0.13_10.0.0.43\": [1, 3, 4]}": {"[\"10.0.0.13_10.0.0.43\", [1, 2, 4]]": [20, -278.75365650972344, []], "[\"10.0.0.11_10.0.0.41\", [1, 3, 4]]": [19, -234.67843287070195, []], "[\"10.0.0.12_10.0.0.42\", [1, 2, 4]]": [17, -285.74161857224817, []], "[\"NoTrans\", []]": [20, -191.72068501200056, []]}, "{\"10.0.0.11_10.0.0.41\": [1, 2, 4], \"10.0.0.12_10.0.0.42\": [1, 2, 4], \"10.0.0.13_10.0.0.43\": [1, 3, 4]}": {"[\"10.0.0.13_10.0.0.43\", [1, 2, 4]]": [16, -346.9237597102821, []], "[\"10.0.0.11_10.0.0.41\", [1, 3, 4]]": [13, -276.91750969631363, []], "[\"10.0.0.12_10.0.0.42\", [1, 3, 4]]": [13, -215.4983677951595, []], "[\"NoTrans\", []]": [16, -282.49449229988073, []]}, "{\"10.0.0.11_10.0.0.41\": [1, 3, 4], \"10.0.0.12_10.0.0.42\": [1, 3, 4], \"10.0.0.13_10.0.0.43\": [1, 2, 4]}": {"[\"10.0.0.13_10.0.0.43\", [1, 3, 4]]": [18, -235.33935135802076, []], "[\"10.0.0.11_10.0.0.41\", [1, 2, 4]]": [9, -280.41220386380127, []], "[\"10.0.0.12_10.0.0.42\", [1, 2, 4]]": [16, -322.25728945447014, []], "[\"NoTrans\", []]": [15, -272.3830350151104, []]}, "{\"10.0.0.11_10.0.0.41\": [1, 3, 4], \"10.0.0.12_10.0.0.42\": [1, 2, 4], \"10.0.0.13_10.0.0.43\": [1, 2, 4]}": {"[\"10.0.0.13_10.0.0.43\", [1, 3, 4]]": [16, -280.97303805511405, []], "[\"10.0.0.11_10.0.0.41\", [1, 2, 4]]": [20, -350.19282406610967, []], "[\"10.0.0.12_10.0.0.42\", [1, 3, 4]]": [16, -271.62974327921415, []], "[\"NoTrans\", []]": [11, -321.60129134591773, []]}, "{\"10.0.0.11_10.0.0.41\": [1, 2, 4], \"10.0.0.12_10.0.0.42\": [1, 3, 4], \"10.0.0.13_10.0.0.43\": [1, 2, 4]}": {"[\"10.0.0.13_10.0.0.43\", [1, 3, 4]]": [16, -217.7750663669729, []], "[\"10.0.0.11_10.0.0.41\", [1, 3, 4]]": [15, -270.160959786607, []], "[\"10.0.0.12_10.0.0.42\", [1, 2, 4]]": [9, -351.5740834816704, []], "[\"NoTrans\", []]": [14, -279.1040202231802, []]}, "{\"10.0.0.11_10.0.0.41\": [1, 2, 4], \"10.0.0.12_10.0.0.42\": [1, 2, 4], \"10.0.0.13_10.0.0.43\": [1, 2, 4]}": {"[\"10.0.0.13_10.0.0.43\", [1, 3, 4]]": [13, -275.7320832278654, []], "[\"10.0.0.11_10.0.0.41\", [1, 3, 4]]": [21, -320.62338056184933, []], "[\"10.0.0.12_10.0.0.42\", [1, 3, 4]]": [11, -280.37515866728324, []], "[\"NoTrans\", []]": [9, -346.3159635552636, []]}}