{"{\"10.0.0.11_10.0.0.41\": [1, 3, 4], \"10.0.0.12_10.0.0.42\": [1, 3, 4], \"10.0.0.13_10.0.0.43\": [1, 3, 4]}": {"[\"10.0.0.11_10.0.0.41\", [1, 2, 4]]": [2, -145.55564726235403, []], "[\"10.0.0.13_10.0.0.43\", [1, 2, 4]]": [1, -215.2091232290035, []], "[\"10.0.0.12_10.0.0.42\", [1, 2, 4]]": [1, -181.95967505549604, []], "[\"NoTrans\", []]": [1, -200.09673843383788, []]}, "{\"10.0.0.11_10.0.0.41\": [1, 3, 4], \"10.0.0.12_10.0.0.42\": [1, 2, 4], \"10.0.0.13_10.0.0.43\": [1, 3, 4]}": {"[\"10.0.0.11_10.0.0.41\", [1, 2, 4]]": [1, -202.85430574452297, []], "[\"10.0.0.13_10.0.0.43\", [1, 2, 4]]": [2, -233.23256631280213, []], "[\"10.0.0.12_10.0.0.42\", [1, 3, 4]]": [1, -205.32101000379353, []], "[\"NoTrans\", []]": [0, -140, []]}, "{\"10.0.0.11_10.0.0.41\": [1, 3, 4], \"10.0.0.12_10.0.0.42\": [1, 3, 4], \"10.0.0.13_10.0.0.43\": [1, 2, 4]}": {"[\"10.0.0.11_10.0.0.41\", [1, 2, 4]]": [1, -205.46947779597372, []], "[\"10.0.0.13_10.0.0.43\", [1, 3, 4]]": [2, -213.5440608215332, []], "[\"10.0.0.12_10.0.0.42\", [1, 2, 4]]": [1, -201.85712353070033, []], "[\"NoTrans\", []]": [2, -226.09356303395953, []]}, "{\"10.0.0.11_10.0.0.41\": [1, 3, 4], \"10.0.0.12_10.0.0.42\": [1, 2, 4], \"10.0.0.13_10.0.0.43\": [1, 2, 4]}": {"[\"10.0.0.11_10.0.0.41\", [1, 2, 4]]": [1, -218.7390231122331, []], "[\"10.0.0.13_10.0.0.43\", [1, 3, 4]]": [2, -195.84402736454763, []], "[\"10.0.0.12_10.0.0.42\", [1, 3, 4]]": [2, -193.7977027618603, []], "[\"NoTrans\", []]": [394, -232.6319443510946, []]}, "{\"10.0.0.11_10.0.0.41\": [1, 2, 4], \"10.0.0.12_10.0.0.42\": [1, 3, 4], \"10.0.0.13_10.0.0.43\": [1, 3, 4]}": {"[\"10.0.0.11_10.0.0.41\", [1, 3, 4]]": [1, -201.05680236816406, []], "[\"10.0.0.13_10.0.0.43\", [1, 2, 4]]": [1, -202.58869585557022, []], "[\"10.0.0.12_10.0.0.42\", [1, 2, 4]]": [1, -206.9288973319916, []], "[\"NoTrans\", []]": [361, -127.85330204996764, []]}, "{\"10.0.0.11_10.0.0.41\": [1, 2, 4], \"10.0.0.12_10.0.0.42\": [1, 2, 4], \"10.0.0.13_10.0.0.43\": [1, 3, 4]}": {"[\"10.0.0.11_10.0.0.41\", [1, 3, 4]]": [1, -184.90728336488905, []], "[\"10.0.0.13_10.0.0.43\", [1, 2, 4]]": [0, -140, []], "[\"10.0.0.12_10.0.0.42\", [1, 3, 4]]": [1, -172.71578935901707, []], "[\"NoTrans\", []]": [0, -140, []]}, "{\"10.0.0.11_10.0.0.41\": [1, 2, 4], \"10.0.0.12_10.0.0.42\": [1, 3, 4], \"10.0.0.13_10.0.0.43\": [1, 2, 4]}": {"[\"10.0.0.11_10.0.0.41\", [1, 3, 4]]": [1, -185.55019769981428, []], "[\"10.0.0.13_10.0.0.43\", [1, 3, 4]]": [1, -170.4872602048139, []], "[\"10.0.0.12_10.0.0.42\", [1, 2, 4]]": [1, -223.45975646972659, []], "[\"NoTrans\", []]": [1, -205.15032325053443, []]}, "{\"10.0.0.11_10.0.0.41\": [1, 2, 4], \"10.0.0.12_10.0.0.42\": [1, 2, 4], \"10.0.0.13_10.0.0.43\": [1, 2, 4]}": {"[\"10.0.0.11_10.0.0.41\", [1, 3, 4]]": [2, -223.97471369654588, []], "[\"10.0.0.13_10.0.0.43\", [1, 3, 4]]": [0, -140, []], "[\"10.0.0.12_10.0.0.42\", [1, 3, 4]]": [1, -204.2295855405398, []], "[\"NoTrans\", []]": [1, -224.45214996337893, []]}}