{"{\"10.0.0.11_10.0.0.41\": [1, 3, 4], \"10.0.0.12_10.0.0.42\": [1, 3, 4], \"10.0.0.13_10.0.0.43\": [1, 3, 4]}": {"[\"10.0.0.13_10.0.0.43\", [1, 2, 4]]": [1, -118.98529550906392, []], "[\"10.0.0.12_10.0.0.42\", [1, 2, 4]]": [1, -144.82641315430206, []], "[\"10.0.0.11_10.0.0.41\", [1, 2, 4]]": [3, -145.89573280945788, []], "[\"NoTrans\", []]": [1, -143.22244557105225, []]}, "{\"10.0.0.11_10.0.0.41\": [1, 2, 4], \"10.0.0.12_10.0.0.42\": [1, 3, 4], \"10.0.0.13_10.0.0.43\": [1, 3, 4]}": {"[\"10.0.0.13_10.0.0.43\", [1, 2, 4]]": [3, -176.91920079553077, []], "[\"10.0.0.12_10.0.0.42\", [1, 2, 4]]": [1, -181.34857398050082, []], "[\"10.0.0.11_10.0.0.41\", [1, 3, 4]]": [2, -182.11498789813513, []], "[\"NoTrans\", []]": [846, -143.50997878128538, []]}, "{\"10.0.0.11_10.0.0.41\": [1, 3, 4], \"10.0.0.12_10.0.0.42\": [1, 2, 4], \"10.0.0.13_10.0.0.43\": [1, 3, 4]}": {"[\"10.0.0.13_10.0.0.43\", [1, 2, 4]]": [1, -123.7668814336777, []], "[\"10.0.0.12_10.0.0.42\", [1, 3, 4]]": [1, -155.94394697492203, []], "[\"10.0.0.11_10.0.0.41\", [1, 2, 4]]": [1, -165.38598715607665, []], "[\"NoTrans\", []]": [0, -Infinity, []]}, "{\"10.0.0.11_10.0.0.41\": [1, 2, 4], \"10.0.0.12_10.0.0.42\": [1, 2, 4], \"10.0.0.13_10.0.0.43\": [1, 3, 4]}": {"[\"10.0.0.13_10.0.0.43\", [1, 2, 4]]": [1, -151.9373647194136, []], "[\"10.0.0.12_10.0.0.42\", [1, 3, 4]]": [2, -170.3243779777847, []], "[\"10.0.0.11_10.0.0.41\", [1, 3, 4]]": [1, -144.740528702741, []], "[\"NoTrans\", []]": [1, -164.7198009105866, []]}, "{\"10.0.0.11_10.0.0.41\": [1, 3, 4], \"10.0.0.12_10.0.0.42\": [1, 3, 4], \"10.0.0.13_10.0.0.43\": [1, 2, 4]}": {"[\"10.0.0.13_10.0.0.43\", [1, 3, 4]]": [2, -160.91491612158939, []], "[\"10.0.0.12_10.0.0.42\", [1, 2, 4]]": [1, -82.35831779851083, []], "[\"10.0.0.11_10.0.0.41\", [1, 2, 4]]": [1, -118.24642455080988, []], "[\"NoTrans\", []]": [1, -117.61902720997575, []]}, "{\"10.0.0.11_10.0.0.41\": [1, 2, 4], \"10.0.0.12_10.0.0.42\": [1, 3, 4], \"10.0.0.13_10.0.0.43\": [1, 2, 4]}": {"[\"10.0.0.13_10.0.0.43\", [1, 3, 4]]": [2, -136.74400941551806, []], "[\"10.0.0.12_10.0.0.42\", [1, 2, 4]]": [2, -173.30384650041947, []], "[\"10.0.0.11_10.0.0.41\", [1, 3, 4]]": [2, -132.79710411464453, []], "[\"NoTrans\", []]": [1, -115.03231592428051, []]}, "{\"10.0.0.11_10.0.0.41\": [1, 3, 4], \"10.0.0.12_10.0.0.42\": [1, 2, 4], \"10.0.0.13_10.0.0.43\": [1, 2, 4]}": {"[\"10.0.0.13_10.0.0.43\", [1, 3, 4]]": [1, -62.69839000058766, []], "[\"10.0.0.12_10.0.0.42\", [1, 3, 4]]": [1, -113.50921064222749, []], "[\"10.0.0.11_10.0.0.41\", [1, 2, 4]]": [1, -151.94613852312455, []], "[\"NoTrans\", []]": [0, -Infinity, []]}, "{\"10.0.0.11_10.0.0.41\": [1, 2, 4], \"10.0.0.12_10.0.0.42\": [1, 2, 4], \"10.0.0.13_10.0.0.43\": [1, 2, 4]}": {"[\"10.0.0.13_10.0.0.43\", [1, 3, 4]]": [2, -181.12965820484465, []], "[\"10.0.0.12_10.0.0.42\", [1, 3, 4]]": [1, -115.48029526088096, []], "[\"10.0.0.11_10.0.0.41\", [1, 3, 4]]": [1, -122.90446775929607, []], "[\"NoTrans\", []]": [1, -153.96544852068314, []]}}