{"{\"10.0.0.11_10.0.0.41\": [1, 3, 4], \"10.0.0.12_10.0.0.42\": [1, 3, 4], \"10.0.0.13_10.0.0.43\": [1, 3, 4]}": {"[\"10.0.0.11_10.0.0.41\", [1, 2, 4]]": [4, -169.3418665479346, []], "[\"10.0.0.13_10.0.0.43\", [1, 2, 4]]": [1, -186.34733425620325, []], "[\"10.0.0.12_10.0.0.42\", [1, 2, 4]]": [2, -210.35538069290328, []], "[\"NoTrans\", []]": [2, -220.86932998657227, []]}, "{\"10.0.0.11_10.0.0.41\": [1, 3, 4], \"10.0.0.12_10.0.0.42\": [1, 2, 4], \"10.0.0.13_10.0.0.43\": [1, 3, 4]}": {"[\"10.0.0.11_10.0.0.41\", [1, 2, 4]]": [2, -224.78519660740488, []], "[\"10.0.0.13_10.0.0.43\", [1, 2, 4]]": [1, -205.5609760666759, []], "[\"10.0.0.12_10.0.0.42\", [1, 3, 4]]": [3, -222.93940155029298, []], "[\"NoTrans\", []]": [2, -193.5293644556732, []]}, "{\"10.0.0.11_10.0.0.41\": [1, 3, 4], \"10.0.0.12_10.0.0.42\": [1, 3, 4], \"10.0.0.13_10.0.0.43\": [1, 2, 4]}": {"[\"10.0.0.11_10.0.0.41\", [1, 2, 4]]": [1, -181.44539799596163, []], "[\"10.0.0.13_10.0.0.43\", [1, 3, 4]]": [1, -169.59589385986328, []], "[\"10.0.0.12_10.0.0.42\", [1, 2, 4]]": [2, -188.5171773793357, []], "[\"NoTrans\", []]": [2, -196.51931694294694, []]}, "{\"10.0.0.11_10.0.0.41\": [1, 3, 4], \"10.0.0.12_10.0.0.42\": [1, 2, 4], \"10.0.0.13_10.0.0.43\": [1, 2, 4]}": {"[\"10.0.0.11_10.0.0.41\", [1, 2, 4]]": [1, -194.17990112304688, []], "[\"10.0.0.13_10.0.0.43\", [1, 3, 4]]": [2, -160.02954695933707, []], "[\"10.0.0.12_10.0.0.42\", [1, 3, 4]]": [1, -153.45713843961954, []], "[\"NoTrans\", []]": [1, -174.43595352170803, []]}, "{\"10.0.0.11_10.0.0.41\": [1, 2, 4], \"10.0.0.12_10.0.0.42\": [1, 3, 4], \"10.0.0.13_10.0.0.43\": [1, 3, 4]}": {"[\"10.0.0.11_10.0.0.41\", [1, 3, 4]]": [3, -214.68120733868423, []], "[\"10.0.0.13_10.0.0.43\", [1, 2, 4]]": [2, -185.9814495265341, []], "[\"10.0.0.12_10.0.0.42\", [1, 2, 4]]": [2, -218.93421858295574, []], "[\"NoTrans\", []]": [630, -116.52996979302804, []]}, "{\"10.0.0.11_10.0.0.41\": [1, 2, 4], \"10.0.0.12_10.0.0.42\": [1, 2, 4], \"10.0.0.13_10.0.0.43\": [1, 3, 4]}": {"[\"10.0.0.11_10.0.0.41\", [1, 3, 4]]": [2, -209.61760932455817, []], "[\"10.0.0.13_10.0.0.43\", [1, 2, 4]]": [1, -192.15391540527344, []], "[\"10.0.0.12_10.0.0.42\", [1, 3, 4]]": [2, -205.47108576493255, []], "[\"NoTrans\", []]": [1, -170.79883135585465, []]}, "{\"10.0.0.11_10.0.0.41\": [1, 2, 4], \"10.0.0.12_10.0.0.42\": [1, 3, 4], \"10.0.0.13_10.0.0.43\": [1, 2, 4]}": {"[\"10.0.0.11_10.0.0.41\", [1, 3, 4]]": [1, -151.9217837115877, []], "[\"10.0.0.13_10.0.0.43\", [1, 3, 4]]": [2, -194.232403845557, []], "[\"10.0.0.12_10.0.0.42\", [1, 2, 4]]": [1, -190.77461624145508, []], "[\"NoTrans\", []]": [1, -170.70231392689064, []]}, "{\"10.0.0.11_10.0.0.41\": [1, 2, 4], \"10.0.0.12_10.0.0.42\": [1, 2, 4], \"10.0.0.13_10.0.0.43\": [1, 2, 4]}": {"[\"10.0.0.11_10.0.0.41\", [1, 3, 4]]": [1, -172.52864168234447, []], "[\"10.0.0.13_10.0.0.43\", [1, 3, 4]]": [1, -170.249232475751, []], "[\"10.0.0.12_10.0.0.42\", [1, 3, 4]]": [1, -170.23807371140794, []], "[\"NoTrans\", []]": [0, -100, []]}}