{"{\"10.0.0.11_10.0.0.41\": [1, 3, 4], \"10.0.0.12_10.0.0.42\": [1, 3, 4], \"10.0.0.13_10.0.0.43\": [1, 3, 4]}": {"[\"10.0.0.11_10.0.0.41\", [1, 2, 4]]": [4, -142.17373958068225, []], "[\"10.0.0.12_10.0.0.42\", [1, 2, 4]]": [1, -187.93008243714857, []], "[\"10.0.0.13_10.0.0.43\", [1, 2, 4]]": [1, -186.87681709103194, []], "[\"NoTrans\", []]": [1, -204.00804290771487, []]}, "{\"10.0.0.11_10.0.0.41\": [1, 3, 4], \"10.0.0.12_10.0.0.42\": [1, 3, 4], \"10.0.0.13_10.0.0.43\": [1, 2, 4]}": {"[\"10.0.0.11_10.0.0.41\", [1, 2, 4]]": [1, -203.70798057648958, []], "[\"10.0.0.12_10.0.0.42\", [1, 2, 4]]": [1, -206.5142885960193, []], "[\"10.0.0.13_10.0.0.43\", [1, 3, 4]]": [1, -201.73810729980468, []], "[\"NoTrans\", []]": [1, -187.3964826752912, []]}, "{\"10.0.0.11_10.0.0.41\": [1, 3, 4], \"10.0.0.12_10.0.0.42\": [1, 2, 4], \"10.0.0.13_10.0.0.43\": [1, 3, 4]}": {"[\"10.0.0.11_10.0.0.41\", [1, 2, 4]]": [1, -209.82663839266564, []], "[\"10.0.0.12_10.0.0.42\", [1, 3, 4]]": [2, -227.43786875572155, []], "[\"10.0.0.13_10.0.0.43\", [1, 2, 4]]": [1, -205.3268785562524, []], "[\"NoTrans\", []]": [2, -225.79308448061852, []]}, "{\"10.0.0.11_10.0.0.41\": [1, 3, 4], \"10.0.0.12_10.0.0.42\": [1, 2, 4], \"10.0.0.13_10.0.0.43\": [1, 2, 4]}": {"[\"10.0.0.11_10.0.0.41\", [1, 2, 4]]": [1, -225.9453178405762, []], "[\"10.0.0.12_10.0.0.42\", [1, 3, 4]]": [1, -190.00775613121428, []], "[\"10.0.0.13_10.0.0.43\", [1, 3, 4]]": [1, -216.31306650783682, []], "[\"NoTrans\", []]": [1, -204.4088373156959, []]}, "{\"10.0.0.11_10.0.0.41\": [1, 2, 4], \"10.0.0.12_10.0.0.42\": [1, 3, 4], \"10.0.0.13_10.0.0.43\": [1, 3, 4]}": {"[\"10.0.0.11_10.0.0.41\", [1, 3, 4]]": [3, -227.82657472405864, []], "[\"10.0.0.12_10.0.0.42\", [1, 2, 4]]": [3, -247.88451272917783, []], "[\"10.0.0.13_10.0.0.43\", [1, 2, 4]]": [3, -251.97650650230165, []], "[\"NoTrans\", []]": [636, -125.33570014964717, []]}, "{\"10.0.0.11_10.0.0.41\": [1, 2, 4], \"10.0.0.12_10.0.0.42\": [1, 3, 4], \"10.0.0.13_10.0.0.43\": [1, 2, 4]}": {"[\"10.0.0.11_10.0.0.41\", [1, 3, 4]]": [1, -186.01357149010113, []], "[\"10.0.0.12_10.0.0.42\", [1, 2, 4]]": [1, -221.60676727294924, []], "[\"10.0.0.13_10.0.0.43\", [1, 3, 4]]": [4, -174.94224730234038, []], "[\"NoTrans\", []]": [2, -245.13823857728136, []]}, "{\"10.0.0.11_10.0.0.41\": [1, 2, 4], \"10.0.0.12_10.0.0.42\": [1, 2, 4], \"10.0.0.13_10.0.0.43\": [1, 3, 4]}": {"[\"10.0.0.11_10.0.0.41\", [1, 3, 4]]": [2, -198.4373343254629, []], "[\"10.0.0.12_10.0.0.42\", [1, 3, 4]]": [2, -179.36750972968005, []], "[\"10.0.0.13_10.0.0.43\", [1, 2, 4]]": [1, -261.89801580025676, []], "[\"NoTrans\", []]": [1, -203.79604800530464, []]}, "{\"10.0.0.11_10.0.0.41\": [1, 2, 4], \"10.0.0.12_10.0.0.42\": [1, 2, 4], \"10.0.0.13_10.0.0.43\": [1, 2, 4]}": {"[\"10.0.0.11_10.0.0.41\", [1, 3, 4]]": [1, -206.10501480636827, []], "[\"10.0.0.12_10.0.0.42\", [1, 3, 4]]": [2, -216.91758787976096, []], "[\"10.0.0.13_10.0.0.43\", [1, 3, 4]]": [1, -206.0456125102552, []], "[\"NoTrans\", []]": [2, -279.71747716500283, []]}}