{"{\"10.0.0.11_10.0.0.41\": [1, 3, 4], \"10.0.0.12_10.0.0.42\": [1, 3, 4], \"10.0.0.13_10.0.0.43\": [1, 3, 4]}": {"[\"10.0.0.13_10.0.0.43\", [1, 2, 4]]": [1, -204.2046179931745, []], "[\"10.0.0.12_10.0.0.42\", [1, 2, 4]]": [1, -205.1545282674264, []], "[\"10.0.0.11_10.0.0.41\", [1, 2, 4]]": [1, -205.15387483537728, []], "[\"NoTrans\", []]": [0, -140, []]}, "{\"10.0.0.11_10.0.0.41\": [1, 2, 4], \"10.0.0.12_10.0.0.42\": [1, 3, 4], \"10.0.0.13_10.0.0.43\": [1, 3, 4]}": {"[\"10.0.0.13_10.0.0.43\", [1, 2, 4]]": [1, -224.7509347663289, []], "[\"10.0.0.12_10.0.0.42\", [1, 2, 4]]": [2, -222.14908150850277, []], "[\"10.0.0.11_10.0.0.41\", [1, 3, 4]]": [1, -224.64612731933596, []], "[\"NoTrans\", []]": [1, -204.38176235065237, []]}, "{\"10.0.0.11_10.0.0.41\": [1, 3, 4], \"10.0.0.12_10.0.0.42\": [1, 2, 4], \"10.0.0.13_10.0.0.43\": [1, 3, 4]}": {"[\"10.0.0.13_10.0.0.43\", [1, 2, 4]]": [1, -174.9261569581691, []], "[\"10.0.0.12_10.0.0.42\", [1, 3, 4]]": [1, -224.67435607910159, []], "[\"10.0.0.11_10.0.0.41\", [1, 2, 4]]": [1, -182.36720861988206, []], "[\"NoTrans\", []]": [1, -203.6010795770705, []]}, "{\"10.0.0.11_10.0.0.41\": [1, 2, 4], \"10.0.0.12_10.0.0.42\": [1, 2, 4], \"10.0.0.13_10.0.0.43\": [1, 3, 4]}": {"[\"10.0.0.13_10.0.0.43\", [1, 2, 4]]": [2, -213.9245427846809, []], "[\"10.0.0.12_10.0.0.42\", [1, 3, 4]]": [1, -233.7475211549701, []], "[\"10.0.0.11_10.0.0.41\", [1, 3, 4]]": [1, -205.3508714284174, []], "[\"NoTrans\", []]": [2, -221.69615843308407, []]}, "{\"10.0.0.11_10.0.0.41\": [1, 3, 4], \"10.0.0.12_10.0.0.42\": [1, 3, 4], \"10.0.0.13_10.0.0.43\": [1, 2, 4]}": {"[\"10.0.0.13_10.0.0.43\", [1, 3, 4]]": [1, -229.01786575317385, []], "[\"10.0.0.12_10.0.0.42\", [1, 2, 4]]": [1, -173.4580007127302, []], "[\"10.0.0.11_10.0.0.41\", [1, 2, 4]]": [2, -226.46596818554656, []], "[\"NoTrans\", []]": [0, -140, []]}, "{\"10.0.0.11_10.0.0.41\": [1, 2, 4], \"10.0.0.12_10.0.0.42\": [1, 3, 4], \"10.0.0.13_10.0.0.43\": [1, 2, 4]}": {"[\"10.0.0.13_10.0.0.43\", [1, 3, 4]]": [2, -216.62847976603078, []], "[\"10.0.0.12_10.0.0.42\", [1, 2, 4]]": [2, -211.98503349765298, []], "[\"10.0.0.11_10.0.0.41\", [1, 3, 4]]": [2, -219.4045010547485, []], "[\"NoTrans\", []]": [396, -231.3473921172884, []]}, "{\"10.0.0.11_10.0.0.41\": [1, 3, 4], \"10.0.0.12_10.0.0.42\": [1, 2, 4], \"10.0.0.13_10.0.0.43\": [1, 2, 4]}": {"[\"10.0.0.13_10.0.0.43\", [1, 3, 4]]": [1, -205.81093705974166, []], "[\"10.0.0.12_10.0.0.42\", [1, 3, 4]]": [1, -206.98535765587997, []], "[\"10.0.0.11_10.0.0.41\", [1, 2, 4]]": [1, -199.00125274658203, []], "[\"NoTrans\", []]": [355, -112.97821907369419, []]}, "{\"10.0.0.11_10.0.0.41\": [1, 2, 4], \"10.0.0.12_10.0.0.42\": [1, 2, 4], \"10.0.0.13_10.0.0.43\": [1, 2, 4]}": {"[\"10.0.0.13_10.0.0.43\", [1, 3, 4]]": [1, -184.2168604683398, []], "[\"10.0.0.12_10.0.0.42\", [1, 3, 4]]": [3, -192.4882814633902, []], "[\"10.0.0.11_10.0.0.41\", [1, 3, 4]]": [2, -157.18100282136774, []], "[\"NoTrans\", []]": [1, -197.04717407226562, []]}}