{"{\"10.0.0.11_10.0.0.41\": [1, 3, 4], \"10.0.0.12_10.0.0.42\": [1, 3, 4], \"10.0.0.13_10.0.0.43\": [1, 3, 4]}": {"[\"10.0.0.13_10.0.0.43\", [1, 2, 4]]": [14, -279.0473609237405, []], "[\"10.0.0.12_10.0.0.42\", [1, 2, 4]]": [16, -277.41666720399473, []], "[\"10.0.0.11_10.0.0.41\", [1, 2, 4]]": [15, -170.04262092631416, []], "[\"NoTrans\", []]": [10, -244.64065073957227, []]}, "{\"10.0.0.11_10.0.0.41\": [1, 2, 4], \"10.0.0.12_10.0.0.42\": [1, 3, 4], \"10.0.0.13_10.0.0.43\": [1, 3, 4]}": {"[\"10.0.0.13_10.0.0.43\", [1, 2, 4]]": [17, -283.3787257623308, []], "[\"10.0.0.12_10.0.0.42\", [1, 2, 4]]": [7, -278.2445867690903, []], "[\"10.0.0.11_10.0.0.41\", [1, 3, 4]]": [14, -242.5321803785959, []], "[\"NoTrans\", []]": [10, -179.870330764305, []]}, "{\"10.0.0.11_10.0.0.41\": [1, 3, 4], \"10.0.0.12_10.0.0.42\": [1, 2, 4], \"10.0.0.13_10.0.0.43\": [1, 3, 4]}": {"[\"10.0.0.13_10.0.0.43\", [1, 2, 4]]": [16, -336.42050770728315, []], "[\"10.0.0.12_10.0.0.42\", [1, 3, 4]]": [20, -242.526905511095, []], "[\"10.0.0.11_10.0.0.41\", [1, 2, 4]]": [23, -280.24097547926567, []], "[\"NoTrans\", []]": [24, -285.1163326808599, []]}, "{\"10.0.0.11_10.0.0.41\": [1, 2, 4], \"10.0.0.12_10.0.0.42\": [1, 2, 4], \"10.0.0.13_10.0.0.43\": [1, 3, 4]}": {"[\"10.0.0.13_10.0.0.43\", [1, 2, 4]]": [23, -356.62227796223976, []], "[\"10.0.0.12_10.0.0.42\", [1, 3, 4]]": [11, -214.68940367367634, []], "[\"10.0.0.11_10.0.0.41\", [1, 3, 4]]": [16, -284.1184838430351, []], "[\"NoTrans\", []]": [20, -277.5726723755332, []]}, "{\"10.0.0.11_10.0.0.41\": [1, 3, 4], \"10.0.0.12_10.0.0.42\": [1, 3, 4], \"10.0.0.13_10.0.0.43\": [1, 2, 4]}": {"[\"10.0.0.13_10.0.0.43\", [1, 3, 4]]": [11, -239.41654360119153, []], "[\"10.0.0.12_10.0.0.42\", [1, 2, 4]]": [16, -338.292373876791, []], "[\"10.0.0.11_10.0.0.41\", [1, 2, 4]]": [15, -282.4744805522215, []], "[\"NoTrans\", []]": [16, -279.5742650885596, []]}, "{\"10.0.0.11_10.0.0.41\": [1, 2, 4], \"10.0.0.12_10.0.0.42\": [1, 3, 4], \"10.0.0.13_10.0.0.43\": [1, 2, 4]}": {"[\"10.0.0.13_10.0.0.43\", [1, 3, 4]]": [12, -212.71942201659056, []], "[\"10.0.0.12_10.0.0.42\", [1, 2, 4]]": [24, -354.33142192997593, []], "[\"10.0.0.11_10.0.0.41\", [1, 3, 4]]": [17, -280.37600486037746, []], "[\"NoTrans\", []]": [14, -282.9044920819218, []]}, "{\"10.0.0.11_10.0.0.41\": [1, 3, 4], \"10.0.0.12_10.0.0.42\": [1, 2, 4], \"10.0.0.13_10.0.0.43\": [1, 2, 4]}": {"[\"10.0.0.13_10.0.0.43\", [1, 3, 4]]": [27, -284.2374536410216, []], "[\"10.0.0.12_10.0.0.42\", [1, 3, 4]]": [10, -279.8823603591594, []], "[\"10.0.0.11_10.0.0.41\", [1, 2, 4]]": [16, -353.86326951598215, []], "[\"NoTrans\", []]": [21, -335.82281295175153, []]}, "{\"10.0.0.11_10.0.0.41\": [1, 2, 4], \"10.0.0.12_10.0.0.42\": [1, 2, 4], \"10.0.0.13_10.0.0.43\": [1, 2, 4]}": {"[\"10.0.0.13_10.0.0.43\", [1, 3, 4]]": [20, -281.1854766787906, []], "[\"10.0.0.12_10.0.0.42\", [1, 3, 4]]": [21, -280.9372544187239, []], "[\"10.0.0.11_10.0.0.41\", [1, 3, 4]]": [21, -330.12165434860356, []], "[\"NoTrans\", []]": [16, -353.7652211687609, []]}}