{"{\"10.0.0.11_10.0.0.41\": [1, 3, 4], \"10.0.0.12_10.0.0.42\": [1, 3, 4], \"10.0.0.13_10.0.0.43\": [1, 3, 4]}": {"[\"10.0.0.12_10.0.0.42\", [1, 2, 4]]": [20, -411.28948147126385, []], "[\"10.0.0.11_10.0.0.41\", [1, 2, 4]]": [9, -436.97198987270355, []], "[\"10.0.0.13_10.0.0.43\", [1, 2, 4]]": [16, -414.14531428840814, []], "[\"NoTrans\", []]": [11, -426.7144556190277, []]}, "{\"10.0.0.11_10.0.0.41\": [1, 3, 4], \"10.0.0.12_10.0.0.42\": [1, 3, 4], \"10.0.0.13_10.0.0.43\": [1, 2, 4]}": {"[\"10.0.0.12_10.0.0.42\", [1, 2, 4]]": [16, -436.5478601828932, []], "[\"10.0.0.11_10.0.0.41\", [1, 2, 4]]": [15, -432.1808580252418, []], "[\"10.0.0.13_10.0.0.43\", [1, 3, 4]]": [16, -430.2135509353417, []], "[\"NoTrans\", []]": [36, -416.1820946625921, []]}, "{\"10.0.0.11_10.0.0.41\": [1, 2, 4], \"10.0.0.12_10.0.0.42\": [1, 3, 4], \"10.0.0.13_10.0.0.43\": [1, 3, 4]}": {"[\"10.0.0.12_10.0.0.42\", [1, 2, 4]]": [10, -428.1989735291501, []], "[\"10.0.0.11_10.0.0.41\", [1, 3, 4]]": [9, -420.9114223528595, []], "[\"10.0.0.13_10.0.0.43\", [1, 2, 4]]": [11, -428.9309839032226, []], "[\"NoTrans\", []]": [9, -438.67527190252554, []]}, "{\"10.0.0.11_10.0.0.41\": [1, 2, 4], \"10.0.0.12_10.0.0.42\": [1, 3, 4], \"10.0.0.13_10.0.0.43\": [1, 2, 4]}": {"[\"10.0.0.12_10.0.0.42\", [1, 2, 4]]": [6, -434.98669947915005, []], "[\"10.0.0.11_10.0.0.41\", [1, 3, 4]]": [16, -414.0435698692004, []], "[\"10.0.0.13_10.0.0.43\", [1, 3, 4]]": [12, -419.9309671367437, []], "[\"NoTrans\", []]": [9, -424.6515609021181, []]}, "{\"10.0.0.11_10.0.0.41\": [1, 3, 4], \"10.0.0.12_10.0.0.42\": [1, 2, 4], \"10.0.0.13_10.0.0.43\": [1, 3, 4]}": {"[\"10.0.0.12_10.0.0.42\", [1, 3, 4]]": [19, -428.0474762939009, []], "[\"10.0.0.11_10.0.0.41\", [1, 2, 4]]": [18, -429.5447722620374, []], "[\"10.0.0.13_10.0.0.43\", [1, 2, 4]]": [16, -434.2077802256802, []], "[\"NoTrans\", []]": [37, -409.603084116453, []]}, "{\"10.0.0.11_10.0.0.41\": [1, 3, 4], \"10.0.0.12_10.0.0.42\": [1, 2, 4], \"10.0.0.13_10.0.0.43\": [1, 2, 4]}": {"[\"10.0.0.12_10.0.0.42\", [1, 3, 4]]": [15, -414.42676185795216, []], "[\"10.0.0.11_10.0.0.41\", [1, 2, 4]]": [7, -420.69183362286464, []], "[\"10.0.0.13_10.0.0.43\", [1, 3, 4]]": [16, -410.2360739177571, []], "[\"NoTrans\", []]": [8, -421.5812160375615, []]}, "{\"10.0.0.11_10.0.0.41\": [1, 2, 4], \"10.0.0.12_10.0.0.42\": [1, 2, 4], \"10.0.0.13_10.0.0.43\": [1, 3, 4]}": {"[\"10.0.0.12_10.0.0.42\", [1, 3, 4]]": [9, -434.48204360973233, []], "[\"10.0.0.11_10.0.0.41\", [1, 3, 4]]": [18, -412.2626143898061, []], "[\"10.0.0.13_10.0.0.43\", [1, 2, 4]]": [7, -453.3664004331278, []], "[\"NoTrans\", []]": [9, -433.8109691476072, []]}, "{\"10.0.0.11_10.0.0.41\": [1, 2, 4], \"10.0.0.12_10.0.0.42\": [1, 2, 4], \"10.0.0.13_10.0.0.43\": [1, 2, 4]}": {"[\"10.0.0.12_10.0.0.42\", [1, 3, 4]]": [8, -424.9800163136102, []], "[\"10.0.0.11_10.0.0.41\", [1, 3, 4]]": [6, -422.591496087163, []], "[\"10.0.0.13_10.0.0.43\", [1, 3, 4]]": [6, -412.79818432069567, []], "[\"NoTrans\", []]": [5, -425.2810455304825, []]}}