{"{\"10.0.0.11_10.0.0.41\": [1, 3, 4], \"10.0.0.12_10.0.0.42\": [1, 3, 4], \"10.0.0.13_10.0.0.43\": [1, 3, 4]}": {"[\"10.0.0.12_10.0.0.42\", [1, 2, 4]]": [1, -181.43139360529358, []], "[\"10.0.0.13_10.0.0.43\", [1, 2, 4]]": [0, -140, []], "[\"10.0.0.11_10.0.0.41\", [1, 2, 4]]": [1, -137.31925929448968, []], "[\"NoTrans\", []]": [0, -140, []]}, "{\"10.0.0.11_10.0.0.41\": [1, 2, 4], \"10.0.0.12_10.0.0.42\": [1, 3, 4], \"10.0.0.13_10.0.0.43\": [1, 3, 4]}": {"[\"10.0.0.12_10.0.0.42\", [1, 2, 4]]": [2, -206.38625633944463, []], "[\"10.0.0.13_10.0.0.43\", [1, 2, 4]]": [1, -200.09743932995949, []], "[\"10.0.0.11_10.0.0.41\", [1, 3, 4]]": [1, -200.5690933227539, []], "[\"NoTrans\", []]": [362, -140.02462130213758, []]}, "{\"10.0.0.11_10.0.0.41\": [1, 3, 4], \"10.0.0.12_10.0.0.42\": [1, 3, 4], \"10.0.0.13_10.0.0.43\": [1, 2, 4]}": {"[\"10.0.0.12_10.0.0.42\", [1, 2, 4]]": [3, -199.64556178239354, []], "[\"10.0.0.13_10.0.0.43\", [1, 3, 4]]": [0, -140, []], "[\"10.0.0.11_10.0.0.41\", [1, 2, 4]]": [1, -200.87182246018725, []], "[\"NoTrans\", []]": [0, -140, []]}, "{\"10.0.0.11_10.0.0.41\": [1, 2, 4], \"10.0.0.12_10.0.0.42\": [1, 3, 4], \"10.0.0.13_10.0.0.43\": [1, 2, 4]}": {"[\"10.0.0.12_10.0.0.42\", [1, 2, 4]]": [1, -218.44428787231448, []], "[\"10.0.0.13_10.0.0.43\", [1, 3, 4]]": [2, -180.6780174902831, []], "[\"10.0.0.11_10.0.0.41\", [1, 3, 4]]": [2, -179.49570563069128, []], "[\"NoTrans\", []]": [1, -199.38937822402454, []]}, "{\"10.0.0.11_10.0.0.41\": [1, 3, 4], \"10.0.0.12_10.0.0.42\": [1, 2, 4], \"10.0.0.13_10.0.0.43\": [1, 3, 4]}": {"[\"10.0.0.12_10.0.0.42\", [1, 3, 4]]": [1, -196.90288314819335, []], "[\"10.0.0.13_10.0.0.43\", [1, 2, 4]]": [1, -198.4685645726293, []], "[\"10.0.0.11_10.0.0.41\", [1, 2, 4]]": [1, -200.2116707381834, []], "[\"NoTrans\", []]": [1, -181.49103290754894, []]}, "{\"10.0.0.11_10.0.0.41\": [1, 2, 4], \"10.0.0.12_10.0.0.42\": [1, 2, 4], \"10.0.0.13_10.0.0.43\": [1, 3, 4]}": {"[\"10.0.0.12_10.0.0.42\", [1, 3, 4]]": [2, -173.32494243492908, []], "[\"10.0.0.13_10.0.0.43\", [1, 2, 4]]": [1, -217.8478837527356, []], "[\"10.0.0.11_10.0.0.41\", [1, 3, 4]]": [1, -183.44289594846154, []], "[\"NoTrans\", []]": [119, -209.19131992925458, []]}, "{\"10.0.0.11_10.0.0.41\": [1, 3, 4], \"10.0.0.12_10.0.0.42\": [1, 2, 4], \"10.0.0.13_10.0.0.43\": [1, 2, 4]}": {"[\"10.0.0.12_10.0.0.42\", [1, 3, 4]]": [2, -180.74874004980865, []], "[\"10.0.0.13_10.0.0.43\", [1, 3, 4]]": [1, -179.28975428956795, []], "[\"10.0.0.11_10.0.0.41\", [1, 2, 4]]": [3, -217.54586666989286, []], "[\"NoTrans\", []]": [271, -195.71474064381326, []]}, "{\"10.0.0.11_10.0.0.41\": [1, 2, 4], \"10.0.0.12_10.0.0.42\": [1, 2, 4], \"10.0.0.13_10.0.0.43\": [1, 2, 4]}": {"[\"10.0.0.12_10.0.0.42\", [1, 3, 4]]": [3, -200.2729421472101, []], "[\"10.0.0.13_10.0.0.43\", [1, 3, 4]]": [1, -199.67415473692267, []], "[\"10.0.0.11_10.0.0.41\", [1, 3, 4]]": [1, -196.30594245000083, []], "[\"NoTrans\", []]": [0, -140, []]}}