{"{\"10.0.0.11_10.0.0.41\": [1, 3, 4], \"10.0.0.12_10.0.0.42\": [1, 3, 4], \"10.0.0.13_10.0.0.43\": [1, 3, 4]}": {"[\"10.0.0.13_10.0.0.43\", [1, 2, 4]]": [1, -181.10305912626256, []], "[\"10.0.0.12_10.0.0.42\", [1, 2, 4]]": [1, -149.87374694240648, []], "[\"10.0.0.11_10.0.0.41\", [1, 2, 4]]": [2, -103.1514324975399, []], "[\"NoTrans\", []]": [1, -164.05504608154297, []]}, "{\"10.0.0.11_10.0.0.41\": [1, 2, 4], \"10.0.0.12_10.0.0.42\": [1, 3, 4], \"10.0.0.13_10.0.0.43\": [1, 3, 4]}": {"[\"10.0.0.13_10.0.0.43\", [1, 2, 4]]": [1, -172.94402625080392, []], "[\"10.0.0.12_10.0.0.42\", [1, 2, 4]]": [1, -172.31695195656192, []], "[\"10.0.0.11_10.0.0.41\", [1, 3, 4]]": [1, -169.7879902604579, []], "[\"NoTrans\", []]": [663, -124.88396520366108, []]}, "{\"10.0.0.11_10.0.0.41\": [1, 3, 4], \"10.0.0.12_10.0.0.42\": [1, 2, 4], \"10.0.0.13_10.0.0.43\": [1, 3, 4]}": {"[\"10.0.0.13_10.0.0.43\", [1, 2, 4]]": [0, -100, []], "[\"10.0.0.12_10.0.0.42\", [1, 3, 4]]": [1, -162.27606201171875, []], "[\"10.0.0.11_10.0.0.41\", [1, 2, 4]]": [1, -171.76426512591848, []], "[\"NoTrans\", []]": [0, -100, []]}, "{\"10.0.0.11_10.0.0.41\": [1, 2, 4], \"10.0.0.12_10.0.0.42\": [1, 2, 4], \"10.0.0.13_10.0.0.43\": [1, 3, 4]}": {"[\"10.0.0.13_10.0.0.43\", [1, 2, 4]]": [1, -195.56005859375, []], "[\"10.0.0.12_10.0.0.42\", [1, 3, 4]]": [1, -142.80362462563812, []], "[\"10.0.0.11_10.0.0.41\", [1, 3, 4]]": [0, -100, []], "[\"NoTrans\", []]": [1, -172.76714862909148, []]}, "{\"10.0.0.11_10.0.0.41\": [1, 3, 4], \"10.0.0.12_10.0.0.42\": [1, 3, 4], \"10.0.0.13_10.0.0.43\": [1, 2, 4]}": {"[\"10.0.0.13_10.0.0.43\", [1, 3, 4]]": [2, -174.24390869140626, []], "[\"10.0.0.12_10.0.0.42\", [1, 2, 4]]": [1, -173.4679780188543, []], "[\"10.0.0.11_10.0.0.41\", [1, 2, 4]]": [1, -193.60769653320312, []], "[\"NoTrans\", []]": [2, -191.1278389108592, []]}, "{\"10.0.0.11_10.0.0.41\": [1, 2, 4], \"10.0.0.12_10.0.0.42\": [1, 3, 4], \"10.0.0.13_10.0.0.43\": [1, 2, 4]}": {"[\"10.0.0.13_10.0.0.43\", [1, 3, 4]]": [1, -139.63326438685007, []], "[\"10.0.0.12_10.0.0.42\", [1, 2, 4]]": [1, -193.58013534545898, []], "[\"10.0.0.11_10.0.0.41\", [1, 3, 4]]": [1, -151.2636089297771, []], "[\"NoTrans\", []]": [1, -174.10939463406606, []]}, "{\"10.0.0.11_10.0.0.41\": [1, 3, 4], \"10.0.0.12_10.0.0.42\": [1, 2, 4], \"10.0.0.13_10.0.0.43\": [1, 2, 4]}": {"[\"10.0.0.13_10.0.0.43\", [1, 3, 4]]": [1, -151.3094411794285, []], "[\"10.0.0.12_10.0.0.42\", [1, 3, 4]]": [1, -150.36325073658531, []], "[\"10.0.0.11_10.0.0.41\", [1, 2, 4]]": [0, -100, []], "[\"NoTrans\", []]": [1, -169.51894407586917, []]}, "{\"10.0.0.11_10.0.0.41\": [1, 2, 4], \"10.0.0.12_10.0.0.42\": [1, 2, 4], \"10.0.0.13_10.0.0.43\": [1, 2, 4]}": {"[\"10.0.0.13_10.0.0.43\", [1, 3, 4]]": [0, -100, []], "[\"10.0.0.12_10.0.0.42\", [1, 3, 4]]": [1, -173.091775067112, []], "[\"10.0.0.11_10.0.0.41\", [1, 3, 4]]": [1, -170.74450465903408, []], "[\"NoTrans\", []]": [0, -100, []]}}