{"{\"10.0.0.11_10.0.0.41\": [1, 3, 4], \"10.0.0.12_10.0.0.42\": [1, 3, 4], \"10.0.0.13_10.0.0.43\": [1, 3, 4]}": {"[\"10.0.0.11_10.0.0.41\", [1, 2, 4]]": [2, -122.32945277871008, []], "[\"10.0.0.13_10.0.0.43\", [1, 2, 4]]": [1, -150.3618133839362, []], "[\"10.0.0.12_10.0.0.42\", [1, 2, 4]]": [1, -150.15238257025862, []], "[\"NoTrans\", []]": [1, -165.5765380859375, []]}, "{\"10.0.0.11_10.0.0.41\": [1, 3, 4], \"10.0.0.12_10.0.0.42\": [1, 2, 4], \"10.0.0.13_10.0.0.43\": [1, 3, 4]}": {"[\"10.0.0.11_10.0.0.41\", [1, 2, 4]]": [1, -173.1755929481734, []], "[\"10.0.0.13_10.0.0.43\", [1, 2, 4]]": [1, -171.6148334642134, []], "[\"10.0.0.12_10.0.0.42\", [1, 3, 4]]": [1, -164.02910614013672, []], "[\"NoTrans\", []]": [0, -100, []]}, "{\"10.0.0.11_10.0.0.41\": [1, 3, 4], \"10.0.0.12_10.0.0.42\": [1, 3, 4], \"10.0.0.13_10.0.0.43\": [1, 2, 4]}": {"[\"10.0.0.11_10.0.0.41\", [1, 2, 4]]": [1, -174.0009821671875, []], "[\"10.0.0.13_10.0.0.43\", [1, 3, 4]]": [2, -178.77967910766603, []], "[\"10.0.0.12_10.0.0.42\", [1, 2, 4]]": [1, -207.08619546998108, []], "[\"NoTrans\", []]": [2, -195.47328499215763, []]}, "{\"10.0.0.11_10.0.0.41\": [1, 3, 4], \"10.0.0.12_10.0.0.42\": [1, 2, 4], \"10.0.0.13_10.0.0.43\": [1, 2, 4]}": {"[\"10.0.0.11_10.0.0.41\", [1, 2, 4]]": [1, -192.75186920166016, []], "[\"10.0.0.13_10.0.0.43\", [1, 3, 4]]": [1, -171.25255704633108, []], "[\"10.0.0.12_10.0.0.42\", [1, 3, 4]]": [2, -160.686915179895, []], "[\"NoTrans\", []]": [1, -192.92705917358398, []]}, "{\"10.0.0.11_10.0.0.41\": [1, 2, 4], \"10.0.0.12_10.0.0.42\": [1, 3, 4], \"10.0.0.13_10.0.0.43\": [1, 3, 4]}": {"[\"10.0.0.11_10.0.0.41\", [1, 3, 4]]": [1, -164.5211067199707, []], "[\"10.0.0.13_10.0.0.43\", [1, 2, 4]]": [1, -174.8096036130088, []], "[\"10.0.0.12_10.0.0.42\", [1, 2, 4]]": [1, -173.32552714575053, []], "[\"NoTrans\", []]": [654, -112.81582674914299, []]}, "{\"10.0.0.11_10.0.0.41\": [1, 2, 4], \"10.0.0.12_10.0.0.42\": [1, 2, 4], \"10.0.0.13_10.0.0.43\": [1, 3, 4]}": {"[\"10.0.0.11_10.0.0.41\", [1, 3, 4]]": [1, -153.02994838255955, []], "[\"10.0.0.13_10.0.0.43\", [1, 2, 4]]": [1, -192.80365371704102, []], "[\"10.0.0.12_10.0.0.42\", [1, 3, 4]]": [1, -141.809938566319, []], "[\"NoTrans\", []]": [1, -172.96664966990704, []]}, "{\"10.0.0.11_10.0.0.41\": [1, 2, 4], \"10.0.0.12_10.0.0.42\": [1, 3, 4], \"10.0.0.13_10.0.0.43\": [1, 2, 4]}": {"[\"10.0.0.11_10.0.0.41\", [1, 3, 4]]": [1, -183.52520412430363, []], "[\"10.0.0.13_10.0.0.43\", [1, 3, 4]]": [1, -141.87976068378362, []], "[\"10.0.0.12_10.0.0.42\", [1, 2, 4]]": [1, -193.33303833007812, []], "[\"NoTrans\", []]": [1, -173.31025841846787, []]}, "{\"10.0.0.11_10.0.0.41\": [1, 2, 4], \"10.0.0.12_10.0.0.42\": [1, 2, 4], \"10.0.0.13_10.0.0.43\": [1, 2, 4]}": {"[\"10.0.0.11_10.0.0.41\", [1, 3, 4]]": [1, -173.3999698010993, []], "[\"10.0.0.13_10.0.0.43\", [1, 3, 4]]": [1, -172.94485761296397, []], "[\"10.0.0.12_10.0.0.42\", [1, 3, 4]]": [1, -172.53199341785285, []], "[\"NoTrans\", []]": [0, -100, []]}}