{"{\"10.0.0.11_10.0.0.41\": [1, 3, 4], \"10.0.0.12_10.0.0.42\": [1, 3, 4], \"10.0.0.13_10.0.0.43\": [1, 3, 4]}": {"[\"10.0.0.11_10.0.0.41\", [1, 2, 4]]": [2, -107.1570129515343, []], "[\"10.0.0.12_10.0.0.42\", [1, 2, 4]]": [1, -148.48188073525523, []], "[\"10.0.0.13_10.0.0.43\", [1, 2, 4]]": [1, -150.25688515548572, []], "[\"NoTrans\", []]": [1, -165.0774803161621, []]}, "{\"10.0.0.11_10.0.0.41\": [1, 3, 4], \"10.0.0.12_10.0.0.42\": [1, 3, 4], \"10.0.0.13_10.0.0.43\": [1, 2, 4]}": {"[\"10.0.0.11_10.0.0.41\", [1, 2, 4]]": [0, -100, []], "[\"10.0.0.12_10.0.0.42\", [1, 2, 4]]": [1, -173.985498805745, []], "[\"10.0.0.13_10.0.0.43\", [1, 3, 4]]": [1, -161.58617401123047, []], "[\"NoTrans\", []]": [0, -100, []]}, "{\"10.0.0.11_10.0.0.41\": [1, 3, 4], \"10.0.0.12_10.0.0.42\": [1, 2, 4], \"10.0.0.13_10.0.0.43\": [1, 3, 4]}": {"[\"10.0.0.11_10.0.0.41\", [1, 2, 4]]": [1, -169.88017321250825, []], "[\"10.0.0.12_10.0.0.42\", [1, 3, 4]]": [2, -179.71660690307618, []], "[\"10.0.0.13_10.0.0.43\", [1, 2, 4]]": [1, -173.23350041647373, []], "[\"NoTrans\", []]": [2, -195.45995983393337, []]}, "{\"10.0.0.11_10.0.0.41\": [1, 3, 4], \"10.0.0.12_10.0.0.42\": [1, 2, 4], \"10.0.0.13_10.0.0.43\": [1, 2, 4]}": {"[\"10.0.0.11_10.0.0.41\", [1, 2, 4]]": [1, -192.84380340576172, []], "[\"10.0.0.12_10.0.0.42\", [1, 3, 4]]": [1, -162.8987159729004, []], "[\"10.0.0.13_10.0.0.43\", [1, 3, 4]]": [2, -196.08723537816348, []], "[\"NoTrans\", []]": [1, -174.89529785147084, []]}, "{\"10.0.0.11_10.0.0.41\": [1, 2, 4], \"10.0.0.12_10.0.0.42\": [1, 3, 4], \"10.0.0.13_10.0.0.43\": [1, 3, 4]}": {"[\"10.0.0.11_10.0.0.41\", [1, 3, 4]]": [1, -167.14123153686523, []], "[\"10.0.0.12_10.0.0.42\", [1, 2, 4]]": [1, -172.07859703708974, []], "[\"10.0.0.13_10.0.0.43\", [1, 2, 4]]": [1, -170.9314315180493, []], "[\"NoTrans\", []]": [659, -123.01790587607438, []]}, "{\"10.0.0.11_10.0.0.41\": [1, 2, 4], \"10.0.0.12_10.0.0.42\": [1, 3, 4], \"10.0.0.13_10.0.0.43\": [1, 2, 4]}": {"[\"10.0.0.11_10.0.0.41\", [1, 3, 4]]": [0, -100, []], "[\"10.0.0.12_10.0.0.42\", [1, 2, 4]]": [1, -149.7415871930238, []], "[\"10.0.0.13_10.0.0.43\", [1, 3, 4]]": [1, -138.75093374179787, []], "[\"NoTrans\", []]": [0, -100, []]}, "{\"10.0.0.11_10.0.0.41\": [1, 2, 4], \"10.0.0.12_10.0.0.42\": [1, 2, 4], \"10.0.0.13_10.0.0.43\": [1, 3, 4]}": {"[\"10.0.0.11_10.0.0.41\", [1, 3, 4]]": [1, -148.47952124783245, []], "[\"10.0.0.12_10.0.0.42\", [1, 3, 4]]": [1, -141.44180148018265, []], "[\"10.0.0.13_10.0.0.43\", [1, 2, 4]]": [1, -194.4619026184082, []], "[\"NoTrans\", []]": [1, -172.77284856503752, []]}, "{\"10.0.0.11_10.0.0.41\": [1, 2, 4], \"10.0.0.12_10.0.0.42\": [1, 2, 4], \"10.0.0.13_10.0.0.43\": [1, 2, 4]}": {"[\"10.0.0.11_10.0.0.41\", [1, 3, 4]]": [2, -214.72124252951045, []], "[\"10.0.0.12_10.0.0.42\", [1, 3, 4]]": [1, -164.77020645141602, []], "[\"10.0.0.13_10.0.0.43\", [1, 3, 4]]": [1, -175.0242968453021, []], "[\"NoTrans\", []]": [1, -193.34219360351562, []]}}