{"{\"10.0.0.11_10.0.0.41\": [1, 3, 4], \"10.0.0.12_10.0.0.42\": [1, 3, 4], \"10.0.0.13_10.0.0.43\": [1, 3, 4]}": {"[\"10.0.0.11_10.0.0.41\", [1, 2, 4]]": [40, -175.288893241713, []], "[\"10.0.0.13_10.0.0.43\", [1, 2, 4]]": [14, -280.2111513259388, []], "[\"10.0.0.12_10.0.0.42\", [1, 2, 4]]": [19, -268.22121497401616, []], "[\"NoTrans\", []]": [29, -244.27189164589316, []]}, "{\"10.0.0.11_10.0.0.41\": [1, 3, 4], \"10.0.0.12_10.0.0.42\": [1, 2, 4], \"10.0.0.13_10.0.0.43\": [1, 3, 4]}": {"[\"10.0.0.11_10.0.0.41\", [1, 2, 4]]": [16, -283.9959302319075, []], "[\"10.0.0.13_10.0.0.43\", [1, 2, 4]]": [7, -325.56546183708815, []], "[\"10.0.0.12_10.0.0.42\", [1, 3, 4]]": [21, -242.39197014427862, []], "[\"NoTrans\", []]": [16, -270.6792612263756, []]}, "{\"10.0.0.11_10.0.0.41\": [1, 3, 4], \"10.0.0.12_10.0.0.42\": [1, 3, 4], \"10.0.0.13_10.0.0.43\": [1, 2, 4]}": {"[\"10.0.0.11_10.0.0.41\", [1, 2, 4]]": [14, -281.93142014382926, []], "[\"10.0.0.13_10.0.0.43\", [1, 3, 4]]": [16, -245.508567175798, []], "[\"10.0.0.12_10.0.0.42\", [1, 2, 4]]": [11, -335.4750003131658, []], "[\"NoTrans\", []]": [16, -280.15529035316086, []]}, "{\"10.0.0.11_10.0.0.41\": [1, 3, 4], \"10.0.0.12_10.0.0.42\": [1, 2, 4], \"10.0.0.13_10.0.0.43\": [1, 2, 4]}": {"[\"10.0.0.11_10.0.0.41\", [1, 2, 4]]": [6, -354.775243077478, []], "[\"10.0.0.13_10.0.0.43\", [1, 3, 4]]": [8, -288.0728892380623, []], "[\"10.0.0.12_10.0.0.42\", [1, 3, 4]]": [12, -281.3740337034339, []], "[\"NoTrans\", []]": [5, -309.0306932872094, []]}, "{\"10.0.0.11_10.0.0.41\": [1, 2, 4], \"10.0.0.12_10.0.0.42\": [1, 3, 4], \"10.0.0.13_10.0.0.43\": [1, 3, 4]}": {"[\"10.0.0.11_10.0.0.41\", [1, 3, 4]]": [36, -243.0279843110802, []], "[\"10.0.0.13_10.0.0.43\", [1, 2, 4]]": [27, -285.9830301282228, []], "[\"10.0.0.12_10.0.0.42\", [1, 2, 4]]": [17, -284.29540632560844, []], "[\"NoTrans\", []]": [61, -169.564117767767, []]}, "{\"10.0.0.11_10.0.0.41\": [1, 2, 4], \"10.0.0.12_10.0.0.42\": [1, 2, 4], \"10.0.0.13_10.0.0.43\": [1, 3, 4]}": {"[\"10.0.0.11_10.0.0.41\", [1, 3, 4]]": [17, -280.70576134647473, []], "[\"10.0.0.13_10.0.0.43\", [1, 2, 4]]": [9, -348.359050712798, []], "[\"10.0.0.12_10.0.0.42\", [1, 3, 4]]": [15, -216.56702484212414, []], "[\"NoTrans\", []]": [15, -284.5031323868879, []]}, "{\"10.0.0.11_10.0.0.41\": [1, 2, 4], \"10.0.0.12_10.0.0.42\": [1, 3, 4], \"10.0.0.13_10.0.0.43\": [1, 2, 4]}": {"[\"10.0.0.11_10.0.0.41\", [1, 3, 4]]": [15, -280.08018274082434, []], "[\"10.0.0.13_10.0.0.43\", [1, 3, 4]]": [25, -221.75487075055025, []], "[\"10.0.0.12_10.0.0.42\", [1, 2, 4]]": [12, -350.75194291178036, []], "[\"NoTrans\", []]": [14, -262.43973798043504, []]}, "{\"10.0.0.11_10.0.0.41\": [1, 2, 4], \"10.0.0.12_10.0.0.42\": [1, 2, 4], \"10.0.0.13_10.0.0.43\": [1, 2, 4]}": {"[\"10.0.0.11_10.0.0.41\", [1, 3, 4]]": [7, -329.708787663957, []], "[\"10.0.0.13_10.0.0.43\", [1, 3, 4]]": [9, -280.7676624695123, []], "[\"10.0.0.12_10.0.0.42\", [1, 3, 4]]": [11, -264.75867267862344, []], "[\"NoTrans\", []]": [9, -348.65114048293697, []]}}