{"{\"10.0.0.11_10.0.0.41\": [1, 3, 4], \"10.0.0.12_10.0.0.42\": [1, 3, 4], \"10.0.0.13_10.0.0.43\": [1, 3, 4]}": {"[\"10.0.0.12_10.0.0.42\", [1, 2, 4]]": [23, -279.3162267566208, []], "[\"10.0.0.11_10.0.0.41\", [1, 2, 4]]": [20, -174.09792763374497, []], "[\"10.0.0.13_10.0.0.43\", [1, 2, 4]]": [12, -277.82506206388075, []], "[\"NoTrans\", []]": [15, -239.46155396802024, []]}, "{\"10.0.0.11_10.0.0.41\": [1, 3, 4], \"10.0.0.12_10.0.0.42\": [1, 3, 4], \"10.0.0.13_10.0.0.43\": [1, 2, 4]}": {"[\"10.0.0.12_10.0.0.42\", [1, 2, 4]]": [14, -336.14746857099726, []], "[\"10.0.0.11_10.0.0.41\", [1, 2, 4]]": [12, -292.1050100855479, []], "[\"10.0.0.13_10.0.0.43\", [1, 3, 4]]": [20, -239.1202847889336, []], "[\"NoTrans\", []]": [21, -279.8801308233625, []]}, "{\"10.0.0.11_10.0.0.41\": [1, 2, 4], \"10.0.0.12_10.0.0.42\": [1, 3, 4], \"10.0.0.13_10.0.0.43\": [1, 3, 4]}": {"[\"10.0.0.12_10.0.0.42\", [1, 2, 4]]": [17, -270.6367603115, []], "[\"10.0.0.11_10.0.0.41\", [1, 3, 4]]": [19, -242.14420718809782, []], "[\"10.0.0.13_10.0.0.43\", [1, 2, 4]]": [13, -272.7909291471054, []], "[\"NoTrans\", []]": [15, -176.3435378890199, []]}, "{\"10.0.0.11_10.0.0.41\": [1, 2, 4], \"10.0.0.12_10.0.0.42\": [1, 3, 4], \"10.0.0.13_10.0.0.43\": [1, 2, 4]}": {"[\"10.0.0.12_10.0.0.42\", [1, 2, 4]]": [13, -343.80515256998854, []], "[\"10.0.0.11_10.0.0.41\", [1, 3, 4]]": [19, -273.2361399647505, []], "[\"10.0.0.13_10.0.0.43\", [1, 3, 4]]": [12, -201.90811194891413, []], "[\"NoTrans\", []]": [13, -291.4319401142221, []]}, "{\"10.0.0.11_10.0.0.41\": [1, 3, 4], \"10.0.0.12_10.0.0.42\": [1, 2, 4], \"10.0.0.13_10.0.0.43\": [1, 3, 4]}": {"[\"10.0.0.12_10.0.0.42\", [1, 3, 4]]": [16, -237.5359277870178, []], "[\"10.0.0.11_10.0.0.41\", [1, 2, 4]]": [16, -272.8281716231372, []], "[\"10.0.0.13_10.0.0.43\", [1, 2, 4]]": [21, -330.9503520999855, []], "[\"NoTrans\", []]": [26, -280.8845639008697, []]}, "{\"10.0.0.11_10.0.0.41\": [1, 3, 4], \"10.0.0.12_10.0.0.42\": [1, 2, 4], \"10.0.0.13_10.0.0.43\": [1, 2, 4]}": {"[\"10.0.0.12_10.0.0.42\", [1, 3, 4]]": [15, -280.8073921268438, []], "[\"10.0.0.11_10.0.0.41\", [1, 2, 4]]": [15, -344.3094419845516, []], "[\"10.0.0.13_10.0.0.43\", [1, 3, 4]]": [17, -278.56393068404554, []], "[\"NoTrans\", []]": [31, -332.6467543738122, []]}, "{\"10.0.0.11_10.0.0.41\": [1, 2, 4], \"10.0.0.12_10.0.0.42\": [1, 2, 4], \"10.0.0.13_10.0.0.43\": [1, 3, 4]}": {"[\"10.0.0.12_10.0.0.42\", [1, 3, 4]]": [16, -204.00818082366982, []], "[\"10.0.0.11_10.0.0.41\", [1, 3, 4]]": [13, -281.77971531827455, []], "[\"10.0.0.13_10.0.0.43\", [1, 2, 4]]": [17, -341.4277438290888, []], "[\"NoTrans\", []]": [14, -272.1822143412131, []]}, "{\"10.0.0.11_10.0.0.41\": [1, 2, 4], \"10.0.0.12_10.0.0.42\": [1, 2, 4], \"10.0.0.13_10.0.0.43\": [1, 2, 4]}": {"[\"10.0.0.12_10.0.0.42\", [1, 3, 4]]": [19, -264.817819700079, []], "[\"10.0.0.11_10.0.0.41\", [1, 3, 4]]": [13, -333.86507039592124, []], "[\"10.0.0.13_10.0.0.43\", [1, 3, 4]]": [13, -274.66992054726103, []], "[\"NoTrans\", []]": [20, -340.71744991094107, []]}}