{"{\"10.0.0.11_10.0.0.41\": [1, 3, 4], \"10.0.0.12_10.0.0.42\": [1, 3, 4], \"10.0.0.13_10.0.0.43\": [1, 3, 4]}": {"[\"10.0.0.13_10.0.0.43\", [1, 2, 4]]": [1, -153.12396734573153, []], "[\"10.0.0.12_10.0.0.42\", [1, 2, 4]]": [1, -154.9439880513653, []], "[\"10.0.0.11_10.0.0.41\", [1, 2, 4]]": [2, -165.4209163486118, []], "[\"NoTrans\", []]": [1, -165.86273574829102, []]}, "{\"10.0.0.11_10.0.0.41\": [1, 2, 4], \"10.0.0.12_10.0.0.42\": [1, 3, 4], \"10.0.0.13_10.0.0.43\": [1, 3, 4]}": {"[\"10.0.0.13_10.0.0.43\", [1, 2, 4]]": [1, -174.87268646601558, []], "[\"10.0.0.12_10.0.0.42\", [1, 2, 4]]": [1, -175.22161773434067, []], "[\"10.0.0.11_10.0.0.41\", [1, 3, 4]]": [2, -182.16810302734376, []], "[\"NoTrans\", []]": [657, -127.54513230902162, []]}, "{\"10.0.0.11_10.0.0.41\": [1, 3, 4], \"10.0.0.12_10.0.0.42\": [1, 2, 4], \"10.0.0.13_10.0.0.43\": [1, 3, 4]}": {"[\"10.0.0.13_10.0.0.43\", [1, 2, 4]]": [1, -175.35838564559006, []], "[\"10.0.0.12_10.0.0.42\", [1, 3, 4]]": [1, -167.2986831665039, []], "[\"10.0.0.11_10.0.0.41\", [1, 2, 4]]": [2, -177.9315815951038, []], "[\"NoTrans\", []]": [2, -156.5628075360164, []]}, "{\"10.0.0.11_10.0.0.41\": [1, 2, 4], \"10.0.0.12_10.0.0.42\": [1, 2, 4], \"10.0.0.13_10.0.0.43\": [1, 3, 4]}": {"[\"10.0.0.13_10.0.0.43\", [1, 2, 4]]": [1, -172.90848903397227, []], "[\"10.0.0.12_10.0.0.42\", [1, 3, 4]]": [2, -149.06477360229584, []], "[\"10.0.0.11_10.0.0.41\", [1, 3, 4]]": [1, -150.94617810350115, []], "[\"NoTrans\", []]": [1, -176.19832428433529, []]}, "{\"10.0.0.11_10.0.0.41\": [1, 3, 4], \"10.0.0.12_10.0.0.42\": [1, 3, 4], \"10.0.0.13_10.0.0.43\": [1, 2, 4]}": {"[\"10.0.0.13_10.0.0.43\", [1, 3, 4]]": [1, -167.32109451293945, []], "[\"10.0.0.12_10.0.0.42\", [1, 2, 4]]": [1, -173.50279441260477, []], "[\"10.0.0.11_10.0.0.41\", [1, 2, 4]]": [1, -174.6980047476144, []], "[\"NoTrans\", []]": [0, -100, []]}, "{\"10.0.0.11_10.0.0.41\": [1, 2, 4], \"10.0.0.12_10.0.0.42\": [1, 3, 4], \"10.0.0.13_10.0.0.43\": [1, 2, 4]}": {"[\"10.0.0.13_10.0.0.43\", [1, 3, 4]]": [1, -159.3631958095737, []], "[\"10.0.0.12_10.0.0.42\", [1, 2, 4]]": [1, -193.53683853149414, []], "[\"10.0.0.11_10.0.0.41\", [1, 3, 4]]": [1, -151.62377085793213, []], "[\"NoTrans\", []]": [1, -172.3871597826542, []]}, "{\"10.0.0.11_10.0.0.41\": [1, 3, 4], \"10.0.0.12_10.0.0.42\": [1, 2, 4], \"10.0.0.13_10.0.0.43\": [1, 2, 4]}": {"[\"10.0.0.13_10.0.0.43\", [1, 3, 4]]": [1, -156.58128717399114, []], "[\"10.0.0.12_10.0.0.42\", [1, 3, 4]]": [1, -153.42284007802252, []], "[\"10.0.0.11_10.0.0.41\", [1, 2, 4]]": [0, -100, []], "[\"NoTrans\", []]": [1, -172.51983486587554, []]}, "{\"10.0.0.11_10.0.0.41\": [1, 2, 4], \"10.0.0.12_10.0.0.42\": [1, 2, 4], \"10.0.0.13_10.0.0.43\": [1, 2, 4]}": {"[\"10.0.0.13_10.0.0.43\", [1, 3, 4]]": [1, -146.13596487154157, []], "[\"10.0.0.12_10.0.0.42\", [1, 3, 4]]": [1, -171.9511838366023, []], "[\"10.0.0.11_10.0.0.41\", [1, 3, 4]]": [0, -100, []], "[\"NoTrans\", []]": [1, -176.29058550608275, []]}}