{"{\"10.0.0.11_10.0.0.41\": [1, 3, 4], \"10.0.0.12_10.0.0.42\": [1, 3, 4], \"10.0.0.13_10.0.0.43\": [1, 3, 4]}": {"[\"10.0.0.11_10.0.0.41\", [1, 2, 4]]": [2, -103.57825624264059, []], "[\"10.0.0.13_10.0.0.43\", [1, 2, 4]]": [1, -151.84685867948667, []], "[\"10.0.0.12_10.0.0.42\", [1, 2, 4]]": [1, -149.75961003359944, []], "[\"NoTrans\", []]": [1, -162.65562438964844, []]}, "{\"10.0.0.11_10.0.0.41\": [1, 3, 4], \"10.0.0.12_10.0.0.42\": [1, 2, 4], \"10.0.0.13_10.0.0.43\": [1, 3, 4]}": {"[\"10.0.0.11_10.0.0.41\", [1, 2, 4]]": [1, -172.9271351516747, []], "[\"10.0.0.13_10.0.0.43\", [1, 2, 4]]": [1, -204.38869211757458, []], "[\"10.0.0.12_10.0.0.42\", [1, 3, 4]]": [2, -179.39239578247071, []], "[\"NoTrans\", []]": [2, -200.28639743297293, []]}, "{\"10.0.0.11_10.0.0.41\": [1, 3, 4], \"10.0.0.12_10.0.0.42\": [1, 3, 4], \"10.0.0.13_10.0.0.43\": [1, 2, 4]}": {"[\"10.0.0.11_10.0.0.41\", [1, 2, 4]]": [1, -171.431225096505, []], "[\"10.0.0.13_10.0.0.43\", [1, 3, 4]]": [1, -166.2704315185547, []], "[\"10.0.0.12_10.0.0.42\", [1, 2, 4]]": [1, -171.78831555185428, []], "[\"NoTrans\", []]": [1, -150.28721367841436, []]}, "{\"10.0.0.11_10.0.0.41\": [1, 3, 4], \"10.0.0.12_10.0.0.42\": [1, 2, 4], \"10.0.0.13_10.0.0.43\": [1, 2, 4]}": {"[\"10.0.0.11_10.0.0.41\", [1, 2, 4]]": [1, -174.85263157681553, []], "[\"10.0.0.13_10.0.0.43\", [1, 3, 4]]": [2, -162.98539885354083, []], "[\"10.0.0.12_10.0.0.42\", [1, 3, 4]]": [1, -152.15227136370305, []], "[\"NoTrans\", []]": [1, -171.0693621907851, []]}, "{\"10.0.0.11_10.0.0.41\": [1, 2, 4], \"10.0.0.12_10.0.0.42\": [1, 3, 4], \"10.0.0.13_10.0.0.43\": [1, 3, 4]}": {"[\"10.0.0.11_10.0.0.41\", [1, 3, 4]]": [1, -172.69825464183796, []], "[\"10.0.0.13_10.0.0.43\", [1, 2, 4]]": [1, -173.77187108265298, []], "[\"10.0.0.12_10.0.0.42\", [1, 2, 4]]": [1, -172.86740484468385, []], "[\"NoTrans\", []]": [661, -115.06925606476493, []]}, "{\"10.0.0.11_10.0.0.41\": [1, 2, 4], \"10.0.0.12_10.0.0.42\": [1, 2, 4], \"10.0.0.13_10.0.0.43\": [1, 3, 4]}": {"[\"10.0.0.11_10.0.0.41\", [1, 3, 4]]": [1, -151.4117696394936, []], "[\"10.0.0.13_10.0.0.43\", [1, 2, 4]]": [0, -100, []], "[\"10.0.0.12_10.0.0.42\", [1, 3, 4]]": [1, -141.65905657028924, []], "[\"NoTrans\", []]": [0, -100, []]}, "{\"10.0.0.11_10.0.0.41\": [1, 2, 4], \"10.0.0.12_10.0.0.42\": [1, 3, 4], \"10.0.0.13_10.0.0.43\": [1, 2, 4]}": {"[\"10.0.0.11_10.0.0.41\", [1, 3, 4]]": [1, -152.23036140716277, []], "[\"10.0.0.13_10.0.0.43\", [1, 3, 4]]": [1, -142.94132052165605, []], "[\"10.0.0.12_10.0.0.42\", [1, 2, 4]]": [0, -100, []], "[\"NoTrans\", []]": [1, -171.11833960190876, []]}, "{\"10.0.0.11_10.0.0.41\": [1, 2, 4], \"10.0.0.12_10.0.0.42\": [1, 2, 4], \"10.0.0.13_10.0.0.43\": [1, 2, 4]}": {"[\"10.0.0.11_10.0.0.41\", [1, 3, 4]]": [1, -151.69284281707232, []], "[\"10.0.0.13_10.0.0.43\", [1, 3, 4]]": [0, -100, []], "[\"10.0.0.12_10.0.0.42\", [1, 3, 4]]": [0, -100, []], "[\"NoTrans\", []]": [0, -100, []]}}