{"{\"10.0.0.11_10.0.0.41\": [1, 3, 4], \"10.0.0.12_10.0.0.42\": [1, 3, 4], \"10.0.0.13_10.0.0.43\": [1, 3, 4]}": {"[\"10.0.0.12_10.0.0.42\", [1, 2, 4]]": [0, -140, []], "[\"10.0.0.13_10.0.0.43\", [1, 2, 4]]": [0, -140, []], "[\"10.0.0.11_10.0.0.41\", [1, 2, 4]]": [1, -149.17026708072035, []], "[\"NoTrans\", []]": [0, -140, []]}, "{\"10.0.0.11_10.0.0.41\": [1, 2, 4], \"10.0.0.12_10.0.0.42\": [1, 3, 4], \"10.0.0.13_10.0.0.43\": [1, 3, 4]}": {"[\"10.0.0.12_10.0.0.42\", [1, 2, 4]]": [1, -225.41640559729035, []], "[\"10.0.0.13_10.0.0.43\", [1, 2, 4]]": [1, -203.78372959938002, []], "[\"10.0.0.11_10.0.0.41\", [1, 3, 4]]": [1, -200.1437545776367, []], "[\"NoTrans\", []]": [377, -140.91259497038695, []]}, "{\"10.0.0.11_10.0.0.41\": [1, 3, 4], \"10.0.0.12_10.0.0.42\": [1, 3, 4], \"10.0.0.13_10.0.0.43\": [1, 2, 4]}": {"[\"10.0.0.12_10.0.0.42\", [1, 2, 4]]": [1, -207.90436656912237, []], "[\"10.0.0.13_10.0.0.43\", [1, 3, 4]]": [0, -140, []], "[\"10.0.0.11_10.0.0.41\", [1, 2, 4]]": [1, -203.82657893731653, []], "[\"NoTrans\", []]": [0, -140, []]}, "{\"10.0.0.11_10.0.0.41\": [1, 2, 4], \"10.0.0.12_10.0.0.42\": [1, 3, 4], \"10.0.0.13_10.0.0.43\": [1, 2, 4]}": {"[\"10.0.0.12_10.0.0.42\", [1, 2, 4]]": [1, -226.43989334106448, []], "[\"10.0.0.13_10.0.0.43\", [1, 3, 4]]": [1, -174.83852423898867, []], "[\"10.0.0.11_10.0.0.41\", [1, 3, 4]]": [1, -189.148922871011, []], "[\"NoTrans\", []]": [1, -206.81783754849, []]}, "{\"10.0.0.11_10.0.0.41\": [1, 3, 4], \"10.0.0.12_10.0.0.42\": [1, 2, 4], \"10.0.0.13_10.0.0.43\": [1, 3, 4]}": {"[\"10.0.0.12_10.0.0.42\", [1, 3, 4]]": [0, -140, []], "[\"10.0.0.13_10.0.0.43\", [1, 2, 4]]": [1, -137.1497892579691, []], "[\"10.0.0.11_10.0.0.41\", [1, 2, 4]]": [1, -137.7434435781054, []], "[\"NoTrans\", []]": [1, -186.5669998493551, []]}, "{\"10.0.0.11_10.0.0.41\": [1, 2, 4], \"10.0.0.12_10.0.0.42\": [1, 2, 4], \"10.0.0.13_10.0.0.43\": [1, 3, 4]}": {"[\"10.0.0.12_10.0.0.42\", [1, 3, 4]]": [2, -193.52008929775053, []], "[\"10.0.0.13_10.0.0.43\", [1, 2, 4]]": [1, -223.96110305786135, []], "[\"10.0.0.11_10.0.0.41\", [1, 3, 4]]": [1, -186.12341374150796, []], "[\"NoTrans\", []]": [388, -197.46962973212237, []]}, "{\"10.0.0.11_10.0.0.41\": [1, 3, 4], \"10.0.0.12_10.0.0.42\": [1, 2, 4], \"10.0.0.13_10.0.0.43\": [1, 2, 4]}": {"[\"10.0.0.12_10.0.0.42\", [1, 3, 4]]": [1, -188.89486675487845, []], "[\"10.0.0.13_10.0.0.43\", [1, 3, 4]]": [1, -182.82569537622248, []], "[\"10.0.0.11_10.0.0.41\", [1, 2, 4]]": [1, -260.60671140873944, []], "[\"NoTrans\", []]": [1, -204.06612369469798, []]}, "{\"10.0.0.11_10.0.0.41\": [1, 2, 4], \"10.0.0.12_10.0.0.42\": [1, 2, 4], \"10.0.0.13_10.0.0.43\": [1, 2, 4]}": {"[\"10.0.0.12_10.0.0.42\", [1, 3, 4]]": [1, -208.36427405831606, []], "[\"10.0.0.13_10.0.0.43\", [1, 3, 4]]": [2, -215.05396316445209, []], "[\"10.0.0.11_10.0.0.41\", [1, 3, 4]]": [1, -204.32796120397555, []], "[\"NoTrans\", []]": [1, -224.20133361816409, []]}}