{"{\"10.0.0.11_10.0.0.41\": [1, 3, 4], \"10.0.0.12_10.0.0.42\": [1, 3, 4], \"10.0.0.13_10.0.0.43\": [1, 3, 4]}": {"[\"10.0.0.12_10.0.0.42\", [1, 2, 4]]": [7, -274.77881968606164, []], "[\"10.0.0.13_10.0.0.43\", [1, 2, 4]]": [6, -267.459763567712, []], "[\"10.0.0.11_10.0.0.41\", [1, 2, 4]]": [46, -165.86275809658179, []], "[\"NoTrans\", []]": [5, -236.2183359651403, []]}, "{\"10.0.0.11_10.0.0.41\": [1, 2, 4], \"10.0.0.12_10.0.0.42\": [1, 3, 4], \"10.0.0.13_10.0.0.43\": [1, 3, 4]}": {"[\"10.0.0.12_10.0.0.42\", [1, 2, 4]]": [17, -272.24307740097737, []], "[\"10.0.0.13_10.0.0.43\", [1, 2, 4]]": [29, -278.22726444908477, []], "[\"10.0.0.11_10.0.0.41\", [1, 3, 4]]": [42, -233.68005442176184, []], "[\"NoTrans\", []]": [280, -126.00927550982448, []]}, "{\"10.0.0.11_10.0.0.41\": [1, 3, 4], \"10.0.0.12_10.0.0.42\": [1, 3, 4], \"10.0.0.13_10.0.0.43\": [1, 2, 4]}": {"[\"10.0.0.12_10.0.0.42\", [1, 2, 4]]": [7, -323.7725045780766, []], "[\"10.0.0.13_10.0.0.43\", [1, 3, 4]]": [11, -242.67834266578862, []], "[\"10.0.0.11_10.0.0.41\", [1, 2, 4]]": [6, -268.3219896606692, []], "[\"NoTrans\", []]": [6, -279.8428608758196, []]}, "{\"10.0.0.11_10.0.0.41\": [1, 2, 4], \"10.0.0.12_10.0.0.42\": [1, 3, 4], \"10.0.0.13_10.0.0.43\": [1, 2, 4]}": {"[\"10.0.0.12_10.0.0.42\", [1, 2, 4]]": [5, -337.07759076525326, []], "[\"10.0.0.13_10.0.0.43\", [1, 3, 4]]": [25, -187.1690449589402, []], "[\"10.0.0.11_10.0.0.41\", [1, 3, 4]]": [10, -278.39845178285196, []], "[\"NoTrans\", []]": [9, -272.0415427458624, []]}, "{\"10.0.0.11_10.0.0.41\": [1, 3, 4], \"10.0.0.12_10.0.0.42\": [1, 2, 4], \"10.0.0.13_10.0.0.43\": [1, 3, 4]}": {"[\"10.0.0.12_10.0.0.42\", [1, 3, 4]]": [6, -245.5268327923689, []], "[\"10.0.0.13_10.0.0.43\", [1, 2, 4]]": [3, -254.9641550156238, []], "[\"10.0.0.11_10.0.0.41\", [1, 2, 4]]": [7, -254.7503426781788, []], "[\"NoTrans\", []]": [6, -272.1684448683591, []]}, "{\"10.0.0.11_10.0.0.41\": [1, 2, 4], \"10.0.0.12_10.0.0.42\": [1, 2, 4], \"10.0.0.13_10.0.0.43\": [1, 3, 4]}": {"[\"10.0.0.12_10.0.0.42\", [1, 3, 4]]": [18, -213.154595982699, []], "[\"10.0.0.13_10.0.0.43\", [1, 2, 4]]": [4, -325.3395968502237, []], "[\"10.0.0.11_10.0.0.41\", [1, 3, 4]]": [5, -270.01724087809174, []], "[\"NoTrans\", []]": [7, -257.82790120071905, []]}, "{\"10.0.0.11_10.0.0.41\": [1, 3, 4], \"10.0.0.12_10.0.0.42\": [1, 2, 4], \"10.0.0.13_10.0.0.43\": [1, 2, 4]}": {"[\"10.0.0.12_10.0.0.42\", [1, 3, 4]]": [7, -282.06869029262975, []], "[\"10.0.0.13_10.0.0.43\", [1, 3, 4]]": [4, -274.41532887169654, []], "[\"10.0.0.11_10.0.0.41\", [1, 2, 4]]": [5, -325.62570203694276, []], "[\"NoTrans\", []]": [5, -306.90626072716867, []]}, "{\"10.0.0.11_10.0.0.41\": [1, 2, 4], \"10.0.0.12_10.0.0.42\": [1, 2, 4], \"10.0.0.13_10.0.0.43\": [1, 2, 4]}": {"[\"10.0.0.12_10.0.0.42\", [1, 3, 4]]": [5, -272.0600953221202, []], "[\"10.0.0.13_10.0.0.43\", [1, 3, 4]]": [3, -275.58993001129454, []], "[\"10.0.0.11_10.0.0.41\", [1, 3, 4]]": [6, -322.06096361567955, []], "[\"NoTrans\", []]": [3, -320.3056321000964, []]}}