{"{\"10.0.0.11_10.0.0.41\": [1, 3, 4], \"10.0.0.12_10.0.0.42\": [1, 3, 4], \"10.0.0.13_10.0.0.43\": [1, 3, 4]}": {"[\"10.0.0.13_10.0.0.43\", [1, 2, 4]]": [1, -148.87186357310958, []], "[\"10.0.0.12_10.0.0.42\", [1, 2, 4]]": [1, -150.66128645195295, []], "[\"10.0.0.11_10.0.0.41\", [1, 2, 4]]": [2, -103.98529460643948, []], "[\"NoTrans\", []]": [1, -166.1305274963379, []]}, "{\"10.0.0.11_10.0.0.41\": [1, 2, 4], \"10.0.0.12_10.0.0.42\": [1, 3, 4], \"10.0.0.13_10.0.0.43\": [1, 3, 4]}": {"[\"10.0.0.13_10.0.0.43\", [1, 2, 4]]": [1, -173.4603309780764, []], "[\"10.0.0.12_10.0.0.42\", [1, 2, 4]]": [1, -173.38378708956412, []], "[\"10.0.0.11_10.0.0.41\", [1, 3, 4]]": [1, -165.9870948791504, []], "[\"NoTrans\", []]": [658, -110.29994816430677, []]}, "{\"10.0.0.11_10.0.0.41\": [1, 3, 4], \"10.0.0.12_10.0.0.42\": [1, 2, 4], \"10.0.0.13_10.0.0.43\": [1, 3, 4]}": {"[\"10.0.0.13_10.0.0.43\", [1, 2, 4]]": [1, -175.57140413452012, []], "[\"10.0.0.12_10.0.0.42\", [1, 3, 4]]": [1, -166.78541564941406, []], "[\"10.0.0.11_10.0.0.41\", [1, 2, 4]]": [1, -170.87898679141972, []], "[\"NoTrans\", []]": [1, -152.63130939444483, []]}, "{\"10.0.0.11_10.0.0.41\": [1, 2, 4], \"10.0.0.12_10.0.0.42\": [1, 2, 4], \"10.0.0.13_10.0.0.43\": [1, 3, 4]}": {"[\"10.0.0.13_10.0.0.43\", [1, 2, 4]]": [1, -194.85138320922852, []], "[\"10.0.0.12_10.0.0.42\", [1, 3, 4]]": [1, -159.5718921753102, []], "[\"10.0.0.11_10.0.0.41\", [1, 3, 4]]": [1, -152.7832412699941, []], "[\"NoTrans\", []]": [1, -175.53693198882047, []]}, "{\"10.0.0.11_10.0.0.41\": [1, 3, 4], \"10.0.0.12_10.0.0.42\": [1, 3, 4], \"10.0.0.13_10.0.0.43\": [1, 2, 4]}": {"[\"10.0.0.13_10.0.0.43\", [1, 3, 4]]": [2, -182.36552019029745, []], "[\"10.0.0.12_10.0.0.42\", [1, 2, 4]]": [1, -172.96911959699418, []], "[\"10.0.0.11_10.0.0.41\", [1, 2, 4]]": [1, -173.68503594776473, []], "[\"NoTrans\", []]": [1, -176.11443017376024, []]}, "{\"10.0.0.11_10.0.0.41\": [1, 2, 4], \"10.0.0.12_10.0.0.42\": [1, 3, 4], \"10.0.0.13_10.0.0.43\": [1, 2, 4]}": {"[\"10.0.0.13_10.0.0.43\", [1, 3, 4]]": [1, -140.52248936457374, []], "[\"10.0.0.12_10.0.0.42\", [1, 2, 4]]": [1, -175.1476439759124, []], "[\"10.0.0.11_10.0.0.41\", [1, 3, 4]]": [1, -168.77773666381836, []], "[\"NoTrans\", []]": [1, -174.82396191978654, []]}, "{\"10.0.0.11_10.0.0.41\": [1, 3, 4], \"10.0.0.12_10.0.0.42\": [1, 2, 4], \"10.0.0.13_10.0.0.43\": [1, 2, 4]}": {"[\"10.0.0.13_10.0.0.43\", [1, 3, 4]]": [1, -151.94384415873796, []], "[\"10.0.0.12_10.0.0.42\", [1, 3, 4]]": [1, -192.80681978402288, []], "[\"10.0.0.11_10.0.0.41\", [1, 2, 4]]": [1, -172.566462932886, []], "[\"NoTrans\", []]": [0, -100, []]}, "{\"10.0.0.11_10.0.0.41\": [1, 2, 4], \"10.0.0.12_10.0.0.42\": [1, 2, 4], \"10.0.0.13_10.0.0.43\": [1, 2, 4]}": {"[\"10.0.0.13_10.0.0.43\", [1, 3, 4]]": [1, -173.44061491293036, []], "[\"10.0.0.12_10.0.0.42\", [1, 3, 4]]": [1, -139.33467158261402, []], "[\"10.0.0.11_10.0.0.41\", [1, 3, 4]]": [1, -148.87447177478913, []], "[\"NoTrans\", []]": [1, -175.16425603758492, []]}}