{"{\"10.0.0.11_10.0.0.41\": [1, 3, 4], \"10.0.0.12_10.0.0.42\": [1, 3, 4], \"10.0.0.13_10.0.0.43\": [1, 3, 4]}": {"[\"10.0.0.11_10.0.0.41\", [1, 2, 4]]": [34, -128.96801312259944, []], "[\"10.0.0.12_10.0.0.42\", [1, 2, 4]]": [5, -271.3965559193448, []], "[\"10.0.0.13_10.0.0.43\", [1, 2, 4]]": [5, -269.6980355111798, []], "[\"NoTrans\", []]": [3, -230.67493753137404, []]}, "{\"10.0.0.11_10.0.0.41\": [1, 3, 4], \"10.0.0.12_10.0.0.42\": [1, 3, 4], \"10.0.0.13_10.0.0.43\": [1, 2, 4]}": {"[\"10.0.0.11_10.0.0.41\", [1, 2, 4]]": [14, -479.60678602738415, []], "[\"10.0.0.12_10.0.0.42\", [1, 2, 4]]": [15, -319.43576819377074, []], "[\"10.0.0.13_10.0.0.43\", [1, 3, 4]]": [3, -191.82893858031773, []], "[\"NoTrans\", []]": [0, -Infinity, []]}, "{\"10.0.0.11_10.0.0.41\": [1, 3, 4], \"10.0.0.12_10.0.0.42\": [1, 2, 4], \"10.0.0.13_10.0.0.43\": [1, 3, 4]}": {"[\"10.0.0.11_10.0.0.41\", [1, 2, 4]]": [3, -358.6164255963065, []], "[\"10.0.0.12_10.0.0.42\", [1, 3, 4]]": [19, -194.2792721941635, []], "[\"10.0.0.13_10.0.0.43\", [1, 2, 4]]": [5, -318.6510664864285, []], "[\"NoTrans\", []]": [7, -335.6746667647635, []]}, "{\"10.0.0.11_10.0.0.41\": [1, 3, 4], \"10.0.0.12_10.0.0.42\": [1, 2, 4], \"10.0.0.13_10.0.0.43\": [1, 2, 4]}": {"[\"10.0.0.11_10.0.0.41\", [1, 2, 4]]": [14, -347.1235531876561, []], "[\"10.0.0.12_10.0.0.42\", [1, 3, 4]]": [0, -Infinity, []], "[\"10.0.0.13_10.0.0.43\", [1, 3, 4]]": [6, -251.7614901078802, []], "[\"NoTrans\", []]": [0, -Infinity, []]}, "{\"10.0.0.11_10.0.0.41\": [1, 2, 4], \"10.0.0.12_10.0.0.42\": [1, 3, 4], \"10.0.0.13_10.0.0.43\": [1, 3, 4]}": {"[\"10.0.0.11_10.0.0.41\", [1, 3, 4]]": [22, -200.88037879728265, []], "[\"10.0.0.12_10.0.0.42\", [1, 2, 4]]": [21, -246.73674495794916, []], "[\"10.0.0.13_10.0.0.43\", [1, 2, 4]]": [11, -383.9022650879653, []], "[\"NoTrans\", []]": [349, -128.35494867777413, []]}, "{\"10.0.0.11_10.0.0.41\": [1, 2, 4], \"10.0.0.12_10.0.0.42\": [1, 3, 4], \"10.0.0.13_10.0.0.43\": [1, 2, 4]}": {"[\"10.0.0.11_10.0.0.41\", [1, 3, 4]]": [27, -232.32741609495616, []], "[\"10.0.0.12_10.0.0.42\", [1, 2, 4]]": [0, -Infinity, []], "[\"10.0.0.13_10.0.0.43\", [1, 3, 4]]": [0, -Infinity, []], "[\"NoTrans\", []]": [10, -479.44137898026867, []]}, "{\"10.0.0.11_10.0.0.41\": [1, 2, 4], \"10.0.0.12_10.0.0.42\": [1, 2, 4], \"10.0.0.13_10.0.0.43\": [1, 3, 4]}": {"[\"10.0.0.11_10.0.0.41\", [1, 3, 4]]": [16, -264.91701562927113, []], "[\"10.0.0.12_10.0.0.42\", [1, 3, 4]]": [21, -173.70232609135047, []], "[\"10.0.0.13_10.0.0.43\", [1, 2, 4]]": [0, -Infinity, []], "[\"NoTrans\", []]": [1, -304.8853699540515, []]}, "{\"10.0.0.11_10.0.0.41\": [1, 2, 4], \"10.0.0.12_10.0.0.42\": [1, 2, 4], \"10.0.0.13_10.0.0.43\": [1, 2, 4]}": {"[\"10.0.0.11_10.0.0.41\", [1, 3, 4]]": [0, -Infinity, []], "[\"10.0.0.12_10.0.0.42\", [1, 3, 4]]": [2, -404.4247150604598, []], "[\"10.0.0.13_10.0.0.43\", [1, 3, 4]]": [12, -256.4339300503558, []], "[\"NoTrans\", []]": [0, -Infinity, []]}}