{"{\"10.0.0.11_10.0.0.41\": [1, 3, 4], \"10.0.0.12_10.0.0.42\": [1, 3, 4], \"10.0.0.13_10.0.0.43\": [1, 3, 4]}": {"[\"10.0.0.13_10.0.0.43\", [1, 2, 4]]": [3, -192.3111486879028, []], "[\"10.0.0.12_10.0.0.42\", [1, 2, 4]]": [3, -191.05266532710905, []], "[\"10.0.0.11_10.0.0.41\", [1, 2, 4]]": [7, -168.1645214901343, []], "[\"NoTrans\", []]": [3, -211.46306164088367, []]}, "{\"10.0.0.11_10.0.0.41\": [1, 2, 4], \"10.0.0.12_10.0.0.42\": [1, 3, 4], \"10.0.0.13_10.0.0.43\": [1, 3, 4]}": {"[\"10.0.0.13_10.0.0.43\", [1, 2, 4]]": [4, -216.18133576327546, []], "[\"10.0.0.12_10.0.0.42\", [1, 2, 4]]": [4, -216.58185782256362, []], "[\"10.0.0.11_10.0.0.41\", [1, 3, 4]]": [6, -219.8266412608006, []], "[\"NoTrans\", []]": [801, -141.8455935350784, []]}, "{\"10.0.0.11_10.0.0.41\": [1, 3, 4], \"10.0.0.12_10.0.0.42\": [1, 2, 4], \"10.0.0.13_10.0.0.43\": [1, 3, 4]}": {"[\"10.0.0.13_10.0.0.43\", [1, 2, 4]]": [2, -177.16946569286029, []], "[\"10.0.0.12_10.0.0.42\", [1, 3, 4]]": [3, -199.30328986162618, []], "[\"10.0.0.11_10.0.0.41\", [1, 2, 4]]": [2, -193.5713775242894, []], "[\"NoTrans\", []]": [2, -165.84576976812275, []]}, "{\"10.0.0.11_10.0.0.41\": [1, 2, 4], \"10.0.0.12_10.0.0.42\": [1, 2, 4], \"10.0.0.13_10.0.0.43\": [1, 3, 4]}": {"[\"10.0.0.13_10.0.0.43\", [1, 2, 4]]": [2, -214.47072989626616, []], "[\"10.0.0.12_10.0.0.42\", [1, 3, 4]]": [4, -178.72925371761784, []], "[\"10.0.0.11_10.0.0.41\", [1, 3, 4]]": [2, -164.48185333914682, []], "[\"NoTrans\", []]": [2, -209.0505563624119, []]}, "{\"10.0.0.11_10.0.0.41\": [1, 3, 4], \"10.0.0.12_10.0.0.42\": [1, 3, 4], \"10.0.0.13_10.0.0.43\": [1, 2, 4]}": {"[\"10.0.0.13_10.0.0.43\", [1, 3, 4]]": [3, -211.76885404918806, []], "[\"10.0.0.12_10.0.0.42\", [1, 2, 4]]": [1, -160.44082688771616, []], "[\"10.0.0.11_10.0.0.41\", [1, 2, 4]]": [2, -212.67529053571448, []], "[\"NoTrans\", []]": [2, -188.08701836982286, []]}, "{\"10.0.0.11_10.0.0.41\": [1, 2, 4], \"10.0.0.12_10.0.0.42\": [1, 3, 4], \"10.0.0.13_10.0.0.43\": [1, 2, 4]}": {"[\"10.0.0.13_10.0.0.43\", [1, 3, 4]]": [4, -197.6687989568487, []], "[\"10.0.0.12_10.0.0.42\", [1, 2, 4]]": [1, -197.27684027834627, []], "[\"10.0.0.11_10.0.0.41\", [1, 3, 4]]": [2, -188.30138487345283, []], "[\"NoTrans\", []]": [2, -214.06595366976944, []]}, "{\"10.0.0.11_10.0.0.41\": [1, 3, 4], \"10.0.0.12_10.0.0.42\": [1, 2, 4], \"10.0.0.13_10.0.0.43\": [1, 2, 4]}": {"[\"10.0.0.13_10.0.0.43\", [1, 3, 4]]": [2, -166.13961752509894, []], "[\"10.0.0.12_10.0.0.42\", [1, 3, 4]]": [1, -145.3418929451319, []], "[\"10.0.0.11_10.0.0.41\", [1, 2, 4]]": [1, -196.45277030153966, []], "[\"NoTrans\", []]": [1, -160.74446586216555, []]}, "{\"10.0.0.11_10.0.0.41\": [1, 2, 4], \"10.0.0.12_10.0.0.42\": [1, 2, 4], \"10.0.0.13_10.0.0.43\": [1, 2, 4]}": {"[\"10.0.0.13_10.0.0.43\", [1, 3, 4]]": [2, -183.18821292637, []], "[\"10.0.0.12_10.0.0.42\", [1, 3, 4]]": [1, -153.68555167632258, []], "[\"10.0.0.11_10.0.0.41\", [1, 3, 4]]": [1, -158.65526554017586, []], "[\"NoTrans\", []]": [1, -196.1158371655533, []]}}