{"{\"10.0.0.11_10.0.0.41\": [1, 3, 4], \"10.0.0.12_10.0.0.42\": [1, 3, 4], \"10.0.0.13_10.0.0.43\": [1, 3, 4]}": {"[\"10.0.0.11_10.0.0.41\", [1, 2, 4]]": [2, -113.33495940520305, []], "[\"10.0.0.12_10.0.0.42\", [1, 2, 4]]": [1, -168.05247645601975, []], "[\"10.0.0.13_10.0.0.43\", [1, 2, 4]]": [1, -171.6580150919291, []], "[\"NoTrans\", []]": [1, -127.43970315618992, []]}, "{\"10.0.0.11_10.0.0.41\": [1, 3, 4], \"10.0.0.12_10.0.0.42\": [1, 3, 4], \"10.0.0.13_10.0.0.43\": [1, 2, 4]}": {"[\"10.0.0.11_10.0.0.41\", [1, 2, 4]]": [0, -100, []], "[\"10.0.0.12_10.0.0.42\", [1, 2, 4]]": [0, -100, []], "[\"10.0.0.13_10.0.0.43\", [1, 3, 4]]": [1, -143.42254310213912, []], "[\"NoTrans\", []]": [1, -171.976879077089, []]}, "{\"10.0.0.11_10.0.0.41\": [1, 3, 4], \"10.0.0.12_10.0.0.42\": [1, 2, 4], \"10.0.0.13_10.0.0.43\": [1, 3, 4]}": {"[\"10.0.0.11_10.0.0.41\", [1, 2, 4]]": [1, -172.2047042077935, []], "[\"10.0.0.12_10.0.0.42\", [1, 3, 4]]": [2, -177.9378967902479, []], "[\"10.0.0.13_10.0.0.43\", [1, 2, 4]]": [1, -188.3588638305664, []], "[\"NoTrans\", []]": [2, -208.94854359965012, []]}, "{\"10.0.0.11_10.0.0.41\": [1, 3, 4], \"10.0.0.12_10.0.0.42\": [1, 2, 4], \"10.0.0.13_10.0.0.43\": [1, 2, 4]}": {"[\"10.0.0.11_10.0.0.41\", [1, 2, 4]]": [1, -188.5013427734375, []], "[\"10.0.0.12_10.0.0.42\", [1, 3, 4]]": [0, -100, []], "[\"10.0.0.13_10.0.0.43\", [1, 3, 4]]": [1, -171.09172988336684, []], "[\"NoTrans\", []]": [1, -172.2743614272238, []]}, "{\"10.0.0.11_10.0.0.41\": [1, 2, 4], \"10.0.0.12_10.0.0.42\": [1, 3, 4], \"10.0.0.13_10.0.0.43\": [1, 3, 4]}": {"[\"10.0.0.11_10.0.0.41\", [1, 3, 4]]": [1, -164.06019592285156, []], "[\"10.0.0.12_10.0.0.42\", [1, 2, 4]]": [1, -169.5185633985775, []], "[\"10.0.0.13_10.0.0.43\", [1, 2, 4]]": [1, -177.6205123133136, []], "[\"NoTrans\", []]": [661, -118.69529690248356, []]}, "{\"10.0.0.11_10.0.0.41\": [1, 2, 4], \"10.0.0.12_10.0.0.42\": [1, 3, 4], \"10.0.0.13_10.0.0.43\": [1, 2, 4]}": {"[\"10.0.0.11_10.0.0.41\", [1, 3, 4]]": [0, -100, []], "[\"10.0.0.12_10.0.0.42\", [1, 2, 4]]": [1, -193.75723266601562, []], "[\"10.0.0.13_10.0.0.43\", [1, 3, 4]]": [1, -140.3584447226355, []], "[\"NoTrans\", []]": [1, -169.44928525614492, []]}, "{\"10.0.0.11_10.0.0.41\": [1, 2, 4], \"10.0.0.12_10.0.0.42\": [1, 2, 4], \"10.0.0.13_10.0.0.43\": [1, 3, 4]}": {"[\"10.0.0.11_10.0.0.41\", [1, 3, 4]]": [1, -193.41972168644656, []], "[\"10.0.0.12_10.0.0.42\", [1, 3, 4]]": [1, -141.45236201221482, []], "[\"10.0.0.13_10.0.0.43\", [1, 2, 4]]": [1, -189.40666580200195, []], "[\"NoTrans\", []]": [0, -100, []]}, "{\"10.0.0.11_10.0.0.41\": [1, 2, 4], \"10.0.0.12_10.0.0.42\": [1, 2, 4], \"10.0.0.13_10.0.0.43\": [1, 2, 4]}": {"[\"10.0.0.11_10.0.0.41\", [1, 3, 4]]": [1, -166.25940510220215, []], "[\"10.0.0.12_10.0.0.42\", [1, 3, 4]]": [1, -171.77546339659278, []], "[\"10.0.0.13_10.0.0.43\", [1, 3, 4]]": [1, -171.17147691432677, []], "[\"NoTrans\", []]": [1, -189.75590133666992, []]}}