{"{\"10.0.0.11_10.0.0.41\": [1, 3, 4], \"10.0.0.12_10.0.0.42\": [1, 3, 4], \"10.0.0.13_10.0.0.43\": [1, 3, 4]}": {"[\"10.0.0.11_10.0.0.41\", [1, 2, 4]]": [9, -144.30812217076553, []], "[\"10.0.0.12_10.0.0.42\", [1, 2, 4]]": [2, -237.30303751316643, []], "[\"10.0.0.13_10.0.0.43\", [1, 2, 4]]": [1, -182.35316104141856, []], "[\"NoTrans\", []]": [1, -198.73250732421874, []]}, "{\"10.0.0.11_10.0.0.41\": [1, 3, 4], \"10.0.0.12_10.0.0.42\": [1, 3, 4], \"10.0.0.13_10.0.0.43\": [1, 2, 4]}": {"[\"10.0.0.11_10.0.0.41\", [1, 2, 4]]": [1, -205.15833408879848, []], "[\"10.0.0.12_10.0.0.42\", [1, 2, 4]]": [1, -202.9403921097118, []], "[\"10.0.0.13_10.0.0.43\", [1, 3, 4]]": [2, -215.36598172552843, []], "[\"NoTrans\", []]": [3, -237.97171814524103, []]}, "{\"10.0.0.11_10.0.0.41\": [1, 3, 4], \"10.0.0.12_10.0.0.42\": [1, 2, 4], \"10.0.0.13_10.0.0.43\": [1, 3, 4]}": {"[\"10.0.0.11_10.0.0.41\", [1, 2, 4]]": [2, -224.47770139852597, []], "[\"10.0.0.12_10.0.0.42\", [1, 3, 4]]": [3, -211.38963034057616, []], "[\"10.0.0.13_10.0.0.43\", [1, 2, 4]]": [2, -243.36119650502695, []], "[\"NoTrans\", []]": [4, -251.0982165441866, []]}, "{\"10.0.0.11_10.0.0.41\": [1, 3, 4], \"10.0.0.12_10.0.0.42\": [1, 2, 4], \"10.0.0.13_10.0.0.43\": [1, 2, 4]}": {"[\"10.0.0.11_10.0.0.41\", [1, 2, 4]]": [1, -218.76376876831057, []], "[\"10.0.0.12_10.0.0.42\", [1, 3, 4]]": [2, -223.35110757480132, []], "[\"10.0.0.13_10.0.0.43\", [1, 3, 4]]": [2, -217.85564145359658, []], "[\"NoTrans\", []]": [1, -198.1043858693376, []]}, "{\"10.0.0.11_10.0.0.41\": [1, 2, 4], \"10.0.0.12_10.0.0.42\": [1, 3, 4], \"10.0.0.13_10.0.0.43\": [1, 3, 4]}": {"[\"10.0.0.11_10.0.0.41\", [1, 3, 4]]": [7, -220.39445476946256, []], "[\"10.0.0.12_10.0.0.42\", [1, 2, 4]]": [4, -254.21256018762855, []], "[\"10.0.0.13_10.0.0.43\", [1, 2, 4]]": [2, -240.13564549337764, []], "[\"NoTrans\", []]": [613, -135.6025056816149, []]}, "{\"10.0.0.11_10.0.0.41\": [1, 2, 4], \"10.0.0.12_10.0.0.42\": [1, 3, 4], \"10.0.0.13_10.0.0.43\": [1, 2, 4]}": {"[\"10.0.0.11_10.0.0.41\", [1, 3, 4]]": [1, -185.67690682788572, []], "[\"10.0.0.12_10.0.0.42\", [1, 2, 4]]": [1, -218.04145584106448, []], "[\"10.0.0.13_10.0.0.43\", [1, 3, 4]]": [2, -188.67458637705752, []], "[\"NoTrans\", []]": [1, -205.19908893722453, []]}, "{\"10.0.0.11_10.0.0.41\": [1, 2, 4], \"10.0.0.12_10.0.0.42\": [1, 2, 4], \"10.0.0.13_10.0.0.43\": [1, 3, 4]}": {"[\"10.0.0.11_10.0.0.41\", [1, 3, 4]]": [2, -222.91286515594595, []], "[\"10.0.0.12_10.0.0.42\", [1, 3, 4]]": [3, -182.40688811210643, []], "[\"10.0.0.13_10.0.0.43\", [1, 2, 4]]": [2, -237.80721389770508, []], "[\"NoTrans\", []]": [3, -241.11373065081557, []]}, "{\"10.0.0.11_10.0.0.41\": [1, 2, 4], \"10.0.0.12_10.0.0.42\": [1, 2, 4], \"10.0.0.13_10.0.0.43\": [1, 2, 4]}": {"[\"10.0.0.11_10.0.0.41\", [1, 3, 4]]": [2, -242.73929536946207, []], "[\"10.0.0.12_10.0.0.42\", [1, 3, 4]]": [1, -201.80231330472606, []], "[\"10.0.0.13_10.0.0.43\", [1, 3, 4]]": [1, -199.597949551446, []], "[\"NoTrans\", []]": [0, -140, []]}}