{"{\"10.0.0.11_10.0.0.41\": [1, 3, 4], \"10.0.0.12_10.0.0.42\": [1, 3, 4], \"10.0.0.13_10.0.0.43\": [1, 3, 4]}": {"[\"10.0.0.13_10.0.0.43\", [1, 2, 4]]": [4, -257.09033432441424, []], "[\"10.0.0.12_10.0.0.42\", [1, 2, 4]]": [2, -222.09302388725405, []], "[\"10.0.0.11_10.0.0.41\", [1, 2, 4]]": [25, -147.43476187373864, []], "[\"NoTrans\", []]": [4, -218.3752715855719, []]}, "{\"10.0.0.11_10.0.0.41\": [1, 2, 4], \"10.0.0.12_10.0.0.42\": [1, 3, 4], \"10.0.0.13_10.0.0.43\": [1, 3, 4]}": {"[\"10.0.0.13_10.0.0.43\", [1, 2, 4]]": [10, -256.76172862287, []], "[\"10.0.0.12_10.0.0.42\", [1, 2, 4]]": [7, -256.5253676301113, []], "[\"10.0.0.11_10.0.0.41\", [1, 3, 4]]": [23, -220.13192842497213, []], "[\"NoTrans\", []]": [504, -138.57616886129097, []]}, "{\"10.0.0.11_10.0.0.41\": [1, 3, 4], \"10.0.0.12_10.0.0.42\": [1, 2, 4], \"10.0.0.13_10.0.0.43\": [1, 3, 4]}": {"[\"10.0.0.13_10.0.0.43\", [1, 2, 4]]": [3, -291.2951883469194, []], "[\"10.0.0.12_10.0.0.42\", [1, 3, 4]]": [3, -217.7636040566882, []], "[\"10.0.0.11_10.0.0.41\", [1, 2, 4]]": [2, -239.24291559959144, []], "[\"NoTrans\", []]": [2, -225.46720078358922, []]}, "{\"10.0.0.11_10.0.0.41\": [1, 2, 4], \"10.0.0.12_10.0.0.42\": [1, 2, 4], \"10.0.0.13_10.0.0.43\": [1, 3, 4]}": {"[\"10.0.0.13_10.0.0.43\", [1, 2, 4]]": [2, -278.9451356821863, []], "[\"10.0.0.12_10.0.0.42\", [1, 3, 4]]": [5, -183.41141283172442, []], "[\"10.0.0.11_10.0.0.41\", [1, 3, 4]]": [3, -254.5448407385934, []], "[\"NoTrans\", []]": [2, -254.92565341676226, []]}, "{\"10.0.0.11_10.0.0.41\": [1, 3, 4], \"10.0.0.12_10.0.0.42\": [1, 3, 4], \"10.0.0.13_10.0.0.43\": [1, 2, 4]}": {"[\"10.0.0.13_10.0.0.43\", [1, 3, 4]]": [5, -228.15992848244775, []], "[\"10.0.0.12_10.0.0.42\", [1, 2, 4]]": [3, -263.2058798045212, []], "[\"10.0.0.11_10.0.0.41\", [1, 2, 4]]": [4, -263.04765071250364, []], "[\"NoTrans\", []]": [2, -221.4255928808203, []]}, "{\"10.0.0.11_10.0.0.41\": [1, 2, 4], \"10.0.0.12_10.0.0.42\": [1, 3, 4], \"10.0.0.13_10.0.0.43\": [1, 2, 4]}": {"[\"10.0.0.13_10.0.0.43\", [1, 3, 4]]": [10, -178.65281262752478, []], "[\"10.0.0.12_10.0.0.42\", [1, 2, 4]]": [2, -275.760073273739, []], "[\"10.0.0.11_10.0.0.41\", [1, 3, 4]]": [4, -264.46880188360075, []], "[\"NoTrans\", []]": [3, -270.4469169655022, []]}, "{\"10.0.0.11_10.0.0.41\": [1, 3, 4], \"10.0.0.12_10.0.0.42\": [1, 2, 4], \"10.0.0.13_10.0.0.43\": [1, 2, 4]}": {"[\"10.0.0.13_10.0.0.43\", [1, 3, 4]]": [3, -241.6652102746933, []], "[\"10.0.0.12_10.0.0.42\", [1, 3, 4]]": [4, -260.57639454903807, []], "[\"10.0.0.11_10.0.0.41\", [1, 2, 4]]": [3, -313.3524206482655, []], "[\"NoTrans\", []]": [3, -291.4514133926581, []]}, "{\"10.0.0.11_10.0.0.41\": [1, 2, 4], \"10.0.0.12_10.0.0.42\": [1, 2, 4], \"10.0.0.13_10.0.0.43\": [1, 2, 4]}": {"[\"10.0.0.13_10.0.0.43\", [1, 3, 4]]": [2, -236.79118888833943, []], "[\"10.0.0.12_10.0.0.42\", [1, 3, 4]]": [2, -261.4733206351108, []], "[\"10.0.0.11_10.0.0.41\", [1, 3, 4]]": [4, -260.54427073415263, []], "[\"NoTrans\", []]": [2, -279.36997851665893, []]}}