{"{\"10.0.0.11_10.0.0.41\": [1, 3, 4], \"10.0.0.12_10.0.0.42\": [1, 3, 4], \"10.0.0.13_10.0.0.43\": [1, 3, 4]}": {"[\"10.0.0.13_10.0.0.43\", [1, 2, 4]]": [10, -157.50228529668726, []], "[\"10.0.0.12_10.0.0.42\", [1, 2, 4]]": [10, -162.32444117499205, []], "[\"10.0.0.11_10.0.0.41\", [1, 2, 4]]": [12, -128.8830016860977, []], "[\"NoTrans\", []]": [8, -175.09896943767492, []]}, "{\"10.0.0.11_10.0.0.41\": [1, 2, 4], \"10.0.0.12_10.0.0.42\": [1, 3, 4], \"10.0.0.13_10.0.0.43\": [1, 3, 4]}": {"[\"10.0.0.13_10.0.0.43\", [1, 2, 4]]": [14, -182.4068154053146, []], "[\"10.0.0.12_10.0.0.42\", [1, 2, 4]]": [13, -180.90243901518397, []], "[\"10.0.0.11_10.0.0.41\", [1, 3, 4]]": [10, -175.37898867900736, []], "[\"NoTrans\", []]": [363, -135.43579261545673, []]}, "{\"10.0.0.11_10.0.0.41\": [1, 3, 4], \"10.0.0.12_10.0.0.42\": [1, 2, 4], \"10.0.0.13_10.0.0.43\": [1, 3, 4]}": {"[\"10.0.0.13_10.0.0.43\", [1, 2, 4]]": [12, -212.99826158374725, []], "[\"10.0.0.12_10.0.0.42\", [1, 3, 4]]": [11, -177.76208093366026, []], "[\"10.0.0.11_10.0.0.41\", [1, 2, 4]]": [14, -182.01284006182823, []], "[\"NoTrans\", []]": [11, -157.5604219628417, []]}, "{\"10.0.0.11_10.0.0.41\": [1, 2, 4], \"10.0.0.12_10.0.0.42\": [1, 2, 4], \"10.0.0.13_10.0.0.43\": [1, 3, 4]}": {"[\"10.0.0.13_10.0.0.43\", [1, 2, 4]]": [15, -111.46956000550097, []], "[\"10.0.0.12_10.0.0.42\", [1, 3, 4]]": [14, -147.04575123050984, []], "[\"10.0.0.11_10.0.0.41\", [1, 3, 4]]": [13, -164.8944375077849, []], "[\"NoTrans\", []]": [13, -180.22308126826942, []]}, "{\"10.0.0.11_10.0.0.41\": [1, 3, 4], \"10.0.0.12_10.0.0.42\": [1, 3, 4], \"10.0.0.13_10.0.0.43\": [1, 2, 4]}": {"[\"10.0.0.13_10.0.0.43\", [1, 3, 4]]": [11, -190.00966030231388, []], "[\"10.0.0.12_10.0.0.42\", [1, 2, 4]]": [14, -179.94716623858204, []], "[\"10.0.0.11_10.0.0.41\", [1, 2, 4]]": [13, -178.63683062049924, []], "[\"NoTrans\", []]": [12, -197.43071181236758, []]}, "{\"10.0.0.11_10.0.0.41\": [1, 2, 4], \"10.0.0.12_10.0.0.42\": [1, 3, 4], \"10.0.0.13_10.0.0.43\": [1, 2, 4]}": {"[\"10.0.0.13_10.0.0.43\", [1, 3, 4]]": [12, -146.3519291344515, []], "[\"10.0.0.12_10.0.0.42\", [1, 2, 4]]": [17, -195.33105574558044, []], "[\"10.0.0.11_10.0.0.41\", [1, 3, 4]]": [14, -190.0453375034569, []], "[\"NoTrans\", []]": [14, -175.54661306023365, []]}, "{\"10.0.0.11_10.0.0.41\": [1, 3, 4], \"10.0.0.12_10.0.0.42\": [1, 2, 4], \"10.0.0.13_10.0.0.43\": [1, 2, 4]}": {"[\"10.0.0.13_10.0.0.43\", [1, 3, 4]]": [14, -161.27039375400216, []], "[\"10.0.0.12_10.0.0.42\", [1, 3, 4]]": [14, -171.69146308144119, []], "[\"10.0.0.11_10.0.0.41\", [1, 2, 4]]": [15, -193.44749244582073, []], "[\"NoTrans\", []]": [15, -180.52409507876195, []]}, "{\"10.0.0.11_10.0.0.41\": [1, 2, 4], \"10.0.0.12_10.0.0.42\": [1, 2, 4], \"10.0.0.13_10.0.0.43\": [1, 2, 4]}": {"[\"10.0.0.13_10.0.0.43\", [1, 3, 4]]": [15, -110.31511167406508, []], "[\"10.0.0.12_10.0.0.42\", [1, 3, 4]]": [16, -174.71969894795097, []], "[\"10.0.0.11_10.0.0.41\", [1, 3, 4]]": [16, -175.58504610934415, []], "[\"NoTrans\", []]": [20, -194.55246018059466, []]}}