{"{\"10.0.0.11_10.0.0.41\": [1, 3, 4], \"10.0.0.12_10.0.0.42\": [1, 3, 4], \"10.0.0.13_10.0.0.43\": [1, 3, 4]}": {"[\"10.0.0.12_10.0.0.42\", [1, 2, 4]]": [15, -414.0113155225443, []], "[\"10.0.0.11_10.0.0.41\", [1, 2, 4]]": [10, -428.5208250273303, []], "[\"10.0.0.13_10.0.0.43\", [1, 2, 4]]": [19, -415.64960555145393, []], "[\"NoTrans\", []]": [10, -431.11617761380404, []]}, "{\"10.0.0.11_10.0.0.41\": [1, 3, 4], \"10.0.0.12_10.0.0.42\": [1, 3, 4], \"10.0.0.13_10.0.0.43\": [1, 2, 4]}": {"[\"10.0.0.12_10.0.0.42\", [1, 2, 4]]": [18, -437.0876080455889, []], "[\"10.0.0.11_10.0.0.41\", [1, 2, 4]]": [17, -437.60526174290965, []], "[\"10.0.0.13_10.0.0.43\", [1, 3, 4]]": [17, -432.9217697689494, []], "[\"NoTrans\", []]": [45, -415.182347121906, []]}, "{\"10.0.0.11_10.0.0.41\": [1, 2, 4], \"10.0.0.12_10.0.0.42\": [1, 3, 4], \"10.0.0.13_10.0.0.43\": [1, 3, 4]}": {"[\"10.0.0.12_10.0.0.42\", [1, 2, 4]]": [10, -425.8102021183617, []], "[\"10.0.0.11_10.0.0.41\", [1, 3, 4]]": [11, -428.43676410941214, []], "[\"10.0.0.13_10.0.0.43\", [1, 2, 4]]": [9, -434.6432562987338, []], "[\"NoTrans\", []]": [7, -425.887319684405, []]}, "{\"10.0.0.11_10.0.0.41\": [1, 2, 4], \"10.0.0.12_10.0.0.42\": [1, 3, 4], \"10.0.0.13_10.0.0.43\": [1, 2, 4]}": {"[\"10.0.0.12_10.0.0.42\", [1, 2, 4]]": [6, -427.22348427036786, []], "[\"10.0.0.11_10.0.0.41\", [1, 3, 4]]": [17, -416.32113325039603, []], "[\"10.0.0.13_10.0.0.43\", [1, 3, 4]]": [10, -440.72753183870043, []], "[\"NoTrans\", []]": [9, -428.8972282815471, []]}, "{\"10.0.0.11_10.0.0.41\": [1, 3, 4], \"10.0.0.12_10.0.0.42\": [1, 2, 4], \"10.0.0.13_10.0.0.43\": [1, 3, 4]}": {"[\"10.0.0.12_10.0.0.42\", [1, 3, 4]]": [16, -432.4429425240768, []], "[\"10.0.0.11_10.0.0.41\", [1, 2, 4]]": [14, -431.93314834127574, []], "[\"10.0.0.13_10.0.0.43\", [1, 2, 4]]": [15, -432.752186967762, []], "[\"NoTrans\", []]": [25, -413.47046334286983, []]}, "{\"10.0.0.11_10.0.0.41\": [1, 3, 4], \"10.0.0.12_10.0.0.42\": [1, 2, 4], \"10.0.0.13_10.0.0.43\": [1, 2, 4]}": {"[\"10.0.0.12_10.0.0.42\", [1, 3, 4]]": [17, -417.25283881117883, []], "[\"10.0.0.11_10.0.0.41\", [1, 2, 4]]": [8, -439.2699796372783, []], "[\"10.0.0.13_10.0.0.43\", [1, 3, 4]]": [16, -413.9047956910324, []], "[\"NoTrans\", []]": [9, -432.85127489525, []]}, "{\"10.0.0.11_10.0.0.41\": [1, 2, 4], \"10.0.0.12_10.0.0.42\": [1, 2, 4], \"10.0.0.13_10.0.0.43\": [1, 3, 4]}": {"[\"10.0.0.12_10.0.0.42\", [1, 3, 4]]": [9, -422.86647414849097, []], "[\"10.0.0.11_10.0.0.41\", [1, 3, 4]]": [14, -413.18686121935923, []], "[\"10.0.0.13_10.0.0.43\", [1, 2, 4]]": [7, -433.7547413208541, []], "[\"NoTrans\", []]": [10, -431.1909866020133, []]}, "{\"10.0.0.11_10.0.0.41\": [1, 2, 4], \"10.0.0.12_10.0.0.42\": [1, 2, 4], \"10.0.0.13_10.0.0.43\": [1, 2, 4]}": {"[\"10.0.0.12_10.0.0.42\", [1, 3, 4]]": [7, -403.4904129389006, []], "[\"10.0.0.11_10.0.0.41\", [1, 3, 4]]": [8, -427.27824977942487, []], "[\"10.0.0.13_10.0.0.43\", [1, 3, 4]]": [6, -422.0810212899377, []], "[\"NoTrans\", []]": [5, -432.0676225685684, []]}}