{"{\"10.0.0.11_10.0.0.41\": [1, 3, 4], \"10.0.0.12_10.0.0.42\": [1, 3, 4], \"10.0.0.13_10.0.0.43\": [1, 3, 4]}": {"[\"10.0.0.11_10.0.0.41\", [1, 2, 4]]": [5, -134.7245621737179, []], "[\"10.0.0.13_10.0.0.43\", [1, 2, 4]]": [2, -187.04180022157516, []], "[\"10.0.0.12_10.0.0.42\", [1, 2, 4]]": [2, -176.93920488552254, []], "[\"NoTrans\", []]": [2, -186.350062466172, []]}, "{\"10.0.0.11_10.0.0.41\": [1, 3, 4], \"10.0.0.12_10.0.0.42\": [1, 2, 4], \"10.0.0.13_10.0.0.43\": [1, 3, 4]}": {"[\"10.0.0.11_10.0.0.41\", [1, 2, 4]]": [2, -173.21129011702163, []], "[\"10.0.0.13_10.0.0.43\", [1, 2, 4]]": [1, -179.0733312704993, []], "[\"10.0.0.12_10.0.0.42\", [1, 3, 4]]": [2, -185.40201482823255, []], "[\"NoTrans\", []]": [1, -146.04926611604697, []]}, "{\"10.0.0.11_10.0.0.41\": [1, 3, 4], \"10.0.0.12_10.0.0.42\": [1, 3, 4], \"10.0.0.13_10.0.0.43\": [1, 2, 4]}": {"[\"10.0.0.11_10.0.0.41\", [1, 2, 4]]": [3, -201.08673864145464, []], "[\"10.0.0.13_10.0.0.43\", [1, 3, 4]]": [3, -192.60729305373656, []], "[\"10.0.0.12_10.0.0.42\", [1, 2, 4]]": [1, -187.17543493100686, []], "[\"NoTrans\", []]": [2, -166.33263008532344, []]}, "{\"10.0.0.11_10.0.0.41\": [1, 3, 4], \"10.0.0.12_10.0.0.42\": [1, 2, 4], \"10.0.0.13_10.0.0.43\": [1, 2, 4]}": {"[\"10.0.0.11_10.0.0.41\", [1, 2, 4]]": [1, -159.48625551922882, []], "[\"10.0.0.13_10.0.0.43\", [1, 3, 4]]": [1, -146.154128018015, []], "[\"10.0.0.12_10.0.0.42\", [1, 3, 4]]": [2, -165.32942967527418, []], "[\"NoTrans\", []]": [1, -163.56477320619885, []]}, "{\"10.0.0.11_10.0.0.41\": [1, 2, 4], \"10.0.0.12_10.0.0.42\": [1, 3, 4], \"10.0.0.13_10.0.0.43\": [1, 3, 4]}": {"[\"10.0.0.11_10.0.0.41\", [1, 3, 4]]": [4, -188.11853757525893, []], "[\"10.0.0.13_10.0.0.43\", [1, 2, 4]]": [3, -192.08349514525523, []], "[\"10.0.0.12_10.0.0.42\", [1, 2, 4]]": [3, -195.46055148722422, []], "[\"NoTrans\", []]": [614, -121.95822662378764, []]}, "{\"10.0.0.11_10.0.0.41\": [1, 2, 4], \"10.0.0.12_10.0.0.42\": [1, 2, 4], \"10.0.0.13_10.0.0.43\": [1, 3, 4]}": {"[\"10.0.0.11_10.0.0.41\", [1, 3, 4]]": [2, -159.01578190832714, []], "[\"10.0.0.13_10.0.0.43\", [1, 2, 4]]": [1, -158.6105917619046, []], "[\"10.0.0.12_10.0.0.42\", [1, 3, 4]]": [3, -161.1761288606707, []], "[\"NoTrans\", []]": [2, -190.59760766366446, []]}, "{\"10.0.0.11_10.0.0.41\": [1, 2, 4], \"10.0.0.12_10.0.0.42\": [1, 3, 4], \"10.0.0.13_10.0.0.43\": [1, 2, 4]}": {"[\"10.0.0.11_10.0.0.41\", [1, 3, 4]]": [3, -197.35801055160294, []], "[\"10.0.0.13_10.0.0.43\", [1, 3, 4]]": [3, -154.88523591916638, []], "[\"10.0.0.12_10.0.0.42\", [1, 2, 4]]": [2, -177.9323767350491, []], "[\"NoTrans\", []]": [2, -182.79787360507578, []]}, "{\"10.0.0.11_10.0.0.41\": [1, 2, 4], \"10.0.0.12_10.0.0.42\": [1, 2, 4], \"10.0.0.13_10.0.0.43\": [1, 2, 4]}": {"[\"10.0.0.11_10.0.0.41\", [1, 3, 4]]": [2, -180.3826391623675, []], "[\"10.0.0.13_10.0.0.43\", [1, 3, 4]]": [1, -86.70682446317888, []], "[\"10.0.0.12_10.0.0.42\", [1, 3, 4]]": [1, -124.62925845572218, []], "[\"NoTrans\", []]": [1, -156.39444338543979, []]}}