{"{\"10.0.0.11_10.0.0.41\": [1, 3, 4], \"10.0.0.12_10.0.0.42\": [1, 3, 4], \"10.0.0.13_10.0.0.43\": [1, 3, 4]}": {"[\"10.0.0.12_10.0.0.42\", [1, 2, 4]]": [13, -295.25438261265475, []], "[\"10.0.0.13_10.0.0.43\", [1, 2, 4]]": [19, -295.091200837692, []], "[\"10.0.0.11_10.0.0.41\", [1, 2, 4]]": [27, -174.3486840311542, []], "[\"NoTrans\", []]": [18, -252.93217428117413, []]}, "{\"10.0.0.11_10.0.0.41\": [1, 2, 4], \"10.0.0.12_10.0.0.42\": [1, 3, 4], \"10.0.0.13_10.0.0.43\": [1, 3, 4]}": {"[\"10.0.0.12_10.0.0.42\", [1, 2, 4]]": [25, -282.24912573268705, []], "[\"10.0.0.13_10.0.0.43\", [1, 2, 4]]": [19, -281.11103196703726, []], "[\"10.0.0.11_10.0.0.41\", [1, 3, 4]]": [25, -266.7106968513768, []], "[\"NoTrans\", []]": [48, -183.78491014054265, []]}, "{\"10.0.0.11_10.0.0.41\": [1, 3, 4], \"10.0.0.12_10.0.0.42\": [1, 3, 4], \"10.0.0.13_10.0.0.43\": [1, 2, 4]}": {"[\"10.0.0.12_10.0.0.42\", [1, 2, 4]]": [13, -325.1724622025968, []], "[\"10.0.0.13_10.0.0.43\", [1, 3, 4]]": [21, -250.32323941192743, []], "[\"10.0.0.11_10.0.0.41\", [1, 2, 4]]": [11, -294.65807701227027, []], "[\"NoTrans\", []]": [13, -293.56757509391764, []]}, "{\"10.0.0.11_10.0.0.41\": [1, 2, 4], \"10.0.0.12_10.0.0.42\": [1, 3, 4], \"10.0.0.13_10.0.0.43\": [1, 2, 4]}": {"[\"10.0.0.12_10.0.0.42\", [1, 2, 4]]": [10, -369.33062570518666, []], "[\"10.0.0.13_10.0.0.43\", [1, 3, 4]]": [18, -210.8767742770637, []], "[\"10.0.0.11_10.0.0.41\", [1, 3, 4]]": [16, -297.2187427618772, []], "[\"NoTrans\", []]": [17, -289.2252694004621, []]}, "{\"10.0.0.11_10.0.0.41\": [1, 3, 4], \"10.0.0.12_10.0.0.42\": [1, 2, 4], \"10.0.0.13_10.0.0.43\": [1, 3, 4]}": {"[\"10.0.0.12_10.0.0.42\", [1, 3, 4]]": [13, -256.4207825059522, []], "[\"10.0.0.13_10.0.0.43\", [1, 2, 4]]": [10, -323.15709443492364, []], "[\"10.0.0.11_10.0.0.41\", [1, 2, 4]]": [15, -303.93879418619815, []], "[\"NoTrans\", []]": [20, -296.73350151146286, []]}, "{\"10.0.0.11_10.0.0.41\": [1, 2, 4], \"10.0.0.12_10.0.0.42\": [1, 2, 4], \"10.0.0.13_10.0.0.43\": [1, 3, 4]}": {"[\"10.0.0.12_10.0.0.42\", [1, 3, 4]]": [25, -219.576369720039, []], "[\"10.0.0.13_10.0.0.43\", [1, 2, 4]]": [14, -371.0926716246057, []], "[\"10.0.0.11_10.0.0.41\", [1, 3, 4]]": [18, -296.05723579092637, []], "[\"NoTrans\", []]": [30, -304.39827346318555, []]}, "{\"10.0.0.11_10.0.0.41\": [1, 3, 4], \"10.0.0.12_10.0.0.42\": [1, 2, 4], \"10.0.0.13_10.0.0.43\": [1, 2, 4]}": {"[\"10.0.0.12_10.0.0.42\", [1, 3, 4]]": [10, -298.98083658992795, []], "[\"10.0.0.13_10.0.0.43\", [1, 3, 4]]": [7, -290.09075137851084, []], "[\"10.0.0.11_10.0.0.41\", [1, 2, 4]]": [11, -367.14824361059567, []], "[\"NoTrans\", []]": [7, -325.7686692736234, []]}, "{\"10.0.0.11_10.0.0.41\": [1, 2, 4], \"10.0.0.12_10.0.0.42\": [1, 2, 4], \"10.0.0.13_10.0.0.43\": [1, 2, 4]}": {"[\"10.0.0.12_10.0.0.42\", [1, 3, 4]]": [14, -301.5839409514915, []], "[\"10.0.0.13_10.0.0.43\", [1, 3, 4]]": [16, -296.18867984011223, []], "[\"10.0.0.11_10.0.0.41\", [1, 3, 4]]": [5, -321.4547964254997, []], "[\"NoTrans\", []]": [10, -370.4739815316605, []]}}