{"{\"10.0.0.11_10.0.0.41\": [1, 3, 4], \"10.0.0.12_10.0.0.42\": [1, 3, 4], \"10.0.0.13_10.0.0.43\": [1, 3, 4]}": {"[\"10.0.0.13_10.0.0.43\", [1, 2, 4]]": [11, -297.62065759372564, []], "[\"10.0.0.11_10.0.0.41\", [1, 2, 4]]": [12, -173.87147078221244, []], "[\"10.0.0.12_10.0.0.42\", [1, 2, 4]]": [14, -303.8179882589303, []], "[\"NoTrans\", []]": [14, -278.10276250770164, []]}, "{\"10.0.0.11_10.0.0.41\": [1, 3, 4], \"10.0.0.12_10.0.0.42\": [1, 2, 4], \"10.0.0.13_10.0.0.43\": [1, 3, 4]}": {"[\"10.0.0.13_10.0.0.43\", [1, 2, 4]]": [10, -351.24003904083685, []], "[\"10.0.0.11_10.0.0.41\", [1, 2, 4]]": [19, -296.5386015282194, []], "[\"10.0.0.12_10.0.0.42\", [1, 3, 4]]": [11, -273.7966547387735, []], "[\"NoTrans\", []]": [13, -303.3628940392326, []]}, "{\"10.0.0.11_10.0.0.41\": [1, 2, 4], \"10.0.0.12_10.0.0.42\": [1, 3, 4], \"10.0.0.13_10.0.0.43\": [1, 3, 4]}": {"[\"10.0.0.13_10.0.0.43\", [1, 2, 4]]": [25, -296.30096781961817, []], "[\"10.0.0.11_10.0.0.41\", [1, 3, 4]]": [12, -257.72536610045825, []], "[\"10.0.0.12_10.0.0.42\", [1, 2, 4]]": [24, -294.7980992776152, []], "[\"NoTrans\", []]": [41, -167.59994715640545, []]}, "{\"10.0.0.11_10.0.0.41\": [1, 2, 4], \"10.0.0.12_10.0.0.42\": [1, 2, 4], \"10.0.0.13_10.0.0.43\": [1, 3, 4]}": {"[\"10.0.0.13_10.0.0.43\", [1, 2, 4]]": [15, -366.5836964809762, []], "[\"10.0.0.11_10.0.0.41\", [1, 3, 4]]": [18, -297.7434475875823, []], "[\"10.0.0.12_10.0.0.42\", [1, 3, 4]]": [22, -231.97613119606956, []], "[\"NoTrans\", []]": [14, -295.4029597499865, []]}, "{\"10.0.0.11_10.0.0.41\": [1, 3, 4], \"10.0.0.12_10.0.0.42\": [1, 3, 4], \"10.0.0.13_10.0.0.43\": [1, 2, 4]}": {"[\"10.0.0.13_10.0.0.43\", [1, 3, 4]]": [14, -274.6397539878904, []], "[\"10.0.0.11_10.0.0.41\", [1, 2, 4]]": [14, -302.04860666655094, []], "[\"10.0.0.12_10.0.0.42\", [1, 2, 4]]": [15, -354.7815368147612, []], "[\"NoTrans\", []]": [13, -308.84739130713996, []]}, "{\"10.0.0.11_10.0.0.41\": [1, 3, 4], \"10.0.0.12_10.0.0.42\": [1, 2, 4], \"10.0.0.13_10.0.0.43\": [1, 2, 4]}": {"[\"10.0.0.13_10.0.0.43\", [1, 3, 4]]": [8, -305.06502430502337, []], "[\"10.0.0.11_10.0.0.41\", [1, 2, 4]]": [16, -362.0185176867558, []], "[\"10.0.0.12_10.0.0.42\", [1, 3, 4]]": [15, -306.8610966747081, []], "[\"NoTrans\", []]": [13, -351.12537339127846, []]}, "{\"10.0.0.11_10.0.0.41\": [1, 2, 4], \"10.0.0.12_10.0.0.42\": [1, 3, 4], \"10.0.0.13_10.0.0.43\": [1, 2, 4]}": {"[\"10.0.0.13_10.0.0.43\", [1, 3, 4]]": [27, -230.25526185643193, []], "[\"10.0.0.11_10.0.0.41\", [1, 3, 4]]": [16, -307.88179132740294, []], "[\"10.0.0.12_10.0.0.42\", [1, 2, 4]]": [14, -365.73019274753676, []], "[\"NoTrans\", []]": [20, -292.1629969991825, []]}, "{\"10.0.0.11_10.0.0.41\": [1, 2, 4], \"10.0.0.12_10.0.0.42\": [1, 2, 4], \"10.0.0.13_10.0.0.43\": [1, 2, 4]}": {"[\"10.0.0.13_10.0.0.43\", [1, 3, 4]]": [12, -292.28535122121843, []], "[\"10.0.0.11_10.0.0.41\", [1, 3, 4]]": [14, -350.24297346420104, []], "[\"10.0.0.12_10.0.0.42\", [1, 3, 4]]": [18, -294.8030974616839, []], "[\"NoTrans\", []]": [13, -360.987548079046, []]}}