{"{\"10.0.0.11_10.0.0.41\": [1, 3, 4], \"10.0.0.12_10.0.0.42\": [1, 3, 4], \"10.0.0.13_10.0.0.43\": [1, 3, 4]}": {"[\"10.0.0.13_10.0.0.43\", [1, 2, 4]]": [12, -298.4761118590868, []], "[\"10.0.0.12_10.0.0.42\", [1, 2, 4]]": [16, -292.1770348212918, []], "[\"10.0.0.11_10.0.0.41\", [1, 2, 4]]": [14, -211.0571416012389, []], "[\"NoTrans\", []]": [7, -264.0875743478358, []]}, "{\"10.0.0.11_10.0.0.41\": [1, 2, 4], \"10.0.0.12_10.0.0.42\": [1, 3, 4], \"10.0.0.13_10.0.0.43\": [1, 3, 4]}": {"[\"10.0.0.13_10.0.0.43\", [1, 2, 4]]": [18, -302.60245085123677, []], "[\"10.0.0.12_10.0.0.42\", [1, 2, 4]]": [20, -301.53124802039565, []], "[\"10.0.0.11_10.0.0.41\", [1, 3, 4]]": [16, -265.2453077204815, []], "[\"NoTrans\", []]": [16, -218.4516430938382, []]}, "{\"10.0.0.11_10.0.0.41\": [1, 3, 4], \"10.0.0.12_10.0.0.42\": [1, 2, 4], \"10.0.0.13_10.0.0.43\": [1, 3, 4]}": {"[\"10.0.0.13_10.0.0.43\", [1, 2, 4]]": [21, -342.0637663258392, []], "[\"10.0.0.12_10.0.0.42\", [1, 3, 4]]": [11, -260.09233910677113, []], "[\"10.0.0.11_10.0.0.41\", [1, 2, 4]]": [26, -305.28009386240916, []], "[\"NoTrans\", []]": [35, -292.8812222241991, []]}, "{\"10.0.0.11_10.0.0.41\": [1, 2, 4], \"10.0.0.12_10.0.0.42\": [1, 2, 4], \"10.0.0.13_10.0.0.43\": [1, 3, 4]}": {"[\"10.0.0.13_10.0.0.43\", [1, 2, 4]]": [14, -369.91431493308403, []], "[\"10.0.0.12_10.0.0.42\", [1, 3, 4]]": [20, -248.08397082977694, []], "[\"10.0.0.11_10.0.0.41\", [1, 3, 4]]": [26, -292.31785536091013, []], "[\"NoTrans\", []]": [23, -305.95580667545767, []]}, "{\"10.0.0.11_10.0.0.41\": [1, 3, 4], \"10.0.0.12_10.0.0.42\": [1, 3, 4], \"10.0.0.13_10.0.0.43\": [1, 2, 4]}": {"[\"10.0.0.13_10.0.0.43\", [1, 3, 4]]": [15, -264.0329224905933, []], "[\"10.0.0.12_10.0.0.42\", [1, 2, 4]]": [7, -341.7473823943534, []], "[\"10.0.0.11_10.0.0.41\", [1, 2, 4]]": [18, -304.443334234924, []], "[\"NoTrans\", []]": [13, -301.6127624814468, []]}, "{\"10.0.0.11_10.0.0.41\": [1, 2, 4], \"10.0.0.12_10.0.0.42\": [1, 3, 4], \"10.0.0.13_10.0.0.43\": [1, 2, 4]}": {"[\"10.0.0.13_10.0.0.43\", [1, 3, 4]]": [20, -242.71853600258663, []], "[\"10.0.0.12_10.0.0.42\", [1, 2, 4]]": [18, -374.31750027266173, []], "[\"10.0.0.11_10.0.0.41\", [1, 3, 4]]": [17, -303.23584607975056, []], "[\"NoTrans\", []]": [20, -236.8366936707473, []]}, "{\"10.0.0.11_10.0.0.41\": [1, 3, 4], \"10.0.0.12_10.0.0.42\": [1, 2, 4], \"10.0.0.13_10.0.0.43\": [1, 2, 4]}": {"[\"10.0.0.13_10.0.0.43\", [1, 3, 4]]": [17, -294.3191011401414, []], "[\"10.0.0.12_10.0.0.42\", [1, 3, 4]]": [11, -297.7138401637993, []], "[\"10.0.0.11_10.0.0.41\", [1, 2, 4]]": [12, -377.74106597900914, []], "[\"NoTrans\", []]": [9, -335.09138313246643, []]}, "{\"10.0.0.11_10.0.0.41\": [1, 2, 4], \"10.0.0.12_10.0.0.42\": [1, 2, 4], \"10.0.0.13_10.0.0.43\": [1, 2, 4]}": {"[\"10.0.0.13_10.0.0.43\", [1, 3, 4]]": [14, -305.71434668170525, []], "[\"10.0.0.12_10.0.0.42\", [1, 3, 4]]": [19, -301.299930916093, []], "[\"10.0.0.11_10.0.0.41\", [1, 3, 4]]": [11, -317.87271902600213, []], "[\"NoTrans\", []]": [18, -375.5666818298526, []]}}