{"{\"10.0.0.11_10.0.0.41\": [1, 3, 4], \"10.0.0.12_10.0.0.42\": [1, 3, 4], \"10.0.0.13_10.0.0.43\": [1, 3, 4]}": {"[\"10.0.0.12_10.0.0.42\", [1, 2, 4]]": [13, -294.77969196812074, []], "[\"10.0.0.13_10.0.0.43\", [1, 2, 4]]": [16, -284.20992436300975, []], "[\"10.0.0.11_10.0.0.41\", [1, 2, 4]]": [36, -175.85802731141393, []], "[\"NoTrans\", []]": [19, -247.73874806943044, []]}, "{\"10.0.0.11_10.0.0.41\": [1, 2, 4], \"10.0.0.12_10.0.0.42\": [1, 3, 4], \"10.0.0.13_10.0.0.43\": [1, 3, 4]}": {"[\"10.0.0.12_10.0.0.42\", [1, 2, 4]]": [28, -289.40281242370077, []], "[\"10.0.0.13_10.0.0.43\", [1, 2, 4]]": [28, -289.1066816425768, []], "[\"10.0.0.11_10.0.0.41\", [1, 3, 4]]": [28, -249.24030849654383, []], "[\"NoTrans\", []]": [42, -184.8603929584417, []]}, "{\"10.0.0.11_10.0.0.41\": [1, 3, 4], \"10.0.0.12_10.0.0.42\": [1, 3, 4], \"10.0.0.13_10.0.0.43\": [1, 2, 4]}": {"[\"10.0.0.12_10.0.0.42\", [1, 2, 4]]": [12, -327.6951895563967, []], "[\"10.0.0.13_10.0.0.43\", [1, 3, 4]]": [17, -246.45382739809855, []], "[\"10.0.0.11_10.0.0.41\", [1, 2, 4]]": [13, -295.28758214934544, []], "[\"NoTrans\", []]": [13, -287.9871122533656, []]}, "{\"10.0.0.11_10.0.0.41\": [1, 2, 4], \"10.0.0.12_10.0.0.42\": [1, 3, 4], \"10.0.0.13_10.0.0.43\": [1, 2, 4]}": {"[\"10.0.0.12_10.0.0.42\", [1, 2, 4]]": [12, -355.1454998963673, []], "[\"10.0.0.13_10.0.0.43\", [1, 3, 4]]": [25, -221.87312250865605, []], "[\"10.0.0.11_10.0.0.41\", [1, 3, 4]]": [17, -292.9126061873574, []], "[\"NoTrans\", []]": [11, -288.5534844650894, []]}, "{\"10.0.0.11_10.0.0.41\": [1, 3, 4], \"10.0.0.12_10.0.0.42\": [1, 2, 4], \"10.0.0.13_10.0.0.43\": [1, 3, 4]}": {"[\"10.0.0.12_10.0.0.42\", [1, 3, 4]]": [20, -253.09681275641668, []], "[\"10.0.0.13_10.0.0.43\", [1, 2, 4]]": [10, -339.1687344379556, []], "[\"10.0.0.11_10.0.0.41\", [1, 2, 4]]": [8, -282.03651897959355, []], "[\"NoTrans\", []]": [15, -289.5627702813795, []]}, "{\"10.0.0.11_10.0.0.41\": [1, 2, 4], \"10.0.0.12_10.0.0.42\": [1, 2, 4], \"10.0.0.13_10.0.0.43\": [1, 3, 4]}": {"[\"10.0.0.12_10.0.0.42\", [1, 3, 4]]": [22, -220.663312764771, []], "[\"10.0.0.13_10.0.0.43\", [1, 2, 4]]": [13, -350.5403120134435, []], "[\"10.0.0.11_10.0.0.41\", [1, 3, 4]]": [12, -291.2926177249301, []], "[\"NoTrans\", []]": [18, -287.6579754569602, []]}, "{\"10.0.0.11_10.0.0.41\": [1, 3, 4], \"10.0.0.12_10.0.0.42\": [1, 2, 4], \"10.0.0.13_10.0.0.43\": [1, 2, 4]}": {"[\"10.0.0.12_10.0.0.42\", [1, 3, 4]]": [9, -290.69884788219383, []], "[\"10.0.0.13_10.0.0.43\", [1, 3, 4]]": [13, -291.4191378736255, []], "[\"10.0.0.11_10.0.0.41\", [1, 2, 4]]": [13, -350.73803926938433, []], "[\"NoTrans\", []]": [9, -337.8363525620598, []]}, "{\"10.0.0.11_10.0.0.41\": [1, 2, 4], \"10.0.0.12_10.0.0.42\": [1, 2, 4], \"10.0.0.13_10.0.0.43\": [1, 2, 4]}": {"[\"10.0.0.12_10.0.0.42\", [1, 3, 4]]": [13, -289.7222184001513, []], "[\"10.0.0.13_10.0.0.43\", [1, 3, 4]]": [12, -285.839181483797, []], "[\"10.0.0.11_10.0.0.41\", [1, 3, 4]]": [13, -334.4861018570503, []], "[\"NoTrans\", []]": [14, -337.532174381633, []]}}