{"{\"10.0.0.11_10.0.0.41\": [1, 3, 4], \"10.0.0.12_10.0.0.42\": [1, 3, 4], \"10.0.0.13_10.0.0.43\": [1, 3, 4]}": {"[\"10.0.0.11_10.0.0.41\", [1, 2, 4]]": [8, -427.97474368985854, []], "[\"10.0.0.13_10.0.0.43\", [1, 2, 4]]": [17, -407.9194704331297, []], "[\"10.0.0.12_10.0.0.42\", [1, 2, 4]]": [16, -403.7980270902589, []], "[\"NoTrans\", []]": [10, -419.421193453725, []]}, "{\"10.0.0.11_10.0.0.41\": [1, 3, 4], \"10.0.0.12_10.0.0.42\": [1, 2, 4], \"10.0.0.13_10.0.0.43\": [1, 3, 4]}": {"[\"10.0.0.11_10.0.0.41\", [1, 2, 4]]": [14, -421.05670049098836, []], "[\"10.0.0.13_10.0.0.43\", [1, 2, 4]]": [16, -423.0242924446437, []], "[\"10.0.0.12_10.0.0.42\", [1, 3, 4]]": [13, -423.22662115515936, []], "[\"NoTrans\", []]": [32, -402.94874962699686, []]}, "{\"10.0.0.11_10.0.0.41\": [1, 3, 4], \"10.0.0.12_10.0.0.42\": [1, 3, 4], \"10.0.0.13_10.0.0.43\": [1, 2, 4]}": {"[\"10.0.0.11_10.0.0.41\", [1, 2, 4]]": [15, -428.1912780344816, []], "[\"10.0.0.13_10.0.0.43\", [1, 3, 4]]": [19, -424.84964117275456, []], "[\"10.0.0.12_10.0.0.42\", [1, 2, 4]]": [16, -424.7181202681889, []], "[\"NoTrans\", []]": [53, -405.5942129801667, []]}, "{\"10.0.0.11_10.0.0.41\": [1, 3, 4], \"10.0.0.12_10.0.0.42\": [1, 2, 4], \"10.0.0.13_10.0.0.43\": [1, 2, 4]}": {"[\"10.0.0.11_10.0.0.41\", [1, 2, 4]]": [6, -424.3685473167073, []], "[\"10.0.0.13_10.0.0.43\", [1, 3, 4]]": [13, -403.6816067237081, []], "[\"10.0.0.12_10.0.0.42\", [1, 3, 4]]": [19, -405.64186824797815, []], "[\"NoTrans\", []]": [9, -421.64054688867054, []]}, "{\"10.0.0.11_10.0.0.41\": [1, 2, 4], \"10.0.0.12_10.0.0.42\": [1, 3, 4], \"10.0.0.13_10.0.0.43\": [1, 3, 4]}": {"[\"10.0.0.11_10.0.0.41\", [1, 3, 4]]": [9, -417.3629197245186, []], "[\"10.0.0.13_10.0.0.43\", [1, 2, 4]]": [10, -419.5319825232802, []], "[\"10.0.0.12_10.0.0.42\", [1, 2, 4]]": [8, -410.75192639033077, []], "[\"NoTrans\", []]": [6, -407.1527730624126, []]}, "{\"10.0.0.11_10.0.0.41\": [1, 2, 4], \"10.0.0.12_10.0.0.42\": [1, 2, 4], \"10.0.0.13_10.0.0.43\": [1, 3, 4]}": {"[\"10.0.0.11_10.0.0.41\", [1, 3, 4]]": [14, -401.2682783715986, []], "[\"10.0.0.13_10.0.0.43\", [1, 2, 4]]": [6, -420.32536470092924, []], "[\"10.0.0.12_10.0.0.42\", [1, 3, 4]]": [9, -418.4190061001323, []], "[\"NoTrans\", []]": [7, -407.50160819579133, []]}, "{\"10.0.0.11_10.0.0.41\": [1, 2, 4], \"10.0.0.12_10.0.0.42\": [1, 3, 4], \"10.0.0.13_10.0.0.43\": [1, 2, 4]}": {"[\"10.0.0.11_10.0.0.41\", [1, 3, 4]]": [14, -402.4414401953139, []], "[\"10.0.0.13_10.0.0.43\", [1, 3, 4]]": [10, -429.48784470207136, []], "[\"10.0.0.12_10.0.0.42\", [1, 2, 4]]": [6, -424.69652447651544, []], "[\"NoTrans\", []]": [8, -422.6582400992501, []]}, "{\"10.0.0.11_10.0.0.41\": [1, 2, 4], \"10.0.0.12_10.0.0.42\": [1, 2, 4], \"10.0.0.13_10.0.0.43\": [1, 2, 4]}": {"[\"10.0.0.11_10.0.0.41\", [1, 3, 4]]": [6, -416.1844912353382, []], "[\"10.0.0.13_10.0.0.43\", [1, 3, 4]]": [7, -408.01352155351947, []], "[\"10.0.0.12_10.0.0.42\", [1, 3, 4]]": [5, -396.7363346131483, []], "[\"NoTrans\", []]": [5, -421.00267668287756, []]}}