{"{\"10.0.0.11_10.0.0.41\": [1, 3, 4], \"10.0.0.12_10.0.0.42\": [1, 3, 4], \"10.0.0.13_10.0.0.43\": [1, 3, 4]}": {"[\"10.0.0.13_10.0.0.43\", [1, 2, 4]]": [10, -325.7632256134247, []], "[\"10.0.0.12_10.0.0.42\", [1, 2, 4]]": [9, -328.196206606055, []], "[\"10.0.0.11_10.0.0.41\", [1, 2, 4]]": [64, -126.60968328109047, []], "[\"NoTrans\", []]": [5, -315.57300059125026, []]}, "{\"10.0.0.11_10.0.0.41\": [1, 2, 4], \"10.0.0.12_10.0.0.42\": [1, 3, 4], \"10.0.0.13_10.0.0.43\": [1, 3, 4]}": {"[\"10.0.0.13_10.0.0.43\", [1, 2, 4]]": [29, -234.59432244695438, []], "[\"10.0.0.12_10.0.0.42\", [1, 2, 4]]": [17, -248.4210697937314, []], "[\"10.0.0.11_10.0.0.41\", [1, 3, 4]]": [66, -201.24359252059963, []], "[\"NoTrans\", []]": [484, -134.04009280357442, []]}, "{\"10.0.0.11_10.0.0.41\": [1, 3, 4], \"10.0.0.12_10.0.0.42\": [1, 2, 4], \"10.0.0.13_10.0.0.43\": [1, 3, 4]}": {"[\"10.0.0.13_10.0.0.43\", [1, 2, 4]]": [5, -344.27232752002953, []], "[\"10.0.0.12_10.0.0.42\", [1, 3, 4]]": [8, -341.89102281309977, []], "[\"10.0.0.11_10.0.0.41\", [1, 2, 4]]": [5, -372.0458506414488, []], "[\"NoTrans\", []]": [7, -346.4834589893594, []]}, "{\"10.0.0.11_10.0.0.41\": [1, 2, 4], \"10.0.0.12_10.0.0.42\": [1, 2, 4], \"10.0.0.13_10.0.0.43\": [1, 3, 4]}": {"[\"10.0.0.13_10.0.0.43\", [1, 2, 4]]": [8, -394.59961997934516, []], "[\"10.0.0.12_10.0.0.42\", [1, 3, 4]]": [14, -172.47758234365114, []], "[\"10.0.0.11_10.0.0.41\", [1, 3, 4]]": [0, -Infinity, []], "[\"NoTrans\", []]": [0, -Infinity, []]}, "{\"10.0.0.11_10.0.0.41\": [1, 3, 4], \"10.0.0.12_10.0.0.42\": [1, 3, 4], \"10.0.0.13_10.0.0.43\": [1, 2, 4]}": {"[\"10.0.0.13_10.0.0.43\", [1, 3, 4]]": [9, -407.75040342745496, []], "[\"10.0.0.12_10.0.0.42\", [1, 2, 4]]": [0, -Infinity, []], "[\"10.0.0.11_10.0.0.41\", [1, 2, 4]]": [4, -364.52026803299424, []], "[\"NoTrans\", []]": [20, -402.40786958768996, []]}, "{\"10.0.0.11_10.0.0.41\": [1, 2, 4], \"10.0.0.12_10.0.0.42\": [1, 3, 4], \"10.0.0.13_10.0.0.43\": [1, 2, 4]}": {"[\"10.0.0.13_10.0.0.43\", [1, 3, 4]]": [35, -171.86440328895512, []], "[\"10.0.0.12_10.0.0.42\", [1, 2, 4]]": [0, -Infinity, []], "[\"10.0.0.11_10.0.0.41\", [1, 3, 4]]": [3, -357.0402554705131, []], "[\"NoTrans\", []]": [7, -363.21322639305043, []]}, "{\"10.0.0.11_10.0.0.41\": [1, 3, 4], \"10.0.0.12_10.0.0.42\": [1, 2, 4], \"10.0.0.13_10.0.0.43\": [1, 2, 4]}": {"[\"10.0.0.13_10.0.0.43\", [1, 3, 4]]": [9, -348.340010943456, []], "[\"10.0.0.12_10.0.0.42\", [1, 3, 4]]": [0, -Infinity, []], "[\"10.0.0.11_10.0.0.41\", [1, 2, 4]]": [0, -Infinity, []], "[\"NoTrans\", []]": [0, -Infinity, []]}, "{\"10.0.0.11_10.0.0.41\": [1, 2, 4], \"10.0.0.12_10.0.0.42\": [1, 2, 4], \"10.0.0.13_10.0.0.43\": [1, 2, 4]}": {"[\"10.0.0.13_10.0.0.43\", [1, 3, 4]]": [0, -Infinity, []], "[\"10.0.0.12_10.0.0.42\", [1, 3, 4]]": [5, -367.2817576264496, []], "[\"10.0.0.11_10.0.0.41\", [1, 3, 4]]": [4, -371.53572571354397, []], "[\"NoTrans\", []]": [0, -Infinity, []]}}