{"{\"10.0.0.11_10.0.0.41\": [1, 3, 4], \"10.0.0.12_10.0.0.42\": [1, 3, 4], \"10.0.0.13_10.0.0.43\": [1, 3, 4]}": {"[\"10.0.0.12_10.0.0.42\", [1, 2, 4]]": [22, -286.34344268368244, []], "[\"10.0.0.13_10.0.0.43\", [1, 2, 4]]": [13, -278.3044283765742, []], "[\"10.0.0.11_10.0.0.41\", [1, 2, 4]]": [15, -167.07782152443696, []], "[\"NoTrans\", []]": [21, -242.7873919047634, []]}, "{\"10.0.0.11_10.0.0.41\": [1, 2, 4], \"10.0.0.12_10.0.0.42\": [1, 3, 4], \"10.0.0.13_10.0.0.43\": [1, 3, 4]}": {"[\"10.0.0.12_10.0.0.42\", [1, 2, 4]]": [9, -284.70270211252773, []], "[\"10.0.0.13_10.0.0.43\", [1, 2, 4]]": [17, -275.1817860660283, []], "[\"10.0.0.11_10.0.0.41\", [1, 3, 4]]": [13, -239.38880334431852, []], "[\"NoTrans\", []]": [13, -196.43636114363682, []]}, "{\"10.0.0.11_10.0.0.41\": [1, 3, 4], \"10.0.0.12_10.0.0.42\": [1, 3, 4], \"10.0.0.13_10.0.0.43\": [1, 2, 4]}": {"[\"10.0.0.12_10.0.0.42\", [1, 2, 4]]": [14, -330.7164795298174, []], "[\"10.0.0.13_10.0.0.43\", [1, 3, 4]]": [16, -238.09806362330514, []], "[\"10.0.0.11_10.0.0.41\", [1, 2, 4]]": [16, -284.6481145596434, []], "[\"NoTrans\", []]": [15, -277.4030923589677, []]}, "{\"10.0.0.11_10.0.0.41\": [1, 2, 4], \"10.0.0.12_10.0.0.42\": [1, 3, 4], \"10.0.0.13_10.0.0.43\": [1, 2, 4]}": {"[\"10.0.0.12_10.0.0.42\", [1, 2, 4]]": [25, -353.2673685457968, []], "[\"10.0.0.13_10.0.0.43\", [1, 3, 4]]": [14, -221.33135718324084, []], "[\"10.0.0.11_10.0.0.41\", [1, 3, 4]]": [20, -276.2649587295136, []], "[\"NoTrans\", []]": [19, -276.9027482541649, []]}, "{\"10.0.0.11_10.0.0.41\": [1, 3, 4], \"10.0.0.12_10.0.0.42\": [1, 2, 4], \"10.0.0.13_10.0.0.43\": [1, 3, 4]}": {"[\"10.0.0.12_10.0.0.42\", [1, 3, 4]]": [21, -244.50081416247704, []], "[\"10.0.0.13_10.0.0.43\", [1, 2, 4]]": [17, -333.2085380334704, []], "[\"10.0.0.11_10.0.0.41\", [1, 2, 4]]": [15, -286.0312383086551, []], "[\"NoTrans\", []]": [14, -291.6993518278132, []]}, "{\"10.0.0.11_10.0.0.41\": [1, 2, 4], \"10.0.0.12_10.0.0.42\": [1, 2, 4], \"10.0.0.13_10.0.0.43\": [1, 3, 4]}": {"[\"10.0.0.12_10.0.0.42\", [1, 3, 4]]": [9, -219.35758298823126, []], "[\"10.0.0.13_10.0.0.43\", [1, 2, 4]]": [14, -357.18394491688366, []], "[\"10.0.0.11_10.0.0.41\", [1, 3, 4]]": [13, -281.9531530359854, []], "[\"NoTrans\", []]": [9, -276.56750574397387, []]}, "{\"10.0.0.11_10.0.0.41\": [1, 3, 4], \"10.0.0.12_10.0.0.42\": [1, 2, 4], \"10.0.0.13_10.0.0.43\": [1, 2, 4]}": {"[\"10.0.0.12_10.0.0.42\", [1, 3, 4]]": [13, -276.8645861690923, []], "[\"10.0.0.13_10.0.0.43\", [1, 3, 4]]": [18, -281.81108339725387, []], "[\"10.0.0.11_10.0.0.41\", [1, 2, 4]]": [24, -361.90451593595617, []], "[\"NoTrans\", []]": [20, -334.64926181752924, []]}, "{\"10.0.0.11_10.0.0.41\": [1, 2, 4], \"10.0.0.12_10.0.0.42\": [1, 2, 4], \"10.0.0.13_10.0.0.43\": [1, 2, 4]}": {"[\"10.0.0.12_10.0.0.42\", [1, 3, 4]]": [26, -289.46319659228567, []], "[\"10.0.0.13_10.0.0.43\", [1, 3, 4]]": [12, -281.80667207466615, []], "[\"10.0.0.11_10.0.0.41\", [1, 3, 4]]": [25, -330.6008157336927, []], "[\"NoTrans\", []]": [21, -359.50989484532016, []]}}