{"{\"10.0.0.11_10.0.0.41\": [1, 3, 4], \"10.0.0.12_10.0.0.42\": [1, 3, 4], \"10.0.0.13_10.0.0.43\": [1, 3, 4]}": {"[\"10.0.0.12_10.0.0.42\", [1, 2, 4]]": [20, -285.97379116540463, []], "[\"10.0.0.13_10.0.0.43\", [1, 2, 4]]": [19, -290.6716115918325, []], "[\"10.0.0.11_10.0.0.41\", [1, 2, 4]]": [22, -161.61791060514312, []], "[\"NoTrans\", []]": [22, -252.64779543534937, []]}, "{\"10.0.0.11_10.0.0.41\": [1, 2, 4], \"10.0.0.12_10.0.0.42\": [1, 3, 4], \"10.0.0.13_10.0.0.43\": [1, 3, 4]}": {"[\"10.0.0.12_10.0.0.42\", [1, 2, 4]]": [14, -279.25320892074774, []], "[\"10.0.0.13_10.0.0.43\", [1, 2, 4]]": [21, -273.0921086980001, []], "[\"10.0.0.11_10.0.0.41\", [1, 3, 4]]": [24, -249.52829826289002, []], "[\"NoTrans\", []]": [26, -155.38247329483704, []]}, "{\"10.0.0.11_10.0.0.41\": [1, 3, 4], \"10.0.0.12_10.0.0.42\": [1, 3, 4], \"10.0.0.13_10.0.0.43\": [1, 2, 4]}": {"[\"10.0.0.12_10.0.0.42\", [1, 2, 4]]": [17, -340.79526138820466, []], "[\"10.0.0.13_10.0.0.43\", [1, 3, 4]]": [27, -239.07649390595526, []], "[\"10.0.0.11_10.0.0.41\", [1, 2, 4]]": [15, -301.79060927766386, []], "[\"NoTrans\", []]": [29, -283.8708869060183, []]}, "{\"10.0.0.11_10.0.0.41\": [1, 2, 4], \"10.0.0.12_10.0.0.42\": [1, 3, 4], \"10.0.0.13_10.0.0.43\": [1, 2, 4]}": {"[\"10.0.0.12_10.0.0.42\", [1, 2, 4]]": [12, -366.019789974776, []], "[\"10.0.0.13_10.0.0.43\", [1, 3, 4]]": [15, -199.82194249142316, []], "[\"10.0.0.11_10.0.0.41\", [1, 3, 4]]": [21, -282.2926592261685, []], "[\"NoTrans\", []]": [14, -274.43835971603005, []]}, "{\"10.0.0.11_10.0.0.41\": [1, 3, 4], \"10.0.0.12_10.0.0.42\": [1, 2, 4], \"10.0.0.13_10.0.0.43\": [1, 3, 4]}": {"[\"10.0.0.12_10.0.0.42\", [1, 3, 4]]": [10, -248.94140806779953, []], "[\"10.0.0.13_10.0.0.43\", [1, 2, 4]]": [17, -342.02166647452344, []], "[\"10.0.0.11_10.0.0.41\", [1, 2, 4]]": [17, -299.93432080871884, []], "[\"NoTrans\", []]": [18, -293.4482740528171, []]}, "{\"10.0.0.11_10.0.0.41\": [1, 2, 4], \"10.0.0.12_10.0.0.42\": [1, 2, 4], \"10.0.0.13_10.0.0.43\": [1, 3, 4]}": {"[\"10.0.0.12_10.0.0.42\", [1, 3, 4]]": [22, -197.76571006765622, []], "[\"10.0.0.13_10.0.0.43\", [1, 2, 4]]": [10, -368.7051302867734, []], "[\"10.0.0.11_10.0.0.41\", [1, 3, 4]]": [9, -292.21307674355023, []], "[\"NoTrans\", []]": [13, -279.63366901746025, []]}, "{\"10.0.0.11_10.0.0.41\": [1, 3, 4], \"10.0.0.12_10.0.0.42\": [1, 2, 4], \"10.0.0.13_10.0.0.43\": [1, 2, 4]}": {"[\"10.0.0.12_10.0.0.42\", [1, 3, 4]]": [19, -292.13926879815216, []], "[\"10.0.0.13_10.0.0.43\", [1, 3, 4]]": [16, -291.07501332923255, []], "[\"10.0.0.11_10.0.0.41\", [1, 2, 4]]": [16, -368.21931889675545, []], "[\"NoTrans\", []]": [16, -341.8629178472046, []]}, "{\"10.0.0.11_10.0.0.41\": [1, 2, 4], \"10.0.0.12_10.0.0.42\": [1, 2, 4], \"10.0.0.13_10.0.0.43\": [1, 2, 4]}": {"[\"10.0.0.12_10.0.0.42\", [1, 3, 4]]": [12, -297.98275900203595, []], "[\"10.0.0.13_10.0.0.43\", [1, 3, 4]]": [9, -299.9970804625457, []], "[\"10.0.0.11_10.0.0.41\", [1, 3, 4]]": [17, -340.01212297207707, []], "[\"NoTrans\", []]": [11, -363.1592466887243, []]}}