{"{\"10.0.0.11_10.0.0.41\": [1, 3, 4], \"10.0.0.12_10.0.0.42\": [1, 3, 4], \"10.0.0.13_10.0.0.43\": [1, 3, 4]}": {"[\"10.0.0.13_10.0.0.43\", [1, 2, 4]]": [1, -186.72761747948536, []], "[\"10.0.0.12_10.0.0.42\", [1, 2, 4]]": [1, -184.6760459584908, []], "[\"10.0.0.11_10.0.0.41\", [1, 2, 4]]": [1, -147.58599181090761, []], "[\"NoTrans\", []]": [1, -198.233544921875, []]}, "{\"10.0.0.11_10.0.0.41\": [1, 2, 4], \"10.0.0.12_10.0.0.42\": [1, 3, 4], \"10.0.0.13_10.0.0.43\": [1, 3, 4]}": {"[\"10.0.0.13_10.0.0.43\", [1, 2, 4]]": [1, -200.6320865363579, []], "[\"10.0.0.12_10.0.0.42\", [1, 2, 4]]": [1, -201.44886209509818, []], "[\"10.0.0.11_10.0.0.41\", [1, 3, 4]]": [1, -198.17737350463867, []], "[\"NoTrans\", []]": [854, -140.04042950248615, []]}, "{\"10.0.0.11_10.0.0.41\": [1, 3, 4], \"10.0.0.12_10.0.0.42\": [1, 2, 4], \"10.0.0.13_10.0.0.43\": [1, 3, 4]}": {"[\"10.0.0.13_10.0.0.43\", [1, 2, 4]]": [1, -202.78405621424645, []], "[\"10.0.0.12_10.0.0.42\", [1, 3, 4]]": [1, -200.2888084411621, []], "[\"10.0.0.11_10.0.0.41\", [1, 2, 4]]": [1, -202.89463753527838, []], "[\"NoTrans\", []]": [2, -190.85990771346584, []]}, "{\"10.0.0.11_10.0.0.41\": [1, 2, 4], \"10.0.0.12_10.0.0.42\": [1, 2, 4], \"10.0.0.13_10.0.0.43\": [1, 3, 4]}": {"[\"10.0.0.13_10.0.0.43\", [1, 2, 4]]": [1, -219.95395431518557, []], "[\"10.0.0.12_10.0.0.42\", [1, 3, 4]]": [1, -172.88889825709848, []], "[\"10.0.0.11_10.0.0.41\", [1, 3, 4]]": [1, -183.58617911554637, []], "[\"NoTrans\", []]": [1, -203.37485214602793, []]}, "{\"10.0.0.11_10.0.0.41\": [1, 3, 4], \"10.0.0.12_10.0.0.42\": [1, 3, 4], \"10.0.0.13_10.0.0.43\": [1, 2, 4]}": {"[\"10.0.0.13_10.0.0.43\", [1, 3, 4]]": [1, -200.69106826782226, []], "[\"10.0.0.12_10.0.0.42\", [1, 2, 4]]": [1, -203.52046016158772, []], "[\"10.0.0.11_10.0.0.41\", [1, 2, 4]]": [1, -204.02099933129324, []], "[\"NoTrans\", []]": [1, -187.2610452990261, []]}, "{\"10.0.0.11_10.0.0.41\": [1, 2, 4], \"10.0.0.12_10.0.0.42\": [1, 3, 4], \"10.0.0.13_10.0.0.43\": [1, 2, 4]}": {"[\"10.0.0.13_10.0.0.43\", [1, 3, 4]]": [1, -174.15507104461227, []], "[\"10.0.0.12_10.0.0.42\", [1, 2, 4]]": [1, -220.46359786987307, []], "[\"10.0.0.11_10.0.0.41\", [1, 3, 4]]": [1, -182.8899493743999, []], "[\"NoTrans\", []]": [2, -212.21267694444694, []]}, "{\"10.0.0.11_10.0.0.41\": [1, 3, 4], \"10.0.0.12_10.0.0.42\": [1, 2, 4], \"10.0.0.13_10.0.0.43\": [1, 2, 4]}": {"[\"10.0.0.13_10.0.0.43\", [1, 3, 4]]": [1, -183.20322030056246, []], "[\"10.0.0.12_10.0.0.42\", [1, 3, 4]]": [1, -184.10527789875172, []], "[\"10.0.0.11_10.0.0.41\", [1, 2, 4]]": [1, -221.54201278686526, []], "[\"NoTrans\", []]": [1, -200.62647424425333, []]}, "{\"10.0.0.11_10.0.0.41\": [1, 2, 4], \"10.0.0.12_10.0.0.42\": [1, 2, 4], \"10.0.0.13_10.0.0.43\": [1, 2, 4]}": {"[\"10.0.0.13_10.0.0.43\", [1, 3, 4]]": [1, -202.45636644544103, []], "[\"10.0.0.12_10.0.0.42\", [1, 3, 4]]": [1, -203.98217351780468, []], "[\"10.0.0.11_10.0.0.41\", [1, 3, 4]]": [1, -202.39828358786218, []], "[\"NoTrans\", []]": [1, -220.63649902343752, []]}}