{"{\"10.0.0.11_10.0.0.41\": [1, 3, 4], \"10.0.0.12_10.0.0.42\": [1, 3, 4], \"10.0.0.13_10.0.0.43\": [1, 3, 4]}": {"[\"10.0.0.11_10.0.0.41\", [1, 2, 4]]": [2, -122.78473772560726, []], "[\"10.0.0.13_10.0.0.43\", [1, 2, 4]]": [1, -151.04168812176715, []], "[\"10.0.0.12_10.0.0.42\", [1, 2, 4]]": [1, -172.6207347149872, []], "[\"NoTrans\", []]": [1, -150.88147792938287, []]}, "{\"10.0.0.11_10.0.0.41\": [1, 3, 4], \"10.0.0.12_10.0.0.42\": [1, 2, 4], \"10.0.0.13_10.0.0.43\": [1, 3, 4]}": {"[\"10.0.0.11_10.0.0.41\", [1, 2, 4]]": [1, -192.16965103149414, []], "[\"10.0.0.13_10.0.0.43\", [1, 2, 4]]": [1, -168.69957431644127, []], "[\"10.0.0.12_10.0.0.42\", [1, 3, 4]]": [2, -172.31541283881273, []], "[\"NoTrans\", []]": [1, -170.1699086261481, []]}, "{\"10.0.0.11_10.0.0.41\": [1, 3, 4], \"10.0.0.12_10.0.0.42\": [1, 3, 4], \"10.0.0.13_10.0.0.43\": [1, 2, 4]}": {"[\"10.0.0.11_10.0.0.41\", [1, 2, 4]]": [1, -174.91660070217145, []], "[\"10.0.0.13_10.0.0.43\", [1, 3, 4]]": [1, -164.4096221923828, []], "[\"10.0.0.12_10.0.0.42\", [1, 2, 4]]": [1, -171.5982562047367, []], "[\"NoTrans\", []]": [0, -100, []]}, "{\"10.0.0.11_10.0.0.41\": [1, 3, 4], \"10.0.0.12_10.0.0.42\": [1, 2, 4], \"10.0.0.13_10.0.0.43\": [1, 2, 4]}": {"[\"10.0.0.11_10.0.0.41\", [1, 2, 4]]": [1, -189.83219528198242, []], "[\"10.0.0.13_10.0.0.43\", [1, 3, 4]]": [1, -180.40799747426252, []], "[\"10.0.0.12_10.0.0.42\", [1, 3, 4]]": [1, -153.049234411771, []], "[\"NoTrans\", []]": [0, -100, []]}, "{\"10.0.0.11_10.0.0.41\": [1, 2, 4], \"10.0.0.12_10.0.0.42\": [1, 3, 4], \"10.0.0.13_10.0.0.43\": [1, 3, 4]}": {"[\"10.0.0.11_10.0.0.41\", [1, 3, 4]]": [1, -171.44635502211753, []], "[\"10.0.0.13_10.0.0.43\", [1, 2, 4]]": [1, -172.92605776257534, []], "[\"10.0.0.12_10.0.0.42\", [1, 2, 4]]": [1, -170.7035758763559, []], "[\"NoTrans\", []]": [658, -125.54274035351341, []]}, "{\"10.0.0.11_10.0.0.41\": [1, 2, 4], \"10.0.0.12_10.0.0.42\": [1, 2, 4], \"10.0.0.13_10.0.0.43\": [1, 3, 4]}": {"[\"10.0.0.11_10.0.0.41\", [1, 3, 4]]": [1, -169.3763665588985, []], "[\"10.0.0.13_10.0.0.43\", [1, 2, 4]]": [1, -190.2983512878418, []], "[\"10.0.0.12_10.0.0.42\", [1, 3, 4]]": [1, -139.26104626950158, []], "[\"NoTrans\", []]": [1, -170.84669194601378, []]}, "{\"10.0.0.11_10.0.0.41\": [1, 2, 4], \"10.0.0.12_10.0.0.42\": [1, 3, 4], \"10.0.0.13_10.0.0.43\": [1, 2, 4]}": {"[\"10.0.0.11_10.0.0.41\", [1, 3, 4]]": [1, -149.1866821907237, []], "[\"10.0.0.13_10.0.0.43\", [1, 3, 4]]": [1, -140.57688535772337, []], "[\"10.0.0.12_10.0.0.42\", [1, 2, 4]]": [1, -194.24389266967773, []], "[\"NoTrans\", []]": [1, -172.42809759410363, []]}, "{\"10.0.0.11_10.0.0.41\": [1, 2, 4], \"10.0.0.12_10.0.0.42\": [1, 2, 4], \"10.0.0.13_10.0.0.43\": [1, 2, 4]}": {"[\"10.0.0.11_10.0.0.41\", [1, 3, 4]]": [1, -169.09706257679787, []], "[\"10.0.0.13_10.0.0.43\", [1, 3, 4]]": [1, -170.6357128356613, []], "[\"10.0.0.12_10.0.0.42\", [1, 3, 4]]": [1, -171.28440208294404, []], "[\"NoTrans\", []]": [1, -189.98812103271484, []]}}