{"{\"10.0.0.11_10.0.0.41\": [1, 3, 4], \"10.0.0.12_10.0.0.42\": [1, 3, 4], \"10.0.0.13_10.0.0.43\": [1, 3, 4]}": {"[\"10.0.0.11_10.0.0.41\", [1, 2, 4]]": [2, -242.44794598537692, []], "[\"10.0.0.12_10.0.0.42\", [1, 2, 4]]": [1, -207.38179101164235, []], "[\"10.0.0.13_10.0.0.43\", [1, 2, 4]]": [0, -140, []], "[\"NoTrans\", []]": [1, -230.37217864990237, []]}, "{\"10.0.0.11_10.0.0.41\": [1, 3, 4], \"10.0.0.12_10.0.0.42\": [1, 3, 4], \"10.0.0.13_10.0.0.43\": [1, 2, 4]}": {"[\"10.0.0.11_10.0.0.41\", [1, 2, 4]]": [1, -232.52435769277582, []], "[\"10.0.0.12_10.0.0.42\", [1, 2, 4]]": [1, -177.72589192910715, []], "[\"10.0.0.13_10.0.0.43\", [1, 3, 4]]": [1, -228.8968444824219, []], "[\"NoTrans\", []]": [1, -207.48316534042903, []]}, "{\"10.0.0.11_10.0.0.41\": [1, 3, 4], \"10.0.0.12_10.0.0.42\": [1, 2, 4], \"10.0.0.13_10.0.0.43\": [1, 3, 4]}": {"[\"10.0.0.11_10.0.0.41\", [1, 2, 4]]": [1, -188.17630903385958, []], "[\"10.0.0.12_10.0.0.42\", [1, 3, 4]]": [1, -228.21649322509768, []], "[\"10.0.0.13_10.0.0.43\", [1, 2, 4]]": [1, -175.8726984676295, []], "[\"NoTrans\", []]": [1, -155.90922981101113, []]}, "{\"10.0.0.11_10.0.0.41\": [1, 3, 4], \"10.0.0.12_10.0.0.42\": [1, 2, 4], \"10.0.0.13_10.0.0.43\": [1, 2, 4]}": {"[\"10.0.0.11_10.0.0.41\", [1, 2, 4]]": [1, -201.16183753760677, []], "[\"10.0.0.12_10.0.0.42\", [1, 3, 4]]": [1, -208.63644106712027, []], "[\"10.0.0.13_10.0.0.43\", [1, 3, 4]]": [1, -177.28696453607313, []], "[\"NoTrans\", []]": [359, -139.3594431949048, []]}, "{\"10.0.0.11_10.0.0.41\": [1, 2, 4], \"10.0.0.12_10.0.0.42\": [1, 3, 4], \"10.0.0.13_10.0.0.43\": [1, 3, 4]}": {"[\"10.0.0.11_10.0.0.41\", [1, 3, 4]]": [1, -229.0158630371094, []], "[\"10.0.0.12_10.0.0.42\", [1, 2, 4]]": [3, -226.51727359493844, []], "[\"10.0.0.13_10.0.0.43\", [1, 2, 4]]": [6, -243.1182830470913, []], "[\"NoTrans\", []]": [2, -262.194967534264, []]}, "{\"10.0.0.11_10.0.0.41\": [1, 2, 4], \"10.0.0.12_10.0.0.42\": [1, 3, 4], \"10.0.0.13_10.0.0.43\": [1, 2, 4]}": {"[\"10.0.0.11_10.0.0.41\", [1, 3, 4]]": [2, -221.83006546816122, []], "[\"10.0.0.12_10.0.0.42\", [1, 2, 4]]": [3, -213.3685186055758, []], "[\"10.0.0.13_10.0.0.43\", [1, 3, 4]]": [6, -251.1462172937043, []], "[\"NoTrans\", []]": [377, -217.7905888654994, []]}, "{\"10.0.0.11_10.0.0.41\": [1, 2, 4], \"10.0.0.12_10.0.0.42\": [1, 2, 4], \"10.0.0.13_10.0.0.43\": [1, 3, 4]}": {"[\"10.0.0.11_10.0.0.41\", [1, 3, 4]]": [1, -205.72839930380078, []], "[\"10.0.0.12_10.0.0.42\", [1, 3, 4]]": [2, -261.4739606598781, []], "[\"10.0.0.13_10.0.0.43\", [1, 2, 4]]": [2, -210.42325442835065, []], "[\"NoTrans\", []]": [2, -225.4124017464879, []]}, "{\"10.0.0.11_10.0.0.41\": [1, 2, 4], \"10.0.0.12_10.0.0.42\": [1, 2, 4], \"10.0.0.13_10.0.0.43\": [1, 2, 4]}": {"[\"10.0.0.11_10.0.0.41\", [1, 3, 4]]": [2, -139.29251705564113, []], "[\"10.0.0.12_10.0.0.42\", [1, 3, 4]]": [4, -227.28510274300734, []], "[\"10.0.0.13_10.0.0.43\", [1, 3, 4]]": [1, -228.04883934144596, []], "[\"NoTrans\", []]": [1, -199.56109519751885, []]}}