{"{\"10.0.0.11_10.0.0.41\": [1, 3, 4], \"10.0.0.12_10.0.0.42\": [1, 3, 4], \"10.0.0.13_10.0.0.43\": [1, 3, 4]}": {"[\"10.0.0.12_10.0.0.42\", [1, 2, 4]]": [1, -207.02610925988307, []], "[\"10.0.0.13_10.0.0.43\", [1, 2, 4]]": [0, -140, []], "[\"10.0.0.11_10.0.0.41\", [1, 2, 4]]": [3, -232.5851157491074, []], "[\"NoTrans\", []]": [0, -140, []]}, "{\"10.0.0.11_10.0.0.41\": [1, 2, 4], \"10.0.0.12_10.0.0.42\": [1, 3, 4], \"10.0.0.13_10.0.0.43\": [1, 3, 4]}": {"[\"10.0.0.12_10.0.0.42\", [1, 2, 4]]": [1, -202.43698453993503, []], "[\"10.0.0.13_10.0.0.43\", [1, 2, 4]]": [3, -192.65778853931536, []], "[\"10.0.0.11_10.0.0.41\", [1, 3, 4]]": [1, -222.39652012721973, []], "[\"NoTrans\", []]": [1, -207.48833876433278, []]}, "{\"10.0.0.11_10.0.0.41\": [1, 3, 4], \"10.0.0.12_10.0.0.42\": [1, 3, 4], \"10.0.0.13_10.0.0.43\": [1, 2, 4]}": {"[\"10.0.0.12_10.0.0.42\", [1, 2, 4]]": [2, -173.80457086282553, []], "[\"10.0.0.13_10.0.0.43\", [1, 3, 4]]": [1, -224.4211890416425, []], "[\"10.0.0.11_10.0.0.41\", [1, 2, 4]]": [0, -140, []], "[\"NoTrans\", []]": [1, -204.7344860982509, []]}, "{\"10.0.0.11_10.0.0.41\": [1, 2, 4], \"10.0.0.12_10.0.0.42\": [1, 3, 4], \"10.0.0.13_10.0.0.43\": [1, 2, 4]}": {"[\"10.0.0.12_10.0.0.42\", [1, 2, 4]]": [1, -197.8642822265625, []], "[\"10.0.0.13_10.0.0.43\", [1, 3, 4]]": [1, -240.28369860950912, []], "[\"10.0.0.11_10.0.0.41\", [1, 3, 4]]": [2, -203.32680084654112, []], "[\"NoTrans\", []]": [0, -140, []]}, "{\"10.0.0.11_10.0.0.41\": [1, 3, 4], \"10.0.0.12_10.0.0.42\": [1, 2, 4], \"10.0.0.13_10.0.0.43\": [1, 3, 4]}": {"[\"10.0.0.12_10.0.0.42\", [1, 3, 4]]": [1, -225.8871437072754, []], "[\"10.0.0.13_10.0.0.43\", [1, 2, 4]]": [0, -140, []], "[\"10.0.0.11_10.0.0.41\", [1, 2, 4]]": [2, -183.4094504235316, []], "[\"NoTrans\", []]": [1, -205.82357607499569, []]}, "{\"10.0.0.11_10.0.0.41\": [1, 2, 4], \"10.0.0.12_10.0.0.42\": [1, 2, 4], \"10.0.0.13_10.0.0.43\": [1, 3, 4]}": {"[\"10.0.0.12_10.0.0.42\", [1, 3, 4]]": [1, -205.83264462639409, []], "[\"10.0.0.13_10.0.0.43\", [1, 2, 4]]": [2, -210.46975814819336, []], "[\"10.0.0.11_10.0.0.41\", [1, 3, 4]]": [1, -205.1826346369465, []], "[\"NoTrans\", []]": [389, -208.14740079782993, []]}, "{\"10.0.0.11_10.0.0.41\": [1, 3, 4], \"10.0.0.12_10.0.0.42\": [1, 2, 4], \"10.0.0.13_10.0.0.43\": [1, 2, 4]}": {"[\"10.0.0.12_10.0.0.42\", [1, 3, 4]]": [1, -205.98442879147495, []], "[\"10.0.0.13_10.0.0.43\", [1, 3, 4]]": [1, -206.12041737746281, []], "[\"10.0.0.11_10.0.0.41\", [1, 2, 4]]": [1, -193.69073319374098, []], "[\"NoTrans\", []]": [367, -133.74430765032992, []]}, "{\"10.0.0.11_10.0.0.41\": [1, 2, 4], \"10.0.0.12_10.0.0.42\": [1, 2, 4], \"10.0.0.13_10.0.0.43\": [1, 2, 4]}": {"[\"10.0.0.12_10.0.0.42\", [1, 3, 4]]": [1, -180.79411522057993, []], "[\"10.0.0.13_10.0.0.43\", [1, 3, 4]]": [1, -183.05494800673836, []], "[\"10.0.0.11_10.0.0.41\", [1, 3, 4]]": [2, -151.52198838529318, []], "[\"NoTrans\", []]": [1, -198.48397979736328, []]}}