{"{\"10.0.0.11_10.0.0.41\": [1, 3, 4], \"10.0.0.12_10.0.0.42\": [1, 3, 4], \"10.0.0.13_10.0.0.43\": [1, 3, 4]}": {"[\"10.0.0.13_10.0.0.43\", [1, 2, 4]]": [2, -157.365609070998, []], "[\"10.0.0.11_10.0.0.41\", [1, 2, 4]]": [4, -133.11421799933171, []], "[\"10.0.0.12_10.0.0.42\", [1, 2, 4]]": [2, -178.7757920836367, []], "[\"NoTrans\", []]": [2, -185.86215483151904, []]}, "{\"10.0.0.11_10.0.0.41\": [1, 3, 4], \"10.0.0.12_10.0.0.42\": [1, 2, 4], \"10.0.0.13_10.0.0.43\": [1, 3, 4]}": {"[\"10.0.0.13_10.0.0.43\", [1, 2, 4]]": [3, -189.7971498998524, []], "[\"10.0.0.11_10.0.0.41\", [1, 2, 4]]": [2, -191.10169228886252, []], "[\"10.0.0.12_10.0.0.42\", [1, 3, 4]]": [3, -194.63943690053404, []], "[\"NoTrans\", []]": [3, -188.3101044561894, []]}, "{\"10.0.0.11_10.0.0.41\": [1, 2, 4], \"10.0.0.12_10.0.0.42\": [1, 3, 4], \"10.0.0.13_10.0.0.43\": [1, 3, 4]}": {"[\"10.0.0.13_10.0.0.43\", [1, 2, 4]]": [3, -206.92402527220418, []], "[\"10.0.0.11_10.0.0.41\", [1, 3, 4]]": [2, -170.66314986558334, []], "[\"10.0.0.12_10.0.0.42\", [1, 2, 4]]": [2, -178.15289907682, []], "[\"NoTrans\", []]": [598, -114.14308971838904, []]}, "{\"10.0.0.11_10.0.0.41\": [1, 2, 4], \"10.0.0.12_10.0.0.42\": [1, 2, 4], \"10.0.0.13_10.0.0.43\": [1, 3, 4]}": {"[\"10.0.0.13_10.0.0.43\", [1, 2, 4]]": [2, -171.90280746968995, []], "[\"10.0.0.11_10.0.0.41\", [1, 3, 4]]": [3, -191.8459511710397, []], "[\"10.0.0.12_10.0.0.42\", [1, 3, 4]]": [2, -160.51450066580813, []], "[\"NoTrans\", []]": [2, -188.29178458676262, []]}, "{\"10.0.0.11_10.0.0.41\": [1, 3, 4], \"10.0.0.12_10.0.0.42\": [1, 3, 4], \"10.0.0.13_10.0.0.43\": [1, 2, 4]}": {"[\"10.0.0.13_10.0.0.43\", [1, 3, 4]]": [3, -180.4572222704478, []], "[\"10.0.0.11_10.0.0.41\", [1, 2, 4]]": [2, -182.68203101205415, []], "[\"10.0.0.12_10.0.0.42\", [1, 2, 4]]": [2, -180.72465231899412, []], "[\"NoTrans\", []]": [2, -157.30185692808737, []]}, "{\"10.0.0.11_10.0.0.41\": [1, 3, 4], \"10.0.0.12_10.0.0.42\": [1, 2, 4], \"10.0.0.13_10.0.0.43\": [1, 2, 4]}": {"[\"10.0.0.13_10.0.0.43\", [1, 3, 4]]": [3, -184.38109192311182, []], "[\"10.0.0.11_10.0.0.41\", [1, 2, 4]]": [2, -168.90357324115814, []], "[\"10.0.0.12_10.0.0.42\", [1, 3, 4]]": [2, -182.92244140593778, []], "[\"NoTrans\", []]": [1, -133.7071016312978, []]}, "{\"10.0.0.11_10.0.0.41\": [1, 2, 4], \"10.0.0.12_10.0.0.42\": [1, 3, 4], \"10.0.0.13_10.0.0.43\": [1, 2, 4]}": {"[\"10.0.0.13_10.0.0.43\", [1, 3, 4]]": [2, -140.37706106099017, []], "[\"10.0.0.11_10.0.0.41\", [1, 3, 4]]": [3, -174.0549090054425, []], "[\"10.0.0.12_10.0.0.42\", [1, 2, 4]]": [2, -224.7759648313227, []], "[\"NoTrans\", []]": [2, -186.0749693913672, []]}, "{\"10.0.0.11_10.0.0.41\": [1, 2, 4], \"10.0.0.12_10.0.0.42\": [1, 2, 4], \"10.0.0.13_10.0.0.43\": [1, 2, 4]}": {"[\"10.0.0.13_10.0.0.43\", [1, 3, 4]]": [3, -209.28653470207243, []], "[\"10.0.0.11_10.0.0.41\", [1, 3, 4]]": [2, -147.34311404550306, []], "[\"10.0.0.12_10.0.0.42\", [1, 3, 4]]": [2, -141.49843133929443, []], "[\"NoTrans\", []]": [2, -221.71339235207466, []]}}