{"{\"10.0.0.11_10.0.0.41\": [1, 3, 4], \"10.0.0.12_10.0.0.42\": [1, 3, 4], \"10.0.0.13_10.0.0.43\": [1, 3, 4]}": {"[\"10.0.0.13_10.0.0.43\", [1, 2, 4]]": [9, -270.4635097275844, []], "[\"10.0.0.11_10.0.0.41\", [1, 2, 4]]": [17, -174.40178535056333, []], "[\"10.0.0.12_10.0.0.42\", [1, 2, 4]]": [13, -275.5086799008466, []], "[\"NoTrans\", []]": [13, -241.27254586199064, []]}, "{\"10.0.0.11_10.0.0.41\": [1, 3, 4], \"10.0.0.12_10.0.0.42\": [1, 2, 4], \"10.0.0.13_10.0.0.43\": [1, 3, 4]}": {"[\"10.0.0.13_10.0.0.43\", [1, 2, 4]]": [14, -319.09196056587217, []], "[\"10.0.0.11_10.0.0.41\", [1, 2, 4]]": [19, -277.6335294398266, []], "[\"10.0.0.12_10.0.0.42\", [1, 3, 4]]": [14, -240.0833863030921, []], "[\"NoTrans\", []]": [17, -271.89913739052184, []]}, "{\"10.0.0.11_10.0.0.41\": [1, 2, 4], \"10.0.0.12_10.0.0.42\": [1, 3, 4], \"10.0.0.13_10.0.0.43\": [1, 3, 4]}": {"[\"10.0.0.13_10.0.0.43\", [1, 2, 4]]": [30, -272.6140275683522, []], "[\"10.0.0.11_10.0.0.41\", [1, 3, 4]]": [10, -234.58431102510863, []], "[\"10.0.0.12_10.0.0.42\", [1, 2, 4]]": [19, -265.0922033299919, []], "[\"NoTrans\", []]": [41, -187.77450775655046, []]}, "{\"10.0.0.11_10.0.0.41\": [1, 2, 4], \"10.0.0.12_10.0.0.42\": [1, 2, 4], \"10.0.0.13_10.0.0.43\": [1, 3, 4]}": {"[\"10.0.0.13_10.0.0.43\", [1, 2, 4]]": [17, -339.66904010528117, []], "[\"10.0.0.11_10.0.0.41\", [1, 3, 4]]": [17, -273.19137953721713, []], "[\"10.0.0.12_10.0.0.42\", [1, 3, 4]]": [25, -219.20382559603544, []], "[\"NoTrans\", []]": [19, -277.27101940489695, []]}, "{\"10.0.0.11_10.0.0.41\": [1, 3, 4], \"10.0.0.12_10.0.0.42\": [1, 3, 4], \"10.0.0.13_10.0.0.43\": [1, 2, 4]}": {"[\"10.0.0.13_10.0.0.43\", [1, 3, 4]]": [15, -241.20048605907252, []], "[\"10.0.0.11_10.0.0.41\", [1, 2, 4]]": [11, -276.8063771387012, []], "[\"10.0.0.12_10.0.0.42\", [1, 2, 4]]": [14, -322.18238098835013, []], "[\"NoTrans\", []]": [7, -275.14067004288967, []]}, "{\"10.0.0.11_10.0.0.41\": [1, 3, 4], \"10.0.0.12_10.0.0.42\": [1, 2, 4], \"10.0.0.13_10.0.0.43\": [1, 2, 4]}": {"[\"10.0.0.13_10.0.0.43\", [1, 3, 4]]": [16, -269.69304709319147, []], "[\"10.0.0.11_10.0.0.41\", [1, 2, 4]]": [11, -344.2978241326145, []], "[\"10.0.0.12_10.0.0.42\", [1, 3, 4]]": [12, -275.8664001453593, []], "[\"NoTrans\", []]": [11, -327.09188483945206, []]}, "{\"10.0.0.11_10.0.0.41\": [1, 2, 4], \"10.0.0.12_10.0.0.42\": [1, 3, 4], \"10.0.0.13_10.0.0.43\": [1, 2, 4]}": {"[\"10.0.0.13_10.0.0.43\", [1, 3, 4]]": [17, -209.79169545438876, []], "[\"10.0.0.11_10.0.0.41\", [1, 3, 4]]": [19, -278.1288330105008, []], "[\"10.0.0.12_10.0.0.42\", [1, 2, 4]]": [20, -342.2701248177123, []], "[\"NoTrans\", []]": [20, -272.7287297178969, []]}, "{\"10.0.0.11_10.0.0.41\": [1, 2, 4], \"10.0.0.12_10.0.0.42\": [1, 2, 4], \"10.0.0.13_10.0.0.43\": [1, 2, 4]}": {"[\"10.0.0.13_10.0.0.43\", [1, 3, 4]]": [21, -267.550365016459, []], "[\"10.0.0.11_10.0.0.41\", [1, 3, 4]]": [11, -324.3597144822387, []], "[\"10.0.0.12_10.0.0.42\", [1, 3, 4]]": [16, -270.3399863571108, []], "[\"NoTrans\", []]": [3, -339.2889745754725, []]}}