{"{\"10.0.0.11_10.0.0.41\": [1, 3, 4], \"10.0.0.12_10.0.0.42\": [1, 3, 4], \"10.0.0.13_10.0.0.43\": [1, 3, 4]}": {"[\"10.0.0.11_10.0.0.41\", [1, 2, 4]]": [42, -145.7868229070628, []], "[\"10.0.0.12_10.0.0.42\", [1, 2, 4]]": [5, -323.560694385469, []], "[\"10.0.0.13_10.0.0.43\", [1, 2, 4]]": [4, -324.528474098347, []], "[\"NoTrans\", []]": [5, -322.5023793847307, []]}, "{\"10.0.0.11_10.0.0.41\": [1, 3, 4], \"10.0.0.12_10.0.0.42\": [1, 3, 4], \"10.0.0.13_10.0.0.43\": [1, 2, 4]}": {"[\"10.0.0.11_10.0.0.41\", [1, 2, 4]]": [9, -365.0351768724065, []], "[\"10.0.0.12_10.0.0.42\", [1, 2, 4]]": [0, -Infinity, []], "[\"10.0.0.13_10.0.0.43\", [1, 3, 4]]": [0, -Infinity, []], "[\"NoTrans\", []]": [4, -345.0389575235516, []]}, "{\"10.0.0.11_10.0.0.41\": [1, 3, 4], \"10.0.0.12_10.0.0.42\": [1, 2, 4], \"10.0.0.13_10.0.0.43\": [1, 3, 4]}": {"[\"10.0.0.11_10.0.0.41\", [1, 2, 4]]": [5, -347.9612619586238, []], "[\"10.0.0.12_10.0.0.42\", [1, 3, 4]]": [7, -239.2123037317251, []], "[\"10.0.0.13_10.0.0.43\", [1, 2, 4]]": [0, -Infinity, []], "[\"NoTrans\", []]": [0, -Infinity, []]}, "{\"10.0.0.11_10.0.0.41\": [1, 3, 4], \"10.0.0.12_10.0.0.42\": [1, 2, 4], \"10.0.0.13_10.0.0.43\": [1, 2, 4]}": {"[\"10.0.0.11_10.0.0.41\", [1, 2, 4]]": [7, -511.371621851228, []], "[\"10.0.0.12_10.0.0.42\", [1, 3, 4]]": [0, -Infinity, []], "[\"10.0.0.13_10.0.0.43\", [1, 3, 4]]": [0, -Infinity, []], "[\"NoTrans\", []]": [8, -492.0306169839578, []]}, "{\"10.0.0.11_10.0.0.41\": [1, 2, 4], \"10.0.0.12_10.0.0.42\": [1, 3, 4], \"10.0.0.13_10.0.0.43\": [1, 3, 4]}": {"[\"10.0.0.11_10.0.0.41\", [1, 3, 4]]": [44, -212.46715310679093, []], "[\"10.0.0.12_10.0.0.42\", [1, 2, 4]]": [10, -258.15423107229896, []], "[\"10.0.0.13_10.0.0.43\", [1, 2, 4]]": [16, -251.42480929367278, []], "[\"NoTrans\", []]": [422, -116.73755257689056, []]}, "{\"10.0.0.11_10.0.0.41\": [1, 2, 4], \"10.0.0.12_10.0.0.42\": [1, 3, 4], \"10.0.0.13_10.0.0.43\": [1, 2, 4]}": {"[\"10.0.0.11_10.0.0.41\", [1, 3, 4]]": [5, -352.37499256167354, []], "[\"10.0.0.12_10.0.0.42\", [1, 2, 4]]": [2, -292.2536811586272, []], "[\"10.0.0.13_10.0.0.43\", [1, 3, 4]]": [18, -162.42917999142185, []], "[\"NoTrans\", []]": [3, -359.57733420846705, []]}, "{\"10.0.0.11_10.0.0.41\": [1, 2, 4], \"10.0.0.12_10.0.0.42\": [1, 2, 4], \"10.0.0.13_10.0.0.43\": [1, 3, 4]}": {"[\"10.0.0.11_10.0.0.41\", [1, 3, 4]]": [7, -352.8662596575251, []], "[\"10.0.0.12_10.0.0.42\", [1, 3, 4]]": [11, -175.17311604512227, []], "[\"10.0.0.13_10.0.0.43\", [1, 2, 4]]": [1, -240.9548956459596, []], "[\"NoTrans\", []]": [0, -Infinity, []]}, "{\"10.0.0.11_10.0.0.41\": [1, 2, 4], \"10.0.0.12_10.0.0.42\": [1, 2, 4], \"10.0.0.13_10.0.0.43\": [1, 2, 4]}": {"[\"10.0.0.11_10.0.0.41\", [1, 3, 4]]": [7, -478.41408987410443, []], "[\"10.0.0.12_10.0.0.42\", [1, 3, 4]]": [0, -Infinity, []], "[\"10.0.0.13_10.0.0.43\", [1, 3, 4]]": [4, -243.55278208392392, []], "[\"NoTrans\", []]": [0, -Infinity, []]}}