{"{\"10.0.0.11_10.0.0.41\": [1, 3, 4], \"10.0.0.12_10.0.0.42\": [1, 3, 4], \"10.0.0.13_10.0.0.43\": [1, 3, 4]}": {"[\"10.0.0.13_10.0.0.43\", [1, 2, 4]]": [1, -142.28097489792867, []], "[\"10.0.0.12_10.0.0.42\", [1, 2, 4]]": [1, -185.73807091311716, []], "[\"10.0.0.11_10.0.0.41\", [1, 2, 4]]": [2, -148.33538986759262, []], "[\"NoTrans\", []]": [0, -140, []]}, "{\"10.0.0.11_10.0.0.41\": [1, 2, 4], \"10.0.0.12_10.0.0.42\": [1, 3, 4], \"10.0.0.13_10.0.0.43\": [1, 3, 4]}": {"[\"10.0.0.13_10.0.0.43\", [1, 2, 4]]": [1, -200.6631978382457, []], "[\"10.0.0.12_10.0.0.42\", [1, 2, 4]]": [1, -170.08355044655065, []], "[\"10.0.0.11_10.0.0.41\", [1, 3, 4]]": [1, -199.75055465698242, []], "[\"NoTrans\", []]": [369, -148.3467569356631, []]}, "{\"10.0.0.11_10.0.0.41\": [1, 3, 4], \"10.0.0.12_10.0.0.42\": [1, 2, 4], \"10.0.0.13_10.0.0.43\": [1, 3, 4]}": {"[\"10.0.0.13_10.0.0.43\", [1, 2, 4]]": [3, -234.22468420500678, []], "[\"10.0.0.12_10.0.0.42\", [1, 3, 4]]": [1, -201.4266372680664, []], "[\"10.0.0.11_10.0.0.41\", [1, 2, 4]]": [1, -204.88693615108912, []], "[\"NoTrans\", []]": [1, -186.41497522563296, []]}, "{\"10.0.0.11_10.0.0.41\": [1, 2, 4], \"10.0.0.12_10.0.0.42\": [1, 2, 4], \"10.0.0.13_10.0.0.43\": [1, 3, 4]}": {"[\"10.0.0.13_10.0.0.43\", [1, 2, 4]]": [1, -225.58025131225588, []], "[\"10.0.0.12_10.0.0.42\", [1, 3, 4]]": [1, -175.2421581816936, []], "[\"10.0.0.11_10.0.0.41\", [1, 3, 4]]": [1, -188.42644397223222, []], "[\"NoTrans\", []]": [1, -149.41890843346997, []]}, "{\"10.0.0.11_10.0.0.41\": [1, 3, 4], \"10.0.0.12_10.0.0.42\": [1, 3, 4], \"10.0.0.13_10.0.0.43\": [1, 2, 4]}": {"[\"10.0.0.13_10.0.0.43\", [1, 3, 4]]": [2, -215.71626388549805, []], "[\"10.0.0.12_10.0.0.42\", [1, 2, 4]]": [22, -232.6091747254596, []], "[\"10.0.0.11_10.0.0.41\", [1, 2, 4]]": [1, -207.75920503723128, []], "[\"NoTrans\", []]": [9, -229.7889521920798, []]}, "{\"10.0.0.11_10.0.0.41\": [1, 2, 4], \"10.0.0.12_10.0.0.42\": [1, 3, 4], \"10.0.0.13_10.0.0.43\": [1, 2, 4]}": {"[\"10.0.0.13_10.0.0.43\", [1, 3, 4]]": [1, -177.41484303678817, []], "[\"10.0.0.12_10.0.0.42\", [1, 2, 4]]": [1, -220.12152053233467, []], "[\"10.0.0.11_10.0.0.41\", [1, 3, 4]]": [0, -140, []], "[\"NoTrans\", []]": [0, -140, []]}, "{\"10.0.0.11_10.0.0.41\": [1, 3, 4], \"10.0.0.12_10.0.0.42\": [1, 2, 4], \"10.0.0.13_10.0.0.43\": [1, 2, 4]}": {"[\"10.0.0.13_10.0.0.43\", [1, 3, 4]]": [3, -200.21071966695456, []], "[\"10.0.0.12_10.0.0.42\", [1, 3, 4]]": [24, -202.17828318684718, []], "[\"10.0.0.11_10.0.0.41\", [1, 2, 4]]": [1, -218.1550676719121, []], "[\"NoTrans\", []]": [330, -248.89315009941888, []]}, "{\"10.0.0.11_10.0.0.41\": [1, 2, 4], \"10.0.0.12_10.0.0.42\": [1, 2, 4], \"10.0.0.13_10.0.0.43\": [1, 2, 4]}": {"[\"10.0.0.13_10.0.0.43\", [1, 3, 4]]": [1, -205.4700773600254, []], "[\"10.0.0.12_10.0.0.42\", [1, 3, 4]]": [0, -140, []], "[\"10.0.0.11_10.0.0.41\", [1, 3, 4]]": [3, -233.79956713585506, []], "[\"NoTrans\", []]": [0, -140, []]}}