{"{\"10.0.0.11_10.0.0.41\": [1, 3, 4], \"10.0.0.12_10.0.0.42\": [1, 3, 4], \"10.0.0.13_10.0.0.43\": [1, 3, 4]}": {"[\"10.0.0.11_10.0.0.41\", [1, 2, 4]]": [7, -170.84128688323494, []], "[\"10.0.0.12_10.0.0.42\", [1, 2, 4]]": [3, -227.1216333759487, []], "[\"10.0.0.13_10.0.0.43\", [1, 2, 4]]": [3, -246.2408156363026, []], "[\"NoTrans\", []]": [3, -229.9407119464881, []]}, "{\"10.0.0.11_10.0.0.41\": [1, 3, 4], \"10.0.0.12_10.0.0.42\": [1, 3, 4], \"10.0.0.13_10.0.0.43\": [1, 2, 4]}": {"[\"10.0.0.11_10.0.0.41\", [1, 2, 4]]": [3, -238.2019980740229, []], "[\"10.0.0.12_10.0.0.42\", [1, 2, 4]]": [3, -264.9864787188318, []], "[\"10.0.0.13_10.0.0.43\", [1, 3, 4]]": [4, -246.47431052566793, []], "[\"NoTrans\", []]": [4, -256.40435204216834, []]}, "{\"10.0.0.11_10.0.0.41\": [1, 3, 4], \"10.0.0.12_10.0.0.42\": [1, 2, 4], \"10.0.0.13_10.0.0.43\": [1, 3, 4]}": {"[\"10.0.0.11_10.0.0.41\", [1, 2, 4]]": [4, -255.54205410175865, []], "[\"10.0.0.12_10.0.0.42\", [1, 3, 4]]": [3, -228.16425803915612, []], "[\"10.0.0.13_10.0.0.43\", [1, 2, 4]]": [3, -240.4588758547492, []], "[\"NoTrans\", []]": [3, -224.72250352575205, []]}, "{\"10.0.0.11_10.0.0.41\": [1, 3, 4], \"10.0.0.12_10.0.0.42\": [1, 2, 4], \"10.0.0.13_10.0.0.43\": [1, 2, 4]}": {"[\"10.0.0.11_10.0.0.41\", [1, 2, 4]]": [2, -231.82401179399912, []], "[\"10.0.0.12_10.0.0.42\", [1, 3, 4]]": [3, -221.81673697713245, []], "[\"10.0.0.13_10.0.0.43\", [1, 3, 4]]": [4, -253.343605422153, []], "[\"NoTrans\", []]": [2, -232.36992567733256, []]}, "{\"10.0.0.11_10.0.0.41\": [1, 2, 4], \"10.0.0.12_10.0.0.42\": [1, 3, 4], \"10.0.0.13_10.0.0.43\": [1, 3, 4]}": {"[\"10.0.0.11_10.0.0.41\", [1, 3, 4]]": [6, -236.5343794330222, []], "[\"10.0.0.12_10.0.0.42\", [1, 2, 4]]": [4, -243.5103419325651, []], "[\"10.0.0.13_10.0.0.43\", [1, 2, 4]]": [5, -267.1574022155894, []], "[\"NoTrans\", []]": [764, -140.44602306998829, []]}, "{\"10.0.0.11_10.0.0.41\": [1, 2, 4], \"10.0.0.12_10.0.0.42\": [1, 3, 4], \"10.0.0.13_10.0.0.43\": [1, 2, 4]}": {"[\"10.0.0.11_10.0.0.41\", [1, 3, 4]]": [4, -251.9084887601362, []], "[\"10.0.0.12_10.0.0.42\", [1, 2, 4]]": [3, -266.1733022342704, []], "[\"10.0.0.13_10.0.0.43\", [1, 3, 4]]": [4, -212.7249501923793, []], "[\"NoTrans\", []]": [3, -241.23725363956711, []]}, "{\"10.0.0.11_10.0.0.41\": [1, 2, 4], \"10.0.0.12_10.0.0.42\": [1, 2, 4], \"10.0.0.13_10.0.0.43\": [1, 3, 4]}": {"[\"10.0.0.11_10.0.0.41\", [1, 3, 4]]": [3, -208.11965268523647, []], "[\"10.0.0.12_10.0.0.42\", [1, 3, 4]]": [5, -223.24030034767532, []], "[\"10.0.0.13_10.0.0.43\", [1, 2, 4]]": [3, -267.8913695967791, []], "[\"NoTrans\", []]": [3, -239.1780587168886, []]}, "{\"10.0.0.11_10.0.0.41\": [1, 2, 4], \"10.0.0.12_10.0.0.42\": [1, 2, 4], \"10.0.0.13_10.0.0.43\": [1, 2, 4]}": {"[\"10.0.0.11_10.0.0.41\", [1, 3, 4]]": [3, -236.15692745982375, []], "[\"10.0.0.12_10.0.0.42\", [1, 3, 4]]": [3, -247.90178233637414, []], "[\"10.0.0.13_10.0.0.43\", [1, 3, 4]]": [3, -226.750230932261, []], "[\"NoTrans\", []]": [2, -232.30901240435065, []]}}