{"{\"10.0.0.11_10.0.0.41\": [1, 3, 4], \"10.0.0.12_10.0.0.42\": [1, 3, 4], \"10.0.0.13_10.0.0.43\": [1, 3, 4]}": {"[\"10.0.0.11_10.0.0.41\", [1, 2, 4]]": [5, -136.16861913856457, []], "[\"10.0.0.13_10.0.0.43\", [1, 2, 4]]": [3, -165.40855621224273, []], "[\"10.0.0.12_10.0.0.42\", [1, 2, 4]]": [3, -162.32489169142383, []], "[\"NoTrans\", []]": [2, -168.3289493999244, []]}, "{\"10.0.0.11_10.0.0.41\": [1, 3, 4], \"10.0.0.12_10.0.0.42\": [1, 2, 4], \"10.0.0.13_10.0.0.43\": [1, 3, 4]}": {"[\"10.0.0.11_10.0.0.41\", [1, 2, 4]]": [2, -174.41986460444954, []], "[\"10.0.0.13_10.0.0.43\", [1, 2, 4]]": [3, -192.8901266939704, []], "[\"10.0.0.12_10.0.0.42\", [1, 3, 4]]": [2, -178.40104372197183, []], "[\"NoTrans\", []]": [3, -197.4331445380011, []]}, "{\"10.0.0.11_10.0.0.41\": [1, 3, 4], \"10.0.0.12_10.0.0.42\": [1, 3, 4], \"10.0.0.13_10.0.0.43\": [1, 2, 4]}": {"[\"10.0.0.11_10.0.0.41\", [1, 2, 4]]": [2, -159.63166785224428, []], "[\"10.0.0.13_10.0.0.43\", [1, 3, 4]]": [3, -185.42627492684986, []], "[\"10.0.0.12_10.0.0.42\", [1, 2, 4]]": [2, -184.82064385474268, []], "[\"NoTrans\", []]": [2, -161.85351003969873, []]}, "{\"10.0.0.11_10.0.0.41\": [1, 3, 4], \"10.0.0.12_10.0.0.42\": [1, 2, 4], \"10.0.0.13_10.0.0.43\": [1, 2, 4]}": {"[\"10.0.0.11_10.0.0.41\", [1, 2, 4]]": [2, -212.4029686383874, []], "[\"10.0.0.13_10.0.0.43\", [1, 3, 4]]": [2, -161.63923502547507, []], "[\"10.0.0.12_10.0.0.42\", [1, 3, 4]]": [2, -185.79894741987766, []], "[\"NoTrans\", []]": [1, -147.12772791444732, []]}, "{\"10.0.0.11_10.0.0.41\": [1, 2, 4], \"10.0.0.12_10.0.0.42\": [1, 3, 4], \"10.0.0.13_10.0.0.43\": [1, 3, 4]}": {"[\"10.0.0.11_10.0.0.41\", [1, 3, 4]]": [5, -189.24519057101514, []], "[\"10.0.0.13_10.0.0.43\", [1, 2, 4]]": [3, -214.95340748462363, []], "[\"10.0.0.12_10.0.0.42\", [1, 2, 4]]": [3, -195.91792391727697, []], "[\"NoTrans\", []]": [608, -119.86474612073488, []]}, "{\"10.0.0.11_10.0.0.41\": [1, 2, 4], \"10.0.0.12_10.0.0.42\": [1, 2, 4], \"10.0.0.13_10.0.0.43\": [1, 3, 4]}": {"[\"10.0.0.11_10.0.0.41\", [1, 3, 4]]": [2, -141.49258422870054, []], "[\"10.0.0.13_10.0.0.43\", [1, 2, 4]]": [1, -197.75342700571764, []], "[\"10.0.0.12_10.0.0.42\", [1, 3, 4]]": [3, -158.84115164984132, []], "[\"NoTrans\", []]": [1, -150.29903821866583, []]}, "{\"10.0.0.11_10.0.0.41\": [1, 2, 4], \"10.0.0.12_10.0.0.42\": [1, 3, 4], \"10.0.0.13_10.0.0.43\": [1, 2, 4]}": {"[\"10.0.0.11_10.0.0.41\", [1, 3, 4]]": [2, -161.19630084493093, []], "[\"10.0.0.13_10.0.0.43\", [1, 3, 4]]": [4, -173.1535660972608, []], "[\"10.0.0.12_10.0.0.42\", [1, 2, 4]]": [1, -197.44071719736803, []], "[\"NoTrans\", []]": [2, -203.09933687168942, []]}, "{\"10.0.0.11_10.0.0.41\": [1, 2, 4], \"10.0.0.12_10.0.0.42\": [1, 2, 4], \"10.0.0.13_10.0.0.43\": [1, 2, 4]}": {"[\"10.0.0.11_10.0.0.41\", [1, 3, 4]]": [1, -146.53816443077827, []], "[\"10.0.0.13_10.0.0.43\", [1, 3, 4]]": [1, -156.46301118848828, []], "[\"10.0.0.12_10.0.0.42\", [1, 3, 4]]": [2, -187.50691577062324, []], "[\"NoTrans\", []]": [1, -192.0555450849206, []]}}