{"{\"10.0.0.11_10.0.0.41\": [1, 3, 4], \"10.0.0.12_10.0.0.42\": [1, 3, 4], \"10.0.0.13_10.0.0.43\": [1, 3, 4]}": {"[\"10.0.0.12_10.0.0.42\", [1, 2, 4]]": [15, -302.41452688822756, []], "[\"10.0.0.13_10.0.0.43\", [1, 2, 4]]": [12, -285.1096633812069, []], "[\"10.0.0.11_10.0.0.41\", [1, 2, 4]]": [34, -204.954557666394, []], "[\"NoTrans\", []]": [22, -263.2369242692608, []]}, "{\"10.0.0.11_10.0.0.41\": [1, 2, 4], \"10.0.0.12_10.0.0.42\": [1, 3, 4], \"10.0.0.13_10.0.0.43\": [1, 3, 4]}": {"[\"10.0.0.12_10.0.0.42\", [1, 2, 4]]": [27, -308.9555392710947, []], "[\"10.0.0.13_10.0.0.43\", [1, 2, 4]]": [22, -309.6989949747864, []], "[\"10.0.0.11_10.0.0.41\", [1, 3, 4]]": [31, -269.22230076462586, []], "[\"NoTrans\", []]": [47, -224.42348975899517, []]}, "{\"10.0.0.11_10.0.0.41\": [1, 3, 4], \"10.0.0.12_10.0.0.42\": [1, 3, 4], \"10.0.0.13_10.0.0.43\": [1, 2, 4]}": {"[\"10.0.0.12_10.0.0.42\", [1, 2, 4]]": [13, -340.45911880714016, []], "[\"10.0.0.13_10.0.0.43\", [1, 3, 4]]": [16, -271.62834879611785, []], "[\"10.0.0.11_10.0.0.41\", [1, 2, 4]]": [8, -301.1414907377709, []], "[\"NoTrans\", []]": [9, -287.42507281744986, []]}, "{\"10.0.0.11_10.0.0.41\": [1, 2, 4], \"10.0.0.12_10.0.0.42\": [1, 3, 4], \"10.0.0.13_10.0.0.43\": [1, 2, 4]}": {"[\"10.0.0.12_10.0.0.42\", [1, 2, 4]]": [12, -359.1553922381158, []], "[\"10.0.0.13_10.0.0.43\", [1, 3, 4]]": [17, -239.59564193176988, []], "[\"10.0.0.11_10.0.0.41\", [1, 3, 4]]": [12, -287.1155180429566, []], "[\"NoTrans\", []]": [17, -297.3007054672928, []]}, "{\"10.0.0.11_10.0.0.41\": [1, 3, 4], \"10.0.0.12_10.0.0.42\": [1, 2, 4], \"10.0.0.13_10.0.0.43\": [1, 3, 4]}": {"[\"10.0.0.12_10.0.0.42\", [1, 3, 4]]": [14, -269.30679206417074, []], "[\"10.0.0.13_10.0.0.43\", [1, 2, 4]]": [16, -341.7660011688145, []], "[\"10.0.0.11_10.0.0.41\", [1, 2, 4]]": [20, -311.3871241845216, []], "[\"NoTrans\", []]": [16, -300.17891575380247, []]}, "{\"10.0.0.11_10.0.0.41\": [1, 2, 4], \"10.0.0.12_10.0.0.42\": [1, 2, 4], \"10.0.0.13_10.0.0.43\": [1, 3, 4]}": {"[\"10.0.0.12_10.0.0.42\", [1, 3, 4]]": [30, -245.51895897189286, []], "[\"10.0.0.13_10.0.0.43\", [1, 2, 4]]": [15, -368.3366552099212, []], "[\"10.0.0.11_10.0.0.41\", [1, 3, 4]]": [18, -296.6097530932303, []], "[\"NoTrans\", []]": [17, -308.3340050869875, []]}, "{\"10.0.0.11_10.0.0.41\": [1, 3, 4], \"10.0.0.12_10.0.0.42\": [1, 2, 4], \"10.0.0.13_10.0.0.43\": [1, 2, 4]}": {"[\"10.0.0.12_10.0.0.42\", [1, 3, 4]]": [13, -296.7186621091735, []], "[\"10.0.0.13_10.0.0.43\", [1, 3, 4]]": [17, -301.71776131631015, []], "[\"10.0.0.11_10.0.0.41\", [1, 2, 4]]": [10, -363.2359271262075, []], "[\"NoTrans\", []]": [9, -334.9934823135671, []]}, "{\"10.0.0.11_10.0.0.41\": [1, 2, 4], \"10.0.0.12_10.0.0.42\": [1, 2, 4], \"10.0.0.13_10.0.0.43\": [1, 2, 4]}": {"[\"10.0.0.12_10.0.0.42\", [1, 3, 4]]": [11, -297.0552848955962, []], "[\"10.0.0.13_10.0.0.43\", [1, 3, 4]]": [16, -295.9807001155316, []], "[\"10.0.0.11_10.0.0.41\", [1, 3, 4]]": [11, -337.50405495198356, []], "[\"NoTrans\", []]": [6, -349.5625737503646, []]}}