{"{\"10.0.0.11_10.0.0.41\": [1, 3, 4], \"10.0.0.12_10.0.0.42\": [1, 3, 4], \"10.0.0.13_10.0.0.43\": [1, 3, 4]}": {"[\"10.0.0.12_10.0.0.42\", [1, 2, 4]]": [8, -285.8040470164455, []], "[\"10.0.0.13_10.0.0.43\", [1, 2, 4]]": [6, -379.8341167208706, []], "[\"10.0.0.11_10.0.0.41\", [1, 2, 4]]": [42, -159.96240477942337, []], "[\"NoTrans\", []]": [3, -333.64233936506014, []]}, "{\"10.0.0.11_10.0.0.41\": [1, 2, 4], \"10.0.0.12_10.0.0.42\": [1, 3, 4], \"10.0.0.13_10.0.0.43\": [1, 3, 4]}": {"[\"10.0.0.12_10.0.0.42\", [1, 2, 4]]": [37, -269.164764725432, []], "[\"10.0.0.13_10.0.0.43\", [1, 2, 4]]": [32, -264.6856289207916, []], "[\"10.0.0.11_10.0.0.41\", [1, 3, 4]]": [43, -232.77125928642621, []], "[\"NoTrans\", []]": [413, -161.80849601740266, []]}, "{\"10.0.0.11_10.0.0.41\": [1, 3, 4], \"10.0.0.12_10.0.0.42\": [1, 3, 4], \"10.0.0.13_10.0.0.43\": [1, 2, 4]}": {"[\"10.0.0.12_10.0.0.42\", [1, 2, 4]]": [17, -362.0371148487487, []], "[\"10.0.0.13_10.0.0.43\", [1, 3, 4]]": [0, -Infinity, []], "[\"10.0.0.11_10.0.0.41\", [1, 2, 4]]": [0, -Infinity, []], "[\"NoTrans\", []]": [20, -404.123629786862, []]}, "{\"10.0.0.11_10.0.0.41\": [1, 2, 4], \"10.0.0.12_10.0.0.42\": [1, 3, 4], \"10.0.0.13_10.0.0.43\": [1, 2, 4]}": {"[\"10.0.0.12_10.0.0.42\", [1, 2, 4]]": [5, -412.3505587070858, []], "[\"10.0.0.13_10.0.0.43\", [1, 3, 4]]": [31, -189.92699935000016, []], "[\"10.0.0.11_10.0.0.41\", [1, 3, 4]]": [2, -389.5767378787088, []], "[\"NoTrans\", []]": [5, -374.94594299814685, []]}, "{\"10.0.0.11_10.0.0.41\": [1, 3, 4], \"10.0.0.12_10.0.0.42\": [1, 2, 4], \"10.0.0.13_10.0.0.43\": [1, 3, 4]}": {"[\"10.0.0.12_10.0.0.42\", [1, 3, 4]]": [13, -218.48611323986157, []], "[\"10.0.0.13_10.0.0.43\", [1, 2, 4]]": [3, -367.1208383250193, []], "[\"10.0.0.11_10.0.0.41\", [1, 2, 4]]": [2, -363.53870559043, []], "[\"NoTrans\", []]": [6, -349.9370129299299, []]}, "{\"10.0.0.11_10.0.0.41\": [1, 2, 4], \"10.0.0.12_10.0.0.42\": [1, 2, 4], \"10.0.0.13_10.0.0.43\": [1, 3, 4]}": {"[\"10.0.0.12_10.0.0.42\", [1, 3, 4]]": [39, -187.21107662092112, []], "[\"10.0.0.13_10.0.0.43\", [1, 2, 4]]": [6, -379.6727537323909, []], "[\"10.0.0.11_10.0.0.41\", [1, 3, 4]]": [2, -240.66622065859445, []], "[\"NoTrans\", []]": [3, -347.2465725823709, []]}, "{\"10.0.0.11_10.0.0.41\": [1, 3, 4], \"10.0.0.12_10.0.0.42\": [1, 2, 4], \"10.0.0.13_10.0.0.43\": [1, 2, 4]}": {"[\"10.0.0.12_10.0.0.42\", [1, 3, 4]]": [9, -397.822338390304, []], "[\"10.0.0.13_10.0.0.43\", [1, 3, 4]]": [8, -273.48192128682894, []], "[\"10.0.0.11_10.0.0.41\", [1, 2, 4]]": [3, -427.9350200571773, []], "[\"NoTrans\", []]": [6, -402.7754841043937, []]}, "{\"10.0.0.11_10.0.0.41\": [1, 2, 4], \"10.0.0.12_10.0.0.42\": [1, 2, 4], \"10.0.0.13_10.0.0.43\": [1, 2, 4]}": {"[\"10.0.0.12_10.0.0.42\", [1, 3, 4]]": [6, -279.8221863005952, []], "[\"10.0.0.13_10.0.0.43\", [1, 3, 4]]": [8, -298.2963175126472, []], "[\"10.0.0.11_10.0.0.41\", [1, 3, 4]]": [0, -Infinity, []], "[\"NoTrans\", []]": [3, -394.8292458674272, []]}}