{"{\"10.0.0.11_10.0.0.41\": [1, 3, 4], \"10.0.0.12_10.0.0.42\": [1, 3, 4], \"10.0.0.13_10.0.0.43\": [1, 3, 4]}": {"[\"10.0.0.11_10.0.0.41\", [1, 2, 4]]": [20, -126.18899228355782, []], "[\"10.0.0.12_10.0.0.42\", [1, 2, 4]]": [3, -400.0499832562266, []], "[\"10.0.0.13_10.0.0.43\", [1, 2, 4]]": [1, -311.8238772243741, []], "[\"NoTrans\", []]": [0, -Infinity, []]}, "{\"10.0.0.11_10.0.0.41\": [1, 3, 4], \"10.0.0.12_10.0.0.42\": [1, 3, 4], \"10.0.0.13_10.0.0.43\": [1, 2, 4]}": {"[\"10.0.0.11_10.0.0.41\", [1, 2, 4]]": [18, -373.74144948236324, []], "[\"10.0.0.12_10.0.0.42\", [1, 2, 4]]": [0, -Infinity, []], "[\"10.0.0.13_10.0.0.43\", [1, 3, 4]]": [0, -Infinity, []], "[\"NoTrans\", []]": [0, -Infinity, []]}, "{\"10.0.0.11_10.0.0.41\": [1, 3, 4], \"10.0.0.12_10.0.0.42\": [1, 2, 4], \"10.0.0.13_10.0.0.43\": [1, 3, 4]}": {"[\"10.0.0.11_10.0.0.41\", [1, 2, 4]]": [11, -262.2115994509252, []], "[\"10.0.0.12_10.0.0.42\", [1, 3, 4]]": [0, -Infinity, []], "[\"10.0.0.13_10.0.0.43\", [1, 2, 4]]": [4, -441.31788211318957, []], "[\"NoTrans\", []]": [0, -Infinity, []]}, "{\"10.0.0.11_10.0.0.41\": [1, 3, 4], \"10.0.0.12_10.0.0.42\": [1, 2, 4], \"10.0.0.13_10.0.0.43\": [1, 2, 4]}": {"[\"10.0.0.11_10.0.0.41\", [1, 2, 4]]": [6, -487.4077778007243, []], "[\"10.0.0.12_10.0.0.42\", [1, 3, 4]]": [9, -396.28612394313365, []], "[\"10.0.0.13_10.0.0.43\", [1, 3, 4]]": [0, -Infinity, []], "[\"NoTrans\", []]": [0, -Infinity, []]}, "{\"10.0.0.11_10.0.0.41\": [1, 2, 4], \"10.0.0.12_10.0.0.42\": [1, 3, 4], \"10.0.0.13_10.0.0.43\": [1, 3, 4]}": {"[\"10.0.0.11_10.0.0.41\", [1, 3, 4]]": [23, -194.11610281179708, []], "[\"10.0.0.12_10.0.0.42\", [1, 2, 4]]": [10, -254.80431806292685, []], "[\"10.0.0.13_10.0.0.43\", [1, 2, 4]]": [28, -373.2855408289468, []], "[\"NoTrans\", []]": [300, -139.94498148433084, []]}, "{\"10.0.0.11_10.0.0.41\": [1, 2, 4], \"10.0.0.12_10.0.0.42\": [1, 3, 4], \"10.0.0.13_10.0.0.43\": [1, 2, 4]}": {"[\"10.0.0.11_10.0.0.41\", [1, 3, 4]]": [8, -425.718089006977, []], "[\"10.0.0.12_10.0.0.42\", [1, 2, 4]]": [39, -325.309600861929, []], "[\"10.0.0.13_10.0.0.43\", [1, 3, 4]]": [0, -Infinity, []], "[\"NoTrans\", []]": [0, -Infinity, []]}, "{\"10.0.0.11_10.0.0.41\": [1, 2, 4], \"10.0.0.12_10.0.0.42\": [1, 2, 4], \"10.0.0.13_10.0.0.43\": [1, 3, 4]}": {"[\"10.0.0.11_10.0.0.41\", [1, 3, 4]]": [12, -312.1148040115804, []], "[\"10.0.0.12_10.0.0.42\", [1, 3, 4]]": [41, -176.2444735633778, []], "[\"10.0.0.13_10.0.0.43\", [1, 2, 4]]": [4, -354.4640853056999, []], "[\"NoTrans\", []]": [3, -274.70214736691577, []]}, "{\"10.0.0.11_10.0.0.41\": [1, 2, 4], \"10.0.0.12_10.0.0.42\": [1, 2, 4], \"10.0.0.13_10.0.0.43\": [1, 2, 4]}": {"[\"10.0.0.11_10.0.0.41\", [1, 3, 4]]": [11, -435.6812111325705, []], "[\"10.0.0.12_10.0.0.42\", [1, 3, 4]]": [1, -301.87169089207526, []], "[\"10.0.0.13_10.0.0.43\", [1, 3, 4]]": [37, -250.22010768055665, []], "[\"NoTrans\", []]": [2, -331.64783852050505, []]}}