{"{\"10.0.0.11_10.0.0.41\": [1, 3, 4], \"10.0.0.12_10.0.0.42\": [1, 3, 4], \"10.0.0.13_10.0.0.43\": [1, 3, 4]}": {"[\"10.0.0.13_10.0.0.43\", [1, 2, 4]]": [1, -144.0348725684589, []], "[\"10.0.0.12_10.0.0.42\", [1, 2, 4]]": [2, -142.29400481201466, []], "[\"10.0.0.11_10.0.0.41\", [1, 2, 4]]": [5, -141.02467108190325, []], "[\"NoTrans\", []]": [2, -143.21162902832032, []]}, "{\"10.0.0.11_10.0.0.41\": [1, 2, 4], \"10.0.0.12_10.0.0.42\": [1, 3, 4], \"10.0.0.13_10.0.0.43\": [1, 3, 4]}": {"[\"10.0.0.13_10.0.0.43\", [1, 2, 4]]": [2, -205.42526178870776, []], "[\"10.0.0.12_10.0.0.42\", [1, 2, 4]]": [39, -201.85053822626173, []], "[\"10.0.0.11_10.0.0.41\", [1, 3, 4]]": [3, -199.92554739868004, []], "[\"NoTrans\", []]": [403, -149.1898031190456, []]}, "{\"10.0.0.11_10.0.0.41\": [1, 3, 4], \"10.0.0.12_10.0.0.42\": [1, 2, 4], \"10.0.0.13_10.0.0.43\": [1, 3, 4]}": {"[\"10.0.0.13_10.0.0.43\", [1, 2, 4]]": [1, -203.89574302942952, []], "[\"10.0.0.12_10.0.0.42\", [1, 3, 4]]": [4, -142.51337526760867, []], "[\"10.0.0.11_10.0.0.41\", [1, 2, 4]]": [17, -140.39747997947364, []], "[\"NoTrans\", []]": [2, -145.01352849803993, []]}, "{\"10.0.0.11_10.0.0.41\": [1, 2, 4], \"10.0.0.12_10.0.0.42\": [1, 2, 4], \"10.0.0.13_10.0.0.43\": [1, 3, 4]}": {"[\"10.0.0.13_10.0.0.43\", [1, 2, 4]]": [1, -224.92917785644534, []], "[\"10.0.0.12_10.0.0.42\", [1, 3, 4]]": [36, -175.91946925929005, []], "[\"10.0.0.11_10.0.0.41\", [1, 3, 4]]": [20, -140.53523311943815, []], "[\"NoTrans\", []]": [224, -144.3026791044162, []]}, "{\"10.0.0.11_10.0.0.41\": [1, 3, 4], \"10.0.0.12_10.0.0.42\": [1, 3, 4], \"10.0.0.13_10.0.0.43\": [1, 2, 4]}": {"[\"10.0.0.13_10.0.0.43\", [1, 3, 4]]": [1, -149.05170211791992, []], "[\"10.0.0.12_10.0.0.42\", [1, 2, 4]]": [1, -207.48602693974817, []], "[\"10.0.0.11_10.0.0.41\", [1, 2, 4]]": [4, -224.70207972511844, []], "[\"NoTrans\", []]": [1, -146.82858964618802, []]}, "{\"10.0.0.11_10.0.0.41\": [1, 2, 4], \"10.0.0.12_10.0.0.42\": [1, 3, 4], \"10.0.0.13_10.0.0.43\": [1, 2, 4]}": {"[\"10.0.0.13_10.0.0.43\", [1, 3, 4]]": [4, -178.15418665378147, []], "[\"10.0.0.12_10.0.0.42\", [1, 2, 4]]": [1, -220.76586298790474, []], "[\"10.0.0.11_10.0.0.41\", [1, 3, 4]]": [3, -185.97728540125485, []], "[\"NoTrans\", []]": [4, -206.47056824296607, []]}, "{\"10.0.0.11_10.0.0.41\": [1, 3, 4], \"10.0.0.12_10.0.0.42\": [1, 2, 4], \"10.0.0.13_10.0.0.43\": [1, 2, 4]}": {"[\"10.0.0.13_10.0.0.43\", [1, 3, 4]]": [0, -140, []], "[\"10.0.0.12_10.0.0.42\", [1, 3, 4]]": [2, -139.67525694902542, []], "[\"10.0.0.11_10.0.0.41\", [1, 2, 4]]": [1, -223.166070507436, []], "[\"NoTrans\", []]": [1, -203.02485464979628, []]}, "{\"10.0.0.11_10.0.0.41\": [1, 2, 4], \"10.0.0.12_10.0.0.42\": [1, 2, 4], \"10.0.0.13_10.0.0.43\": [1, 2, 4]}": {"[\"10.0.0.13_10.0.0.43\", [1, 3, 4]]": [1, -143.18760919666244, []], "[\"10.0.0.12_10.0.0.42\", [1, 3, 4]]": [2, -137.26036923046695, []], "[\"10.0.0.11_10.0.0.41\", [1, 3, 4]]": [1, -207.64002938717346, []], "[\"NoTrans\", []]": [1, -219.6671844482422, []]}}