{"{\"10.0.0.11_10.0.0.41\": [1, 3, 4], \"10.0.0.12_10.0.0.42\": [1, 3, 4], \"10.0.0.13_10.0.0.43\": [1, 3, 4]}": {"[\"10.0.0.11_10.0.0.41\", [1, 2, 4]]": [47, -149.62592145966138, []], "[\"10.0.0.13_10.0.0.43\", [1, 2, 4]]": [3, -269.8286565019107, []], "[\"10.0.0.12_10.0.0.42\", [1, 2, 4]]": [3, -255.55070223731562, []], "[\"NoTrans\", []]": [3, -216.42546564869076, []]}, "{\"10.0.0.11_10.0.0.41\": [1, 3, 4], \"10.0.0.12_10.0.0.42\": [1, 2, 4], \"10.0.0.13_10.0.0.43\": [1, 3, 4]}": {"[\"10.0.0.11_10.0.0.41\", [1, 2, 4]]": [4, -266.7307867034585, []], "[\"10.0.0.13_10.0.0.43\", [1, 2, 4]]": [2, -292.1871386564022, []], "[\"10.0.0.12_10.0.0.42\", [1, 3, 4]]": [5, -215.5092094491035, []], "[\"NoTrans\", []]": [2, -228.63023362684652, []]}, "{\"10.0.0.11_10.0.0.41\": [1, 3, 4], \"10.0.0.12_10.0.0.42\": [1, 3, 4], \"10.0.0.13_10.0.0.43\": [1, 2, 4]}": {"[\"10.0.0.11_10.0.0.41\", [1, 2, 4]]": [4, -243.86398274089032, []], "[\"10.0.0.13_10.0.0.43\", [1, 3, 4]]": [10, -215.2766191666733, []], "[\"10.0.0.12_10.0.0.42\", [1, 2, 4]]": [0, -Infinity, []], "[\"NoTrans\", []]": [4, -246.88081363280318, []]}, "{\"10.0.0.11_10.0.0.41\": [1, 3, 4], \"10.0.0.12_10.0.0.42\": [1, 2, 4], \"10.0.0.13_10.0.0.43\": [1, 2, 4]}": {"[\"10.0.0.11_10.0.0.41\", [1, 2, 4]]": [4, -314.6149803536244, []], "[\"10.0.0.13_10.0.0.43\", [1, 3, 4]]": [0, -Infinity, []], "[\"10.0.0.12_10.0.0.42\", [1, 3, 4]]": [5, -254.37030804671022, []], "[\"NoTrans\", []]": [0, -Infinity, []]}, "{\"10.0.0.11_10.0.0.41\": [1, 2, 4], \"10.0.0.12_10.0.0.42\": [1, 3, 4], \"10.0.0.13_10.0.0.43\": [1, 3, 4]}": {"[\"10.0.0.11_10.0.0.41\", [1, 3, 4]]": [38, -221.9003348291454, []], "[\"10.0.0.13_10.0.0.43\", [1, 2, 4]]": [34, -245.6603403609977, []], "[\"10.0.0.12_10.0.0.42\", [1, 2, 4]]": [27, -261.8346343044506, []], "[\"NoTrans\", []]": [522, -141.68305622653764, []]}, "{\"10.0.0.11_10.0.0.41\": [1, 2, 4], \"10.0.0.12_10.0.0.42\": [1, 2, 4], \"10.0.0.13_10.0.0.43\": [1, 3, 4]}": {"[\"10.0.0.11_10.0.0.41\", [1, 3, 4]]": [8, -248.5005081912028, []], "[\"10.0.0.13_10.0.0.43\", [1, 2, 4]]": [4, -328.6119521282176, []], "[\"10.0.0.12_10.0.0.42\", [1, 3, 4]]": [20, -187.1556995323332, []], "[\"NoTrans\", []]": [3, -257.844046028871, []]}, "{\"10.0.0.11_10.0.0.41\": [1, 2, 4], \"10.0.0.12_10.0.0.42\": [1, 3, 4], \"10.0.0.13_10.0.0.43\": [1, 2, 4]}": {"[\"10.0.0.11_10.0.0.41\", [1, 3, 4]]": [6, -242.64478644420353, []], "[\"10.0.0.13_10.0.0.43\", [1, 3, 4]]": [33, -182.19643505152055, []], "[\"10.0.0.12_10.0.0.42\", [1, 2, 4]]": [5, -312.33815739131916, []], "[\"NoTrans\", []]": [4, -235.73681139444213, []]}, "{\"10.0.0.11_10.0.0.41\": [1, 2, 4], \"10.0.0.12_10.0.0.42\": [1, 2, 4], \"10.0.0.13_10.0.0.43\": [1, 2, 4]}": {"[\"10.0.0.11_10.0.0.41\", [1, 3, 4]]": [7, -290.536518313266, []], "[\"10.0.0.13_10.0.0.43\", [1, 3, 4]]": [0, -Infinity, []], "[\"10.0.0.12_10.0.0.42\", [1, 3, 4]]": [6, -231.1878041288047, []], "[\"NoTrans\", []]": [1, -266.0176638478751, []]}}