{"{\"10.0.0.11_10.0.0.41\": [1, 3, 4], \"10.0.0.12_10.0.0.42\": [1, 3, 4], \"10.0.0.13_10.0.0.43\": [1, 3, 4]}": {"[\"10.0.0.11_10.0.0.41\", [1, 2, 4]]": [2, -154.83339701979438, []], "[\"10.0.0.13_10.0.0.43\", [1, 2, 4]]": [1, -187.2825886806849, []], "[\"10.0.0.12_10.0.0.42\", [1, 2, 4]]": [1, -218.0799502188566, []], "[\"NoTrans\", []]": [1, -202.4285675048828, []]}, "{\"10.0.0.11_10.0.0.41\": [1, 3, 4], \"10.0.0.12_10.0.0.42\": [1, 2, 4], \"10.0.0.13_10.0.0.43\": [1, 3, 4]}": {"[\"10.0.0.11_10.0.0.41\", [1, 2, 4]]": [1, -208.1079269922492, []], "[\"10.0.0.13_10.0.0.43\", [1, 2, 4]]": [1, -235.67953465146758, []], "[\"10.0.0.12_10.0.0.42\", [1, 3, 4]]": [2, -212.62878143310547, []], "[\"NoTrans\", []]": [2, -227.63293264235173, []]}, "{\"10.0.0.11_10.0.0.41\": [1, 3, 4], \"10.0.0.12_10.0.0.42\": [1, 3, 4], \"10.0.0.13_10.0.0.43\": [1, 2, 4]}": {"[\"10.0.0.11_10.0.0.41\", [1, 2, 4]]": [1, -206.72393155258482, []], "[\"10.0.0.13_10.0.0.43\", [1, 3, 4]]": [1, -201.33470306396484, []], "[\"10.0.0.12_10.0.0.42\", [1, 2, 4]]": [1, -206.27624628088736, []], "[\"NoTrans\", []]": [1, -187.9537477765495, []]}, "{\"10.0.0.11_10.0.0.41\": [1, 3, 4], \"10.0.0.12_10.0.0.42\": [1, 2, 4], \"10.0.0.13_10.0.0.43\": [1, 2, 4]}": {"[\"10.0.0.11_10.0.0.41\", [1, 2, 4]]": [1, -220.24087922972936, []], "[\"10.0.0.13_10.0.0.43\", [1, 3, 4]]": [2, -198.0576694854604, []], "[\"10.0.0.12_10.0.0.42\", [1, 3, 4]]": [1, -186.6484096135499, []], "[\"NoTrans\", []]": [396, -190.2717827686249, []]}, "{\"10.0.0.11_10.0.0.41\": [1, 2, 4], \"10.0.0.12_10.0.0.42\": [1, 3, 4], \"10.0.0.13_10.0.0.43\": [1, 3, 4]}": {"[\"10.0.0.11_10.0.0.41\", [1, 3, 4]]": [1, -203.55218658447265, []], "[\"10.0.0.13_10.0.0.43\", [1, 2, 4]]": [1, -205.55232660093807, []], "[\"10.0.0.12_10.0.0.42\", [1, 2, 4]]": [1, -205.13054247698062, []], "[\"NoTrans\", []]": [364, -142.44848283473482, []]}, "{\"10.0.0.11_10.0.0.41\": [1, 2, 4], \"10.0.0.12_10.0.0.42\": [1, 2, 4], \"10.0.0.13_10.0.0.43\": [1, 3, 4]}": {"[\"10.0.0.11_10.0.0.41\", [1, 3, 4]]": [1, -186.24756900486264, []], "[\"10.0.0.13_10.0.0.43\", [1, 2, 4]]": [1, -223.09468994140627, []], "[\"10.0.0.12_10.0.0.42\", [1, 3, 4]]": [1, -176.56158191235423, []], "[\"NoTrans\", []]": [1, -205.20988326926158, []]}, "{\"10.0.0.11_10.0.0.41\": [1, 2, 4], \"10.0.0.12_10.0.0.42\": [1, 3, 4], \"10.0.0.13_10.0.0.43\": [1, 2, 4]}": {"[\"10.0.0.11_10.0.0.41\", [1, 3, 4]]": [0, -140, []], "[\"10.0.0.13_10.0.0.43\", [1, 3, 4]]": [1, -172.84578209359137, []], "[\"10.0.0.12_10.0.0.42\", [1, 2, 4]]": [1, -221.7613578796387, []], "[\"NoTrans\", []]": [0, -140, []]}, "{\"10.0.0.11_10.0.0.41\": [1, 2, 4], \"10.0.0.12_10.0.0.42\": [1, 2, 4], \"10.0.0.13_10.0.0.43\": [1, 2, 4]}": {"[\"10.0.0.11_10.0.0.41\", [1, 3, 4]]": [2, -204.87317496684932, []], "[\"10.0.0.13_10.0.0.43\", [1, 3, 4]]": [1, -205.04973192466838, []], "[\"10.0.0.12_10.0.0.42\", [1, 3, 4]]": [0, -140, []], "[\"NoTrans\", []]": [0, -140, []]}}