{"{\"10.0.0.11_10.0.0.41\": [1, 3, 4], \"10.0.0.12_10.0.0.42\": [1, 3, 4], \"10.0.0.13_10.0.0.43\": [1, 3, 4]}": {"[\"10.0.0.12_10.0.0.42\", [1, 2, 4]]": [1, -187.50016972725024, []], "[\"10.0.0.11_10.0.0.41\", [1, 2, 4]]": [2, -155.56422145414578, []], "[\"10.0.0.13_10.0.0.43\", [1, 2, 4]]": [0, -140, []], "[\"NoTrans\", []]": [0, -140, []]}, "{\"10.0.0.11_10.0.0.41\": [1, 3, 4], \"10.0.0.12_10.0.0.42\": [1, 3, 4], \"10.0.0.13_10.0.0.43\": [1, 2, 4]}": {"[\"10.0.0.12_10.0.0.42\", [1, 2, 4]]": [1, -203.5055076126545, []], "[\"10.0.0.11_10.0.0.41\", [1, 2, 4]]": [0, -140, []], "[\"10.0.0.13_10.0.0.43\", [1, 3, 4]]": [1, -203.51224193412355, []], "[\"NoTrans\", []]": [1, -187.36493065030544, []]}, "{\"10.0.0.11_10.0.0.41\": [1, 2, 4], \"10.0.0.12_10.0.0.42\": [1, 3, 4], \"10.0.0.13_10.0.0.43\": [1, 3, 4]}": {"[\"10.0.0.12_10.0.0.42\", [1, 2, 4]]": [1, -203.04499100338936, []], "[\"10.0.0.11_10.0.0.41\", [1, 3, 4]]": [1, -202.80498275756835, []], "[\"10.0.0.13_10.0.0.43\", [1, 2, 4]]": [1, -207.63717479081862, []], "[\"NoTrans\", []]": [661, -133.42027275127248, []]}, "{\"10.0.0.11_10.0.0.41\": [1, 2, 4], \"10.0.0.12_10.0.0.42\": [1, 3, 4], \"10.0.0.13_10.0.0.43\": [1, 2, 4]}": {"[\"10.0.0.12_10.0.0.42\", [1, 2, 4]]": [1, -204.7705214249296, []], "[\"10.0.0.11_10.0.0.41\", [1, 3, 4]]": [1, -188.85338371459335, []], "[\"10.0.0.13_10.0.0.43\", [1, 3, 4]]": [1, -176.1555641444188, []], "[\"NoTrans\", []]": [0, -140, []]}, "{\"10.0.0.11_10.0.0.41\": [1, 3, 4], \"10.0.0.12_10.0.0.42\": [1, 2, 4], \"10.0.0.13_10.0.0.43\": [1, 3, 4]}": {"[\"10.0.0.12_10.0.0.42\", [1, 3, 4]]": [1, -199.85555419921874, []], "[\"10.0.0.11_10.0.0.41\", [1, 2, 4]]": [1, -204.12954776629118, []], "[\"10.0.0.13_10.0.0.43\", [1, 2, 4]]": [1, -202.52243973953176, []], "[\"NoTrans\", []]": [1, -188.15196015372567, []]}, "{\"10.0.0.11_10.0.0.41\": [1, 3, 4], \"10.0.0.12_10.0.0.42\": [1, 2, 4], \"10.0.0.13_10.0.0.43\": [1, 2, 4]}": {"[\"10.0.0.12_10.0.0.42\", [1, 3, 4]]": [1, -188.68656429426431, []], "[\"10.0.0.11_10.0.0.41\", [1, 2, 4]]": [1, -218.37857971191409, []], "[\"10.0.0.13_10.0.0.43\", [1, 3, 4]]": [1, -182.16461933241206, []], "[\"NoTrans\", []]": [1, -204.5136115861173, []]}, "{\"10.0.0.11_10.0.0.41\": [1, 2, 4], \"10.0.0.12_10.0.0.42\": [1, 2, 4], \"10.0.0.13_10.0.0.43\": [1, 3, 4]}": {"[\"10.0.0.12_10.0.0.42\", [1, 3, 4]]": [1, -175.7906442634139, []], "[\"10.0.0.11_10.0.0.41\", [1, 3, 4]]": [1, -188.25649771706517, []], "[\"10.0.0.13_10.0.0.43\", [1, 2, 4]]": [1, -227.1552444458008, []], "[\"NoTrans\", []]": [1, -206.5146801732733, []]}, "{\"10.0.0.11_10.0.0.41\": [1, 2, 4], \"10.0.0.12_10.0.0.42\": [1, 2, 4], \"10.0.0.13_10.0.0.43\": [1, 2, 4]}": {"[\"10.0.0.12_10.0.0.42\", [1, 3, 4]]": [1, -201.93433373011482, []], "[\"10.0.0.11_10.0.0.41\", [1, 3, 4]]": [1, -202.59151426089738, []], "[\"10.0.0.13_10.0.0.43\", [1, 3, 4]]": [1, -204.4475640742784, []], "[\"NoTrans\", []]": [1, -224.35554275512698, []]}}