{"{\"10.0.0.11_10.0.0.41\": [1, 3, 4], \"10.0.0.12_10.0.0.42\": [1, 3, 4], \"10.0.0.13_10.0.0.43\": [1, 3, 4]}": {"[\"10.0.0.12_10.0.0.42\", [1, 2, 4]]": [7, -167.67220851612433, []], "[\"10.0.0.13_10.0.0.43\", [1, 2, 4]]": [4, -121.572894370271, []], "[\"10.0.0.11_10.0.0.41\", [1, 2, 4]]": [5, -139.4303468187952, []], "[\"NoTrans\", []]": [3, -119.10189902343751, []]}, "{\"10.0.0.11_10.0.0.41\": [1, 2, 4], \"10.0.0.12_10.0.0.42\": [1, 3, 4], \"10.0.0.13_10.0.0.43\": [1, 3, 4]}": {"[\"10.0.0.12_10.0.0.42\", [1, 2, 4]]": [7, -183.21144910025245, []], "[\"10.0.0.13_10.0.0.43\", [1, 2, 4]]": [8, -188.76031507967417, []], "[\"10.0.0.11_10.0.0.41\", [1, 3, 4]]": [6, -184.00961609068872, []], "[\"NoTrans\", []]": [368, -133.33417201160057, []]}, "{\"10.0.0.11_10.0.0.41\": [1, 3, 4], \"10.0.0.12_10.0.0.42\": [1, 3, 4], \"10.0.0.13_10.0.0.43\": [1, 2, 4]}": {"[\"10.0.0.12_10.0.0.42\", [1, 2, 4]]": [10, -188.82908721662486, []], "[\"10.0.0.13_10.0.0.43\", [1, 3, 4]]": [5, -122.07367542083901, []], "[\"10.0.0.11_10.0.0.41\", [1, 2, 4]]": [10, -186.85639879776951, []], "[\"NoTrans\", []]": [7, -171.0972300533896, []]}, "{\"10.0.0.11_10.0.0.41\": [1, 2, 4], \"10.0.0.12_10.0.0.42\": [1, 3, 4], \"10.0.0.13_10.0.0.43\": [1, 2, 4]}": {"[\"10.0.0.12_10.0.0.42\", [1, 2, 4]]": [23, -205.05608540961666, []], "[\"10.0.0.13_10.0.0.43\", [1, 3, 4]]": [9, -157.05982661896255, []], "[\"10.0.0.11_10.0.0.41\", [1, 3, 4]]": [12, -171.38890484379127, []], "[\"NoTrans\", []]": [15, -186.80584768264328, []]}, "{\"10.0.0.11_10.0.0.41\": [1, 3, 4], \"10.0.0.12_10.0.0.42\": [1, 2, 4], \"10.0.0.13_10.0.0.43\": [1, 3, 4]}": {"[\"10.0.0.12_10.0.0.42\", [1, 3, 4]]": [5, -184.3773659278229, []], "[\"10.0.0.13_10.0.0.43\", [1, 2, 4]]": [9, -185.34593782805598, []], "[\"10.0.0.11_10.0.0.41\", [1, 2, 4]]": [8, -207.8141331900136, []], "[\"NoTrans\", []]": [5, -165.73758931897936, []]}, "{\"10.0.0.11_10.0.0.41\": [1, 2, 4], \"10.0.0.12_10.0.0.42\": [1, 2, 4], \"10.0.0.13_10.0.0.43\": [1, 3, 4]}": {"[\"10.0.0.12_10.0.0.42\", [1, 3, 4]]": [8, -160.92375389395954, []], "[\"10.0.0.13_10.0.0.43\", [1, 2, 4]]": [59, -204.0215642119992, []], "[\"10.0.0.11_10.0.0.41\", [1, 3, 4]]": [7, -166.50526852829518, []], "[\"NoTrans\", []]": [11, -183.6321424901479, []]}, "{\"10.0.0.11_10.0.0.41\": [1, 3, 4], \"10.0.0.12_10.0.0.42\": [1, 2, 4], \"10.0.0.13_10.0.0.43\": [1, 2, 4]}": {"[\"10.0.0.12_10.0.0.42\", [1, 3, 4]]": [8, -170.5324759999456, []], "[\"10.0.0.13_10.0.0.43\", [1, 3, 4]]": [8, -168.9904985866612, []], "[\"10.0.0.11_10.0.0.41\", [1, 2, 4]]": [15, -207.58354964629086, []], "[\"NoTrans\", []]": [8, -188.5257127223912, []]}, "{\"10.0.0.11_10.0.0.41\": [1, 2, 4], \"10.0.0.12_10.0.0.42\": [1, 2, 4], \"10.0.0.13_10.0.0.43\": [1, 2, 4]}": {"[\"10.0.0.12_10.0.0.42\", [1, 3, 4]]": [26, -176.1297448020559, []], "[\"10.0.0.13_10.0.0.43\", [1, 3, 4]]": [59, -182.08691162080973, []], "[\"10.0.0.11_10.0.0.41\", [1, 3, 4]]": [12, -187.624277473931, []], "[\"NoTrans\", []]": [33, -124.08065291569136, []]}}