{"{\"10.0.0.11_10.0.0.41\": [1, 3, 4], \"10.0.0.12_10.0.0.42\": [1, 3, 4], \"10.0.0.13_10.0.0.43\": [1, 3, 4]}": {"[\"10.0.0.12_10.0.0.42\", [1, 2, 4]]": [2, -153.1341649361028, []], "[\"10.0.0.13_10.0.0.43\", [1, 2, 4]]": [2, -132.5734527582038, []], "[\"10.0.0.11_10.0.0.41\", [1, 2, 4]]": [4, -133.95515148983768, []], "[\"NoTrans\", []]": [2, -178.20842733236822, []]}, "{\"10.0.0.11_10.0.0.41\": [1, 2, 4], \"10.0.0.12_10.0.0.42\": [1, 3, 4], \"10.0.0.13_10.0.0.43\": [1, 3, 4]}": {"[\"10.0.0.12_10.0.0.42\", [1, 2, 4]]": [2, -185.20568693267518, []], "[\"10.0.0.13_10.0.0.43\", [1, 2, 4]]": [2, -168.09095935958842, []], "[\"10.0.0.11_10.0.0.41\", [1, 3, 4]]": [4, -183.37058012870833, []], "[\"NoTrans\", []]": [630, -131.26454976661626, []]}, "{\"10.0.0.11_10.0.0.41\": [1, 3, 4], \"10.0.0.12_10.0.0.42\": [1, 3, 4], \"10.0.0.13_10.0.0.43\": [1, 2, 4]}": {"[\"10.0.0.12_10.0.0.42\", [1, 2, 4]]": [2, -179.4005936913128, []], "[\"10.0.0.13_10.0.0.43\", [1, 3, 4]]": [2, -142.92942569347207, []], "[\"10.0.0.11_10.0.0.41\", [1, 2, 4]]": [1, -152.19660123172721, []], "[\"NoTrans\", []]": [2, -158.21441935834739, []]}, "{\"10.0.0.11_10.0.0.41\": [1, 2, 4], \"10.0.0.12_10.0.0.42\": [1, 3, 4], \"10.0.0.13_10.0.0.43\": [1, 2, 4]}": {"[\"10.0.0.12_10.0.0.42\", [1, 2, 4]]": [2, -211.61486704513436, []], "[\"10.0.0.13_10.0.0.43\", [1, 3, 4]]": [1, -109.13615845467503, []], "[\"10.0.0.11_10.0.0.41\", [1, 3, 4]]": [1, -117.82780754311489, []], "[\"NoTrans\", []]": [1, -147.9816129103368, []]}, "{\"10.0.0.11_10.0.0.41\": [1, 3, 4], \"10.0.0.12_10.0.0.42\": [1, 2, 4], \"10.0.0.13_10.0.0.43\": [1, 3, 4]}": {"[\"10.0.0.12_10.0.0.42\", [1, 3, 4]]": [2, -150.96773736124982, []], "[\"10.0.0.13_10.0.0.43\", [1, 2, 4]]": [1, -161.2241278475221, []], "[\"10.0.0.11_10.0.0.41\", [1, 2, 4]]": [1, -140.5054170070307, []], "[\"NoTrans\", []]": [1, -141.8060541065746, []]}, "{\"10.0.0.11_10.0.0.41\": [1, 2, 4], \"10.0.0.12_10.0.0.42\": [1, 2, 4], \"10.0.0.13_10.0.0.43\": [1, 3, 4]}": {"[\"10.0.0.12_10.0.0.42\", [1, 3, 4]]": [3, -148.0735802400206, []], "[\"10.0.0.13_10.0.0.43\", [1, 2, 4]]": [1, -194.67764933273202, []], "[\"10.0.0.11_10.0.0.41\", [1, 3, 4]]": [1, -140.54563997505798, []], "[\"NoTrans\", []]": [1, -142.37232786916996, []]}, "{\"10.0.0.11_10.0.0.41\": [1, 3, 4], \"10.0.0.12_10.0.0.42\": [1, 2, 4], \"10.0.0.13_10.0.0.43\": [1, 2, 4]}": {"[\"10.0.0.12_10.0.0.42\", [1, 3, 4]]": [2, -162.4010252919443, []], "[\"10.0.0.13_10.0.0.43\", [1, 3, 4]]": [1, -139.77516323893136, []], "[\"10.0.0.11_10.0.0.41\", [1, 2, 4]]": [1, -198.82884797975646, []], "[\"NoTrans\", []]": [1, -160.4528616009936, []]}, "{\"10.0.0.11_10.0.0.41\": [1, 2, 4], \"10.0.0.12_10.0.0.42\": [1, 2, 4], \"10.0.0.13_10.0.0.43\": [1, 2, 4]}": {"[\"10.0.0.12_10.0.0.42\", [1, 3, 4]]": [1, -147.20791295054715, []], "[\"10.0.0.13_10.0.0.43\", [1, 3, 4]]": [2, -171.1191123185987, []], "[\"10.0.0.11_10.0.0.41\", [1, 3, 4]]": [1, -159.56667478197693, []], "[\"NoTrans\", []]": [1, -194.9813946025074, []]}}