{"{\"10.0.0.11_10.0.0.41\": [1, 3, 4], \"10.0.0.12_10.0.0.42\": [1, 3, 4], \"10.0.0.13_10.0.0.43\": [1, 3, 4]}": {"[\"10.0.0.12_10.0.0.42\", [1, 2, 4]]": [5, -266.1020211334469, []], "[\"10.0.0.13_10.0.0.43\", [1, 2, 4]]": [3, -249.1168831312351, []], "[\"10.0.0.11_10.0.0.41\", [1, 2, 4]]": [51, -129.01885669999234, []], "[\"NoTrans\", []]": [7, -208.1303853277447, []]}, "{\"10.0.0.11_10.0.0.41\": [1, 2, 4], \"10.0.0.12_10.0.0.42\": [1, 3, 4], \"10.0.0.13_10.0.0.43\": [1, 3, 4]}": {"[\"10.0.0.12_10.0.0.42\", [1, 2, 4]]": [19, -256.1276248246139, []], "[\"10.0.0.13_10.0.0.43\", [1, 2, 4]]": [15, -270.44405651089784, []], "[\"10.0.0.11_10.0.0.41\", [1, 3, 4]]": [45, -209.82531836938978, []], "[\"NoTrans\", []]": [378, -132.84862983408732, []]}, "{\"10.0.0.11_10.0.0.41\": [1, 3, 4], \"10.0.0.12_10.0.0.42\": [1, 3, 4], \"10.0.0.13_10.0.0.43\": [1, 2, 4]}": {"[\"10.0.0.12_10.0.0.42\", [1, 2, 4]]": [2, -249.75851724661516, []], "[\"10.0.0.13_10.0.0.43\", [1, 3, 4]]": [5, -218.61610398688705, []], "[\"10.0.0.11_10.0.0.41\", [1, 2, 4]]": [4, -245.9856357647938, []], "[\"NoTrans\", []]": [8, -264.29220297897297, []]}, "{\"10.0.0.11_10.0.0.41\": [1, 2, 4], \"10.0.0.12_10.0.0.42\": [1, 3, 4], \"10.0.0.13_10.0.0.43\": [1, 2, 4]}": {"[\"10.0.0.12_10.0.0.42\", [1, 2, 4]]": [1, -257.856992839798, []], "[\"10.0.0.13_10.0.0.43\", [1, 3, 4]]": [16, -204.24330806014584, []], "[\"10.0.0.11_10.0.0.41\", [1, 3, 4]]": [5, -263.77618975795826, []], "[\"NoTrans\", []]": [4, -259.5471069400035, []]}, "{\"10.0.0.11_10.0.0.41\": [1, 3, 4], \"10.0.0.12_10.0.0.42\": [1, 2, 4], \"10.0.0.13_10.0.0.43\": [1, 3, 4]}": {"[\"10.0.0.12_10.0.0.42\", [1, 3, 4]]": [9, -225.7573906896558, []], "[\"10.0.0.13_10.0.0.43\", [1, 2, 4]]": [4, -267.3059697257875, []], "[\"10.0.0.11_10.0.0.41\", [1, 2, 4]]": [4, -260.15685340403707, []], "[\"NoTrans\", []]": [3, -262.46403172658086, []]}, "{\"10.0.0.11_10.0.0.41\": [1, 2, 4], \"10.0.0.12_10.0.0.42\": [1, 2, 4], \"10.0.0.13_10.0.0.43\": [1, 3, 4]}": {"[\"10.0.0.12_10.0.0.42\", [1, 3, 4]]": [13, -189.684111181955, []], "[\"10.0.0.13_10.0.0.43\", [1, 2, 4]]": [3, -284.57567563019023, []], "[\"10.0.0.11_10.0.0.41\", [1, 3, 4]]": [8, -271.25860512563696, []], "[\"NoTrans\", []]": [5, -256.6098977564362, []]}, "{\"10.0.0.11_10.0.0.41\": [1, 3, 4], \"10.0.0.12_10.0.0.42\": [1, 2, 4], \"10.0.0.13_10.0.0.43\": [1, 2, 4]}": {"[\"10.0.0.12_10.0.0.42\", [1, 3, 4]]": [3, -252.00976970168452, []], "[\"10.0.0.13_10.0.0.43\", [1, 3, 4]]": [4, -262.8884121638187, []], "[\"10.0.0.11_10.0.0.41\", [1, 2, 4]]": [1, -224.8903633117676, []], "[\"NoTrans\", []]": [2, -238.32526536792952, []]}, "{\"10.0.0.11_10.0.0.41\": [1, 2, 4], \"10.0.0.12_10.0.0.42\": [1, 2, 4], \"10.0.0.13_10.0.0.43\": [1, 2, 4]}": {"[\"10.0.0.12_10.0.0.42\", [1, 3, 4]]": [3, -251.40602772669953, []], "[\"10.0.0.13_10.0.0.43\", [1, 3, 4]]": [1, -204.3359163785015, []], "[\"10.0.0.11_10.0.0.41\", [1, 3, 4]]": [1, -233.15436920391585, []], "[\"NoTrans\", []]": [2, -273.88846744917305, []]}}