{"{\"10.0.0.11_10.0.0.41\": [1, 3, 4], \"10.0.0.12_10.0.0.42\": [1, 3, 4], \"10.0.0.13_10.0.0.43\": [1, 3, 4]}": {"[\"10.0.0.12_10.0.0.42\", [1, 2, 4]]": [2, -150.15271286639341, []], "[\"10.0.0.13_10.0.0.43\", [1, 2, 4]]": [2, -190.58079022257124, []], "[\"10.0.0.11_10.0.0.41\", [1, 2, 4]]": [4, -136.07491655118315, []], "[\"NoTrans\", []]": [2, -177.97583700736234, []]}, "{\"10.0.0.11_10.0.0.41\": [1, 2, 4], \"10.0.0.12_10.0.0.42\": [1, 3, 4], \"10.0.0.13_10.0.0.43\": [1, 3, 4]}": {"[\"10.0.0.12_10.0.0.42\", [1, 2, 4]]": [2, -172.49377290281257, []], "[\"10.0.0.13_10.0.0.43\", [1, 2, 4]]": [3, -182.09314441397706, []], "[\"10.0.0.11_10.0.0.41\", [1, 3, 4]]": [2, -161.4707142924042, []], "[\"NoTrans\", []]": [610, -111.32518923754805, []]}, "{\"10.0.0.11_10.0.0.41\": [1, 3, 4], \"10.0.0.12_10.0.0.42\": [1, 3, 4], \"10.0.0.13_10.0.0.43\": [1, 2, 4]}": {"[\"10.0.0.12_10.0.0.42\", [1, 2, 4]]": [3, -209.88205778781654, []], "[\"10.0.0.13_10.0.0.43\", [1, 3, 4]]": [3, -178.03064573291906, []], "[\"10.0.0.11_10.0.0.41\", [1, 2, 4]]": [2, -180.68168796613443, []], "[\"NoTrans\", []]": [3, -197.64772748053244, []]}, "{\"10.0.0.11_10.0.0.41\": [1, 2, 4], \"10.0.0.12_10.0.0.42\": [1, 3, 4], \"10.0.0.13_10.0.0.43\": [1, 2, 4]}": {"[\"10.0.0.12_10.0.0.42\", [1, 2, 4]]": [2, -222.24105632926228, []], "[\"10.0.0.13_10.0.0.43\", [1, 3, 4]]": [2, -145.94620260355578, []], "[\"10.0.0.11_10.0.0.41\", [1, 3, 4]]": [3, -164.30441181343383, []], "[\"NoTrans\", []]": [2, -188.75957357586867, []]}, "{\"10.0.0.11_10.0.0.41\": [1, 3, 4], \"10.0.0.12_10.0.0.42\": [1, 2, 4], \"10.0.0.13_10.0.0.43\": [1, 3, 4]}": {"[\"10.0.0.12_10.0.0.42\", [1, 3, 4]]": [3, -184.30024796177025, []], "[\"10.0.0.13_10.0.0.43\", [1, 2, 4]]": [1, -158.30419594253755, []], "[\"10.0.0.11_10.0.0.41\", [1, 2, 4]]": [1, -156.3858684241795, []], "[\"NoTrans\", []]": [2, -185.82454818715067, []]}, "{\"10.0.0.11_10.0.0.41\": [1, 2, 4], \"10.0.0.12_10.0.0.42\": [1, 2, 4], \"10.0.0.13_10.0.0.43\": [1, 3, 4]}": {"[\"10.0.0.12_10.0.0.42\", [1, 3, 4]]": [2, -128.17907925353506, []], "[\"10.0.0.13_10.0.0.43\", [1, 2, 4]]": [1, -201.92752636100056, []], "[\"10.0.0.11_10.0.0.41\", [1, 3, 4]]": [1, -140.49407600676346, []], "[\"NoTrans\", []]": [1, -156.18403321416196, []]}, "{\"10.0.0.11_10.0.0.41\": [1, 3, 4], \"10.0.0.12_10.0.0.42\": [1, 2, 4], \"10.0.0.13_10.0.0.43\": [1, 2, 4]}": {"[\"10.0.0.12_10.0.0.42\", [1, 3, 4]]": [2, -142.63737152235262, []], "[\"10.0.0.13_10.0.0.43\", [1, 3, 4]]": [2, -182.58539680581922, []], "[\"10.0.0.11_10.0.0.41\", [1, 2, 4]]": [1, -202.68111980582478, []], "[\"NoTrans\", []]": [1, -159.19553786797724, []]}, "{\"10.0.0.11_10.0.0.41\": [1, 2, 4], \"10.0.0.12_10.0.0.42\": [1, 2, 4], \"10.0.0.13_10.0.0.43\": [1, 2, 4]}": {"[\"10.0.0.12_10.0.0.42\", [1, 3, 4]]": [2, -188.4103350354198, []], "[\"10.0.0.13_10.0.0.43\", [1, 3, 4]]": [1, -155.28357238243703, []], "[\"10.0.0.11_10.0.0.41\", [1, 3, 4]]": [1, -158.48455237395336, []], "[\"NoTrans\", []]": [1, -202.33178890372517, []]}}