{"{\"10.0.0.11_10.0.0.41\": [1, 3, 4], \"10.0.0.12_10.0.0.42\": [1, 3, 4], \"10.0.0.13_10.0.0.43\": [1, 3, 4]}": {"[\"10.0.0.12_10.0.0.42\", [1, 2, 4]]": [1, -186.15146205316668, []], "[\"10.0.0.11_10.0.0.41\", [1, 2, 4]]": [2, -137.20609661538052, []], "[\"10.0.0.13_10.0.0.43\", [1, 2, 4]]": [1, -187.1970723473696, []], "[\"NoTrans\", []]": [1, -200.84851989746093, []]}, "{\"10.0.0.11_10.0.0.41\": [1, 3, 4], \"10.0.0.12_10.0.0.42\": [1, 3, 4], \"10.0.0.13_10.0.0.43\": [1, 2, 4]}": {"[\"10.0.0.12_10.0.0.42\", [1, 2, 4]]": [1, -206.7892031347144, []], "[\"10.0.0.11_10.0.0.41\", [1, 2, 4]]": [1, -206.91981398341767, []], "[\"10.0.0.13_10.0.0.43\", [1, 3, 4]]": [2, -210.35701149843203, []], "[\"NoTrans\", []]": [2, -225.86358570142244, []]}, "{\"10.0.0.11_10.0.0.41\": [1, 2, 4], \"10.0.0.12_10.0.0.42\": [1, 3, 4], \"10.0.0.13_10.0.0.43\": [1, 3, 4]}": {"[\"10.0.0.12_10.0.0.42\", [1, 2, 4]]": [1, -207.64340892340812, []], "[\"10.0.0.11_10.0.0.41\", [1, 3, 4]]": [1, -201.4749229343247, []], "[\"10.0.0.13_10.0.0.43\", [1, 2, 4]]": [1, -202.8952300396988, []], "[\"NoTrans\", []]": [657, -133.95578446568416, []]}, "{\"10.0.0.11_10.0.0.41\": [1, 2, 4], \"10.0.0.12_10.0.0.42\": [1, 3, 4], \"10.0.0.13_10.0.0.43\": [1, 2, 4]}": {"[\"10.0.0.12_10.0.0.42\", [1, 2, 4]]": [1, -227.9160858154297, []], "[\"10.0.0.11_10.0.0.41\", [1, 3, 4]]": [1, -216.77545909820896, []], "[\"10.0.0.13_10.0.0.43\", [1, 3, 4]]": [1, -187.9697074729813, []], "[\"NoTrans\", []]": [1, -204.83537565809175, []]}, "{\"10.0.0.11_10.0.0.41\": [1, 3, 4], \"10.0.0.12_10.0.0.42\": [1, 2, 4], \"10.0.0.13_10.0.0.43\": [1, 3, 4]}": {"[\"10.0.0.12_10.0.0.42\", [1, 3, 4]]": [1, -204.77212677001955, []], "[\"10.0.0.11_10.0.0.41\", [1, 2, 4]]": [1, -207.1384131504098, []], "[\"10.0.0.13_10.0.0.43\", [1, 2, 4]]": [1, -206.91004346877253, []], "[\"NoTrans\", []]": [0, -140, []]}, "{\"10.0.0.11_10.0.0.41\": [1, 3, 4], \"10.0.0.12_10.0.0.42\": [1, 2, 4], \"10.0.0.13_10.0.0.43\": [1, 2, 4]}": {"[\"10.0.0.12_10.0.0.42\", [1, 3, 4]]": [1, -186.87908085325518, []], "[\"10.0.0.11_10.0.0.41\", [1, 2, 4]]": [1, -224.35916671752932, []], "[\"10.0.0.13_10.0.0.43\", [1, 3, 4]]": [1, -187.49603601394486, []], "[\"NoTrans\", []]": [0, -140, []]}, "{\"10.0.0.11_10.0.0.41\": [1, 2, 4], \"10.0.0.12_10.0.0.42\": [1, 2, 4], \"10.0.0.13_10.0.0.43\": [1, 3, 4]}": {"[\"10.0.0.12_10.0.0.42\", [1, 3, 4]]": [1, -173.53799544398285, []], "[\"10.0.0.11_10.0.0.41\", [1, 3, 4]]": [1, -187.84087209210986, []], "[\"10.0.0.13_10.0.0.43\", [1, 2, 4]]": [1, -225.6610275268555, []], "[\"NoTrans\", []]": [1, -204.99926229870894, []]}, "{\"10.0.0.11_10.0.0.41\": [1, 2, 4], \"10.0.0.12_10.0.0.42\": [1, 2, 4], \"10.0.0.13_10.0.0.43\": [1, 2, 4]}": {"[\"10.0.0.12_10.0.0.42\", [1, 3, 4]]": [1, -203.6652260006045, []], "[\"10.0.0.11_10.0.0.41\", [1, 3, 4]]": [1, -203.6643166677766, []], "[\"10.0.0.13_10.0.0.43\", [1, 3, 4]]": [1, -204.45179126717522, []], "[\"NoTrans\", []]": [1, -225.51225433349612, []]}}