{"{\"10.0.0.11_10.0.0.41\": [1, 3, 4], \"10.0.0.12_10.0.0.42\": [1, 3, 4], \"10.0.0.13_10.0.0.43\": [1, 3, 4]}": {"[\"10.0.0.12_10.0.0.42\", [1, 2, 4]]": [15, -416.46608366001885, []], "[\"10.0.0.13_10.0.0.43\", [1, 2, 4]]": [18, -413.94942130441825, []], "[\"10.0.0.11_10.0.0.41\", [1, 2, 4]]": [8, -429.69592457499186, []], "[\"NoTrans\", []]": [11, -424.657261122817, []]}, "{\"10.0.0.11_10.0.0.41\": [1, 2, 4], \"10.0.0.12_10.0.0.42\": [1, 3, 4], \"10.0.0.13_10.0.0.43\": [1, 3, 4]}": {"[\"10.0.0.12_10.0.0.42\", [1, 2, 4]]": [9, -412.67748521420094, []], "[\"10.0.0.13_10.0.0.43\", [1, 2, 4]]": [8, -411.43713902679315, []], "[\"10.0.0.11_10.0.0.41\", [1, 3, 4]]": [8, -418.3136578254343, []], "[\"NoTrans\", []]": [9, -433.0737100491622, []]}, "{\"10.0.0.11_10.0.0.41\": [1, 3, 4], \"10.0.0.12_10.0.0.42\": [1, 3, 4], \"10.0.0.13_10.0.0.43\": [1, 2, 4]}": {"[\"10.0.0.12_10.0.0.42\", [1, 2, 4]]": [13, -429.555540338879, []], "[\"10.0.0.13_10.0.0.43\", [1, 3, 4]]": [16, -424.0555487739681, []], "[\"10.0.0.11_10.0.0.41\", [1, 2, 4]]": [16, -430.09553196723465, []], "[\"NoTrans\", []]": [35, -415.5669167190436, []]}, "{\"10.0.0.11_10.0.0.41\": [1, 2, 4], \"10.0.0.12_10.0.0.42\": [1, 3, 4], \"10.0.0.13_10.0.0.43\": [1, 2, 4]}": {"[\"10.0.0.12_10.0.0.42\", [1, 2, 4]]": [5, -406.64695042173236, []], "[\"10.0.0.13_10.0.0.43\", [1, 3, 4]]": [9, -426.1384244794965, []], "[\"10.0.0.11_10.0.0.41\", [1, 3, 4]]": [15, -413.6967532434115, []], "[\"NoTrans\", []]": [9, -428.4014036703133, []]}, "{\"10.0.0.11_10.0.0.41\": [1, 3, 4], \"10.0.0.12_10.0.0.42\": [1, 2, 4], \"10.0.0.13_10.0.0.43\": [1, 3, 4]}": {"[\"10.0.0.12_10.0.0.42\", [1, 3, 4]]": [17, -431.53628699366953, []], "[\"10.0.0.13_10.0.0.43\", [1, 2, 4]]": [12, -430.91080973721483, []], "[\"10.0.0.11_10.0.0.41\", [1, 2, 4]]": [12, -428.43819772534255, []], "[\"NoTrans\", []]": [28, -416.2623035870033, []]}, "{\"10.0.0.11_10.0.0.41\": [1, 2, 4], \"10.0.0.12_10.0.0.42\": [1, 2, 4], \"10.0.0.13_10.0.0.43\": [1, 3, 4]}": {"[\"10.0.0.12_10.0.0.42\", [1, 3, 4]]": [8, -427.06599961124596, []], "[\"10.0.0.13_10.0.0.43\", [1, 2, 4]]": [6, -425.53364676521653, []], "[\"10.0.0.11_10.0.0.41\", [1, 3, 4]]": [12, -406.56789508050116, []], "[\"NoTrans\", []]": [7, -405.7796159567645, []]}, "{\"10.0.0.11_10.0.0.41\": [1, 3, 4], \"10.0.0.12_10.0.0.42\": [1, 2, 4], \"10.0.0.13_10.0.0.43\": [1, 2, 4]}": {"[\"10.0.0.12_10.0.0.42\", [1, 3, 4]]": [12, -411.3017437781347, []], "[\"10.0.0.13_10.0.0.43\", [1, 3, 4]]": [13, -412.24267257907184, []], "[\"10.0.0.11_10.0.0.41\", [1, 2, 4]]": [7, -433.42039281411826, []], "[\"NoTrans\", []]": [8, -421.25244798954463, []]}, "{\"10.0.0.11_10.0.0.41\": [1, 2, 4], \"10.0.0.12_10.0.0.42\": [1, 2, 4], \"10.0.0.13_10.0.0.43\": [1, 2, 4]}": {"[\"10.0.0.12_10.0.0.42\", [1, 3, 4]]": [5, -393.3151802616465, []], "[\"10.0.0.13_10.0.0.43\", [1, 3, 4]]": [6, -413.47777076708525, []], "[\"10.0.0.11_10.0.0.41\", [1, 3, 4]]": [7, -424.09065852003306, []], "[\"NoTrans\", []]": [4, -389.5938737435059, []]}}