{"{\"10.0.0.11_10.0.0.41\": [1, 3, 4], \"10.0.0.12_10.0.0.42\": [1, 3, 4], \"10.0.0.13_10.0.0.43\": [1, 3, 4]}": {"[\"10.0.0.11_10.0.0.41\", [1, 2, 4]]": [1, -208.2170913061358, []], "[\"10.0.0.12_10.0.0.42\", [1, 2, 4]]": [1, -207.56762943903385, []], "[\"10.0.0.13_10.0.0.43\", [1, 2, 4]]": [0, -140, []], "[\"NoTrans\", []]": [0, -140, []]}, "{\"10.0.0.11_10.0.0.41\": [1, 3, 4], \"10.0.0.12_10.0.0.42\": [1, 3, 4], \"10.0.0.13_10.0.0.43\": [1, 2, 4]}": {"[\"10.0.0.11_10.0.0.41\", [1, 2, 4]]": [2, -135.92920545172413, []], "[\"10.0.0.12_10.0.0.42\", [1, 2, 4]]": [0, -140, []], "[\"10.0.0.13_10.0.0.43\", [1, 3, 4]]": [0, -140, []], "[\"NoTrans\", []]": [0, -140, []]}, "{\"10.0.0.11_10.0.0.41\": [1, 3, 4], \"10.0.0.12_10.0.0.42\": [1, 2, 4], \"10.0.0.13_10.0.0.43\": [1, 3, 4]}": {"[\"10.0.0.11_10.0.0.41\", [1, 2, 4]]": [0, -140, []], "[\"10.0.0.12_10.0.0.42\", [1, 3, 4]]": [1, -228.67082366943362, []], "[\"10.0.0.13_10.0.0.43\", [1, 2, 4]]": [3, -173.60526430306186, []], "[\"NoTrans\", []]": [0, -140, []]}, "{\"10.0.0.11_10.0.0.41\": [1, 3, 4], \"10.0.0.12_10.0.0.42\": [1, 2, 4], \"10.0.0.13_10.0.0.43\": [1, 2, 4]}": {"[\"10.0.0.11_10.0.0.41\", [1, 2, 4]]": [1, -196.41202697753906, []], "[\"10.0.0.12_10.0.0.42\", [1, 3, 4]]": [1, -206.44116883064413, []], "[\"10.0.0.13_10.0.0.43\", [1, 3, 4]]": [1, -208.722273107891, []], "[\"NoTrans\", []]": [380, -131.11575270621316, []]}, "{\"10.0.0.11_10.0.0.41\": [1, 2, 4], \"10.0.0.12_10.0.0.42\": [1, 3, 4], \"10.0.0.13_10.0.0.43\": [1, 3, 4]}": {"[\"10.0.0.11_10.0.0.41\", [1, 3, 4]]": [1, -227.33262786865237, []], "[\"10.0.0.12_10.0.0.42\", [1, 2, 4]]": [1, -187.64736844039575, []], "[\"10.0.0.13_10.0.0.43\", [1, 2, 4]]": [5, -204.17975087127633, []], "[\"NoTrans\", []]": [1, -141.98931549470973, []]}, "{\"10.0.0.11_10.0.0.41\": [1, 2, 4], \"10.0.0.12_10.0.0.42\": [1, 3, 4], \"10.0.0.13_10.0.0.43\": [1, 2, 4]}": {"[\"10.0.0.11_10.0.0.41\", [1, 3, 4]]": [1, -207.6895657780954, []], "[\"10.0.0.12_10.0.0.42\", [1, 2, 4]]": [3, -211.5252824252084, []], "[\"10.0.0.13_10.0.0.43\", [1, 3, 4]]": [6, -207.288736302764, []], "[\"NoTrans\", []]": [372, -213.61290169722255, []]}, "{\"10.0.0.11_10.0.0.41\": [1, 2, 4], \"10.0.0.12_10.0.0.42\": [1, 2, 4], \"10.0.0.13_10.0.0.43\": [1, 3, 4]}": {"[\"10.0.0.11_10.0.0.41\", [1, 3, 4]]": [2, -140.75015962441105, []], "[\"10.0.0.12_10.0.0.42\", [1, 3, 4]]": [0, -140, []], "[\"10.0.0.13_10.0.0.43\", [1, 2, 4]]": [0, -140, []], "[\"NoTrans\", []]": [1, -185.98405933199874, []]}, "{\"10.0.0.11_10.0.0.41\": [1, 2, 4], \"10.0.0.12_10.0.0.42\": [1, 2, 4], \"10.0.0.13_10.0.0.43\": [1, 2, 4]}": {"[\"10.0.0.11_10.0.0.41\", [1, 3, 4]]": [1, -146.92158215458227, []], "[\"10.0.0.12_10.0.0.42\", [1, 3, 4]]": [3, -226.34648596058872, []], "[\"10.0.0.13_10.0.0.43\", [1, 3, 4]]": [1, -184.33332113351383, []], "[\"NoTrans\", []]": [1, -198.76636276245117, []]}}