{"{\"10.0.0.11_10.0.0.41\": [1, 3, 4], \"10.0.0.12_10.0.0.42\": [1, 3, 4], \"10.0.0.13_10.0.0.43\": [1, 3, 4]}": {"[\"10.0.0.11_10.0.0.41\", [1, 2, 4]]": [6, -170.79525315734676, []], "[\"10.0.0.12_10.0.0.42\", [1, 2, 4]]": [3, -203.22435260037247, []], "[\"10.0.0.13_10.0.0.43\", [1, 2, 4]]": [3, -219.45309094072925, []], "[\"NoTrans\", []]": [3, -222.0501090009795, []]}, "{\"10.0.0.11_10.0.0.41\": [1, 3, 4], \"10.0.0.12_10.0.0.42\": [1, 3, 4], \"10.0.0.13_10.0.0.43\": [1, 2, 4]}": {"[\"10.0.0.11_10.0.0.41\", [1, 2, 4]]": [3, -224.29275257147708, []], "[\"10.0.0.12_10.0.0.42\", [1, 2, 4]]": [3, -202.42589331045411, []], "[\"10.0.0.13_10.0.0.43\", [1, 3, 4]]": [3, -205.99543670542928, []], "[\"NoTrans\", []]": [3, -213.4118913085297, []]}, "{\"10.0.0.11_10.0.0.41\": [1, 3, 4], \"10.0.0.12_10.0.0.42\": [1, 2, 4], \"10.0.0.13_10.0.0.43\": [1, 3, 4]}": {"[\"10.0.0.11_10.0.0.41\", [1, 2, 4]]": [3, -227.92261851046308, []], "[\"10.0.0.12_10.0.0.42\", [1, 3, 4]]": [4, -206.59876769908163, []], "[\"10.0.0.13_10.0.0.43\", [1, 2, 4]]": [3, -200.99824417641642, []], "[\"NoTrans\", []]": [3, -208.12775730398891, []]}, "{\"10.0.0.11_10.0.0.41\": [1, 3, 4], \"10.0.0.12_10.0.0.42\": [1, 2, 4], \"10.0.0.13_10.0.0.43\": [1, 2, 4]}": {"[\"10.0.0.11_10.0.0.41\", [1, 2, 4]]": [2, -218.55615263393133, []], "[\"10.0.0.12_10.0.0.42\", [1, 3, 4]]": [3, -210.86592929413246, []], "[\"10.0.0.13_10.0.0.43\", [1, 3, 4]]": [3, -195.10502998473626, []], "[\"NoTrans\", []]": [2, -195.10255002136103, []]}, "{\"10.0.0.11_10.0.0.41\": [1, 2, 4], \"10.0.0.12_10.0.0.42\": [1, 3, 4], \"10.0.0.13_10.0.0.43\": [1, 3, 4]}": {"[\"10.0.0.11_10.0.0.41\", [1, 3, 4]]": [5, -235.3811079849538, []], "[\"10.0.0.12_10.0.0.42\", [1, 2, 4]]": [4, -246.97602100149763, []], "[\"10.0.0.13_10.0.0.43\", [1, 2, 4]]": [4, -258.88893128464815, []], "[\"NoTrans\", []]": [781, -162.23445596204175, []]}, "{\"10.0.0.11_10.0.0.41\": [1, 2, 4], \"10.0.0.12_10.0.0.42\": [1, 3, 4], \"10.0.0.13_10.0.0.43\": [1, 2, 4]}": {"[\"10.0.0.11_10.0.0.41\", [1, 3, 4]]": [3, -208.28520269846112, []], "[\"10.0.0.12_10.0.0.42\", [1, 2, 4]]": [2, -243.3795533336375, []], "[\"10.0.0.13_10.0.0.43\", [1, 3, 4]]": [4, -199.12208153209437, []], "[\"NoTrans\", []]": [2, -217.27561530482856, []]}, "{\"10.0.0.11_10.0.0.41\": [1, 2, 4], \"10.0.0.12_10.0.0.42\": [1, 2, 4], \"10.0.0.13_10.0.0.43\": [1, 3, 4]}": {"[\"10.0.0.11_10.0.0.41\", [1, 3, 4]]": [3, -217.17719404014008, []], "[\"10.0.0.12_10.0.0.42\", [1, 3, 4]]": [4, -197.1247111047513, []], "[\"10.0.0.13_10.0.0.43\", [1, 2, 4]]": [2, -245.82590907390528, []], "[\"NoTrans\", []]": [3, -233.9451625238815, []]}, "{\"10.0.0.11_10.0.0.41\": [1, 2, 4], \"10.0.0.12_10.0.0.42\": [1, 2, 4], \"10.0.0.13_10.0.0.43\": [1, 2, 4]}": {"[\"10.0.0.11_10.0.0.41\", [1, 3, 4]]": [2, -194.69379998962123, []], "[\"10.0.0.12_10.0.0.42\", [1, 3, 4]]": [2, -246.09098627103333, []], "[\"10.0.0.13_10.0.0.43\", [1, 3, 4]]": [2, -230.898551695253, []], "[\"NoTrans\", []]": [1, -199.56695204189032, []]}}