{"{\"10.0.0.11_10.0.0.41\": [1, 3, 4], \"10.0.0.12_10.0.0.42\": [1, 3, 4], \"10.0.0.13_10.0.0.43\": [1, 3, 4]}": {"[\"10.0.0.11_10.0.0.41\", [1, 2, 4]]": [26, -169.18572181572898, []], "[\"10.0.0.12_10.0.0.42\", [1, 2, 4]]": [12, -262.25070959896055, []], "[\"10.0.0.13_10.0.0.43\", [1, 2, 4]]": [22, -270.7901171660738, []], "[\"NoTrans\", []]": [19, -226.47523392856533, []]}, "{\"10.0.0.11_10.0.0.41\": [1, 3, 4], \"10.0.0.12_10.0.0.42\": [1, 3, 4], \"10.0.0.13_10.0.0.43\": [1, 2, 4]}": {"[\"10.0.0.11_10.0.0.41\", [1, 2, 4]]": [22, -255.82214581878654, []], "[\"10.0.0.12_10.0.0.42\", [1, 2, 4]]": [22, -306.8841365949011, []], "[\"10.0.0.13_10.0.0.43\", [1, 3, 4]]": [20, -224.9415294568408, []], "[\"NoTrans\", []]": [13, -270.1699180354699, []]}, "{\"10.0.0.11_10.0.0.41\": [1, 3, 4], \"10.0.0.12_10.0.0.42\": [1, 2, 4], \"10.0.0.13_10.0.0.43\": [1, 3, 4]}": {"[\"10.0.0.11_10.0.0.41\", [1, 2, 4]]": [19, -262.4190509714359, []], "[\"10.0.0.12_10.0.0.42\", [1, 3, 4]]": [11, -222.73929991081025, []], "[\"10.0.0.13_10.0.0.43\", [1, 2, 4]]": [14, -313.4807635478943, []], "[\"NoTrans\", []]": [15, -263.04819026946507, []]}, "{\"10.0.0.11_10.0.0.41\": [1, 3, 4], \"10.0.0.12_10.0.0.42\": [1, 2, 4], \"10.0.0.13_10.0.0.43\": [1, 2, 4]}": {"[\"10.0.0.11_10.0.0.41\", [1, 2, 4]]": [6, -331.27641639809684, []], "[\"10.0.0.12_10.0.0.42\", [1, 3, 4]]": [26, -254.8712773387138, []], "[\"10.0.0.13_10.0.0.43\", [1, 3, 4]]": [18, -261.81746461763464, []], "[\"NoTrans\", []]": [9, -316.2515576348435, []]}, "{\"10.0.0.11_10.0.0.41\": [1, 2, 4], \"10.0.0.12_10.0.0.42\": [1, 3, 4], \"10.0.0.13_10.0.0.43\": [1, 3, 4]}": {"[\"10.0.0.11_10.0.0.41\", [1, 3, 4]]": [29, -228.893771706457, []], "[\"10.0.0.12_10.0.0.42\", [1, 2, 4]]": [21, -269.2447187875334, []], "[\"10.0.0.13_10.0.0.43\", [1, 2, 4]]": [18, -262.12499389876336, []], "[\"NoTrans\", []]": [29, -171.03405869562224, []]}, "{\"10.0.0.11_10.0.0.41\": [1, 2, 4], \"10.0.0.12_10.0.0.42\": [1, 3, 4], \"10.0.0.13_10.0.0.43\": [1, 2, 4]}": {"[\"10.0.0.11_10.0.0.41\", [1, 3, 4]]": [16, -254.73403916492603, []], "[\"10.0.0.12_10.0.0.42\", [1, 2, 4]]": [14, -328.13680940487006, []], "[\"10.0.0.13_10.0.0.43\", [1, 3, 4]]": [17, -201.24220531345605, []], "[\"NoTrans\", []]": [27, -263.0461877802685, []]}, "{\"10.0.0.11_10.0.0.41\": [1, 2, 4], \"10.0.0.12_10.0.0.42\": [1, 2, 4], \"10.0.0.13_10.0.0.43\": [1, 3, 4]}": {"[\"10.0.0.11_10.0.0.41\", [1, 3, 4]]": [14, -276.8571038615328, []], "[\"10.0.0.12_10.0.0.42\", [1, 3, 4]]": [24, -209.398479409414, []], "[\"10.0.0.13_10.0.0.43\", [1, 2, 4]]": [10, -328.13876259674845, []], "[\"NoTrans\", []]": [15, -269.25368521479066, []]}, "{\"10.0.0.11_10.0.0.41\": [1, 2, 4], \"10.0.0.12_10.0.0.42\": [1, 2, 4], \"10.0.0.13_10.0.0.43\": [1, 2, 4]}": {"[\"10.0.0.11_10.0.0.41\", [1, 3, 4]]": [14, -307.3263729027212, []], "[\"10.0.0.12_10.0.0.42\", [1, 3, 4]]": [7, -253.2550004882702, []], "[\"10.0.0.13_10.0.0.43\", [1, 3, 4]]": [8, -264.11548581518707, []], "[\"NoTrans\", []]": [10, -330.88367178357765, []]}}