{"{\"10.0.0.11_10.0.0.41\": [1, 3, 4], \"10.0.0.12_10.0.0.42\": [1, 3, 4], \"10.0.0.13_10.0.0.43\": [1, 3, 4]}": {"[\"10.0.0.12_10.0.0.42\", [1, 2, 4]]": [9, -413.2449967464746, []], "[\"10.0.0.13_10.0.0.43\", [1, 2, 4]]": [23, -318.84448721445983, []], "[\"10.0.0.11_10.0.0.41\", [1, 2, 4]]": [0, -Infinity, []], "[\"NoTrans\", []]": [0, -Infinity, []]}, "{\"10.0.0.11_10.0.0.41\": [1, 2, 4], \"10.0.0.12_10.0.0.42\": [1, 3, 4], \"10.0.0.13_10.0.0.43\": [1, 3, 4]}": {"[\"10.0.0.12_10.0.0.42\", [1, 2, 4]]": [39, -271.3904305313748, []], "[\"10.0.0.13_10.0.0.43\", [1, 2, 4]]": [23, -274.3256424796336, []], "[\"10.0.0.11_10.0.0.41\", [1, 3, 4]]": [22, -351.37698995327344, []], "[\"NoTrans\", []]": [422, -147.0363089564766, []]}, "{\"10.0.0.11_10.0.0.41\": [1, 3, 4], \"10.0.0.12_10.0.0.42\": [1, 3, 4], \"10.0.0.13_10.0.0.43\": [1, 2, 4]}": {"[\"10.0.0.12_10.0.0.42\", [1, 2, 4]]": [10, -367.47473552437583, []], "[\"10.0.0.13_10.0.0.43\", [1, 3, 4]]": [0, -Infinity, []], "[\"10.0.0.11_10.0.0.41\", [1, 2, 4]]": [25, -270.8522795618795, []], "[\"NoTrans\", []]": [6, -304.0756312863742, []]}, "{\"10.0.0.11_10.0.0.41\": [1, 2, 4], \"10.0.0.12_10.0.0.42\": [1, 3, 4], \"10.0.0.13_10.0.0.43\": [1, 2, 4]}": {"[\"10.0.0.12_10.0.0.42\", [1, 2, 4]]": [29, -333.0432477812785, []], "[\"10.0.0.13_10.0.0.43\", [1, 3, 4]]": [43, -217.29598156291314, []], "[\"10.0.0.11_10.0.0.41\", [1, 3, 4]]": [5, -299.7694014983459, []], "[\"NoTrans\", []]": [16, -249.71351144229493, []]}, "{\"10.0.0.11_10.0.0.41\": [1, 3, 4], \"10.0.0.12_10.0.0.42\": [1, 2, 4], \"10.0.0.13_10.0.0.43\": [1, 3, 4]}": {"[\"10.0.0.12_10.0.0.42\", [1, 3, 4]]": [10, -430.55920283809616, []], "[\"10.0.0.13_10.0.0.43\", [1, 2, 4]]": [1, -269.9375781011194, []], "[\"10.0.0.11_10.0.0.41\", [1, 2, 4]]": [3, -244.955816193712, []], "[\"NoTrans\", []]": [1, -199.44269632611596, []]}, "{\"10.0.0.11_10.0.0.41\": [1, 2, 4], \"10.0.0.12_10.0.0.42\": [1, 2, 4], \"10.0.0.13_10.0.0.43\": [1, 3, 4]}": {"[\"10.0.0.12_10.0.0.42\", [1, 3, 4]]": [41, -200.1762836920534, []], "[\"10.0.0.13_10.0.0.43\", [1, 2, 4]]": [1, -313.0611664358325, []], "[\"10.0.0.11_10.0.0.41\", [1, 3, 4]]": [0, -Infinity, []], "[\"NoTrans\", []]": [4, -259.09641712191006, []]}, "{\"10.0.0.11_10.0.0.41\": [1, 3, 4], \"10.0.0.12_10.0.0.42\": [1, 2, 4], \"10.0.0.13_10.0.0.43\": [1, 2, 4]}": {"[\"10.0.0.12_10.0.0.42\", [1, 3, 4]]": [7, -376.0772134143497, []], "[\"10.0.0.13_10.0.0.43\", [1, 3, 4]]": [5, -241.84295332577608, []], "[\"10.0.0.11_10.0.0.41\", [1, 2, 4]]": [0, -Infinity, []], "[\"NoTrans\", []]": [0, -Infinity, []]}, "{\"10.0.0.11_10.0.0.41\": [1, 2, 4], \"10.0.0.12_10.0.0.42\": [1, 2, 4], \"10.0.0.13_10.0.0.43\": [1, 2, 4]}": {"[\"10.0.0.12_10.0.0.42\", [1, 3, 4]]": [29, -264.23008232477997, []], "[\"10.0.0.13_10.0.0.43\", [1, 3, 4]]": [0, -Infinity, []], "[\"10.0.0.11_10.0.0.41\", [1, 3, 4]]": [1, -238.55187334504365, []], "[\"NoTrans\", []]": [4, -321.7651192285331, []]}}