{"{\"10.0.0.11_10.0.0.41\": [1, 3, 4], \"10.0.0.12_10.0.0.42\": [1, 3, 4], \"10.0.0.13_10.0.0.43\": [1, 3, 4]}": {"[\"10.0.0.12_10.0.0.42\", [1, 2, 4]]": [0, -140, []], "[\"10.0.0.11_10.0.0.41\", [1, 2, 4]]": [1, -206.35214449408767, []], "[\"10.0.0.13_10.0.0.43\", [1, 2, 4]]": [1, -207.13656236559723, []], "[\"NoTrans\", []]": [0, -140, []]}, "{\"10.0.0.11_10.0.0.41\": [1, 3, 4], \"10.0.0.12_10.0.0.42\": [1, 3, 4], \"10.0.0.13_10.0.0.43\": [1, 2, 4]}": {"[\"10.0.0.12_10.0.0.42\", [1, 2, 4]]": [2, -173.61530884514525, []], "[\"10.0.0.11_10.0.0.41\", [1, 2, 4]]": [3, -138.98350559556584, []], "[\"10.0.0.13_10.0.0.43\", [1, 3, 4]]": [1, -230.74640045166018, []], "[\"NoTrans\", []]": [1, -206.85475499025142, []]}, "{\"10.0.0.11_10.0.0.41\": [1, 2, 4], \"10.0.0.12_10.0.0.42\": [1, 3, 4], \"10.0.0.13_10.0.0.43\": [1, 3, 4]}": {"[\"10.0.0.12_10.0.0.42\", [1, 2, 4]]": [0, -140, []], "[\"10.0.0.11_10.0.0.41\", [1, 3, 4]]": [1, -229.96219406127932, []], "[\"10.0.0.13_10.0.0.43\", [1, 2, 4]]": [2, -137.8554462865934, []], "[\"NoTrans\", []]": [1, -208.40641626877027, []]}, "{\"10.0.0.11_10.0.0.41\": [1, 2, 4], \"10.0.0.12_10.0.0.42\": [1, 3, 4], \"10.0.0.13_10.0.0.43\": [1, 2, 4]}": {"[\"10.0.0.12_10.0.0.42\", [1, 2, 4]]": [2, -202.9137132772667, []], "[\"10.0.0.11_10.0.0.41\", [1, 3, 4]]": [4, -140.79187366185553, []], "[\"10.0.0.13_10.0.0.43\", [1, 3, 4]]": [1, -207.4605899910503, []], "[\"NoTrans\", []]": [0, -140, []]}, "{\"10.0.0.11_10.0.0.41\": [1, 3, 4], \"10.0.0.12_10.0.0.42\": [1, 2, 4], \"10.0.0.13_10.0.0.43\": [1, 3, 4]}": {"[\"10.0.0.12_10.0.0.42\", [1, 3, 4]]": [0, -140, []], "[\"10.0.0.11_10.0.0.41\", [1, 2, 4]]": [2, -185.87997671563596, []], "[\"10.0.0.13_10.0.0.43\", [1, 2, 4]]": [3, -187.9111852991643, []], "[\"NoTrans\", []]": [0, -140, []]}, "{\"10.0.0.11_10.0.0.41\": [1, 3, 4], \"10.0.0.12_10.0.0.42\": [1, 2, 4], \"10.0.0.13_10.0.0.43\": [1, 2, 4]}": {"[\"10.0.0.12_10.0.0.42\", [1, 3, 4]]": [1, -207.02768710358092, []], "[\"10.0.0.11_10.0.0.41\", [1, 2, 4]]": [11, -196.9563164757318, []], "[\"10.0.0.13_10.0.0.43\", [1, 3, 4]]": [2, -204.74278820611397, []], "[\"NoTrans\", []]": [377, -130.9163321315538, []]}, "{\"10.0.0.11_10.0.0.41\": [1, 2, 4], \"10.0.0.12_10.0.0.42\": [1, 2, 4], \"10.0.0.13_10.0.0.43\": [1, 3, 4]}": {"[\"10.0.0.12_10.0.0.42\", [1, 3, 4]]": [1, -208.9047415521876, []], "[\"10.0.0.11_10.0.0.41\", [1, 3, 4]]": [3, -207.92257181816507, []], "[\"10.0.0.13_10.0.0.43\", [1, 2, 4]]": [38, -198.49998064589585, []], "[\"NoTrans\", []]": [1, -186.27444854819427, []]}, "{\"10.0.0.11_10.0.0.41\": [1, 2, 4], \"10.0.0.12_10.0.0.42\": [1, 2, 4], \"10.0.0.13_10.0.0.43\": [1, 2, 4]}": {"[\"10.0.0.12_10.0.0.42\", [1, 3, 4]]": [2, -181.03592469284834, []], "[\"10.0.0.11_10.0.0.41\", [1, 3, 4]]": [10, -142.31674289137433, []], "[\"10.0.0.13_10.0.0.43\", [1, 3, 4]]": [40, -183.20485522523643, []], "[\"NoTrans\", []]": [277, -195.6516875571309, []]}}