{"{\"10.0.0.11_10.0.0.41\": [1, 3, 4], \"10.0.0.12_10.0.0.42\": [1, 3, 4], \"10.0.0.13_10.0.0.43\": [1, 3, 4]}": {"[\"10.0.0.13_10.0.0.43\", [1, 2, 4]]": [14, -292.08699529641103, []], "[\"10.0.0.12_10.0.0.42\", [1, 2, 4]]": [22, -286.7597233858144, []], "[\"10.0.0.11_10.0.0.41\", [1, 2, 4]]": [22, -181.37165880702153, []], "[\"NoTrans\", []]": [17, -256.64193246382507, []]}, "{\"10.0.0.11_10.0.0.41\": [1, 2, 4], \"10.0.0.12_10.0.0.42\": [1, 3, 4], \"10.0.0.13_10.0.0.43\": [1, 3, 4]}": {"[\"10.0.0.13_10.0.0.43\", [1, 2, 4]]": [11, -288.9993293071584, []], "[\"10.0.0.12_10.0.0.42\", [1, 2, 4]]": [23, -283.41323897806427, []], "[\"10.0.0.11_10.0.0.41\", [1, 3, 4]]": [21, -252.98930001760314, []], "[\"NoTrans\", []]": [24, -193.65488999830785, []]}, "{\"10.0.0.11_10.0.0.41\": [1, 3, 4], \"10.0.0.12_10.0.0.42\": [1, 2, 4], \"10.0.0.13_10.0.0.43\": [1, 3, 4]}": {"[\"10.0.0.13_10.0.0.43\", [1, 2, 4]]": [17, -341.3963298390866, []], "[\"10.0.0.12_10.0.0.42\", [1, 3, 4]]": [21, -252.48336460988358, []], "[\"10.0.0.11_10.0.0.41\", [1, 2, 4]]": [22, -288.2722046392586, []], "[\"NoTrans\", []]": [24, -288.72648787347094, []]}, "{\"10.0.0.11_10.0.0.41\": [1, 2, 4], \"10.0.0.12_10.0.0.42\": [1, 2, 4], \"10.0.0.13_10.0.0.43\": [1, 3, 4]}": {"[\"10.0.0.13_10.0.0.43\", [1, 2, 4]]": [19, -359.4494477334608, []], "[\"10.0.0.12_10.0.0.42\", [1, 3, 4]]": [19, -216.6100858769865, []], "[\"10.0.0.11_10.0.0.41\", [1, 3, 4]]": [24, -289.53670103150534, []], "[\"NoTrans\", []]": [17, -304.78291771628574, []]}, "{\"10.0.0.11_10.0.0.41\": [1, 3, 4], \"10.0.0.12_10.0.0.42\": [1, 3, 4], \"10.0.0.13_10.0.0.43\": [1, 2, 4]}": {"[\"10.0.0.13_10.0.0.43\", [1, 3, 4]]": [16, -258.0712613451921, []], "[\"10.0.0.12_10.0.0.42\", [1, 2, 4]]": [14, -345.3883835668719, []], "[\"10.0.0.11_10.0.0.41\", [1, 2, 4]]": [21, -296.5464068166706, []], "[\"NoTrans\", []]": [18, -292.52356880528555, []]}, "{\"10.0.0.11_10.0.0.41\": [1, 2, 4], \"10.0.0.12_10.0.0.42\": [1, 3, 4], \"10.0.0.13_10.0.0.43\": [1, 2, 4]}": {"[\"10.0.0.13_10.0.0.43\", [1, 3, 4]]": [14, -237.4748751467448, []], "[\"10.0.0.12_10.0.0.42\", [1, 2, 4]]": [13, -367.5168424761268, []], "[\"10.0.0.11_10.0.0.41\", [1, 3, 4]]": [16, -295.72169267125304, []], "[\"NoTrans\", []]": [11, -288.27402300269705, []]}, "{\"10.0.0.11_10.0.0.41\": [1, 3, 4], \"10.0.0.12_10.0.0.42\": [1, 2, 4], \"10.0.0.13_10.0.0.43\": [1, 2, 4]}": {"[\"10.0.0.13_10.0.0.43\", [1, 3, 4]]": [13, -288.83626655516656, []], "[\"10.0.0.12_10.0.0.42\", [1, 3, 4]]": [21, -291.83022109995864, []], "[\"10.0.0.11_10.0.0.41\", [1, 2, 4]]": [7, -361.39211991664075, []], "[\"NoTrans\", []]": [19, -345.91705065506835, []]}, "{\"10.0.0.11_10.0.0.41\": [1, 2, 4], \"10.0.0.12_10.0.0.42\": [1, 2, 4], \"10.0.0.13_10.0.0.43\": [1, 2, 4]}": {"[\"10.0.0.13_10.0.0.43\", [1, 3, 4]]": [17, -287.1905634540319, []], "[\"10.0.0.12_10.0.0.42\", [1, 3, 4]]": [11, -282.92715530727884, []], "[\"10.0.0.11_10.0.0.41\", [1, 3, 4]]": [11, -339.4715079064606, []], "[\"NoTrans\", []]": [12, -359.3740712399631, []]}}