{"{\"10.0.0.11_10.0.0.41\": [1, 3, 4], \"10.0.0.12_10.0.0.42\": [1, 3, 4], \"10.0.0.13_10.0.0.43\": [1, 3, 4]}": {"[\"10.0.0.13_10.0.0.43\", [1, 2, 4]]": [40, -397.5723538560986, []], "[\"10.0.0.11_10.0.0.41\", [1, 2, 4]]": [88, -313.20799650349187, []], "[\"10.0.0.12_10.0.0.42\", [1, 2, 4]]": [23, -406.51240227875167, []], "[\"NoTrans\", []]": [16, -353.9099682128432, []]}, "{\"10.0.0.11_10.0.0.41\": [1, 3, 4], \"10.0.0.12_10.0.0.42\": [1, 2, 4], \"10.0.0.13_10.0.0.43\": [1, 3, 4]}": {"[\"10.0.0.13_10.0.0.43\", [1, 2, 4]]": [10, -440.9297335110829, []], "[\"10.0.0.11_10.0.0.41\", [1, 2, 4]]": [2, -505.3984487960297, []], "[\"10.0.0.12_10.0.0.42\", [1, 3, 4]]": [33, -343.3324419695379, []], "[\"NoTrans\", []]": [57, -417.6127701185942, []]}, "{\"10.0.0.11_10.0.0.41\": [1, 2, 4], \"10.0.0.12_10.0.0.42\": [1, 3, 4], \"10.0.0.13_10.0.0.43\": [1, 3, 4]}": {"[\"10.0.0.13_10.0.0.43\", [1, 2, 4]]": [35, -437.02853479543745, []], "[\"10.0.0.11_10.0.0.41\", [1, 3, 4]]": [57, -345.5511531828524, []], "[\"10.0.0.12_10.0.0.42\", [1, 2, 4]]": [1, -371.19628308495305, []], "[\"NoTrans\", []]": [0, -Infinity, []]}, "{\"10.0.0.11_10.0.0.41\": [1, 2, 4], \"10.0.0.12_10.0.0.42\": [1, 2, 4], \"10.0.0.13_10.0.0.43\": [1, 3, 4]}": {"[\"10.0.0.13_10.0.0.43\", [1, 2, 4]]": [19, -377.03928306788373, []], "[\"10.0.0.11_10.0.0.41\", [1, 3, 4]]": [0, -Infinity, []], "[\"10.0.0.12_10.0.0.42\", [1, 3, 4]]": [0, -Infinity, []], "[\"NoTrans\", []]": [0, -Infinity, []]}, "{\"10.0.0.11_10.0.0.41\": [1, 3, 4], \"10.0.0.12_10.0.0.42\": [1, 3, 4], \"10.0.0.13_10.0.0.43\": [1, 2, 4]}": {"[\"10.0.0.13_10.0.0.43\", [1, 3, 4]]": [61, -404.6727648817043, []], "[\"10.0.0.11_10.0.0.41\", [1, 2, 4]]": [4, -427.7017112607804, []], "[\"10.0.0.12_10.0.0.42\", [1, 2, 4]]": [9, -417.53630610925376, []], "[\"NoTrans\", []]": [29, -414.5222786281603, []]}, "{\"10.0.0.11_10.0.0.41\": [1, 3, 4], \"10.0.0.12_10.0.0.42\": [1, 2, 4], \"10.0.0.13_10.0.0.43\": [1, 2, 4]}": {"[\"10.0.0.13_10.0.0.43\", [1, 3, 4]]": [22, -373.81756732898293, []], "[\"10.0.0.11_10.0.0.41\", [1, 2, 4]]": [0, -Infinity, []], "[\"10.0.0.12_10.0.0.42\", [1, 3, 4]]": [0, -Infinity, []], "[\"NoTrans\", []]": [5, -432.4565943971589, []]}, "{\"10.0.0.11_10.0.0.41\": [1, 2, 4], \"10.0.0.12_10.0.0.42\": [1, 3, 4], \"10.0.0.13_10.0.0.43\": [1, 2, 4]}": {"[\"10.0.0.13_10.0.0.43\", [1, 3, 4]]": [6, -414.61271217213533, []], "[\"10.0.0.11_10.0.0.41\", [1, 3, 4]]": [33, -412.08619353504383, []], "[\"10.0.0.12_10.0.0.42\", [1, 2, 4]]": [0, -Infinity, []], "[\"NoTrans\", []]": [0, -Infinity, []]}, "{\"10.0.0.11_10.0.0.41\": [1, 2, 4], \"10.0.0.12_10.0.0.42\": [1, 2, 4], \"10.0.0.13_10.0.0.43\": [1, 2, 4]}": {"[\"10.0.0.13_10.0.0.43\", [1, 3, 4]]": [16, -603.8494765060061, []], "[\"10.0.0.11_10.0.0.41\", [1, 3, 4]]": [3, -394.4718569066464, []], "[\"10.0.0.12_10.0.0.42\", [1, 3, 4]]": [0, -Infinity, []], "[\"NoTrans\", []]": [0, -Infinity, []]}}