{"{\"10.0.0.11_10.0.0.41\": [1, 3, 4], \"10.0.0.12_10.0.0.42\": [1, 3, 4], \"10.0.0.13_10.0.0.43\": [1, 3, 4]}": {"[\"10.0.0.12_10.0.0.42\", [1, 2, 4]]": [18, -279.1210829608997, []], "[\"10.0.0.13_10.0.0.43\", [1, 2, 4]]": [22, -271.76958022293377, []], "[\"10.0.0.11_10.0.0.41\", [1, 2, 4]]": [13, -177.7855951699374, []], "[\"NoTrans\", []]": [20, -228.16303329351686, []]}, "{\"10.0.0.11_10.0.0.41\": [1, 2, 4], \"10.0.0.12_10.0.0.42\": [1, 3, 4], \"10.0.0.13_10.0.0.43\": [1, 3, 4]}": {"[\"10.0.0.12_10.0.0.42\", [1, 2, 4]]": [12, -271.49246865510446, []], "[\"10.0.0.13_10.0.0.43\", [1, 2, 4]]": [20, -277.4248794975458, []], "[\"10.0.0.11_10.0.0.41\", [1, 3, 4]]": [13, -241.25850866870212, []], "[\"NoTrans\", []]": [18, -186.9102780870239, []]}, "{\"10.0.0.11_10.0.0.41\": [1, 3, 4], \"10.0.0.12_10.0.0.42\": [1, 3, 4], \"10.0.0.13_10.0.0.43\": [1, 2, 4]}": {"[\"10.0.0.12_10.0.0.42\", [1, 2, 4]]": [12, -319.1067990709721, []], "[\"10.0.0.13_10.0.0.43\", [1, 3, 4]]": [19, -241.8026987359467, []], "[\"10.0.0.11_10.0.0.41\", [1, 2, 4]]": [21, -279.7675016614601, []], "[\"NoTrans\", []]": [6, -270.80776110402803, []]}, "{\"10.0.0.11_10.0.0.41\": [1, 2, 4], \"10.0.0.12_10.0.0.42\": [1, 3, 4], \"10.0.0.13_10.0.0.43\": [1, 2, 4]}": {"[\"10.0.0.12_10.0.0.42\", [1, 2, 4]]": [22, -348.1870813353977, []], "[\"10.0.0.13_10.0.0.43\", [1, 3, 4]]": [21, -217.85668746280783, []], "[\"10.0.0.11_10.0.0.41\", [1, 3, 4]]": [17, -275.60177575631525, []], "[\"NoTrans\", []]": [18, -278.68011773926196, []]}, "{\"10.0.0.11_10.0.0.41\": [1, 3, 4], \"10.0.0.12_10.0.0.42\": [1, 2, 4], \"10.0.0.13_10.0.0.43\": [1, 3, 4]}": {"[\"10.0.0.12_10.0.0.42\", [1, 3, 4]]": [21, -246.1233876000088, []], "[\"10.0.0.13_10.0.0.43\", [1, 2, 4]]": [16, -322.5532664913005, []], "[\"10.0.0.11_10.0.0.41\", [1, 2, 4]]": [15, -275.303051095043, []], "[\"NoTrans\", []]": [23, -282.03265951032284, []]}, "{\"10.0.0.11_10.0.0.41\": [1, 2, 4], \"10.0.0.12_10.0.0.42\": [1, 2, 4], \"10.0.0.13_10.0.0.43\": [1, 3, 4]}": {"[\"10.0.0.12_10.0.0.42\", [1, 3, 4]]": [11, -208.69679973332816, []], "[\"10.0.0.13_10.0.0.43\", [1, 2, 4]]": [16, -342.5442751664644, []], "[\"10.0.0.11_10.0.0.41\", [1, 3, 4]]": [18, -278.65277030338905, []], "[\"NoTrans\", []]": [12, -270.2343872495712, []]}, "{\"10.0.0.11_10.0.0.41\": [1, 3, 4], \"10.0.0.12_10.0.0.42\": [1, 2, 4], \"10.0.0.13_10.0.0.43\": [1, 2, 4]}": {"[\"10.0.0.12_10.0.0.42\", [1, 3, 4]]": [12, -267.85903716204155, []], "[\"10.0.0.13_10.0.0.43\", [1, 3, 4]]": [16, -273.75611652330343, []], "[\"10.0.0.11_10.0.0.41\", [1, 2, 4]]": [17, -345.02698373701395, []], "[\"NoTrans\", []]": [10, -321.19780286767764, []]}, "{\"10.0.0.11_10.0.0.41\": [1, 2, 4], \"10.0.0.12_10.0.0.42\": [1, 2, 4], \"10.0.0.13_10.0.0.43\": [1, 2, 4]}": {"[\"10.0.0.12_10.0.0.42\", [1, 3, 4]]": [19, -277.25847720344717, []], "[\"10.0.0.13_10.0.0.43\", [1, 3, 4]]": [18, -272.5528836600905, []], "[\"10.0.0.11_10.0.0.41\", [1, 3, 4]]": [18, -317.647456738823, []], "[\"NoTrans\", []]": [22, -346.16047726764737, []]}}