{"{\"10.0.0.11_10.0.0.41\": [1, 3, 4], \"10.0.0.12_10.0.0.42\": [1, 3, 4], \"10.0.0.13_10.0.0.43\": [1, 3, 4]}": {"[\"10.0.0.12_10.0.0.42\", [1, 2, 4]]": [8, -290.36061837363684, []], "[\"10.0.0.13_10.0.0.43\", [1, 2, 4]]": [3, -237.90940833495023, []], "[\"10.0.0.11_10.0.0.41\", [1, 2, 4]]": [58, -110.58185103784126, []], "[\"NoTrans\", []]": [4, -191.8682697275614, []]}, "{\"10.0.0.11_10.0.0.41\": [1, 2, 4], \"10.0.0.12_10.0.0.42\": [1, 3, 4], \"10.0.0.13_10.0.0.43\": [1, 3, 4]}": {"[\"10.0.0.12_10.0.0.42\", [1, 2, 4]]": [34, -242.50341897800993, []], "[\"10.0.0.13_10.0.0.43\", [1, 2, 4]]": [22, -300.32639642824176, []], "[\"10.0.0.11_10.0.0.41\", [1, 3, 4]]": [33, -192.8103982256753, []], "[\"NoTrans\", []]": [272, -107.28839830131855, []]}, "{\"10.0.0.11_10.0.0.41\": [1, 3, 4], \"10.0.0.12_10.0.0.42\": [1, 3, 4], \"10.0.0.13_10.0.0.43\": [1, 2, 4]}": {"[\"10.0.0.12_10.0.0.42\", [1, 2, 4]]": [10, -319.64140969915945, []], "[\"10.0.0.13_10.0.0.43\", [1, 3, 4]]": [27, -192.64648181936798, []], "[\"10.0.0.11_10.0.0.41\", [1, 2, 4]]": [9, -295.34084915086873, []], "[\"NoTrans\", []]": [14, -248.3922469968686, []]}, "{\"10.0.0.11_10.0.0.41\": [1, 2, 4], \"10.0.0.12_10.0.0.42\": [1, 3, 4], \"10.0.0.13_10.0.0.43\": [1, 2, 4]}": {"[\"10.0.0.12_10.0.0.42\", [1, 2, 4]]": [7, -384.47936614701723, []], "[\"10.0.0.13_10.0.0.43\", [1, 3, 4]]": [0, -Infinity, []], "[\"10.0.0.11_10.0.0.41\", [1, 3, 4]]": [32, -233.02784462783686, []], "[\"NoTrans\", []]": [2, -285.4501967146648, []]}, "{\"10.0.0.11_10.0.0.41\": [1, 3, 4], \"10.0.0.12_10.0.0.42\": [1, 2, 4], \"10.0.0.13_10.0.0.43\": [1, 3, 4]}": {"[\"10.0.0.12_10.0.0.42\", [1, 3, 4]]": [9, -197.1277042916579, []], "[\"10.0.0.13_10.0.0.43\", [1, 2, 4]]": [1, -254.14624246948483, []], "[\"10.0.0.11_10.0.0.41\", [1, 2, 4]]": [0, -Infinity, []], "[\"NoTrans\", []]": [2, -252.2041554790268, []]}, "{\"10.0.0.11_10.0.0.41\": [1, 2, 4], \"10.0.0.12_10.0.0.42\": [1, 2, 4], \"10.0.0.13_10.0.0.43\": [1, 3, 4]}": {"[\"10.0.0.12_10.0.0.42\", [1, 3, 4]]": [32, -160.16609163422964, []], "[\"10.0.0.13_10.0.0.43\", [1, 2, 4]]": [1, -338.9960792791453, []], "[\"10.0.0.11_10.0.0.41\", [1, 3, 4]]": [1, -219.42771753438362, []], "[\"NoTrans\", []]": [6, -272.34357022875326, []]}, "{\"10.0.0.11_10.0.0.41\": [1, 3, 4], \"10.0.0.12_10.0.0.42\": [1, 2, 4], \"10.0.0.13_10.0.0.43\": [1, 2, 4]}": {"[\"10.0.0.12_10.0.0.42\", [1, 3, 4]]": [11, -255.52624225392208, []], "[\"10.0.0.13_10.0.0.43\", [1, 3, 4]]": [0, -Infinity, []], "[\"10.0.0.11_10.0.0.41\", [1, 2, 4]]": [0, -Infinity, []], "[\"NoTrans\", []]": [5, -394.5237196315101, []]}, "{\"10.0.0.11_10.0.0.41\": [1, 2, 4], \"10.0.0.12_10.0.0.42\": [1, 2, 4], \"10.0.0.13_10.0.0.43\": [1, 2, 4]}": {"[\"10.0.0.12_10.0.0.42\", [1, 3, 4]]": [8, -299.93786755876334, []], "[\"10.0.0.13_10.0.0.43\", [1, 3, 4]]": [0, -Infinity, []], "[\"10.0.0.11_10.0.0.41\", [1, 3, 4]]": [0, -Infinity, []], "[\"NoTrans\", []]": [0, -Infinity, []]}}