{"{\"10.0.0.11_10.0.0.41\": [1, 3, 4], \"10.0.0.12_10.0.0.42\": [1, 3, 4], \"10.0.0.13_10.0.0.43\": [1, 3, 4]}": {"[\"10.0.0.12_10.0.0.42\", [1, 2, 4]]": [1, -153.92784351967106, []], "[\"10.0.0.13_10.0.0.43\", [1, 2, 4]]": [1, -188.38766479492188, []], "[\"10.0.0.11_10.0.0.41\", [1, 2, 4]]": [3, -139.16166059535703, []], "[\"NoTrans\", []]": [1, -169.8837127685547, []]}, "{\"10.0.0.11_10.0.0.41\": [1, 2, 4], \"10.0.0.12_10.0.0.42\": [1, 3, 4], \"10.0.0.13_10.0.0.43\": [1, 3, 4]}": {"[\"10.0.0.12_10.0.0.42\", [1, 2, 4]]": [1, -171.0267891793921, []], "[\"10.0.0.13_10.0.0.43\", [1, 2, 4]]": [1, -170.2552378314603, []], "[\"10.0.0.11_10.0.0.41\", [1, 3, 4]]": [2, -185.19250897946665, []], "[\"NoTrans\", []]": [652, -140.99815990876616, []]}, "{\"10.0.0.11_10.0.0.41\": [1, 3, 4], \"10.0.0.12_10.0.0.42\": [1, 3, 4], \"10.0.0.13_10.0.0.43\": [1, 2, 4]}": {"[\"10.0.0.12_10.0.0.42\", [1, 2, 4]]": [0, -100, []], "[\"10.0.0.13_10.0.0.43\", [1, 3, 4]]": [1, -168.30252075195312, []], "[\"10.0.0.11_10.0.0.41\", [1, 2, 4]]": [1, -189.3727149963379, []], "[\"NoTrans\", []]": [0, -100, []]}, "{\"10.0.0.11_10.0.0.41\": [1, 2, 4], \"10.0.0.12_10.0.0.42\": [1, 3, 4], \"10.0.0.13_10.0.0.43\": [1, 2, 4]}": {"[\"10.0.0.12_10.0.0.42\", [1, 2, 4]]": [1, -190.0222625732422, []], "[\"10.0.0.13_10.0.0.43\", [1, 3, 4]]": [1, -169.53315328154417, []], "[\"10.0.0.11_10.0.0.41\", [1, 3, 4]]": [1, -154.36118155735932, []], "[\"NoTrans\", []]": [0, -100, []]}, "{\"10.0.0.11_10.0.0.41\": [1, 3, 4], \"10.0.0.12_10.0.0.42\": [1, 2, 4], \"10.0.0.13_10.0.0.43\": [1, 3, 4]}": {"[\"10.0.0.12_10.0.0.42\", [1, 3, 4]]": [1, -169.00690460205078, []], "[\"10.0.0.13_10.0.0.43\", [1, 2, 4]]": [1, -166.95079165671712, []], "[\"10.0.0.11_10.0.0.41\", [1, 2, 4]]": [1, -174.01644806557516, []], "[\"NoTrans\", []]": [1, -155.28065029926523, []]}, "{\"10.0.0.11_10.0.0.41\": [1, 2, 4], \"10.0.0.12_10.0.0.42\": [1, 2, 4], \"10.0.0.13_10.0.0.43\": [1, 3, 4]}": {"[\"10.0.0.12_10.0.0.42\", [1, 3, 4]]": [1, -145.96891151737685, []], "[\"10.0.0.13_10.0.0.43\", [1, 2, 4]]": [1, -190.44903182983398, []], "[\"10.0.0.11_10.0.0.41\", [1, 3, 4]]": [1, -149.48998293794688, []], "[\"NoTrans\", []]": [1, -170.2770941884235, []]}, "{\"10.0.0.11_10.0.0.41\": [1, 3, 4], \"10.0.0.12_10.0.0.42\": [1, 2, 4], \"10.0.0.13_10.0.0.43\": [1, 2, 4]}": {"[\"10.0.0.12_10.0.0.42\", [1, 3, 4]]": [0, -100, []], "[\"10.0.0.13_10.0.0.43\", [1, 3, 4]]": [1, -155.17469131131722, []], "[\"10.0.0.11_10.0.0.41\", [1, 2, 4]]": [1, -191.99360275268555, []], "[\"NoTrans\", []]": [0, -100, []]}, "{\"10.0.0.11_10.0.0.41\": [1, 2, 4], \"10.0.0.12_10.0.0.42\": [1, 2, 4], \"10.0.0.13_10.0.0.43\": [1, 2, 4]}": {"[\"10.0.0.12_10.0.0.42\", [1, 3, 4]]": [1, -173.81041798391868, []], "[\"10.0.0.13_10.0.0.43\", [1, 3, 4]]": [1, -164.78566638687033, []], "[\"10.0.0.11_10.0.0.41\", [1, 3, 4]]": [1, -169.3744457843818, []], "[\"NoTrans\", []]": [1, -191.15932846069336, []]}}