{"{\"10.0.0.11_10.0.0.41\": [1, 3, 4], \"10.0.0.12_10.0.0.42\": [1, 3, 4], \"10.0.0.13_10.0.0.43\": [1, 3, 4]}": {"[\"10.0.0.13_10.0.0.43\", [1, 2, 4]]": [3, -209.62158318319, []], "[\"10.0.0.12_10.0.0.42\", [1, 2, 4]]": [2, -209.04426253320196, []], "[\"10.0.0.11_10.0.0.41\", [1, 2, 4]]": [4, -145.7671011883955, []], "[\"NoTrans\", []]": [2, -212.31376810576424, []]}, "{\"10.0.0.11_10.0.0.41\": [1, 2, 4], \"10.0.0.12_10.0.0.42\": [1, 3, 4], \"10.0.0.13_10.0.0.43\": [1, 3, 4]}": {"[\"10.0.0.13_10.0.0.43\", [1, 2, 4]]": [3, -190.99954906326772, []], "[\"10.0.0.12_10.0.0.42\", [1, 2, 4]]": [2, -225.54864479208635, []], "[\"10.0.0.11_10.0.0.41\", [1, 3, 4]]": [3, -220.5296484708246, []], "[\"NoTrans\", []]": [599, -131.76093070968463, []]}, "{\"10.0.0.11_10.0.0.41\": [1, 3, 4], \"10.0.0.12_10.0.0.42\": [1, 2, 4], \"10.0.0.13_10.0.0.43\": [1, 3, 4]}": {"[\"10.0.0.13_10.0.0.43\", [1, 2, 4]]": [2, -194.07381557877477, []], "[\"10.0.0.12_10.0.0.42\", [1, 3, 4]]": [3, -220.63124911779727, []], "[\"10.0.0.11_10.0.0.41\", [1, 2, 4]]": [2, -222.08093626653104, []], "[\"NoTrans\", []]": [2, -200.67443346946413, []]}, "{\"10.0.0.11_10.0.0.41\": [1, 2, 4], \"10.0.0.12_10.0.0.42\": [1, 2, 4], \"10.0.0.13_10.0.0.43\": [1, 3, 4]}": {"[\"10.0.0.13_10.0.0.43\", [1, 2, 4]]": [2, -222.33333639282353, []], "[\"10.0.0.12_10.0.0.42\", [1, 3, 4]]": [2, -167.8897289462465, []], "[\"10.0.0.11_10.0.0.41\", [1, 3, 4]]": [2, -200.78236609035278, []], "[\"NoTrans\", []]": [1, -169.85392696749776, []]}, "{\"10.0.0.11_10.0.0.41\": [1, 3, 4], \"10.0.0.12_10.0.0.42\": [1, 3, 4], \"10.0.0.13_10.0.0.43\": [1, 2, 4]}": {"[\"10.0.0.13_10.0.0.43\", [1, 3, 4]]": [3, -213.65013666655526, []], "[\"10.0.0.12_10.0.0.42\", [1, 2, 4]]": [3, -204.31178420822596, []], "[\"10.0.0.11_10.0.0.41\", [1, 2, 4]]": [2, -179.93922188469864, []], "[\"NoTrans\", []]": [3, -212.90592207578425, []]}, "{\"10.0.0.11_10.0.0.41\": [1, 2, 4], \"10.0.0.12_10.0.0.42\": [1, 3, 4], \"10.0.0.13_10.0.0.43\": [1, 2, 4]}": {"[\"10.0.0.13_10.0.0.43\", [1, 3, 4]]": [3, -182.26581409884423, []], "[\"10.0.0.12_10.0.0.42\", [1, 2, 4]]": [2, -184.0275949679625, []], "[\"10.0.0.11_10.0.0.41\", [1, 3, 4]]": [3, -175.40780156024263, []], "[\"NoTrans\", []]": [2, -185.4971094478891, []]}, "{\"10.0.0.11_10.0.0.41\": [1, 3, 4], \"10.0.0.12_10.0.0.42\": [1, 2, 4], \"10.0.0.13_10.0.0.43\": [1, 2, 4]}": {"[\"10.0.0.13_10.0.0.43\", [1, 3, 4]]": [3, -226.97121126521273, []], "[\"10.0.0.12_10.0.0.42\", [1, 3, 4]]": [2, -171.59080967869667, []], "[\"10.0.0.11_10.0.0.41\", [1, 2, 4]]": [2, -212.1951653031888, []], "[\"NoTrans\", []]": [2, -205.07534182369784, []]}, "{\"10.0.0.11_10.0.0.41\": [1, 2, 4], \"10.0.0.12_10.0.0.42\": [1, 2, 4], \"10.0.0.13_10.0.0.43\": [1, 2, 4]}": {"[\"10.0.0.13_10.0.0.43\", [1, 3, 4]]": [2, -185.79072734331626, []], "[\"10.0.0.12_10.0.0.42\", [1, 3, 4]]": [2, -196.15802012237862, []], "[\"10.0.0.11_10.0.0.41\", [1, 3, 4]]": [2, -221.87190149387885, []], "[\"NoTrans\", []]": [1, -162.34834615814805, []]}}