{"{\"10.0.0.11_10.0.0.41\": [1, 3, 4], \"10.0.0.12_10.0.0.42\": [1, 3, 4], \"10.0.0.13_10.0.0.43\": [1, 3, 4]}": {"[\"10.0.0.11_10.0.0.41\", [1, 2, 4]]": [1, -100.37507555462969, []], "[\"10.0.0.12_10.0.0.42\", [1, 2, 4]]": [1, -151.8038529273621, []], "[\"10.0.0.13_10.0.0.43\", [1, 2, 4]]": [1, -149.1880413872039, []], "[\"NoTrans\", []]": [1, -166.84082412719727, []]}, "{\"10.0.0.11_10.0.0.41\": [1, 3, 4], \"10.0.0.12_10.0.0.42\": [1, 3, 4], \"10.0.0.13_10.0.0.43\": [1, 2, 4]}": {"[\"10.0.0.11_10.0.0.41\", [1, 2, 4]]": [1, -173.9569925099983, []], "[\"10.0.0.12_10.0.0.42\", [1, 2, 4]]": [1, -170.4362651003836, []], "[\"10.0.0.13_10.0.0.43\", [1, 3, 4]]": [1, -163.6215057373047, []], "[\"NoTrans\", []]": [1, -150.6301980870521, []]}, "{\"10.0.0.11_10.0.0.41\": [1, 3, 4], \"10.0.0.12_10.0.0.42\": [1, 2, 4], \"10.0.0.13_10.0.0.43\": [1, 3, 4]}": {"[\"10.0.0.11_10.0.0.41\", [1, 2, 4]]": [1, -171.07400661047296, []], "[\"10.0.0.12_10.0.0.42\", [1, 3, 4]]": [1, -164.6589126586914, []], "[\"10.0.0.13_10.0.0.43\", [1, 2, 4]]": [1, -173.16700783530587, []], "[\"NoTrans\", []]": [1, -150.7743981040099, []]}, "{\"10.0.0.11_10.0.0.41\": [1, 3, 4], \"10.0.0.12_10.0.0.42\": [1, 2, 4], \"10.0.0.13_10.0.0.43\": [1, 2, 4]}": {"[\"10.0.0.11_10.0.0.41\", [1, 2, 4]]": [1, -190.6411018371582, []], "[\"10.0.0.12_10.0.0.42\", [1, 3, 4]]": [1, -167.65020751953125, []], "[\"10.0.0.13_10.0.0.43\", [1, 3, 4]]": [1, -149.94787761108813, []], "[\"NoTrans\", []]": [1, -170.4974678141321, []]}, "{\"10.0.0.11_10.0.0.41\": [1, 2, 4], \"10.0.0.12_10.0.0.42\": [1, 3, 4], \"10.0.0.13_10.0.0.43\": [1, 3, 4]}": {"[\"10.0.0.11_10.0.0.41\", [1, 3, 4]]": [1, -163.62980270385742, []], "[\"10.0.0.12_10.0.0.42\", [1, 2, 4]]": [1, -171.69766584330503, []], "[\"10.0.0.13_10.0.0.43\", [1, 2, 4]]": [1, -170.88518482446204, []], "[\"NoTrans\", []]": [656, -114.6062031111714, []]}, "{\"10.0.0.11_10.0.0.41\": [1, 2, 4], \"10.0.0.12_10.0.0.42\": [1, 3, 4], \"10.0.0.13_10.0.0.43\": [1, 2, 4]}": {"[\"10.0.0.11_10.0.0.41\", [1, 3, 4]]": [1, -149.76921387093526, []], "[\"10.0.0.12_10.0.0.42\", [1, 2, 4]]": [1, -152.41269572444307, []], "[\"10.0.0.13_10.0.0.43\", [1, 3, 4]]": [2, -149.40513816507524, []], "[\"NoTrans\", []]": [1, -174.78655299227455, []]}, "{\"10.0.0.11_10.0.0.41\": [1, 2, 4], \"10.0.0.12_10.0.0.42\": [1, 2, 4], \"10.0.0.13_10.0.0.43\": [1, 3, 4]}": {"[\"10.0.0.11_10.0.0.41\", [1, 3, 4]]": [1, -149.5828218469814, []], "[\"10.0.0.12_10.0.0.42\", [1, 3, 4]]": [1, -137.78519635510165, []], "[\"10.0.0.13_10.0.0.43\", [1, 2, 4]]": [1, -194.2386474609375, []], "[\"NoTrans\", []]": [0, -100, []]}, "{\"10.0.0.11_10.0.0.41\": [1, 2, 4], \"10.0.0.12_10.0.0.42\": [1, 2, 4], \"10.0.0.13_10.0.0.43\": [1, 2, 4]}": {"[\"10.0.0.11_10.0.0.41\", [1, 3, 4]]": [1, -151.3573341265705, []], "[\"10.0.0.12_10.0.0.42\", [1, 3, 4]]": [1, -196.8340597912258, []], "[\"10.0.0.13_10.0.0.43\", [1, 3, 4]]": [1, -171.75638599037183, []], "[\"NoTrans\", []]": [1, -189.5800437927246, []]}}