{"{\"10.0.0.1_10.0.1.1\": [1, 4, 5], \"10.0.0.2_10.0.1.2\": [1, 4, 5], \"10.0.0.3_10.0.1.3\": [1, 4, 5]}": {"[\"10.0.0.2_10.0.1.2\", [1, 3, 5]]": [1, -165.21780204079468, []], "[\"10.0.0.2_10.0.1.2\", [1, 2, 5]]": [1, -219.7719687975631, []], "[\"10.0.0.3_10.0.1.3\", [1, 3, 5]]": [1, -167.74150128777995, []], "[\"10.0.0.3_10.0.1.3\", [1, 2, 5]]": [1, -210.35554484729226, []], "[\"10.0.0.1_10.0.1.1\", [1, 3, 5]]": [1, -166.05049293929898, []], "[\"10.0.0.1_10.0.1.1\", [1, 2, 5]]": [1, -166.49150759059836, []], "[\"NoTrans\", []]": [1, -175.97697982788085, []]}, "{\"10.0.0.1_10.0.1.1\": [1, 3, 5], \"10.0.0.2_10.0.1.2\": [1, 4, 5], \"10.0.0.3_10.0.1.3\": [1, 4, 5]}": {"[\"10.0.0.2_10.0.1.2\", [1, 3, 5]]": [1, -189.13662111583545, []], "[\"10.0.0.2_10.0.1.2\", [1, 2, 5]]": [1, -211.48448039707125, []], "[\"10.0.0.3_10.0.1.3\", [1, 3, 5]]": [1, -186.5969982507729, []], "[\"10.0.0.3_10.0.1.3\", [1, 2, 5]]": [1, -208.79826084004017, []], "[\"10.0.0.1_10.0.1.1\", [1, 4, 5]]": [1, -175.94274291992187, []], "[\"10.0.0.1_10.0.1.1\", [1, 2, 5]]": [1, -167.37430361501723, []], "[\"NoTrans\", []]": [1, -165.86387951372996, []]}, "{\"10.0.0.1_10.0.1.1\": [1, 2, 5], \"10.0.0.2_10.0.1.2\": [1, 4, 5], \"10.0.0.3_10.0.1.3\": [1, 4, 5]}": {"[\"10.0.0.2_10.0.1.2\", [1, 3, 5]]": [1, -151.3882478450517, []], "[\"10.0.0.2_10.0.1.2\", [1, 2, 5]]": [1, -247.28526105469484, []], "[\"10.0.0.3_10.0.1.3\", [1, 3, 5]]": [1, -167.913888727495, []], "[\"10.0.0.3_10.0.1.3\", [1, 2, 5]]": [1, -245.05812330511745, []], "[\"10.0.0.1_10.0.1.1\", [1, 4, 5]]": [1, -175.6860137939453, []], "[\"10.0.0.1_10.0.1.1\", [1, 3, 5]]": [1, -165.85792285181515, []], "[\"NoTrans\", []]": [1, -167.14375084086163, []]}, "{\"10.0.0.1_10.0.1.1\": [1, 4, 5], \"10.0.0.2_10.0.1.2\": [1, 4, 5], \"10.0.0.3_10.0.1.3\": [1, 3, 5]}": {"[\"10.0.0.2_10.0.1.2\", [1, 3, 5]]": [1, -185.75829299060948, []], "[\"10.0.0.2_10.0.1.2\", [1, 2, 5]]": [1, -221.20011271844243, []], "[\"10.0.0.3_10.0.1.3\", [1, 4, 5]]": [1, -175.6714225769043, []], "[\"10.0.0.3_10.0.1.3\", [1, 2, 5]]": [1, -209.9350953146971, []], "[\"10.0.0.1_10.0.1.1\", [1, 3, 5]]": [1, -185.478666326549, []], "[\"10.0.0.1_10.0.1.1\", [1, 2, 5]]": [1, -167.8490726618568, []], "[\"NoTrans\", []]": [1, -168.39642738371643, []]}, "{\"10.0.0.1_10.0.1.1\": [1, 3, 5], \"10.0.0.2_10.0.1.2\": [1, 4, 5], \"10.0.0.3_10.0.1.3\": [1, 3, 5]}": {"[\"10.0.0.2_10.0.1.2\", [1, 3, 5]]": [1, -200.03560791015624, []], "[\"10.0.0.2_10.0.1.2\", [1, 2, 5]]": [1, -230.25855115540776, []], "[\"10.0.0.3_10.0.1.3\", [1, 4, 5]]": [1, -166.03390479905093, []], "[\"10.0.0.3_10.0.1.3\", [1, 2, 5]]": [1, -210.49037222585827, []], "[\"10.0.0.1_10.0.1.1\", [1, 4, 5]]": [1, -168.2466921591611, []], "[\"10.0.0.1_10.0.1.1\", [1, 2, 5]]": [1, -167.0304718970255, []], "[\"NoTrans\", []]": [0, -140, []]}, "{\"10.0.0.1_10.0.1.1\": [1, 2, 5], \"10.0.0.2_10.0.1.2\": [1, 4, 5], \"10.0.0.3_10.0.1.3\": [1, 3, 5]}": {"[\"10.0.0.2_10.0.1.2\", [1, 3, 5]]": [1, -187.4044734781239, []], "[\"10.0.0.2_10.0.1.2\", [1, 2, 5]]": [1, -253.6359962124183, []], "[\"10.0.0.3_10.0.1.3\", [1, 4, 5]]": [1, -165.98855515721, []], "[\"10.0.0.3_10.0.1.3\", [1, 2, 5]]": [1, -246.47780223170707, []], "[\"10.0.0.1_10.0.1.1\", [1, 4, 5]]": [1, -168.20800244127335, []], "[\"10.0.0.1_10.0.1.1\", [1, 3, 5]]": [1, -185.91384672763155, []], "[\"NoTrans\", []]": [0, -140, []]}, "{\"10.0.0.1_10.0.1.1\": [1, 4, 5], \"10.0.0.2_10.0.1.2\": [1, 4, 5], \"10.0.0.3_10.0.1.3\": [1, 2, 5]}": {"[\"10.0.0.2_10.0.1.2\", [1, 3, 5]]": [1, -209.97528032755838, []], "[\"10.0.0.2_10.0.1.2\", [1, 2, 5]]": [0, -140, []], "[\"10.0.0.3_10.0.1.3\", [1, 4, 5]]": [1, -174.90676651000976, []], "[\"10.0.0.3_10.0.1.3\", [1, 3, 5]]": [1, -168.9730387422591, []], "[\"10.0.0.1_10.0.1.1\", [1, 3, 5]]": [0, -140, []], "[\"10.0.0.1_10.0.1.1\", [1, 2, 5]]": [0, -140, []], "[\"NoTrans\", []]": [1, -210.75560091572305, []]}, "{\"10.0.0.1_10.0.1.1\": [1, 3, 5], \"10.0.0.2_10.0.1.2\": [1, 4, 5], \"10.0.0.3_10.0.1.3\": [1, 2, 5]}": {"[\"10.0.0.2_10.0.1.2\", [1, 3, 5]]": [0, -140, []], "[\"10.0.0.2_10.0.1.2\", [1, 2, 5]]": [1, -244.0160837540518, []], "[\"10.0.0.3_10.0.1.3\", [1, 4, 5]]": [1, -162.61458713474946, []], "[\"10.0.0.3_10.0.1.3\", [1, 3, 5]]": [1, -186.32769720631137, []], "[\"10.0.0.1_10.0.1.1\", [1, 4, 5]]": [0, -140, []], "[\"10.0.0.1_10.0.1.1\", [1, 2, 5]]": [1, -245.1293981398136, []], "[\"NoTrans\", []]": [1, -211.32302178986743, []]}, "{\"10.0.0.1_10.0.1.1\": [1, 2, 5], \"10.0.0.2_10.0.1.2\": [1, 4, 5], \"10.0.0.3_10.0.1.3\": [1, 2, 5]}": {"[\"10.0.0.2_10.0.1.2\", [1, 3, 5]]": [0, -140, []], "[\"10.0.0.2_10.0.1.2\", [1, 2, 5]]": [1, -281.82834396362307, []], "[\"10.0.0.3_10.0.1.3\", [1, 4, 5]]": [1, -167.69420481869497, []], "[\"10.0.0.3_10.0.1.3\", [1, 3, 5]]": [1, -178.4305506938794, []], "[\"10.0.0.1_10.0.1.1\", [1, 4, 5]]": [1, -208.53224517196645, []], "[\"10.0.0.1_10.0.1.1\", [1, 3, 5]]": [1, -206.89787346155657, []], "[\"NoTrans\", []]": [1, -249.66086341767314, []]}, "{\"10.0.0.1_10.0.1.1\": [1, 4, 5], \"10.0.0.2_10.0.1.2\": [1, 3, 5], \"10.0.0.3_10.0.1.3\": [1, 4, 5]}": {"[\"10.0.0.2_10.0.1.2\", [1, 4, 5]]": [1, -176.30542526245117, []], "[\"10.0.0.2_10.0.1.2\", [1, 2, 5]]": [1, -220.80975602888455, []], "[\"10.0.0.3_10.0.1.3\", [1, 3, 5]]": [1, -184.78311039334213, []], "[\"10.0.0.3_10.0.1.3\", [1, 2, 5]]": [1, -208.62546886499717, []], "[\"10.0.0.1_10.0.1.1\", [1, 3, 5]]": [1, -189.43672512053735, []], "[\"10.0.0.1_10.0.1.1\", [1, 2, 5]]": [2, -143.3723730104039, []], "[\"NoTrans\", []]": [1, -166.60363550032017, []]}, "{\"10.0.0.1_10.0.1.1\": [1, 3, 5], \"10.0.0.2_10.0.1.2\": [1, 3, 5], \"10.0.0.3_10.0.1.3\": [1, 4, 5]}": {"[\"10.0.0.2_10.0.1.2\", [1, 4, 5]]": [1, -167.28495988242614, []], "[\"10.0.0.2_10.0.1.2\", [1, 2, 5]]": [1, -209.32970888000153, []], "[\"10.0.0.3_10.0.1.3\", [1, 3, 5]]": [0, -140, []], "[\"10.0.0.3_10.0.1.3\", [1, 2, 5]]": [1, -229.79052256039824, []], "[\"10.0.0.1_10.0.1.1\", [1, 4, 5]]": [1, -172.10879533370033, []], "[\"10.0.0.1_10.0.1.1\", [1, 2, 5]]": [1, -153.02355076680766, []], "[\"NoTrans\", []]": [1, -185.5102660980187, []]}, "{\"10.0.0.1_10.0.1.1\": [1, 2, 5], \"10.0.0.2_10.0.1.2\": [1, 3, 5], \"10.0.0.3_10.0.1.3\": [1, 4, 5]}": {"[\"10.0.0.2_10.0.1.2\", [1, 4, 5]]": [1, -166.0151377577101, []], "[\"10.0.0.2_10.0.1.2\", [1, 2, 5]]": [1, -244.3087635879414, []], "[\"10.0.0.3_10.0.1.3\", [1, 3, 5]]": [1, -185.83659716794622, []], "[\"10.0.0.3_10.0.1.3\", [1, 2, 5]]": [1, -247.9955936414467, []], "[\"10.0.0.1_10.0.1.1\", [1, 4, 5]]": [1, -166.84326731443633, []], "[\"10.0.0.1_10.0.1.1\", [1, 3, 5]]": [1, -186.10231213951596, []], "[\"NoTrans\", []]": [2028, -123.83552660175773, []]}, "{\"10.0.0.1_10.0.1.1\": [1, 4, 5], \"10.0.0.2_10.0.1.2\": [1, 3, 5], \"10.0.0.3_10.0.1.3\": [1, 3, 5]}": {"[\"10.0.0.2_10.0.1.2\", [1, 4, 5]]": [1, -167.85121434894708, []], "[\"10.0.0.2_10.0.1.2\", [1, 2, 5]]": [1, -218.09140964214126, []], "[\"10.0.0.3_10.0.1.3\", [1, 4, 5]]": [1, -176.16631416294473, []], "[\"10.0.0.3_10.0.1.3\", [1, 2, 5]]": [1, -214.91235399197933, []], "[\"10.0.0.1_10.0.1.1\", [1, 3, 5]]": [1, -200.7456184387207, []], "[\"10.0.0.1_10.0.1.1\", [1, 2, 5]]": [1, -183.0809612438683, []], "[\"NoTrans\", []]": [1, -187.6576670913617, []]}, "{\"10.0.0.1_10.0.1.1\": [1, 3, 5], \"10.0.0.2_10.0.1.2\": [1, 3, 5], \"10.0.0.3_10.0.1.3\": [1, 3, 5]}": {"[\"10.0.0.2_10.0.1.2\", [1, 4, 5]]": [1, -186.37231592008777, []], "[\"10.0.0.2_10.0.1.2\", [1, 2, 5]]": [1, -229.65205004559283, []], "[\"10.0.0.3_10.0.1.3\", [1, 4, 5]]": [1, -185.74142742766017, []], "[\"10.0.0.3_10.0.1.3\", [1, 2, 5]]": [0, -140, []], "[\"10.0.0.1_10.0.1.1\", [1, 4, 5]]": [1, -183.85675829568487, []], "[\"10.0.0.1_10.0.1.1\", [1, 2, 5]]": [1, -186.30185220548606, []], "[\"NoTrans\", []]": [0, -140, []]}, "{\"10.0.0.1_10.0.1.1\": [1, 2, 5], \"10.0.0.2_10.0.1.2\": [1, 3, 5], \"10.0.0.3_10.0.1.3\": [1, 3, 5]}": {"[\"10.0.0.2_10.0.1.2\", [1, 4, 5]]": [1, -167.61093797920262, []], "[\"10.0.0.2_10.0.1.2\", [1, 2, 5]]": [1, -254.8948382657959, []],