{"{\"10.0.0.11_10.0.0.41\": [1, 3, 4], \"10.0.0.12_10.0.0.42\": [1, 3, 4], \"10.0.0.13_10.0.0.43\": [1, 3, 4]}": {"[\"10.0.0.13_10.0.0.43\", [1, 2, 4]]": [9, -154.80148419954008, []], "[\"10.0.0.12_10.0.0.42\", [1, 2, 4]]": [10, -157.78189535592352, []], "[\"10.0.0.11_10.0.0.41\", [1, 2, 4]]": [11, -112.43946069472648, []], "[\"NoTrans\", []]": [8, -168.7073882093996, []]}, "{\"10.0.0.11_10.0.0.41\": [1, 2, 4], \"10.0.0.12_10.0.0.42\": [1, 3, 4], \"10.0.0.13_10.0.0.43\": [1, 3, 4]}": {"[\"10.0.0.13_10.0.0.43\", [1, 2, 4]]": [12, -175.2682564381498, []], "[\"10.0.0.12_10.0.0.42\", [1, 2, 4]]": [15, -175.36817367553465, []], "[\"10.0.0.11_10.0.0.41\", [1, 3, 4]]": [9, -170.5523725379913, []], "[\"NoTrans\", []]": [361, -138.9736411768636, []]}, "{\"10.0.0.11_10.0.0.41\": [1, 3, 4], \"10.0.0.12_10.0.0.42\": [1, 2, 4], \"10.0.0.13_10.0.0.43\": [1, 3, 4]}": {"[\"10.0.0.13_10.0.0.43\", [1, 2, 4]]": [14, -177.81717538724462, []], "[\"10.0.0.12_10.0.0.42\", [1, 3, 4]]": [10, -176.4471652020688, []], "[\"10.0.0.11_10.0.0.41\", [1, 2, 4]]": [13, -175.6442937655903, []], "[\"NoTrans\", []]": [11, -158.62050184814973, []]}, "{\"10.0.0.11_10.0.0.41\": [1, 2, 4], \"10.0.0.12_10.0.0.42\": [1, 2, 4], \"10.0.0.13_10.0.0.43\": [1, 3, 4]}": {"[\"10.0.0.13_10.0.0.43\", [1, 2, 4]]": [18, -193.3998581592038, []], "[\"10.0.0.12_10.0.0.42\", [1, 3, 4]]": [13, -146.01247635188116, []], "[\"10.0.0.11_10.0.0.41\", [1, 3, 4]]": [14, -159.86821016389547, []], "[\"NoTrans\", []]": [15, -175.38884275529077, []]}, "{\"10.0.0.11_10.0.0.41\": [1, 3, 4], \"10.0.0.12_10.0.0.42\": [1, 3, 4], \"10.0.0.13_10.0.0.43\": [1, 2, 4]}": {"[\"10.0.0.13_10.0.0.43\", [1, 3, 4]]": [11, -182.8161763652293, []], "[\"10.0.0.12_10.0.0.42\", [1, 2, 4]]": [13, -185.49352019165556, []], "[\"10.0.0.11_10.0.0.41\", [1, 2, 4]]": [12, -173.39416688134526, []], "[\"NoTrans\", []]": [11, -202.09280777877282, []]}, "{\"10.0.0.11_10.0.0.41\": [1, 2, 4], \"10.0.0.12_10.0.0.42\": [1, 3, 4], \"10.0.0.13_10.0.0.43\": [1, 2, 4]}": {"[\"10.0.0.13_10.0.0.43\", [1, 3, 4]]": [13, -144.47268062560403, []], "[\"10.0.0.12_10.0.0.42\", [1, 2, 4]]": [15, -193.99259842329093, []], "[\"10.0.0.11_10.0.0.41\", [1, 3, 4]]": [12, -157.35358131592886, []], "[\"NoTrans\", []]": [13, -170.8665678627625, []]}, "{\"10.0.0.11_10.0.0.41\": [1, 3, 4], \"10.0.0.12_10.0.0.42\": [1, 2, 4], \"10.0.0.13_10.0.0.43\": [1, 2, 4]}": {"[\"10.0.0.13_10.0.0.43\", [1, 3, 4]]": [13, -156.69073271179855, []], "[\"10.0.0.12_10.0.0.42\", [1, 3, 4]]": [15, -193.3486610723906, []], "[\"10.0.0.11_10.0.0.41\", [1, 2, 4]]": [17, -196.4593828360102, []], "[\"NoTrans\", []]": [18, -175.31415913706238, []]}, "{\"10.0.0.11_10.0.0.41\": [1, 2, 4], \"10.0.0.12_10.0.0.42\": [1, 2, 4], \"10.0.0.13_10.0.0.43\": [1, 2, 4]}": {"[\"10.0.0.13_10.0.0.43\", [1, 3, 4]]": [17, -174.97449548908838, []], "[\"10.0.0.12_10.0.0.42\", [1, 3, 4]]": [16, -175.2321411454402, []], "[\"10.0.0.11_10.0.0.41\", [1, 3, 4]]": [17, -173.36920042899936, []], "[\"NoTrans\", []]": [18, -195.84304528381287, []]}}