{"{\"10.0.0.11_10.0.0.41\": [1, 3, 4], \"10.0.0.12_10.0.0.42\": [1, 3, 4], \"10.0.0.13_10.0.0.43\": [1, 3, 4]}": {"[\"10.0.0.12_10.0.0.42\", [1, 2, 4]]": [22, -303.0031009554576, []], "[\"10.0.0.13_10.0.0.43\", [1, 2, 4]]": [23, -257.674633322395, []], "[\"10.0.0.11_10.0.0.41\", [1, 2, 4]]": [31, -132.0487657310707, []], "[\"NoTrans\", []]": [5, -253.76835581060664, []]}, "{\"10.0.0.11_10.0.0.41\": [1, 2, 4], \"10.0.0.12_10.0.0.42\": [1, 3, 4], \"10.0.0.13_10.0.0.43\": [1, 3, 4]}": {"[\"10.0.0.12_10.0.0.42\", [1, 2, 4]]": [19, -263.149186728783, []], "[\"10.0.0.13_10.0.0.43\", [1, 2, 4]]": [27, -275.95101310734316, []], "[\"10.0.0.11_10.0.0.41\", [1, 3, 4]]": [18, -216.1109068379685, []], "[\"NoTrans\", []]": [192, -132.25851804286017, []]}, "{\"10.0.0.11_10.0.0.41\": [1, 3, 4], \"10.0.0.12_10.0.0.42\": [1, 3, 4], \"10.0.0.13_10.0.0.43\": [1, 2, 4]}": {"[\"10.0.0.12_10.0.0.42\", [1, 2, 4]]": [13, -345.06314646239946, []], "[\"10.0.0.13_10.0.0.43\", [1, 3, 4]]": [30, -220.49010835542236, []], "[\"10.0.0.11_10.0.0.41\", [1, 2, 4]]": [8, -407.10573842601946, []], "[\"NoTrans\", []]": [14, -279.9756101665511, []]}, "{\"10.0.0.11_10.0.0.41\": [1, 2, 4], \"10.0.0.12_10.0.0.42\": [1, 3, 4], \"10.0.0.13_10.0.0.43\": [1, 2, 4]}": {"[\"10.0.0.12_10.0.0.42\", [1, 2, 4]]": [12, -411.80187979585514, []], "[\"10.0.0.13_10.0.0.43\", [1, 3, 4]]": [9, -202.62762285467505, []], "[\"10.0.0.11_10.0.0.41\", [1, 3, 4]]": [16, -234.4852822952323, []], "[\"NoTrans\", []]": [5, -280.48366426309633, []]}, "{\"10.0.0.11_10.0.0.41\": [1, 3, 4], \"10.0.0.12_10.0.0.42\": [1, 2, 4], \"10.0.0.13_10.0.0.43\": [1, 3, 4]}": {"[\"10.0.0.12_10.0.0.42\", [1, 3, 4]]": [28, -218.6015613815583, []], "[\"10.0.0.13_10.0.0.43\", [1, 2, 4]]": [10, -392.00225061234744, []], "[\"10.0.0.11_10.0.0.41\", [1, 2, 4]]": [5, -395.4672270992601, []], "[\"NoTrans\", []]": [13, -280.1242934127429, []]}, "{\"10.0.0.11_10.0.0.41\": [1, 2, 4], \"10.0.0.12_10.0.0.42\": [1, 2, 4], \"10.0.0.13_10.0.0.43\": [1, 3, 4]}": {"[\"10.0.0.12_10.0.0.42\", [1, 3, 4]]": [24, -209.87592574634226, []], "[\"10.0.0.13_10.0.0.43\", [1, 2, 4]]": [3, -388.0179106101127, []], "[\"10.0.0.11_10.0.0.41\", [1, 3, 4]]": [3, -343.3689832858835, []], "[\"NoTrans\", []]": [3, -272.1653609718471, []]}, "{\"10.0.0.11_10.0.0.41\": [1, 3, 4], \"10.0.0.12_10.0.0.42\": [1, 2, 4], \"10.0.0.13_10.0.0.43\": [1, 2, 4]}": {"[\"10.0.0.12_10.0.0.42\", [1, 3, 4]]": [11, -346.69172691862036, []], "[\"10.0.0.13_10.0.0.43\", [1, 3, 4]]": [18, -266.3754721237567, []], "[\"10.0.0.11_10.0.0.41\", [1, 2, 4]]": [0, -Infinity, []], "[\"NoTrans\", []]": [5, -380.6343725728882, []]}, "{\"10.0.0.11_10.0.0.41\": [1, 2, 4], \"10.0.0.12_10.0.0.42\": [1, 2, 4], \"10.0.0.13_10.0.0.43\": [1, 2, 4]}": {"[\"10.0.0.12_10.0.0.42\", [1, 3, 4]]": [3, -403.6942192127332, []], "[\"10.0.0.13_10.0.0.43\", [1, 3, 4]]": [6, -353.8574226231912, []], "[\"10.0.0.11_10.0.0.41\", [1, 3, 4]]": [6, -326.4240596647834, []], "[\"NoTrans\", []]": [4, -375.9782069074588, []]}}