{"{\"10.0.0.11_10.0.0.41\": [1, 3, 4], \"10.0.0.12_10.0.0.42\": [1, 3, 4], \"10.0.0.13_10.0.0.43\": [1, 3, 4]}": {"[\"10.0.0.12_10.0.0.42\", [1, 2, 4]]": [2, -157.4824163880547, []], "[\"10.0.0.13_10.0.0.43\", [1, 2, 4]]": [1, -143.91265283162844, []], "[\"10.0.0.11_10.0.0.41\", [1, 2, 4]]": [4, -158.47373855543913, []], "[\"NoTrans\", []]": [2, -174.48881658145118, []]}, "{\"10.0.0.11_10.0.0.41\": [1, 2, 4], \"10.0.0.12_10.0.0.42\": [1, 3, 4], \"10.0.0.13_10.0.0.43\": [1, 3, 4]}": {"[\"10.0.0.12_10.0.0.42\", [1, 2, 4]]": [3, -184.24353653026915, []], "[\"10.0.0.13_10.0.0.43\", [1, 2, 4]]": [2, -178.18209316678247, []], "[\"10.0.0.11_10.0.0.41\", [1, 3, 4]]": [3, -177.1640160148969, []], "[\"NoTrans\", []]": [624, -122.62322230947915, []]}, "{\"10.0.0.11_10.0.0.41\": [1, 3, 4], \"10.0.0.12_10.0.0.42\": [1, 3, 4], \"10.0.0.13_10.0.0.43\": [1, 2, 4]}": {"[\"10.0.0.12_10.0.0.42\", [1, 2, 4]]": [2, -187.17867654263137, []], "[\"10.0.0.13_10.0.0.43\", [1, 3, 4]]": [1, -145.5603699673846, []], "[\"10.0.0.11_10.0.0.41\", [1, 2, 4]]": [1, -139.60094843276156, []], "[\"NoTrans\", []]": [1, -143.12806644275454, []]}, "{\"10.0.0.11_10.0.0.41\": [1, 2, 4], \"10.0.0.12_10.0.0.42\": [1, 3, 4], \"10.0.0.13_10.0.0.43\": [1, 2, 4]}": {"[\"10.0.0.12_10.0.0.42\", [1, 2, 4]]": [2, -173.7115173086667, []], "[\"10.0.0.13_10.0.0.43\", [1, 3, 4]]": [2, -155.42348502052826, []], "[\"10.0.0.11_10.0.0.41\", [1, 3, 4]]": [1, -142.28511523775302, []], "[\"NoTrans\", []]": [1, -139.58255680953962, []]}, "{\"10.0.0.11_10.0.0.41\": [1, 3, 4], \"10.0.0.12_10.0.0.42\": [1, 2, 4], \"10.0.0.13_10.0.0.43\": [1, 3, 4]}": {"[\"10.0.0.12_10.0.0.42\", [1, 3, 4]]": [3, -176.55410131045508, []], "[\"10.0.0.13_10.0.0.43\", [1, 2, 4]]": [2, -152.9606546698181, []], "[\"10.0.0.11_10.0.0.41\", [1, 2, 4]]": [1, -135.0883002889536, []], "[\"NoTrans\", []]": [2, -158.08361496106613, []]}, "{\"10.0.0.11_10.0.0.41\": [1, 2, 4], \"10.0.0.12_10.0.0.42\": [1, 2, 4], \"10.0.0.13_10.0.0.43\": [1, 3, 4]}": {"[\"10.0.0.12_10.0.0.42\", [1, 3, 4]]": [3, -173.14889349436845, []], "[\"10.0.0.13_10.0.0.43\", [1, 2, 4]]": [2, -160.5951555028911, []], "[\"10.0.0.11_10.0.0.41\", [1, 3, 4]]": [1, -113.89946326367328, []], "[\"NoTrans\", []]": [1, -134.09727606820385, []]}, "{\"10.0.0.11_10.0.0.41\": [1, 3, 4], \"10.0.0.12_10.0.0.42\": [1, 2, 4], \"10.0.0.13_10.0.0.43\": [1, 2, 4]}": {"[\"10.0.0.12_10.0.0.42\", [1, 3, 4]]": [2, -156.81016701112026, []], "[\"10.0.0.13_10.0.0.43\", [1, 3, 4]]": [3, -173.06831024185675, []], "[\"10.0.0.11_10.0.0.41\", [1, 2, 4]]": [1, -143.8638097882487, []], "[\"NoTrans\", []]": [2, -187.42267702163377, []]}, "{\"10.0.0.11_10.0.0.41\": [1, 2, 4], \"10.0.0.12_10.0.0.42\": [1, 2, 4], \"10.0.0.13_10.0.0.43\": [1, 2, 4]}": {"[\"10.0.0.12_10.0.0.42\", [1, 3, 4]]": [2, -151.6139214350664, []], "[\"10.0.0.13_10.0.0.43\", [1, 3, 4]]": [2, -146.34814402512202, []], "[\"10.0.0.11_10.0.0.41\", [1, 3, 4]]": [2, -137.77699380145697, []], "[\"NoTrans\", []]": [1, -143.76472302677408, []]}}