{"{\"10.0.0.11_10.0.0.41\": [1, 3, 4], \"10.0.0.12_10.0.0.42\": [1, 3, 4], \"10.0.0.13_10.0.0.43\": [1, 3, 4]}": {"[\"10.0.0.13_10.0.0.43\", [1, 2, 4]]": [13, -299.9886565728648, []], "[\"10.0.0.12_10.0.0.42\", [1, 2, 4]]": [11, -296.4708113933969, []], "[\"10.0.0.11_10.0.0.41\", [1, 2, 4]]": [25, -197.63643825373342, []], "[\"NoTrans\", []]": [11, -268.5672520747845, []]}, "{\"10.0.0.11_10.0.0.41\": [1, 2, 4], \"10.0.0.12_10.0.0.42\": [1, 3, 4], \"10.0.0.13_10.0.0.43\": [1, 3, 4]}": {"[\"10.0.0.13_10.0.0.43\", [1, 2, 4]]": [21, -313.03377208736487, []], "[\"10.0.0.12_10.0.0.42\", [1, 2, 4]]": [19, -307.96874049003605, []], "[\"10.0.0.11_10.0.0.41\", [1, 3, 4]]": [25, -267.64617037271233, []], "[\"NoTrans\", []]": [24, -200.27796593718614, []]}, "{\"10.0.0.11_10.0.0.41\": [1, 3, 4], \"10.0.0.12_10.0.0.42\": [1, 2, 4], \"10.0.0.13_10.0.0.43\": [1, 3, 4]}": {"[\"10.0.0.13_10.0.0.43\", [1, 2, 4]]": [8, -348.25511089179264, []], "[\"10.0.0.12_10.0.0.42\", [1, 3, 4]]": [13, -276.45198483626785, []], "[\"10.0.0.11_10.0.0.41\", [1, 2, 4]]": [19, -314.3272000983975, []], "[\"NoTrans\", []]": [9, -300.2871804594998, []]}, "{\"10.0.0.11_10.0.0.41\": [1, 2, 4], \"10.0.0.12_10.0.0.42\": [1, 2, 4], \"10.0.0.13_10.0.0.43\": [1, 3, 4]}": {"[\"10.0.0.13_10.0.0.43\", [1, 2, 4]]": [22, -380.671865887181, []], "[\"10.0.0.12_10.0.0.42\", [1, 3, 4]]": [16, -249.43396398837342, []], "[\"10.0.0.11_10.0.0.41\", [1, 3, 4]]": [16, -306.6144016076031, []], "[\"NoTrans\", []]": [16, -309.2561484299367, []]}, "{\"10.0.0.11_10.0.0.41\": [1, 3, 4], \"10.0.0.12_10.0.0.42\": [1, 3, 4], \"10.0.0.13_10.0.0.43\": [1, 2, 4]}": {"[\"10.0.0.13_10.0.0.43\", [1, 3, 4]]": [11, -267.9205926426832, []], "[\"10.0.0.12_10.0.0.42\", [1, 2, 4]]": [18, -352.02049203479817, []], "[\"10.0.0.11_10.0.0.41\", [1, 2, 4]]": [11, -312.55284476637024, []], "[\"NoTrans\", []]": [5, -295.16780796433073, []]}, "{\"10.0.0.11_10.0.0.41\": [1, 2, 4], \"10.0.0.12_10.0.0.42\": [1, 3, 4], \"10.0.0.13_10.0.0.43\": [1, 2, 4]}": {"[\"10.0.0.13_10.0.0.43\", [1, 3, 4]]": [24, -239.7694334407898, []], "[\"10.0.0.12_10.0.0.42\", [1, 2, 4]]": [21, -380.1173516260979, []], "[\"10.0.0.11_10.0.0.41\", [1, 3, 4]]": [9, -299.2591525829511, []], "[\"NoTrans\", []]": [19, -310.95879626531234, []]}, "{\"10.0.0.11_10.0.0.41\": [1, 3, 4], \"10.0.0.12_10.0.0.42\": [1, 2, 4], \"10.0.0.13_10.0.0.43\": [1, 2, 4]}": {"[\"10.0.0.13_10.0.0.43\", [1, 3, 4]]": [13, -299.87626195826806, []], "[\"10.0.0.12_10.0.0.42\", [1, 3, 4]]": [19, -302.25801973116455, []], "[\"10.0.0.11_10.0.0.41\", [1, 2, 4]]": [14, -380.4487120771332, []], "[\"NoTrans\", []]": [5, -350.21937248148845, []]}, "{\"10.0.0.11_10.0.0.41\": [1, 2, 4], \"10.0.0.12_10.0.0.42\": [1, 2, 4], \"10.0.0.13_10.0.0.43\": [1, 2, 4]}": {"[\"10.0.0.13_10.0.0.43\", [1, 3, 4]]": [16, -308.9181423827385, []], "[\"10.0.0.12_10.0.0.42\", [1, 3, 4]]": [22, -313.71671044177396, []], "[\"10.0.0.11_10.0.0.41\", [1, 3, 4]]": [20, -348.42391792214704, []], "[\"NoTrans\", []]": [26, -380.62126503628656, []]}}