{"{\"10.0.0.11_10.0.0.41\": [1, 3, 4], \"10.0.0.12_10.0.0.42\": [1, 3, 4], \"10.0.0.13_10.0.0.43\": [1, 3, 4]}": {"[\"10.0.0.11_10.0.0.41\", [1, 2, 4]]": [9, -440.6064551558402, []], "[\"10.0.0.13_10.0.0.43\", [1, 2, 4]]": [18, -416.33440412378013, []], "[\"10.0.0.12_10.0.0.42\", [1, 2, 4]]": [17, -412.8346800474776, []], "[\"NoTrans\", []]": [9, -419.677000638588, []]}, "{\"10.0.0.11_10.0.0.41\": [1, 3, 4], \"10.0.0.12_10.0.0.42\": [1, 2, 4], \"10.0.0.13_10.0.0.43\": [1, 3, 4]}": {"[\"10.0.0.11_10.0.0.41\", [1, 2, 4]]": [14, -431.68120948492776, []], "[\"10.0.0.13_10.0.0.43\", [1, 2, 4]]": [15, -430.2777029491211, []], "[\"10.0.0.12_10.0.0.42\", [1, 3, 4]]": [18, -428.811968540756, []], "[\"NoTrans\", []]": [29, -412.73687770756993, []]}, "{\"10.0.0.11_10.0.0.41\": [1, 3, 4], \"10.0.0.12_10.0.0.42\": [1, 3, 4], \"10.0.0.13_10.0.0.43\": [1, 2, 4]}": {"[\"10.0.0.11_10.0.0.41\", [1, 2, 4]]": [16, -427.66265102716864, []], "[\"10.0.0.13_10.0.0.43\", [1, 3, 4]]": [15, -427.72714267559417, []], "[\"10.0.0.12_10.0.0.42\", [1, 2, 4]]": [16, -431.7944674084696, []], "[\"NoTrans\", []]": [43, -416.36484768643146, []]}, "{\"10.0.0.11_10.0.0.41\": [1, 3, 4], \"10.0.0.12_10.0.0.42\": [1, 2, 4], \"10.0.0.13_10.0.0.43\": [1, 2, 4]}": {"[\"10.0.0.11_10.0.0.41\", [1, 2, 4]]": [6, -436.4888041259262, []], "[\"10.0.0.13_10.0.0.43\", [1, 3, 4]]": [16, -412.77472800261125, []], "[\"10.0.0.12_10.0.0.42\", [1, 3, 4]]": [16, -416.13351017836476, []], "[\"NoTrans\", []]": [8, -422.72232116266144, []]}, "{\"10.0.0.11_10.0.0.41\": [1, 2, 4], \"10.0.0.12_10.0.0.42\": [1, 3, 4], \"10.0.0.13_10.0.0.43\": [1, 3, 4]}": {"[\"10.0.0.11_10.0.0.41\", [1, 3, 4]]": [11, -429.8545582370123, []], "[\"10.0.0.13_10.0.0.43\", [1, 2, 4]]": [10, -424.19310567885, []], "[\"10.0.0.12_10.0.0.42\", [1, 2, 4]]": [10, -419.0807883046434, []], "[\"NoTrans\", []]": [9, -434.1341693744521, []]}, "{\"10.0.0.11_10.0.0.41\": [1, 2, 4], \"10.0.0.12_10.0.0.42\": [1, 2, 4], \"10.0.0.13_10.0.0.43\": [1, 3, 4]}": {"[\"10.0.0.11_10.0.0.41\", [1, 3, 4]]": [14, -409.8215562924272, []], "[\"10.0.0.13_10.0.0.43\", [1, 2, 4]]": [7, -431.8010045419309, []], "[\"10.0.0.12_10.0.0.42\", [1, 3, 4]]": [9, -434.4246995225885, []], "[\"NoTrans\", []]": [8, -424.3546284103375, []]}, "{\"10.0.0.11_10.0.0.41\": [1, 2, 4], \"10.0.0.12_10.0.0.42\": [1, 3, 4], \"10.0.0.13_10.0.0.43\": [1, 2, 4]}": {"[\"10.0.0.11_10.0.0.41\", [1, 3, 4]]": [14, -416.5818494355364, []], "[\"10.0.0.13_10.0.0.43\", [1, 3, 4]]": [13, -428.6646058095735, []], "[\"10.0.0.12_10.0.0.42\", [1, 2, 4]]": [7, -442.69596130883747, []], "[\"NoTrans\", []]": [8, -421.27719232661906, []]}, "{\"10.0.0.11_10.0.0.41\": [1, 2, 4], \"10.0.0.12_10.0.0.42\": [1, 2, 4], \"10.0.0.13_10.0.0.43\": [1, 2, 4]}": {"[\"10.0.0.11_10.0.0.41\", [1, 3, 4]]": [7, -425.28191158508116, []], "[\"10.0.0.13_10.0.0.43\", [1, 3, 4]]": [6, -420.22088174473816, []], "[\"10.0.0.12_10.0.0.42\", [1, 3, 4]]": [7, -422.0358452324942, []], "[\"NoTrans\", []]": [5, -424.62797070410727, []]}}