{"{\"10.0.0.11_10.0.0.41\": [1, 3, 4], \"10.0.0.12_10.0.0.42\": [1, 3, 4], \"10.0.0.13_10.0.0.43\": [1, 3, 4]}": {"[\"10.0.0.11_10.0.0.41\", [1, 2, 4]]": [1, -124.31167629486383, []], "[\"10.0.0.13_10.0.0.43\", [1, 2, 4]]": [1, -148.0010056947803, []], "[\"10.0.0.12_10.0.0.42\", [1, 2, 4]]": [0, -100, []], "[\"NoTrans\", []]": [0, -100, []]}, "{\"10.0.0.11_10.0.0.41\": [1, 3, 4], \"10.0.0.12_10.0.0.42\": [1, 2, 4], \"10.0.0.13_10.0.0.43\": [1, 3, 4]}": {"[\"10.0.0.11_10.0.0.41\", [1, 2, 4]]": [2, -169.84440613558752, []], "[\"10.0.0.13_10.0.0.43\", [1, 2, 4]]": [0, -100, []], "[\"10.0.0.12_10.0.0.42\", [1, 3, 4]]": [0, -100, []], "[\"NoTrans\", []]": [0, -100, []]}, "{\"10.0.0.11_10.0.0.41\": [1, 3, 4], \"10.0.0.12_10.0.0.42\": [1, 3, 4], \"10.0.0.13_10.0.0.43\": [1, 2, 4]}": {"[\"10.0.0.11_10.0.0.41\", [1, 2, 4]]": [1, -170.34466446034554, []], "[\"10.0.0.13_10.0.0.43\", [1, 3, 4]]": [1, -163.09955978393555, []], "[\"10.0.0.12_10.0.0.42\", [1, 2, 4]]": [0, -100, []], "[\"NoTrans\", []]": [1, -147.9517988840966, []]}, "{\"10.0.0.11_10.0.0.41\": [1, 3, 4], \"10.0.0.12_10.0.0.42\": [1, 2, 4], \"10.0.0.13_10.0.0.43\": [1, 2, 4]}": {"[\"10.0.0.11_10.0.0.41\", [1, 2, 4]]": [0, -100, []], "[\"10.0.0.13_10.0.0.43\", [1, 3, 4]]": [1, -148.8289137560058, []], "[\"10.0.0.12_10.0.0.42\", [1, 3, 4]]": [0, -100, []], "[\"NoTrans\", []]": [0, -100, []]}, "{\"10.0.0.11_10.0.0.41\": [1, 2, 4], \"10.0.0.12_10.0.0.42\": [1, 3, 4], \"10.0.0.13_10.0.0.43\": [1, 3, 4]}": {"[\"10.0.0.11_10.0.0.41\", [1, 3, 4]]": [1, -165.3343048095703, []], "[\"10.0.0.13_10.0.0.43\", [1, 2, 4]]": [1, -169.5236653402045, []], "[\"10.0.0.12_10.0.0.42\", [1, 2, 4]]": [1, -175.18019203751066, []], "[\"NoTrans\", []]": [664, -122.96866127507927, []]}, "{\"10.0.0.11_10.0.0.41\": [1, 2, 4], \"10.0.0.12_10.0.0.42\": [1, 2, 4], \"10.0.0.13_10.0.0.43\": [1, 3, 4]}": {"[\"10.0.0.11_10.0.0.41\", [1, 3, 4]]": [1, -167.8444709777832, []], "[\"10.0.0.13_10.0.0.43\", [1, 2, 4]]": [1, -195.07110977172852, []], "[\"10.0.0.12_10.0.0.42\", [1, 3, 4]]": [2, -141.9092940018098, []], "[\"NoTrans\", []]": [2, -174.4849546933129, []]}, "{\"10.0.0.11_10.0.0.41\": [1, 2, 4], \"10.0.0.12_10.0.0.42\": [1, 3, 4], \"10.0.0.13_10.0.0.43\": [1, 2, 4]}": {"[\"10.0.0.11_10.0.0.41\", [1, 3, 4]]": [1, -150.37583122252917, []], "[\"10.0.0.13_10.0.0.43\", [1, 3, 4]]": [1, -137.8008210839173, []], "[\"10.0.0.12_10.0.0.42\", [1, 2, 4]]": [1, -192.16917419433594, []], "[\"NoTrans\", []]": [1, -171.97961644110893, []]}, "{\"10.0.0.11_10.0.0.41\": [1, 2, 4], \"10.0.0.12_10.0.0.42\": [1, 2, 4], \"10.0.0.13_10.0.0.43\": [1, 2, 4]}": {"[\"10.0.0.11_10.0.0.41\", [1, 3, 4]]": [1, -172.8645688465882, []], "[\"10.0.0.13_10.0.0.43\", [1, 3, 4]]": [1, -163.01840209960938, []], "[\"10.0.0.12_10.0.0.42\", [1, 3, 4]]": [1, -172.89470908580233, []], "[\"NoTrans\", []]": [1, -187.7395477294922, []]}}