{"{\"10.0.0.11_10.0.0.41\": [1, 3, 4], \"10.0.0.12_10.0.0.42\": [1, 3, 4], \"10.0.0.13_10.0.0.43\": [1, 3, 4]}": {"[\"10.0.0.11_10.0.0.41\", [1, 2, 4]]": [5, -137.7109150759146, []], "[\"10.0.0.12_10.0.0.42\", [1, 2, 4]]": [1, -184.40404368617826, []], "[\"10.0.0.13_10.0.0.43\", [1, 2, 4]]": [1, -185.2732742742976, []], "[\"NoTrans\", []]": [1, -202.11557159423828, []]}, "{\"10.0.0.11_10.0.0.41\": [1, 3, 4], \"10.0.0.12_10.0.0.42\": [1, 3, 4], \"10.0.0.13_10.0.0.43\": [1, 2, 4]}": {"[\"10.0.0.11_10.0.0.41\", [1, 2, 4]]": [2, -251.33438283048997, []], "[\"10.0.0.12_10.0.0.42\", [1, 2, 4]]": [2, -217.30383428965158, []], "[\"10.0.0.13_10.0.0.43\", [1, 3, 4]]": [1, -198.80231628417968, []], "[\"NoTrans\", []]": [2, -226.7151254136809, []]}, "{\"10.0.0.11_10.0.0.41\": [1, 3, 4], \"10.0.0.12_10.0.0.42\": [1, 2, 4], \"10.0.0.13_10.0.0.43\": [1, 3, 4]}": {"[\"10.0.0.11_10.0.0.41\", [1, 2, 4]]": [1, -204.33033034429312, []], "[\"10.0.0.12_10.0.0.42\", [1, 3, 4]]": [2, -212.30118332825174, []], "[\"10.0.0.13_10.0.0.43\", [1, 2, 4]]": [1, -232.7624884125566, []], "[\"NoTrans\", []]": [4, -244.5827507190674, []]}, "{\"10.0.0.11_10.0.0.41\": [1, 3, 4], \"10.0.0.12_10.0.0.42\": [1, 2, 4], \"10.0.0.13_10.0.0.43\": [1, 2, 4]}": {"[\"10.0.0.11_10.0.0.41\", [1, 2, 4]]": [1, -226.58818969726565, []], "[\"10.0.0.12_10.0.0.42\", [1, 3, 4]]": [1, -217.00447618772785, []], "[\"10.0.0.13_10.0.0.43\", [1, 3, 4]]": [2, -221.2128631067956, []], "[\"NoTrans\", []]": [1, -202.52175493619066, []]}, "{\"10.0.0.11_10.0.0.41\": [1, 2, 4], \"10.0.0.12_10.0.0.42\": [1, 3, 4], \"10.0.0.13_10.0.0.43\": [1, 3, 4]}": {"[\"10.0.0.11_10.0.0.41\", [1, 3, 4]]": [4, -220.79542055507542, []], "[\"10.0.0.12_10.0.0.42\", [1, 2, 4]]": [2, -218.74503292818451, []], "[\"10.0.0.13_10.0.0.43\", [1, 2, 4]]": [2, -246.41370577282254, []], "[\"NoTrans\", []]": [632, -141.14833546171752, []]}, "{\"10.0.0.11_10.0.0.41\": [1, 2, 4], \"10.0.0.12_10.0.0.42\": [1, 3, 4], \"10.0.0.13_10.0.0.43\": [1, 2, 4]}": {"[\"10.0.0.11_10.0.0.41\", [1, 3, 4]]": [3, -235.4648513714255, []], "[\"10.0.0.12_10.0.0.42\", [1, 2, 4]]": [1, -206.75577685856433, []], "[\"10.0.0.13_10.0.0.43\", [1, 3, 4]]": [2, -181.34162030684993, []], "[\"NoTrans\", []]": [1, -204.34741967370513, []]}, "{\"10.0.0.11_10.0.0.41\": [1, 2, 4], \"10.0.0.12_10.0.0.42\": [1, 2, 4], \"10.0.0.13_10.0.0.43\": [1, 3, 4]}": {"[\"10.0.0.11_10.0.0.41\", [1, 3, 4]]": [1, -183.53147044502626, []], "[\"10.0.0.12_10.0.0.42\", [1, 3, 4]]": [2, -181.47044089680654, []], "[\"10.0.0.13_10.0.0.43\", [1, 2, 4]]": [1, -226.57293090820315, []], "[\"NoTrans\", []]": [1, -208.63759259176254, []]}, "{\"10.0.0.11_10.0.0.41\": [1, 2, 4], \"10.0.0.12_10.0.0.42\": [1, 2, 4], \"10.0.0.13_10.0.0.43\": [1, 2, 4]}": {"[\"10.0.0.11_10.0.0.41\", [1, 3, 4]]": [1, -204.42536021244973, []], "[\"10.0.0.12_10.0.0.42\", [1, 3, 4]]": [1, -186.16996038831795, []], "[\"10.0.0.13_10.0.0.43\", [1, 3, 4]]": [1, -203.25078642560806, []], "[\"NoTrans\", []]": [0, -140, []]}}