{"{\"10.0.0.11_10.0.0.41\": [1, 3, 4], \"10.0.0.12_10.0.0.42\": [1, 3, 4], \"10.0.0.13_10.0.0.43\": [1, 3, 4]}": {"[\"10.0.0.11_10.0.0.41\", [1, 2, 4]]": [4, -130.076855208403, []], "[\"10.0.0.13_10.0.0.43\", [1, 2, 4]]": [3, -204.2982169858162, []], "[\"10.0.0.12_10.0.0.42\", [1, 2, 4]]": [2, -166.846165065734, []], "[\"NoTrans\", []]": [2, -152.7390460481665, []]}, "{\"10.0.0.11_10.0.0.41\": [1, 3, 4], \"10.0.0.12_10.0.0.42\": [1, 2, 4], \"10.0.0.13_10.0.0.43\": [1, 3, 4]}": {"[\"10.0.0.11_10.0.0.41\", [1, 2, 4]]": [2, -180.87417028899867, []], "[\"10.0.0.13_10.0.0.43\", [1, 2, 4]]": [3, -202.57788232588126, []], "[\"10.0.0.12_10.0.0.42\", [1, 3, 4]]": [2, -163.11560349661733, []], "[\"NoTrans\", []]": [2, -168.06830925629836, []]}, "{\"10.0.0.11_10.0.0.41\": [1, 3, 4], \"10.0.0.12_10.0.0.42\": [1, 3, 4], \"10.0.0.13_10.0.0.43\": [1, 2, 4]}": {"[\"10.0.0.11_10.0.0.41\", [1, 2, 4]]": [3, -220.05365861885429, []], "[\"10.0.0.13_10.0.0.43\", [1, 3, 4]]": [3, -178.04165245252906, []], "[\"10.0.0.12_10.0.0.42\", [1, 2, 4]]": [2, -180.18154294109456, []], "[\"NoTrans\", []]": [3, -201.33304528756656, []]}, "{\"10.0.0.11_10.0.0.41\": [1, 3, 4], \"10.0.0.12_10.0.0.42\": [1, 2, 4], \"10.0.0.13_10.0.0.43\": [1, 2, 4]}": {"[\"10.0.0.11_10.0.0.41\", [1, 2, 4]]": [2, -223.19544596009104, []], "[\"10.0.0.13_10.0.0.43\", [1, 3, 4]]": [3, -192.75402500269354, []], "[\"10.0.0.12_10.0.0.42\", [1, 3, 4]]": [3, -196.17826184210404, []], "[\"NoTrans\", []]": [2, -193.17294375742742, []]}, "{\"10.0.0.11_10.0.0.41\": [1, 2, 4], \"10.0.0.12_10.0.0.42\": [1, 3, 4], \"10.0.0.13_10.0.0.43\": [1, 3, 4]}": {"[\"10.0.0.11_10.0.0.41\", [1, 3, 4]]": [4, -191.5986274755146, []], "[\"10.0.0.13_10.0.0.43\", [1, 2, 4]]": [2, -194.1687545695492, []], "[\"10.0.0.12_10.0.0.42\", [1, 2, 4]]": [2, -195.8028075324363, []], "[\"NoTrans\", []]": [606, -111.62894425275137, []]}, "{\"10.0.0.11_10.0.0.41\": [1, 2, 4], \"10.0.0.12_10.0.0.42\": [1, 2, 4], \"10.0.0.13_10.0.0.43\": [1, 3, 4]}": {"[\"10.0.0.11_10.0.0.41\", [1, 3, 4]]": [2, -146.73817706245023, []], "[\"10.0.0.13_10.0.0.43\", [1, 2, 4]]": [1, -203.31513208680002, []], "[\"10.0.0.12_10.0.0.42\", [1, 3, 4]]": [2, -136.4206977576722, []], "[\"NoTrans\", []]": [1, -159.63816981881115, []]}, "{\"10.0.0.11_10.0.0.41\": [1, 2, 4], \"10.0.0.12_10.0.0.42\": [1, 3, 4], \"10.0.0.13_10.0.0.43\": [1, 2, 4]}": {"[\"10.0.0.11_10.0.0.41\", [1, 3, 4]]": [2, -162.27608652333953, []], "[\"10.0.0.13_10.0.0.43\", [1, 3, 4]]": [3, -178.834431878779, []], "[\"10.0.0.12_10.0.0.42\", [1, 2, 4]]": [1, -201.1699370794758, []], "[\"NoTrans\", []]": [2, -217.33459928722954, []]}, "{\"10.0.0.11_10.0.0.41\": [1, 2, 4], \"10.0.0.12_10.0.0.42\": [1, 2, 4], \"10.0.0.13_10.0.0.43\": [1, 2, 4]}": {"[\"10.0.0.11_10.0.0.41\", [1, 3, 4]]": [2, -198.60714953886523, []], "[\"10.0.0.13_10.0.0.43\", [1, 3, 4]]": [1, -163.75280848357139, []], "[\"10.0.0.12_10.0.0.42\", [1, 3, 4]]": [1, -159.11406299888012, []], "[\"NoTrans\", []]": [1, -203.31656259827463, []]}}