{"{\"10.0.0.11_10.0.0.41\": [1, 3, 4], \"10.0.0.12_10.0.0.42\": [1, 3, 4], \"10.0.0.13_10.0.0.43\": [1, 3, 4]}": {"[\"10.0.0.13_10.0.0.43\", [1, 2, 4]]": [3, -197.27508909106987, []], "[\"10.0.0.12_10.0.0.42\", [1, 2, 4]]": [3, -206.64685934837655, []], "[\"10.0.0.11_10.0.0.41\", [1, 2, 4]]": [8, -176.98225375313342, []], "[\"NoTrans\", []]": [3, -227.14593020161027, []]}, "{\"10.0.0.11_10.0.0.41\": [1, 2, 4], \"10.0.0.12_10.0.0.42\": [1, 3, 4], \"10.0.0.13_10.0.0.43\": [1, 3, 4]}": {"[\"10.0.0.13_10.0.0.43\", [1, 2, 4]]": [4, -242.3828163221827, []], "[\"10.0.0.12_10.0.0.42\", [1, 2, 4]]": [4, -225.8550242507426, []], "[\"10.0.0.11_10.0.0.41\", [1, 3, 4]]": [5, -231.5116671639508, []], "[\"NoTrans\", []]": [581, -141.0361076077561, []]}, "{\"10.0.0.11_10.0.0.41\": [1, 3, 4], \"10.0.0.12_10.0.0.42\": [1, 2, 4], \"10.0.0.13_10.0.0.43\": [1, 3, 4]}": {"[\"10.0.0.13_10.0.0.43\", [1, 2, 4]]": [3, -198.44604608985927, []], "[\"10.0.0.12_10.0.0.42\", [1, 3, 4]]": [4, -208.4012630052828, []], "[\"10.0.0.11_10.0.0.41\", [1, 2, 4]]": [2, -184.44971129602476, []], "[\"NoTrans\", []]": [3, -200.03184914307005, []]}, "{\"10.0.0.11_10.0.0.41\": [1, 2, 4], \"10.0.0.12_10.0.0.42\": [1, 2, 4], \"10.0.0.13_10.0.0.43\": [1, 3, 4]}": {"[\"10.0.0.13_10.0.0.43\", [1, 2, 4]]": [2, -224.90998331969777, []], "[\"10.0.0.12_10.0.0.42\", [1, 3, 4]]": [3, -205.78529210206233, []], "[\"10.0.0.11_10.0.0.41\", [1, 3, 4]]": [3, -205.6323626903524, []], "[\"NoTrans\", []]": [2, -219.5964385072719, []]}, "{\"10.0.0.11_10.0.0.41\": [1, 3, 4], \"10.0.0.12_10.0.0.42\": [1, 3, 4], \"10.0.0.13_10.0.0.43\": [1, 2, 4]}": {"[\"10.0.0.13_10.0.0.43\", [1, 3, 4]]": [4, -214.509344842045, []], "[\"10.0.0.12_10.0.0.42\", [1, 2, 4]]": [3, -210.73464584002448, []], "[\"10.0.0.11_10.0.0.41\", [1, 2, 4]]": [2, -214.86515089098813, []], "[\"NoTrans\", []]": [3, -199.19255412368457, []]}, "{\"10.0.0.11_10.0.0.41\": [1, 2, 4], \"10.0.0.12_10.0.0.42\": [1, 3, 4], \"10.0.0.13_10.0.0.43\": [1, 2, 4]}": {"[\"10.0.0.13_10.0.0.43\", [1, 3, 4]]": [3, -202.70775724412286, []], "[\"10.0.0.12_10.0.0.42\", [1, 2, 4]]": [1, -197.4706942266802, []], "[\"10.0.0.11_10.0.0.41\", [1, 3, 4]]": [3, -202.7260870361407, []], "[\"NoTrans\", []]": [2, -212.73656806580266, []]}, "{\"10.0.0.11_10.0.0.41\": [1, 3, 4], \"10.0.0.12_10.0.0.42\": [1, 2, 4], \"10.0.0.13_10.0.0.43\": [1, 2, 4]}": {"[\"10.0.0.13_10.0.0.43\", [1, 3, 4]]": [3, -181.7666919566153, []], "[\"10.0.0.12_10.0.0.42\", [1, 3, 4]]": [3, -213.28570798566386, []], "[\"10.0.0.11_10.0.0.41\", [1, 2, 4]]": [2, -241.08775098905573, []], "[\"NoTrans\", []]": [2, -200.77774801738246, []]}, "{\"10.0.0.11_10.0.0.41\": [1, 2, 4], \"10.0.0.12_10.0.0.42\": [1, 2, 4], \"10.0.0.13_10.0.0.43\": [1, 2, 4]}": {"[\"10.0.0.13_10.0.0.43\", [1, 3, 4]]": [2, -232.6943896106126, []], "[\"10.0.0.12_10.0.0.42\", [1, 3, 4]]": [1, -155.04089586079377, []], "[\"10.0.0.11_10.0.0.41\", [1, 3, 4]]": [2, -163.06318629089296, []], "[\"NoTrans\", []]": [1, -189.23587280113554, []]}}