{"{\"10.0.0.11_10.0.0.41\": [1, 3, 4], \"10.0.0.12_10.0.0.42\": [1, 3, 4], \"10.0.0.13_10.0.0.43\": [1, 3, 4]}": {"[\"10.0.0.11_10.0.0.41\", [1, 2, 4]]": [28, -163.80544349776034, []], "[\"10.0.0.12_10.0.0.42\", [1, 2, 4]]": [29, -270.3275278927236, []], "[\"10.0.0.13_10.0.0.43\", [1, 2, 4]]": [24, -269.223014046987, []], "[\"NoTrans\", []]": [34, -232.1626197784195, []]}, "{\"10.0.0.11_10.0.0.41\": [1, 3, 4], \"10.0.0.12_10.0.0.42\": [1, 3, 4], \"10.0.0.13_10.0.0.43\": [1, 2, 4]}": {"[\"10.0.0.11_10.0.0.41\", [1, 2, 4]]": [19, -268.6588034065008, []], "[\"10.0.0.12_10.0.0.42\", [1, 2, 4]]": [13, -315.3165323729487, []], "[\"10.0.0.13_10.0.0.43\", [1, 3, 4]]": [26, -232.48254521526962, []], "[\"NoTrans\", []]": [24, -266.28996500427365, []]}, "{\"10.0.0.11_10.0.0.41\": [1, 3, 4], \"10.0.0.12_10.0.0.42\": [1, 2, 4], \"10.0.0.13_10.0.0.43\": [1, 3, 4]}": {"[\"10.0.0.11_10.0.0.41\", [1, 2, 4]]": [14, -267.46009349548007, []], "[\"10.0.0.12_10.0.0.42\", [1, 3, 4]]": [27, -233.92535325172247, []], "[\"10.0.0.13_10.0.0.43\", [1, 2, 4]]": [13, -312.6512665036041, []], "[\"NoTrans\", []]": [14, -267.3370435253323, []]}, "{\"10.0.0.11_10.0.0.41\": [1, 3, 4], \"10.0.0.12_10.0.0.42\": [1, 2, 4], \"10.0.0.13_10.0.0.43\": [1, 2, 4]}": {"[\"10.0.0.11_10.0.0.41\", [1, 2, 4]]": [14, -341.0816483637385, []], "[\"10.0.0.12_10.0.0.42\", [1, 3, 4]]": [11, -267.29956946113305, []], "[\"10.0.0.13_10.0.0.43\", [1, 3, 4]]": [11, -263.63688307738784, []], "[\"NoTrans\", []]": [11, -314.54920096204097, []]}, "{\"10.0.0.11_10.0.0.41\": [1, 2, 4], \"10.0.0.12_10.0.0.42\": [1, 3, 4], \"10.0.0.13_10.0.0.43\": [1, 3, 4]}": {"[\"10.0.0.11_10.0.0.41\", [1, 3, 4]]": [28, -231.8538674709499, []], "[\"10.0.0.12_10.0.0.42\", [1, 2, 4]]": [8, -268.69035582941103, []], "[\"10.0.0.13_10.0.0.43\", [1, 2, 4]]": [19, -266.85954566377103, []], "[\"NoTrans\", []]": [23, -172.48495978958994, []]}, "{\"10.0.0.11_10.0.0.41\": [1, 2, 4], \"10.0.0.12_10.0.0.42\": [1, 3, 4], \"10.0.0.13_10.0.0.43\": [1, 2, 4]}": {"[\"10.0.0.11_10.0.0.41\", [1, 3, 4]]": [23, -262.13489806664325, []], "[\"10.0.0.12_10.0.0.42\", [1, 2, 4]]": [11, -341.1277811136661, []], "[\"10.0.0.13_10.0.0.43\", [1, 3, 4]]": [14, -206.22382794750038, []], "[\"NoTrans\", []]": [18, -268.0061183096318, []]}, "{\"10.0.0.11_10.0.0.41\": [1, 2, 4], \"10.0.0.12_10.0.0.42\": [1, 2, 4], \"10.0.0.13_10.0.0.43\": [1, 3, 4]}": {"[\"10.0.0.11_10.0.0.41\", [1, 3, 4]]": [13, -272.22854944102335, []], "[\"10.0.0.12_10.0.0.42\", [1, 3, 4]]": [13, -208.27873533777972, []], "[\"10.0.0.13_10.0.0.43\", [1, 2, 4]]": [9, -340.83468217661914, []], "[\"NoTrans\", []]": [10, -272.7122307887814, []]}, "{\"10.0.0.11_10.0.0.41\": [1, 2, 4], \"10.0.0.12_10.0.0.42\": [1, 2, 4], \"10.0.0.13_10.0.0.43\": [1, 2, 4]}": {"[\"10.0.0.11_10.0.0.41\", [1, 3, 4]]": [11, -316.65056921295826, []], "[\"10.0.0.12_10.0.0.42\", [1, 3, 4]]": [10, -268.8857985497915, []], "[\"10.0.0.13_10.0.0.43\", [1, 3, 4]]": [13, -268.41187515303847, []], "[\"NoTrans\", []]": [15, -342.3588946431379, []]}}