{"{\"10.0.0.11_10.0.0.41\": [1, 3, 4], \"10.0.0.12_10.0.0.42\": [1, 3, 4], \"10.0.0.13_10.0.0.43\": [1, 3, 4]}": {"[\"10.0.0.13_10.0.0.43\", [1, 2, 4]]": [0, -140, []], "[\"10.0.0.12_10.0.0.42\", [1, 2, 4]]": [1, -188.80894711734226, []], "[\"10.0.0.11_10.0.0.41\", [1, 2, 4]]": [1, -154.34596521704344, []], "[\"NoTrans\", []]": [1, -205.5086494445801, []]}, "{\"10.0.0.11_10.0.0.41\": [1, 2, 4], \"10.0.0.12_10.0.0.42\": [1, 3, 4], \"10.0.0.13_10.0.0.43\": [1, 3, 4]}": {"[\"10.0.0.13_10.0.0.43\", [1, 2, 4]]": [1, -205.62846528347023, []], "[\"10.0.0.12_10.0.0.42\", [1, 2, 4]]": [2, -241.59640372805876, []], "[\"10.0.0.11_10.0.0.41\", [1, 3, 4]]": [1, -202.71314392089843, []], "[\"NoTrans\", []]": [385, -129.48114367136213, []]}, "{\"10.0.0.11_10.0.0.41\": [1, 3, 4], \"10.0.0.12_10.0.0.42\": [1, 2, 4], \"10.0.0.13_10.0.0.43\": [1, 3, 4]}": {"[\"10.0.0.13_10.0.0.43\", [1, 2, 4]]": [0, -140, []], "[\"10.0.0.12_10.0.0.42\", [1, 3, 4]]": [1, -206.51897201538088, []], "[\"10.0.0.11_10.0.0.41\", [1, 2, 4]]": [3, -231.1921630903891, []], "[\"NoTrans\", []]": [1, -187.374001547746, []]}, "{\"10.0.0.11_10.0.0.41\": [1, 2, 4], \"10.0.0.12_10.0.0.42\": [1, 2, 4], \"10.0.0.13_10.0.0.43\": [1, 3, 4]}": {"[\"10.0.0.13_10.0.0.43\", [1, 2, 4]]": [1, -221.79034957885744, []], "[\"10.0.0.12_10.0.0.42\", [1, 3, 4]]": [3, -192.47295564380005, []], "[\"10.0.0.11_10.0.0.41\", [1, 3, 4]]": [2, -199.6530714355711, []], "[\"NoTrans\", []]": [379, -201.83592958710898, []]}, "{\"10.0.0.11_10.0.0.41\": [1, 3, 4], \"10.0.0.12_10.0.0.42\": [1, 3, 4], \"10.0.0.13_10.0.0.43\": [1, 2, 4]}": {"[\"10.0.0.13_10.0.0.43\", [1, 3, 4]]": [0, -140, []], "[\"10.0.0.12_10.0.0.42\", [1, 2, 4]]": [0, -140, []], "[\"10.0.0.11_10.0.0.41\", [1, 2, 4]]": [0, -140, []], "[\"NoTrans\", []]": [0, -140, []]}, "{\"10.0.0.11_10.0.0.41\": [1, 2, 4], \"10.0.0.12_10.0.0.42\": [1, 3, 4], \"10.0.0.13_10.0.0.43\": [1, 2, 4]}": {"[\"10.0.0.13_10.0.0.43\", [1, 3, 4]]": [1, -173.61695886038004, []], "[\"10.0.0.12_10.0.0.42\", [1, 2, 4]]": [1, -223.45145950317385, []], "[\"10.0.0.11_10.0.0.41\", [1, 3, 4]]": [0, -140, []], "[\"NoTrans\", []]": [1, -208.52590049898942, []]}, "{\"10.0.0.11_10.0.0.41\": [1, 3, 4], \"10.0.0.12_10.0.0.42\": [1, 2, 4], \"10.0.0.13_10.0.0.43\": [1, 2, 4]}": {"[\"10.0.0.13_10.0.0.43\", [1, 3, 4]]": [1, -185.76655377861422, []], "[\"10.0.0.12_10.0.0.42\", [1, 3, 4]]": [0, -140, []], "[\"10.0.0.11_10.0.0.41\", [1, 2, 4]]": [0, -140, []], "[\"NoTrans\", []]": [0, -140, []]}, "{\"10.0.0.11_10.0.0.41\": [1, 2, 4], \"10.0.0.12_10.0.0.42\": [1, 2, 4], \"10.0.0.13_10.0.0.43\": [1, 2, 4]}": {"[\"10.0.0.13_10.0.0.43\", [1, 3, 4]]": [1, -197.620605203469, []], "[\"10.0.0.12_10.0.0.42\", [1, 3, 4]]": [1, -205.97435242199768, []], "[\"10.0.0.11_10.0.0.41\", [1, 3, 4]]": [1, -207.31883161631893, []], "[\"NoTrans\", []]": [1, -225.6638885498047, []]}}