{"{\"10.0.0.11_10.0.0.41\": [1, 3, 4], \"10.0.0.12_10.0.0.42\": [1, 3, 4], \"10.0.0.13_10.0.0.43\": [1, 3, 4]}": {"[\"10.0.0.12_10.0.0.42\", [1, 2, 4]]": [1, -213.56119651290842, []], "[\"10.0.0.13_10.0.0.43\", [1, 2, 4]]": [1, -184.4124883955096, []], "[\"10.0.0.11_10.0.0.41\", [1, 2, 4]]": [3, -151.33497316896867, []], "[\"NoTrans\", []]": [1, -199.0382553100586, []]}, "{\"10.0.0.11_10.0.0.41\": [1, 2, 4], \"10.0.0.12_10.0.0.42\": [1, 3, 4], \"10.0.0.13_10.0.0.43\": [1, 3, 4]}": {"[\"10.0.0.12_10.0.0.42\", [1, 2, 4]]": [4, -200.26136336320548, []], "[\"10.0.0.13_10.0.0.43\", [1, 2, 4]]": [1, -204.7108170275269, []], "[\"10.0.0.11_10.0.0.41\", [1, 3, 4]]": [2, -200.86789810180665, []], "[\"NoTrans\", []]": [369, -114.74377473703473, []]}, "{\"10.0.0.11_10.0.0.41\": [1, 3, 4], \"10.0.0.12_10.0.0.42\": [1, 3, 4], \"10.0.0.13_10.0.0.43\": [1, 2, 4]}": {"[\"10.0.0.12_10.0.0.42\", [1, 2, 4]]": [1, -201.49409861611554, []], "[\"10.0.0.13_10.0.0.43\", [1, 3, 4]]": [2, -214.28811953224277, []], "[\"10.0.0.11_10.0.0.41\", [1, 2, 4]]": [1, -202.6383133592395, []], "[\"NoTrans\", []]": [2, -221.70631190179108, []]}, "{\"10.0.0.11_10.0.0.41\": [1, 2, 4], \"10.0.0.12_10.0.0.42\": [1, 3, 4], \"10.0.0.13_10.0.0.43\": [1, 2, 4]}": {"[\"10.0.0.12_10.0.0.42\", [1, 2, 4]]": [0, -140, []], "[\"10.0.0.13_10.0.0.43\", [1, 3, 4]]": [1, -175.62913606186262, []], "[\"10.0.0.11_10.0.0.41\", [1, 3, 4]]": [1, -183.31831522408606, []], "[\"NoTrans\", []]": [1, -203.0072699769615, []]}, "{\"10.0.0.11_10.0.0.41\": [1, 3, 4], \"10.0.0.12_10.0.0.42\": [1, 2, 4], \"10.0.0.13_10.0.0.43\": [1, 3, 4]}": {"[\"10.0.0.12_10.0.0.42\", [1, 3, 4]]": [1, -198.56702242380638, []], "[\"10.0.0.13_10.0.0.43\", [1, 2, 4]]": [181, -239.32195805472145, []], "[\"10.0.0.11_10.0.0.41\", [1, 2, 4]]": [1, -199.5549094908298, []], "[\"NoTrans\", []]": [2, -223.4128289753591, []]}, "{\"10.0.0.11_10.0.0.41\": [1, 2, 4], \"10.0.0.12_10.0.0.42\": [1, 2, 4], \"10.0.0.13_10.0.0.43\": [1, 3, 4]}": {"[\"10.0.0.12_10.0.0.42\", [1, 3, 4]]": [3, -170.50504080360963, []], "[\"10.0.0.13_10.0.0.43\", [1, 2, 4]]": [2, -219.27961385633256, []], "[\"10.0.0.11_10.0.0.41\", [1, 3, 4]]": [1, -184.9972070872206, []], "[\"NoTrans\", []]": [1, -200.61072710625893, []]}, "{\"10.0.0.11_10.0.0.41\": [1, 3, 4], \"10.0.0.12_10.0.0.42\": [1, 2, 4], \"10.0.0.13_10.0.0.43\": [1, 2, 4]}": {"[\"10.0.0.12_10.0.0.42\", [1, 3, 4]]": [2, -194.13361454943322, []], "[\"10.0.0.13_10.0.0.43\", [1, 3, 4]]": [181, -183.01341782966168, []], "[\"10.0.0.11_10.0.0.41\", [1, 2, 4]]": [1, -220.2145935058594, []], "[\"NoTrans\", []]": [2, -198.52726871025203, []]}, "{\"10.0.0.11_10.0.0.41\": [1, 2, 4], \"10.0.0.12_10.0.0.42\": [1, 2, 4], \"10.0.0.13_10.0.0.43\": [1, 2, 4]}": {"[\"10.0.0.12_10.0.0.42\", [1, 3, 4]]": [0, -140, []], "[\"10.0.0.13_10.0.0.43\", [1, 3, 4]]": [1, -204.3063799537486, []], "[\"10.0.0.11_10.0.0.41\", [1, 3, 4]]": [2, -199.21547906385035, []], "[\"NoTrans\", []]": [1, -217.70337829589846, []]}}