{"{\"10.0.0.11_10.0.0.41\": [1, 3, 4], \"10.0.0.12_10.0.0.42\": [1, 3, 4], \"10.0.0.13_10.0.0.43\": [1, 3, 4]}": {"[\"10.0.0.11_10.0.0.41\", [1, 2, 4]]": [1, -105.4257804886077, []], "[\"10.0.0.13_10.0.0.43\", [1, 2, 4]]": [1, -149.09065147836674, []], "[\"10.0.0.12_10.0.0.42\", [1, 2, 4]]": [0, -100, []], "[\"NoTrans\", []]": [1, -161.63309478759766, []]}, "{\"10.0.0.11_10.0.0.41\": [1, 3, 4], \"10.0.0.12_10.0.0.42\": [1, 2, 4], \"10.0.0.13_10.0.0.43\": [1, 3, 4]}": {"[\"10.0.0.11_10.0.0.41\", [1, 2, 4]]": [1, -169.7777034853874, []], "[\"10.0.0.13_10.0.0.43\", [1, 2, 4]]": [0, -100, []], "[\"10.0.0.12_10.0.0.42\", [1, 3, 4]]": [0, -100, []], "[\"NoTrans\", []]": [0, -100, []]}, "{\"10.0.0.11_10.0.0.41\": [1, 3, 4], \"10.0.0.12_10.0.0.42\": [1, 3, 4], \"10.0.0.13_10.0.0.43\": [1, 2, 4]}": {"[\"10.0.0.11_10.0.0.41\", [1, 2, 4]]": [1, -172.19106867969003, []], "[\"10.0.0.13_10.0.0.43\", [1, 3, 4]]": [1, -166.66801834106445, []], "[\"10.0.0.12_10.0.0.42\", [1, 2, 4]]": [0, -100, []], "[\"NoTrans\", []]": [0, -100, []]}, "{\"10.0.0.11_10.0.0.41\": [1, 3, 4], \"10.0.0.12_10.0.0.42\": [1, 2, 4], \"10.0.0.13_10.0.0.43\": [1, 2, 4]}": {"[\"10.0.0.11_10.0.0.41\", [1, 2, 4]]": [0, -100, []], "[\"10.0.0.13_10.0.0.43\", [1, 3, 4]]": [0, -100, []], "[\"10.0.0.12_10.0.0.42\", [1, 3, 4]]": [0, -100, []], "[\"NoTrans\", []]": [0, -100, []]}, "{\"10.0.0.11_10.0.0.41\": [1, 2, 4], \"10.0.0.12_10.0.0.42\": [1, 3, 4], \"10.0.0.13_10.0.0.43\": [1, 3, 4]}": {"[\"10.0.0.11_10.0.0.41\", [1, 3, 4]]": [1, -160.95350646972656, []], "[\"10.0.0.13_10.0.0.43\", [1, 2, 4]]": [1, -170.0743468099132, []], "[\"10.0.0.12_10.0.0.42\", [1, 2, 4]]": [1, -195.8272597080978, []], "[\"NoTrans\", []]": [670, -126.98601117678719, []]}, "{\"10.0.0.11_10.0.0.41\": [1, 2, 4], \"10.0.0.12_10.0.0.42\": [1, 2, 4], \"10.0.0.13_10.0.0.43\": [1, 3, 4]}": {"[\"10.0.0.11_10.0.0.41\", [1, 3, 4]]": [1, -151.70949845521412, []], "[\"10.0.0.13_10.0.0.43\", [1, 2, 4]]": [1, -149.7014481269645, []], "[\"10.0.0.12_10.0.0.42\", [1, 3, 4]]": [2, -147.90180227590895, []], "[\"NoTrans\", []]": [1, -170.3510313936353, []]}, "{\"10.0.0.11_10.0.0.41\": [1, 2, 4], \"10.0.0.12_10.0.0.42\": [1, 3, 4], \"10.0.0.13_10.0.0.43\": [1, 2, 4]}": {"[\"10.0.0.11_10.0.0.41\", [1, 3, 4]]": [1, -152.74078401357087, []], "[\"10.0.0.13_10.0.0.43\", [1, 3, 4]]": [1, -140.88069896724488, []], "[\"10.0.0.12_10.0.0.42\", [1, 2, 4]]": [1, -192.89720916748047, []], "[\"NoTrans\", []]": [1, -172.59767576247714, []]}, "{\"10.0.0.11_10.0.0.41\": [1, 2, 4], \"10.0.0.12_10.0.0.42\": [1, 2, 4], \"10.0.0.13_10.0.0.43\": [1, 2, 4]}": {"[\"10.0.0.11_10.0.0.41\", [1, 3, 4]]": [0, -100, []], "[\"10.0.0.13_10.0.0.43\", [1, 3, 4]]": [1, -171.08997563867416, []], "[\"10.0.0.12_10.0.0.42\", [1, 3, 4]]": [1, -149.00045408183183, []], "[\"NoTrans\", []]": [1, -151.15425543538896, []]}}