{"{\"10.0.0.11_10.0.0.41\": [1, 3, 4], \"10.0.0.12_10.0.0.42\": [1, 3, 4], \"10.0.0.13_10.0.0.43\": [1, 3, 4]}": {"[\"10.0.0.12_10.0.0.42\", [1, 2, 4]]": [2, -150.14202337580645, []], "[\"10.0.0.13_10.0.0.43\", [1, 2, 4]]": [2, -129.89544735965245, []], "[\"10.0.0.11_10.0.0.41\", [1, 2, 4]]": [4, -133.15335570155972, []], "[\"NoTrans\", []]": [2, -146.44485775438736, []]}, "{\"10.0.0.11_10.0.0.41\": [1, 2, 4], \"10.0.0.12_10.0.0.42\": [1, 3, 4], \"10.0.0.13_10.0.0.43\": [1, 3, 4]}": {"[\"10.0.0.12_10.0.0.42\", [1, 2, 4]]": [2, -168.0982125342767, []], "[\"10.0.0.13_10.0.0.43\", [1, 2, 4]]": [2, -162.18106073764062, []], "[\"10.0.0.11_10.0.0.41\", [1, 3, 4]]": [3, -160.66267670928903, []], "[\"NoTrans\", []]": [630, -120.72067193624943, []]}, "{\"10.0.0.11_10.0.0.41\": [1, 3, 4], \"10.0.0.12_10.0.0.42\": [1, 3, 4], \"10.0.0.13_10.0.0.43\": [1, 2, 4]}": {"[\"10.0.0.12_10.0.0.42\", [1, 2, 4]]": [2, -177.12571911840718, []], "[\"10.0.0.13_10.0.0.43\", [1, 3, 4]]": [2, -141.16769594157728, []], "[\"10.0.0.11_10.0.0.41\", [1, 2, 4]]": [1, -147.65494673131886, []], "[\"NoTrans\", []]": [2, -162.74094017565795, []]}, "{\"10.0.0.11_10.0.0.41\": [1, 2, 4], \"10.0.0.12_10.0.0.42\": [1, 3, 4], \"10.0.0.13_10.0.0.43\": [1, 2, 4]}": {"[\"10.0.0.12_10.0.0.42\", [1, 2, 4]]": [2, -217.06254300332117, []], "[\"10.0.0.13_10.0.0.43\", [1, 3, 4]]": [2, -129.9104486059727, []], "[\"10.0.0.11_10.0.0.41\", [1, 3, 4]]": [1, -114.40591018552412, []], "[\"NoTrans\", []]": [1, -148.04139996278815, []]}, "{\"10.0.0.11_10.0.0.41\": [1, 3, 4], \"10.0.0.12_10.0.0.42\": [1, 2, 4], \"10.0.0.13_10.0.0.43\": [1, 3, 4]}": {"[\"10.0.0.12_10.0.0.42\", [1, 3, 4]]": [2, -146.17739366040882, []], "[\"10.0.0.13_10.0.0.43\", [1, 2, 4]]": [1, -159.1706152985536, []], "[\"10.0.0.11_10.0.0.41\", [1, 2, 4]]": [1, -151.6753878667201, []], "[\"NoTrans\", []]": [1, -135.8371502727416, []]}, "{\"10.0.0.11_10.0.0.41\": [1, 2, 4], \"10.0.0.12_10.0.0.42\": [1, 2, 4], \"10.0.0.13_10.0.0.43\": [1, 3, 4]}": {"[\"10.0.0.12_10.0.0.42\", [1, 3, 4]]": [2, -126.4135104531111, []], "[\"10.0.0.13_10.0.0.43\", [1, 2, 4]]": [1, -197.60125455117273, []], "[\"10.0.0.11_10.0.0.41\", [1, 3, 4]]": [1, -135.10588882403508, []], "[\"NoTrans\", []]": [1, -151.75268922926458, []]}, "{\"10.0.0.11_10.0.0.41\": [1, 3, 4], \"10.0.0.12_10.0.0.42\": [1, 2, 4], \"10.0.0.13_10.0.0.43\": [1, 2, 4]}": {"[\"10.0.0.12_10.0.0.42\", [1, 3, 4]]": [2, -161.9483156209611, []], "[\"10.0.0.13_10.0.0.43\", [1, 3, 4]]": [1, -135.5172807220026, []], "[\"10.0.0.11_10.0.0.41\", [1, 2, 4]]": [1, -199.35706433510828, []], "[\"NoTrans\", []]": [1, -160.3505563274745, []]}, "{\"10.0.0.11_10.0.0.41\": [1, 2, 4], \"10.0.0.12_10.0.0.42\": [1, 2, 4], \"10.0.0.13_10.0.0.43\": [1, 2, 4]}": {"[\"10.0.0.12_10.0.0.42\", [1, 3, 4]]": [2, -185.6411831398972, []], "[\"10.0.0.13_10.0.0.43\", [1, 3, 4]]": [1, -152.55142363241234, []], "[\"10.0.0.11_10.0.0.41\", [1, 3, 4]]": [1, -159.76874657719816, []], "[\"NoTrans\", []]": [1, -197.65876111245203, []]}}