{"{\"10.0.0.11_10.0.0.41\": [1, 3, 4], \"10.0.0.12_10.0.0.42\": [1, 3, 4], \"10.0.0.13_10.0.0.43\": [1, 3, 4]}": {"[\"10.0.0.13_10.0.0.43\", [1, 2, 4]]": [13, -272.9454518704298, []], "[\"10.0.0.12_10.0.0.42\", [1, 2, 4]]": [2, -324.23582948063756, []], "[\"10.0.0.11_10.0.0.41\", [1, 2, 4]]": [59, -128.43731892356774, []], "[\"NoTrans\", []]": [1, -166.09687072177337, []]}, "{\"10.0.0.11_10.0.0.41\": [1, 2, 4], \"10.0.0.12_10.0.0.42\": [1, 3, 4], \"10.0.0.13_10.0.0.43\": [1, 3, 4]}": {"[\"10.0.0.13_10.0.0.43\", [1, 2, 4]]": [45, -301.3286352019305, []], "[\"10.0.0.12_10.0.0.42\", [1, 2, 4]]": [28, -242.56653774129674, []], "[\"10.0.0.11_10.0.0.41\", [1, 3, 4]]": [25, -204.04211434621715, []], "[\"NoTrans\", []]": [332, -137.57728148014328, []]}, "{\"10.0.0.11_10.0.0.41\": [1, 3, 4], \"10.0.0.12_10.0.0.42\": [1, 2, 4], \"10.0.0.13_10.0.0.43\": [1, 3, 4]}": {"[\"10.0.0.13_10.0.0.43\", [1, 2, 4]]": [17, -308.8333745957305, []], "[\"10.0.0.12_10.0.0.42\", [1, 3, 4]]": [0, -Infinity, []], "[\"10.0.0.11_10.0.0.41\", [1, 2, 4]]": [0, -Infinity, []], "[\"NoTrans\", []]": [6, -358.1175061392185, []]}, "{\"10.0.0.11_10.0.0.41\": [1, 2, 4], \"10.0.0.12_10.0.0.42\": [1, 2, 4], \"10.0.0.13_10.0.0.43\": [1, 3, 4]}": {"[\"10.0.0.13_10.0.0.43\", [1, 2, 4]]": [11, -449.6064216699469, []], "[\"10.0.0.12_10.0.0.42\", [1, 3, 4]]": [15, -167.9632272036094, []], "[\"10.0.0.11_10.0.0.41\", [1, 3, 4]]": [5, -398.87382209493154, []], "[\"NoTrans\", []]": [9, -460.9685410786582, []]}, "{\"10.0.0.11_10.0.0.41\": [1, 3, 4], \"10.0.0.12_10.0.0.42\": [1, 3, 4], \"10.0.0.13_10.0.0.43\": [1, 2, 4]}": {"[\"10.0.0.13_10.0.0.43\", [1, 3, 4]]": [49, -205.94038117976535, []], "[\"10.0.0.12_10.0.0.42\", [1, 2, 4]]": [1, -247.19430034580947, []], "[\"10.0.0.11_10.0.0.41\", [1, 2, 4]]": [16, -307.49063244437184, []], "[\"NoTrans\", []]": [2, -232.99856327933028, []]}, "{\"10.0.0.11_10.0.0.41\": [1, 2, 4], \"10.0.0.12_10.0.0.42\": [1, 3, 4], \"10.0.0.13_10.0.0.43\": [1, 2, 4]}": {"[\"10.0.0.13_10.0.0.43\", [1, 3, 4]]": [25, -402.3135169453541, []], "[\"10.0.0.12_10.0.0.42\", [1, 2, 4]]": [7, -448.80808618221613, []], "[\"10.0.0.11_10.0.0.41\", [1, 3, 4]]": [39, -243.1447198989557, []], "[\"NoTrans\", []]": [0, -Infinity, []]}, "{\"10.0.0.11_10.0.0.41\": [1, 3, 4], \"10.0.0.12_10.0.0.42\": [1, 2, 4], \"10.0.0.13_10.0.0.43\": [1, 2, 4]}": {"[\"10.0.0.13_10.0.0.43\", [1, 3, 4]]": [10, -347.4386085002178, []], "[\"10.0.0.12_10.0.0.42\", [1, 3, 4]]": [14, -256.8841559889394, []], "[\"10.0.0.11_10.0.0.41\", [1, 2, 4]]": [1, -337.00497789818974, []], "[\"NoTrans\", []]": [0, -Infinity, []]}, "{\"10.0.0.11_10.0.0.41\": [1, 2, 4], \"10.0.0.12_10.0.0.42\": [1, 2, 4], \"10.0.0.13_10.0.0.43\": [1, 2, 4]}": {"[\"10.0.0.13_10.0.0.43\", [1, 3, 4]]": [2, -269.8480303457387, []], "[\"10.0.0.12_10.0.0.42\", [1, 3, 4]]": [10, -410.9285777141786, []], "[\"10.0.0.11_10.0.0.41\", [1, 3, 4]]": [7, -426.9670701885833, []], "[\"NoTrans\", []]": [7, -423.0769989422546, []]}}