{"{\"10.0.0.11_10.0.0.41\": [1, 3, 4], \"10.0.0.12_10.0.0.42\": [1, 3, 4], \"10.0.0.13_10.0.0.43\": [1, 3, 4]}": {"[\"10.0.0.13_10.0.0.43\", [1, 2, 4]]": [1, -188.58064295975933, []], "[\"10.0.0.12_10.0.0.42\", [1, 2, 4]]": [3, -143.20727525257786, []], "[\"10.0.0.11_10.0.0.41\", [1, 2, 4]]": [1, -142.94751122238634, []], "[\"NoTrans\", []]": [1, -201.4895797729492, []]}, "{\"10.0.0.11_10.0.0.41\": [1, 2, 4], \"10.0.0.12_10.0.0.42\": [1, 3, 4], \"10.0.0.13_10.0.0.43\": [1, 3, 4]}": {"[\"10.0.0.13_10.0.0.43\", [1, 2, 4]]": [1, -208.96737000204428, []], "[\"10.0.0.12_10.0.0.42\", [1, 2, 4]]": [1, -204.09334277199946, []], "[\"10.0.0.11_10.0.0.41\", [1, 3, 4]]": [1, -204.99910125732424, []], "[\"NoTrans\", []]": [361, -146.32714521040424, []]}, "{\"10.0.0.11_10.0.0.41\": [1, 3, 4], \"10.0.0.12_10.0.0.42\": [1, 2, 4], \"10.0.0.13_10.0.0.43\": [1, 3, 4]}": {"[\"10.0.0.13_10.0.0.43\", [1, 2, 4]]": [99, -252.94884877177623, []], "[\"10.0.0.12_10.0.0.42\", [1, 3, 4]]": [2, -214.89836815073986, []], "[\"10.0.0.11_10.0.0.41\", [1, 2, 4]]": [2, -218.72586545409544, []], "[\"NoTrans\", []]": [14, -240.0690911592251, []]}, "{\"10.0.0.11_10.0.0.41\": [1, 2, 4], \"10.0.0.12_10.0.0.42\": [1, 2, 4], \"10.0.0.13_10.0.0.43\": [1, 3, 4]}": {"[\"10.0.0.13_10.0.0.43\", [1, 2, 4]]": [1, -225.63890228271487, []], "[\"10.0.0.12_10.0.0.42\", [1, 3, 4]]": [1, -171.7240013707946, []], "[\"10.0.0.11_10.0.0.41\", [1, 3, 4]]": [2, -229.57052764265921, []], "[\"NoTrans\", []]": [1, -206.54045138529375, []]}, "{\"10.0.0.11_10.0.0.41\": [1, 3, 4], \"10.0.0.12_10.0.0.42\": [1, 3, 4], \"10.0.0.13_10.0.0.43\": [1, 2, 4]}": {"[\"10.0.0.13_10.0.0.43\", [1, 3, 4]]": [2, -216.02710716213647, []], "[\"10.0.0.12_10.0.0.42\", [1, 2, 4]]": [1, -213.52559327638625, []], "[\"10.0.0.11_10.0.0.41\", [1, 2, 4]]": [2, -219.28614868293442, []], "[\"NoTrans\", []]": [2, -229.208152488238, []]}, "{\"10.0.0.11_10.0.0.41\": [1, 2, 4], \"10.0.0.12_10.0.0.42\": [1, 3, 4], \"10.0.0.13_10.0.0.43\": [1, 2, 4]}": {"[\"10.0.0.13_10.0.0.43\", [1, 3, 4]]": [2, -196.22401270916495, []], "[\"10.0.0.12_10.0.0.42\", [1, 2, 4]]": [1, -223.6149720185311, []], "[\"10.0.0.11_10.0.0.41\", [1, 3, 4]]": [1, -187.13022798377378, []], "[\"NoTrans\", []]": [1, -206.21811676755524, []]}, "{\"10.0.0.11_10.0.0.41\": [1, 3, 4], \"10.0.0.12_10.0.0.42\": [1, 2, 4], \"10.0.0.13_10.0.0.43\": [1, 2, 4]}": {"[\"10.0.0.13_10.0.0.43\", [1, 3, 4]]": [98, -236.86988506264692, []], "[\"10.0.0.12_10.0.0.42\", [1, 3, 4]]": [3, -240.60529349483775, []], "[\"10.0.0.11_10.0.0.41\", [1, 2, 4]]": [1, -220.25550613403323, []], "[\"NoTrans\", []]": [171, -213.058319571456, []]}, "{\"10.0.0.11_10.0.0.41\": [1, 2, 4], \"10.0.0.12_10.0.0.42\": [1, 2, 4], \"10.0.0.13_10.0.0.43\": [1, 2, 4]}": {"[\"10.0.0.13_10.0.0.43\", [1, 3, 4]]": [1, -206.974581041931, []], "[\"10.0.0.12_10.0.0.42\", [1, 3, 4]]": [1, -206.25317722526728, []], "[\"10.0.0.11_10.0.0.41\", [1, 3, 4]]": [2, -238.21968583698782, []], "[\"NoTrans\", []]": [1, -221.668660736084, []]}}