{"{\"10.0.0.11_10.0.0.41\": [1, 3, 4], \"10.0.0.12_10.0.0.42\": [1, 3, 4], \"10.0.0.13_10.0.0.43\": [1, 3, 4]}": {"[\"10.0.0.12_10.0.0.42\", [1, 2, 4]]": [12, -250.97807141478506, []], "[\"10.0.0.13_10.0.0.43\", [1, 2, 4]]": [3, -358.28226827980484, []], "[\"10.0.0.11_10.0.0.41\", [1, 2, 4]]": [48, -143.6452622420114, []], "[\"NoTrans\", []]": [2, -221.39196353808381, []]}, "{\"10.0.0.11_10.0.0.41\": [1, 2, 4], \"10.0.0.12_10.0.0.42\": [1, 3, 4], \"10.0.0.13_10.0.0.43\": [1, 3, 4]}": {"[\"10.0.0.12_10.0.0.42\", [1, 2, 4]]": [25, -252.609886414753, []], "[\"10.0.0.13_10.0.0.43\", [1, 2, 4]]": [20, -247.27345639144718, []], "[\"10.0.0.11_10.0.0.41\", [1, 3, 4]]": [50, -213.95604813720723, []], "[\"NoTrans\", []]": [298, -119.42029221618421, []]}, "{\"10.0.0.11_10.0.0.41\": [1, 3, 4], \"10.0.0.12_10.0.0.42\": [1, 3, 4], \"10.0.0.13_10.0.0.43\": [1, 2, 4]}": {"[\"10.0.0.12_10.0.0.42\", [1, 2, 4]]": [9, -335.0274152264234, []], "[\"10.0.0.13_10.0.0.43\", [1, 3, 4]]": [0, -Infinity, []], "[\"10.0.0.11_10.0.0.41\", [1, 2, 4]]": [0, -Infinity, []], "[\"NoTrans\", []]": [0, -Infinity, []]}, "{\"10.0.0.11_10.0.0.41\": [1, 2, 4], \"10.0.0.12_10.0.0.42\": [1, 3, 4], \"10.0.0.13_10.0.0.43\": [1, 2, 4]}": {"[\"10.0.0.12_10.0.0.42\", [1, 2, 4]]": [9, -347.9692342327971, []], "[\"10.0.0.13_10.0.0.43\", [1, 3, 4]]": [22, -159.17620531650348, []], "[\"10.0.0.11_10.0.0.41\", [1, 3, 4]]": [1, -283.59176179789984, []], "[\"NoTrans\", []]": [7, -278.176515949263, []]}, "{\"10.0.0.11_10.0.0.41\": [1, 3, 4], \"10.0.0.12_10.0.0.42\": [1, 2, 4], \"10.0.0.13_10.0.0.43\": [1, 3, 4]}": {"[\"10.0.0.12_10.0.0.42\", [1, 3, 4]]": [13, -220.3233178186016, []], "[\"10.0.0.13_10.0.0.43\", [1, 2, 4]]": [6, -347.7035493353705, []], "[\"10.0.0.11_10.0.0.41\", [1, 2, 4]]": [4, -304.9489502671835, []], "[\"NoTrans\", []]": [9, -334.926029995129, []]}, "{\"10.0.0.11_10.0.0.41\": [1, 2, 4], \"10.0.0.12_10.0.0.42\": [1, 2, 4], \"10.0.0.13_10.0.0.43\": [1, 3, 4]}": {"[\"10.0.0.12_10.0.0.42\", [1, 3, 4]]": [26, -188.12975914278795, []], "[\"10.0.0.13_10.0.0.43\", [1, 2, 4]]": [7, -350.4523406240415, []], "[\"10.0.0.11_10.0.0.41\", [1, 3, 4]]": [2, -265.0296485677463, []], "[\"NoTrans\", []]": [4, -265.6020968286947, []]}, "{\"10.0.0.11_10.0.0.41\": [1, 3, 4], \"10.0.0.12_10.0.0.42\": [1, 2, 4], \"10.0.0.13_10.0.0.43\": [1, 2, 4]}": {"[\"10.0.0.12_10.0.0.42\", [1, 3, 4]]": [4, -304.79098741187835, []], "[\"10.0.0.13_10.0.0.43\", [1, 3, 4]]": [9, -269.5294056937691, []], "[\"10.0.0.11_10.0.0.41\", [1, 2, 4]]": [2, -329.48373146351867, []], "[\"NoTrans\", []]": [5, -310.10904394783995, []]}, "{\"10.0.0.11_10.0.0.41\": [1, 2, 4], \"10.0.0.12_10.0.0.42\": [1, 2, 4], \"10.0.0.13_10.0.0.43\": [1, 2, 4]}": {"[\"10.0.0.12_10.0.0.42\", [1, 3, 4]]": [12, -328.3735144300997, []], "[\"10.0.0.13_10.0.0.43\", [1, 3, 4]]": [6, -267.84342122619944, []], "[\"10.0.0.11_10.0.0.41\", [1, 3, 4]]": [0, -Infinity, []], "[\"NoTrans\", []]": [0, -Infinity, []]}}