{"{\"10.0.0.11_10.0.0.41\": [1, 3, 4], \"10.0.0.12_10.0.0.42\": [1, 3, 4], \"10.0.0.13_10.0.0.43\": [1, 3, 4]}": {"[\"10.0.0.12_10.0.0.42\", [1, 2, 4]]": [15, -252.98803218051853, []], "[\"10.0.0.13_10.0.0.43\", [1, 2, 4]]": [7, -378.76060500665676, []], "[\"10.0.0.11_10.0.0.41\", [1, 2, 4]]": [57, -116.02018345206525, []], "[\"NoTrans\", []]": [6, -326.1582105521246, []]}, "{\"10.0.0.11_10.0.0.41\": [1, 2, 4], \"10.0.0.12_10.0.0.42\": [1, 3, 4], \"10.0.0.13_10.0.0.43\": [1, 3, 4]}": {"[\"10.0.0.12_10.0.0.42\", [1, 2, 4]]": [29, -254.38811295676524, []], "[\"10.0.0.13_10.0.0.43\", [1, 2, 4]]": [22, -266.75741668466003, []], "[\"10.0.0.11_10.0.0.41\", [1, 3, 4]]": [47, -189.09823773497635, []], "[\"NoTrans\", []]": [185, -113.85265005624716, []]}, "{\"10.0.0.11_10.0.0.41\": [1, 3, 4], \"10.0.0.12_10.0.0.42\": [1, 3, 4], \"10.0.0.13_10.0.0.43\": [1, 2, 4]}": {"[\"10.0.0.12_10.0.0.42\", [1, 2, 4]]": [20, -340.9351364130167, []], "[\"10.0.0.13_10.0.0.43\", [1, 3, 4]]": [0, -Infinity, []], "[\"10.0.0.11_10.0.0.41\", [1, 2, 4]]": [4, -420.4347478840106, []], "[\"NoTrans\", []]": [10, -384.2300652802809, []]}, "{\"10.0.0.11_10.0.0.41\": [1, 2, 4], \"10.0.0.12_10.0.0.42\": [1, 3, 4], \"10.0.0.13_10.0.0.43\": [1, 2, 4]}": {"[\"10.0.0.12_10.0.0.42\", [1, 2, 4]]": [11, -392.19356258193096, []], "[\"10.0.0.13_10.0.0.43\", [1, 3, 4]]": [10, -174.20257188754576, []], "[\"10.0.0.11_10.0.0.41\", [1, 3, 4]]": [12, -393.8101126468696, []], "[\"NoTrans\", []]": [10, -335.3142834534706, []]}, "{\"10.0.0.11_10.0.0.41\": [1, 3, 4], \"10.0.0.12_10.0.0.42\": [1, 2, 4], \"10.0.0.13_10.0.0.43\": [1, 3, 4]}": {"[\"10.0.0.12_10.0.0.42\", [1, 3, 4]]": [31, -196.78967908593032, []], "[\"10.0.0.13_10.0.0.43\", [1, 2, 4]]": [6, -327.201597023709, []], "[\"10.0.0.11_10.0.0.41\", [1, 2, 4]]": [2, -364.2388980559912, []], "[\"NoTrans\", []]": [8, -338.6215770870194, []]}, "{\"10.0.0.11_10.0.0.41\": [1, 2, 4], \"10.0.0.12_10.0.0.42\": [1, 2, 4], \"10.0.0.13_10.0.0.43\": [1, 3, 4]}": {"[\"10.0.0.12_10.0.0.42\", [1, 3, 4]]": [32, -202.84612099790274, []], "[\"10.0.0.13_10.0.0.43\", [1, 2, 4]]": [3, -384.0898273776084, []], "[\"10.0.0.11_10.0.0.41\", [1, 3, 4]]": [1, -270.67111998275476, []], "[\"NoTrans\", []]": [6, -286.89707934357864, []]}, "{\"10.0.0.11_10.0.0.41\": [1, 3, 4], \"10.0.0.12_10.0.0.42\": [1, 2, 4], \"10.0.0.13_10.0.0.43\": [1, 2, 4]}": {"[\"10.0.0.12_10.0.0.42\", [1, 3, 4]]": [5, -378.0578140681509, []], "[\"10.0.0.13_10.0.0.43\", [1, 3, 4]]": [23, -261.6757174160341, []], "[\"10.0.0.11_10.0.0.41\", [1, 2, 4]]": [1, -341.42050085869903, []], "[\"NoTrans\", []]": [3, -346.0619481564796, []]}, "{\"10.0.0.11_10.0.0.41\": [1, 2, 4], \"10.0.0.12_10.0.0.42\": [1, 2, 4], \"10.0.0.13_10.0.0.43\": [1, 2, 4]}": {"[\"10.0.0.12_10.0.0.42\", [1, 3, 4]]": [7, -494.13333214194716, []], "[\"10.0.0.13_10.0.0.43\", [1, 3, 4]]": [5, -375.536153651598, []], "[\"10.0.0.11_10.0.0.41\", [1, 3, 4]]": [3, -320.30224354733843, []], "[\"NoTrans\", []]": [2, -376.4942644950676, []]}}