{"{\"10.0.0.11_10.0.0.41\": [1, 3, 4], \"10.0.0.12_10.0.0.42\": [1, 3, 4], \"10.0.0.13_10.0.0.43\": [1, 3, 4]}": {"[\"10.0.0.13_10.0.0.43\", [1, 2, 4]]": [2, -166.28598144214033, []], "[\"10.0.0.12_10.0.0.42\", [1, 2, 4]]": [2, -205.3361662436325, []], "[\"10.0.0.11_10.0.0.41\", [1, 2, 4]]": [4, -151.4779751126294, []], "[\"NoTrans\", []]": [2, -202.41129251652896, []]}, "{\"10.0.0.11_10.0.0.41\": [1, 2, 4], \"10.0.0.12_10.0.0.42\": [1, 3, 4], \"10.0.0.13_10.0.0.43\": [1, 3, 4]}": {"[\"10.0.0.13_10.0.0.43\", [1, 2, 4]]": [3, -212.67257149377485, []], "[\"10.0.0.12_10.0.0.42\", [1, 2, 4]]": [2, -216.059829861077, []], "[\"10.0.0.11_10.0.0.41\", [1, 3, 4]]": [3, -209.92866294315328, []], "[\"NoTrans\", []]": [809, -114.60125727237379, []]}, "{\"10.0.0.11_10.0.0.41\": [1, 3, 4], \"10.0.0.12_10.0.0.42\": [1, 2, 4], \"10.0.0.13_10.0.0.43\": [1, 3, 4]}": {"[\"10.0.0.13_10.0.0.43\", [1, 2, 4]]": [2, -192.63576211894434, []], "[\"10.0.0.12_10.0.0.42\", [1, 3, 4]]": [2, -189.64205376864342, []], "[\"10.0.0.11_10.0.0.41\", [1, 2, 4]]": [2, -216.46847883832166, []], "[\"NoTrans\", []]": [2, -192.97545932455756, []]}, "{\"10.0.0.11_10.0.0.41\": [1, 2, 4], \"10.0.0.12_10.0.0.42\": [1, 2, 4], \"10.0.0.13_10.0.0.43\": [1, 3, 4]}": {"[\"10.0.0.13_10.0.0.43\", [1, 2, 4]]": [2, -220.57883519229958, []], "[\"10.0.0.12_10.0.0.42\", [1, 3, 4]]": [2, -166.50376147930012, []], "[\"10.0.0.11_10.0.0.41\", [1, 3, 4]]": [2, -193.098030450534, []], "[\"NoTrans\", []]": [1, -169.86427639571934, []]}, "{\"10.0.0.11_10.0.0.41\": [1, 3, 4], \"10.0.0.12_10.0.0.42\": [1, 3, 4], \"10.0.0.13_10.0.0.43\": [1, 2, 4]}": {"[\"10.0.0.13_10.0.0.43\", [1, 3, 4]]": [3, -207.9722895258063, []], "[\"10.0.0.12_10.0.0.42\", [1, 2, 4]]": [3, -215.1329004110126, []], "[\"10.0.0.11_10.0.0.41\", [1, 2, 4]]": [2, -188.94325820178352, []], "[\"NoTrans\", []]": [3, -203.49695526211326, []]}, "{\"10.0.0.11_10.0.0.41\": [1, 2, 4], \"10.0.0.12_10.0.0.42\": [1, 3, 4], \"10.0.0.13_10.0.0.43\": [1, 2, 4]}": {"[\"10.0.0.13_10.0.0.43\", [1, 3, 4]]": [3, -170.76244332339374, []], "[\"10.0.0.12_10.0.0.42\", [1, 2, 4]]": [2, -187.50972086109184, []], "[\"10.0.0.11_10.0.0.41\", [1, 3, 4]]": [3, -193.35436326752125, []], "[\"NoTrans\", []]": [2, -187.26809513463246, []]}, "{\"10.0.0.11_10.0.0.41\": [1, 3, 4], \"10.0.0.12_10.0.0.42\": [1, 2, 4], \"10.0.0.13_10.0.0.43\": [1, 2, 4]}": {"[\"10.0.0.13_10.0.0.43\", [1, 3, 4]]": [2, -162.07432352546357, []], "[\"10.0.0.12_10.0.0.42\", [1, 3, 4]]": [3, -203.46045680381067, []], "[\"10.0.0.11_10.0.0.41\", [1, 2, 4]]": [2, -187.88467730645792, []], "[\"NoTrans\", []]": [2, -192.05349132087917, []]}, "{\"10.0.0.11_10.0.0.41\": [1, 2, 4], \"10.0.0.12_10.0.0.42\": [1, 2, 4], \"10.0.0.13_10.0.0.43\": [1, 2, 4]}": {"[\"10.0.0.13_10.0.0.43\", [1, 3, 4]]": [2, -186.75854872696573, []], "[\"10.0.0.12_10.0.0.42\", [1, 3, 4]]": [3, -203.92956841397373, []], "[\"10.0.0.11_10.0.0.41\", [1, 3, 4]]": [2, -142.44868755501352, []], "[\"NoTrans\", []]": [1, -154.64331393987698, []]}}