{"{\"10.0.0.11_10.0.0.41\": [1, 3, 4], \"10.0.0.12_10.0.0.42\": [1, 3, 4], \"10.0.0.13_10.0.0.43\": [1, 3, 4]}": {"[\"10.0.0.11_10.0.0.41\", [1, 2, 4]]": [4, -158.07774548776217, []], "[\"10.0.0.13_10.0.0.43\", [1, 2, 4]]": [2, -174.16446603325966, []], "[\"10.0.0.12_10.0.0.42\", [1, 2, 4]]": [2, -184.64341260012074, []], "[\"NoTrans\", []]": [2, -186.01110901139842, []]}, "{\"10.0.0.11_10.0.0.41\": [1, 3, 4], \"10.0.0.12_10.0.0.42\": [1, 2, 4], \"10.0.0.13_10.0.0.43\": [1, 3, 4]}": {"[\"10.0.0.11_10.0.0.41\", [1, 2, 4]]": [3, -230.06120744503193, []], "[\"10.0.0.13_10.0.0.43\", [1, 2, 4]]": [2, -221.39494917806567, []], "[\"10.0.0.12_10.0.0.42\", [1, 3, 4]]": [2, -182.6017996241914, []], "[\"NoTrans\", []]": [2, -184.196424143025, []]}, "{\"10.0.0.11_10.0.0.41\": [1, 3, 4], \"10.0.0.12_10.0.0.42\": [1, 3, 4], \"10.0.0.13_10.0.0.43\": [1, 2, 4]}": {"[\"10.0.0.11_10.0.0.41\", [1, 2, 4]]": [2, -161.4208868957831, []], "[\"10.0.0.13_10.0.0.43\", [1, 3, 4]]": [2, -162.88259572459822, []], "[\"10.0.0.12_10.0.0.42\", [1, 2, 4]]": [2, -209.98281079852126, []], "[\"NoTrans\", []]": [2, -175.87350930104375, []]}, "{\"10.0.0.11_10.0.0.41\": [1, 3, 4], \"10.0.0.12_10.0.0.42\": [1, 2, 4], \"10.0.0.13_10.0.0.43\": [1, 2, 4]}": {"[\"10.0.0.11_10.0.0.41\", [1, 2, 4]]": [2, -213.50371473993323, []], "[\"10.0.0.13_10.0.0.43\", [1, 3, 4]]": [2, -177.5449578890745, []], "[\"10.0.0.12_10.0.0.42\", [1, 3, 4]]": [2, -157.27408688330644, []], "[\"NoTrans\", []]": [1, -169.1581322853469, []]}, "{\"10.0.0.11_10.0.0.41\": [1, 2, 4], \"10.0.0.12_10.0.0.42\": [1, 3, 4], \"10.0.0.13_10.0.0.43\": [1, 3, 4]}": {"[\"10.0.0.11_10.0.0.41\", [1, 3, 4]]": [4, -194.50391021364686, []], "[\"10.0.0.13_10.0.0.43\", [1, 2, 4]]": [3, -203.18025623387462, []], "[\"10.0.0.12_10.0.0.42\", [1, 2, 4]]": [4, -220.95826317709688, []], "[\"NoTrans\", []]": [603, -117.78738646826932, []]}, "{\"10.0.0.11_10.0.0.41\": [1, 2, 4], \"10.0.0.12_10.0.0.42\": [1, 2, 4], \"10.0.0.13_10.0.0.43\": [1, 3, 4]}": {"[\"10.0.0.11_10.0.0.41\", [1, 3, 4]]": [3, -202.0917262418867, []], "[\"10.0.0.13_10.0.0.43\", [1, 2, 4]]": [2, -180.48790259911578, []], "[\"10.0.0.12_10.0.0.42\", [1, 3, 4]]": [4, -192.6490346426913, []], "[\"NoTrans\", []]": [2, -186.05571071530414, []]}, "{\"10.0.0.11_10.0.0.41\": [1, 2, 4], \"10.0.0.12_10.0.0.42\": [1, 3, 4], \"10.0.0.13_10.0.0.43\": [1, 2, 4]}": {"[\"10.0.0.11_10.0.0.41\", [1, 3, 4]]": [2, -164.26784082490883, []], "[\"10.0.0.13_10.0.0.43\", [1, 3, 4]]": [3, -180.4611698261987, []], "[\"10.0.0.12_10.0.0.42\", [1, 2, 4]]": [1, -159.33456702782675, []], "[\"NoTrans\", []]": [2, -201.33795733854123, []]}, "{\"10.0.0.11_10.0.0.41\": [1, 2, 4], \"10.0.0.12_10.0.0.42\": [1, 2, 4], \"10.0.0.13_10.0.0.43\": [1, 2, 4]}": {"[\"10.0.0.11_10.0.0.41\", [1, 3, 4]]": [2, -197.4242753838218, []], "[\"10.0.0.13_10.0.0.43\", [1, 3, 4]]": [2, -187.71557428726766, []], "[\"10.0.0.12_10.0.0.42\", [1, 3, 4]]": [1, -138.42368801040286, []], "[\"NoTrans\", []]": [1, -158.5320500905709, []]}}