{"{\"10.0.0.11_10.0.0.41\": [1, 3, 4], \"10.0.0.12_10.0.0.42\": [1, 3, 4], \"10.0.0.13_10.0.0.43\": [1, 3, 4]}": {"[\"10.0.0.13_10.0.0.43\", [1, 2, 4]]": [10, -384.9056657219701, []], "[\"10.0.0.12_10.0.0.42\", [1, 2, 4]]": [21, -289.1692211143178, []], "[\"10.0.0.11_10.0.0.41\", [1, 2, 4]]": [0, -Infinity, []], "[\"NoTrans\", []]": [0, -Infinity, []]}, "{\"10.0.0.11_10.0.0.41\": [1, 2, 4], \"10.0.0.12_10.0.0.42\": [1, 3, 4], \"10.0.0.13_10.0.0.43\": [1, 3, 4]}": {"[\"10.0.0.13_10.0.0.43\", [1, 2, 4]]": [19, -246.9048534268298, []], "[\"10.0.0.12_10.0.0.42\", [1, 2, 4]]": [23, -270.29400838833516, []], "[\"10.0.0.11_10.0.0.41\", [1, 3, 4]]": [18, -333.0733322206041, []], "[\"NoTrans\", []]": [508, -147.6454625603807, []]}, "{\"10.0.0.11_10.0.0.41\": [1, 3, 4], \"10.0.0.12_10.0.0.42\": [1, 2, 4], \"10.0.0.13_10.0.0.43\": [1, 3, 4]}": {"[\"10.0.0.13_10.0.0.43\", [1, 2, 4]]": [2, -331.43792758640313, []], "[\"10.0.0.12_10.0.0.42\", [1, 3, 4]]": [4, -333.1510024112069, []], "[\"10.0.0.11_10.0.0.41\", [1, 2, 4]]": [29, -252.38920635919123, []], "[\"NoTrans\", []]": [16, -307.68458559777866, []]}, "{\"10.0.0.11_10.0.0.41\": [1, 2, 4], \"10.0.0.12_10.0.0.42\": [1, 2, 4], \"10.0.0.13_10.0.0.43\": [1, 3, 4]}": {"[\"10.0.0.13_10.0.0.43\", [1, 2, 4]]": [16, -381.5732504648832, []], "[\"10.0.0.12_10.0.0.42\", [1, 3, 4]]": [40, -195.4434255721828, []], "[\"10.0.0.11_10.0.0.41\", [1, 3, 4]]": [1, -236.10036733309437, []], "[\"NoTrans\", []]": [5, -269.87822161185466, []]}, "{\"10.0.0.11_10.0.0.41\": [1, 3, 4], \"10.0.0.12_10.0.0.42\": [1, 3, 4], \"10.0.0.13_10.0.0.43\": [1, 2, 4]}": {"[\"10.0.0.13_10.0.0.43\", [1, 3, 4]]": [9, -387.28089785674075, []], "[\"10.0.0.12_10.0.0.42\", [1, 2, 4]]": [5, -339.00021355213846, []], "[\"10.0.0.11_10.0.0.41\", [1, 2, 4]]": [0, -Infinity, []], "[\"NoTrans\", []]": [0, -Infinity, []]}, "{\"10.0.0.11_10.0.0.41\": [1, 2, 4], \"10.0.0.12_10.0.0.42\": [1, 3, 4], \"10.0.0.13_10.0.0.43\": [1, 2, 4]}": {"[\"10.0.0.13_10.0.0.43\", [1, 3, 4]]": [21, -172.3468395408773, []], "[\"10.0.0.12_10.0.0.42\", [1, 2, 4]]": [0, -Infinity, []], "[\"10.0.0.11_10.0.0.41\", [1, 3, 4]]": [4, -334.4954862895079, []], "[\"NoTrans\", []]": [1, -209.8195084033, []]}, "{\"10.0.0.11_10.0.0.41\": [1, 3, 4], \"10.0.0.12_10.0.0.42\": [1, 2, 4], \"10.0.0.13_10.0.0.43\": [1, 2, 4]}": {"[\"10.0.0.13_10.0.0.43\", [1, 3, 4]]": [13, -284.49416004457777, []], "[\"10.0.0.12_10.0.0.42\", [1, 3, 4]]": [0, -Infinity, []], "[\"10.0.0.11_10.0.0.41\", [1, 2, 4]]": [1, -310.77693395517485, []], "[\"NoTrans\", []]": [6, -342.41597560280263, []]}, "{\"10.0.0.11_10.0.0.41\": [1, 2, 4], \"10.0.0.12_10.0.0.42\": [1, 2, 4], \"10.0.0.13_10.0.0.43\": [1, 2, 4]}": {"[\"10.0.0.13_10.0.0.43\", [1, 3, 4]]": [4, -387.7299585128212, []], "[\"10.0.0.12_10.0.0.42\", [1, 3, 4]]": [6, -336.90877314169364, []], "[\"10.0.0.11_10.0.0.41\", [1, 3, 4]]": [7, -328.43076486978237, []], "[\"NoTrans\", []]": [4, -344.79410425913846, []]}}