{"{\"10.0.0.11_10.0.0.41\": [1, 3, 4], \"10.0.0.12_10.0.0.42\": [1, 3, 4], \"10.0.0.13_10.0.0.43\": [1, 3, 4]}": {"[\"10.0.0.13_10.0.0.43\", [1, 2, 4]]": [1, -186.56957733085756, []], "[\"10.0.0.12_10.0.0.42\", [1, 2, 4]]": [1, -186.7480932291291, []], "[\"10.0.0.11_10.0.0.41\", [1, 2, 4]]": [2, -146.3158023943299, []], "[\"NoTrans\", []]": [1, -203.4901023864746, []]}, "{\"10.0.0.11_10.0.0.41\": [1, 2, 4], \"10.0.0.12_10.0.0.42\": [1, 3, 4], \"10.0.0.13_10.0.0.43\": [1, 3, 4]}": {"[\"10.0.0.13_10.0.0.43\", [1, 2, 4]]": [1, -206.0242187538541, []], "[\"10.0.0.12_10.0.0.42\", [1, 2, 4]]": [1, -203.26362542460143, []], "[\"10.0.0.11_10.0.0.41\", [1, 3, 4]]": [1, -200.0441909790039, []], "[\"NoTrans\", []]": [654, -134.0730022294717, []]}, "{\"10.0.0.11_10.0.0.41\": [1, 3, 4], \"10.0.0.12_10.0.0.42\": [1, 2, 4], \"10.0.0.13_10.0.0.43\": [1, 3, 4]}": {"[\"10.0.0.13_10.0.0.43\", [1, 2, 4]]": [1, -203.8144384347749, []], "[\"10.0.0.12_10.0.0.42\", [1, 3, 4]]": [1, -206.48935823778652, []], "[\"10.0.0.11_10.0.0.41\", [1, 2, 4]]": [1, -207.70041231125293, []], "[\"NoTrans\", []]": [1, -186.87856792303722, []]}, "{\"10.0.0.11_10.0.0.41\": [1, 2, 4], \"10.0.0.12_10.0.0.42\": [1, 2, 4], \"10.0.0.13_10.0.0.43\": [1, 3, 4]}": {"[\"10.0.0.13_10.0.0.43\", [1, 2, 4]]": [1, -223.4534622192383, []], "[\"10.0.0.12_10.0.0.42\", [1, 3, 4]]": [1, -176.38441245276022, []], "[\"10.0.0.11_10.0.0.41\", [1, 3, 4]]": [1, -187.5069109285098, []], "[\"NoTrans\", []]": [0, -140, []]}, "{\"10.0.0.11_10.0.0.41\": [1, 3, 4], \"10.0.0.12_10.0.0.42\": [1, 3, 4], \"10.0.0.13_10.0.0.43\": [1, 2, 4]}": {"[\"10.0.0.13_10.0.0.43\", [1, 3, 4]]": [2, -213.47516738891602, []], "[\"10.0.0.12_10.0.0.42\", [1, 2, 4]]": [2, -214.0252052997706, []], "[\"10.0.0.11_10.0.0.41\", [1, 2, 4]]": [1, -203.9934713586869, []], "[\"NoTrans\", []]": [2, -225.1081279239803, []]}, "{\"10.0.0.11_10.0.0.41\": [1, 2, 4], \"10.0.0.12_10.0.0.42\": [1, 3, 4], \"10.0.0.13_10.0.0.43\": [1, 2, 4]}": {"[\"10.0.0.13_10.0.0.43\", [1, 3, 4]]": [1, -147.63241180260584, []], "[\"10.0.0.12_10.0.0.42\", [1, 2, 4]]": [1, -226.16237411499026, []], "[\"10.0.0.11_10.0.0.41\", [1, 3, 4]]": [1, -188.227396720238, []], "[\"NoTrans\", []]": [1, -163.9529700394056, []]}, "{\"10.0.0.11_10.0.0.41\": [1, 3, 4], \"10.0.0.12_10.0.0.42\": [1, 2, 4], \"10.0.0.13_10.0.0.43\": [1, 2, 4]}": {"[\"10.0.0.13_10.0.0.43\", [1, 3, 4]]": [1, -188.52236415974397, []], "[\"10.0.0.12_10.0.0.42\", [1, 3, 4]]": [2, -220.3719793709852, []], "[\"10.0.0.11_10.0.0.41\", [1, 2, 4]]": [1, -207.09219572941143, []], "[\"NoTrans\", []]": [1, -208.21449893381714, []]}, "{\"10.0.0.11_10.0.0.41\": [1, 2, 4], \"10.0.0.12_10.0.0.42\": [1, 2, 4], \"10.0.0.13_10.0.0.43\": [1, 2, 4]}": {"[\"10.0.0.13_10.0.0.43\", [1, 3, 4]]": [1, -204.363721210174, []], "[\"10.0.0.12_10.0.0.42\", [1, 3, 4]]": [1, -175.43490285329668, []], "[\"10.0.0.11_10.0.0.41\", [1, 3, 4]]": [1, -203.89397842354538, []], "[\"NoTrans\", []]": [1, -208.1703607350364, []]}}