{"{\"10.0.0.11_10.0.0.41\": [1, 3, 4], \"10.0.0.12_10.0.0.42\": [1, 3, 4], \"10.0.0.13_10.0.0.43\": [1, 3, 4]}": {"[\"10.0.0.11_10.0.0.41\", [1, 2, 4]]": [20, -152.22926813426875, []], "[\"10.0.0.12_10.0.0.42\", [1, 2, 4]]": [17, -277.1554821984125, []], "[\"10.0.0.13_10.0.0.43\", [1, 2, 4]]": [19, -272.7690900600141, []], "[\"NoTrans\", []]": [19, -236.20240367530886, []]}, "{\"10.0.0.11_10.0.0.41\": [1, 3, 4], \"10.0.0.12_10.0.0.42\": [1, 3, 4], \"10.0.0.13_10.0.0.43\": [1, 2, 4]}": {"[\"10.0.0.11_10.0.0.41\", [1, 2, 4]]": [16, -271.3311626790686, []], "[\"10.0.0.12_10.0.0.42\", [1, 2, 4]]": [17, -328.7203234559141, []], "[\"10.0.0.13_10.0.0.43\", [1, 3, 4]]": [16, -237.75449389099637, []], "[\"NoTrans\", []]": [24, -280.8162293335427, []]}, "{\"10.0.0.11_10.0.0.41\": [1, 3, 4], \"10.0.0.12_10.0.0.42\": [1, 2, 4], \"10.0.0.13_10.0.0.43\": [1, 3, 4]}": {"[\"10.0.0.11_10.0.0.41\", [1, 2, 4]]": [8, -292.4703914721286, []], "[\"10.0.0.12_10.0.0.42\", [1, 3, 4]]": [19, -243.3705895742439, []], "[\"10.0.0.13_10.0.0.43\", [1, 2, 4]]": [13, -327.8548351958761, []], "[\"NoTrans\", []]": [11, -272.1457067490366, []]}, "{\"10.0.0.11_10.0.0.41\": [1, 3, 4], \"10.0.0.12_10.0.0.42\": [1, 2, 4], \"10.0.0.13_10.0.0.43\": [1, 2, 4]}": {"[\"10.0.0.11_10.0.0.41\", [1, 2, 4]]": [6, -333.11687587459335, []], "[\"10.0.0.12_10.0.0.42\", [1, 3, 4]]": [19, -271.1807037791242, []], "[\"10.0.0.13_10.0.0.43\", [1, 3, 4]]": [14, -285.4976218065966, []], "[\"NoTrans\", []]": [11, -324.4143771656305, []]}, "{\"10.0.0.11_10.0.0.41\": [1, 2, 4], \"10.0.0.12_10.0.0.42\": [1, 3, 4], \"10.0.0.13_10.0.0.43\": [1, 3, 4]}": {"[\"10.0.0.11_10.0.0.41\", [1, 3, 4]]": [21, -227.4023825360688, []], "[\"10.0.0.12_10.0.0.42\", [1, 2, 4]]": [19, -262.95910165364876, []], "[\"10.0.0.13_10.0.0.43\", [1, 2, 4]]": [17, -269.9288417787005, []], "[\"NoTrans\", []]": [33, -153.1721138732512, []]}, "{\"10.0.0.11_10.0.0.41\": [1, 2, 4], \"10.0.0.12_10.0.0.42\": [1, 3, 4], \"10.0.0.13_10.0.0.43\": [1, 2, 4]}": {"[\"10.0.0.11_10.0.0.41\", [1, 3, 4]]": [12, -280.0413890478276, []], "[\"10.0.0.12_10.0.0.42\", [1, 2, 4]]": [19, -340.3193045344901, []], "[\"10.0.0.13_10.0.0.43\", [1, 3, 4]]": [17, -210.92442269746942, []], "[\"NoTrans\", []]": [21, -270.1118589842276, []]}, "{\"10.0.0.11_10.0.0.41\": [1, 2, 4], \"10.0.0.12_10.0.0.42\": [1, 2, 4], \"10.0.0.13_10.0.0.43\": [1, 3, 4]}": {"[\"10.0.0.11_10.0.0.41\", [1, 3, 4]]": [9, -286.0513632360157, []], "[\"10.0.0.12_10.0.0.42\", [1, 3, 4]]": [20, -190.1975233417335, []], "[\"10.0.0.13_10.0.0.43\", [1, 2, 4]]": [13, -337.1717109252095, []], "[\"NoTrans\", []]": [12, -255.7458016013605, []]}, "{\"10.0.0.11_10.0.0.41\": [1, 2, 4], \"10.0.0.12_10.0.0.42\": [1, 2, 4], \"10.0.0.13_10.0.0.43\": [1, 2, 4]}": {"[\"10.0.0.11_10.0.0.41\", [1, 3, 4]]": [9, -325.22502838692566, []], "[\"10.0.0.12_10.0.0.42\", [1, 3, 4]]": [15, -271.7237573533209, []], "[\"10.0.0.13_10.0.0.43\", [1, 3, 4]]": [14, -275.19927260251296, []], "[\"NoTrans\", []]": [4, -341.3726548798869, []]}}