{"{\"10.0.0.11_10.0.0.41\": [1, 3, 4], \"10.0.0.12_10.0.0.42\": [1, 3, 4], \"10.0.0.13_10.0.0.43\": [1, 3, 4]}": {"[\"10.0.0.12_10.0.0.42\", [1, 2, 4]]": [1, -213.44563257222845, []], "[\"10.0.0.11_10.0.0.41\", [1, 2, 4]]": [2, -146.1809163894119, []], "[\"10.0.0.13_10.0.0.43\", [1, 2, 4]]": [1, -186.55337697411227, []], "[\"NoTrans\", []]": [1, -201.17019424438476, []]}, "{\"10.0.0.11_10.0.0.41\": [1, 3, 4], \"10.0.0.12_10.0.0.42\": [1, 3, 4], \"10.0.0.13_10.0.0.43\": [1, 2, 4]}": {"[\"10.0.0.12_10.0.0.42\", [1, 2, 4]]": [3, -237.1407074001633, []], "[\"10.0.0.11_10.0.0.41\", [1, 2, 4]]": [0, -140, []], "[\"10.0.0.13_10.0.0.43\", [1, 3, 4]]": [1, -202.43457565307617, []], "[\"NoTrans\", []]": [1, -185.83811883634547, []]}, "{\"10.0.0.11_10.0.0.41\": [1, 2, 4], \"10.0.0.12_10.0.0.42\": [1, 3, 4], \"10.0.0.13_10.0.0.43\": [1, 3, 4]}": {"[\"10.0.0.12_10.0.0.42\", [1, 2, 4]]": [1, -207.02063996314814, []], "[\"10.0.0.11_10.0.0.41\", [1, 3, 4]]": [1, -200.14470825195312, []], "[\"10.0.0.13_10.0.0.43\", [1, 2, 4]]": [1, -168.2181038110036, []], "[\"NoTrans\", []]": [373, -143.16557477678867, []]}, "{\"10.0.0.11_10.0.0.41\": [1, 2, 4], \"10.0.0.12_10.0.0.42\": [1, 3, 4], \"10.0.0.13_10.0.0.43\": [1, 2, 4]}": {"[\"10.0.0.12_10.0.0.42\", [1, 2, 4]]": [1, -223.4865547180176, []], "[\"10.0.0.11_10.0.0.41\", [1, 3, 4]]": [0, -140, []], "[\"10.0.0.13_10.0.0.43\", [1, 3, 4]]": [1, -144.05818109536366, []], "[\"NoTrans\", []]": [1, -168.41097205940108, []]}, "{\"10.0.0.11_10.0.0.41\": [1, 3, 4], \"10.0.0.12_10.0.0.42\": [1, 2, 4], \"10.0.0.13_10.0.0.43\": [1, 3, 4]}": {"[\"10.0.0.12_10.0.0.42\", [1, 3, 4]]": [2, -218.67080661974302, []], "[\"10.0.0.11_10.0.0.41\", [1, 2, 4]]": [1, -205.49769741175447, []], "[\"10.0.0.13_10.0.0.43\", [1, 2, 4]]": [2, -236.87470384127556, []], "[\"NoTrans\", []]": [4, -225.29237000333796, []]}, "{\"10.0.0.11_10.0.0.41\": [1, 3, 4], \"10.0.0.12_10.0.0.42\": [1, 2, 4], \"10.0.0.13_10.0.0.43\": [1, 2, 4]}": {"[\"10.0.0.12_10.0.0.42\", [1, 3, 4]]": [3, -199.02728074963642, []], "[\"10.0.0.11_10.0.0.41\", [1, 2, 4]]": [1, -224.56659088134768, []], "[\"10.0.0.13_10.0.0.43\", [1, 3, 4]]": [3, -193.8370654219383, []], "[\"NoTrans\", []]": [379, -250.694173696164, []]}, "{\"10.0.0.11_10.0.0.41\": [1, 2, 4], \"10.0.0.12_10.0.0.42\": [1, 2, 4], \"10.0.0.13_10.0.0.43\": [1, 3, 4]}": {"[\"10.0.0.12_10.0.0.42\", [1, 3, 4]]": [1, -171.1509299501769, []], "[\"10.0.0.11_10.0.0.41\", [1, 3, 4]]": [1, -186.20120549229904, []], "[\"10.0.0.13_10.0.0.43\", [1, 2, 4]]": [1, -223.28361282348635, []], "[\"NoTrans\", []]": [0, -140, []]}, "{\"10.0.0.11_10.0.0.41\": [1, 2, 4], \"10.0.0.12_10.0.0.42\": [1, 2, 4], \"10.0.0.13_10.0.0.43\": [1, 2, 4]}": {"[\"10.0.0.12_10.0.0.42\", [1, 3, 4]]": [1, -193.1096245543947, []], "[\"10.0.0.11_10.0.0.41\", [1, 3, 4]]": [1, -232.55894461418399, []], "[\"10.0.0.13_10.0.0.43\", [1, 3, 4]]": [1, -203.65048787652273, []], "[\"NoTrans\", []]": [1, -224.29536590576174, []]}}