{"{\"10.0.0.11_10.0.0.41\": [1, 3, 4], \"10.0.0.12_10.0.0.42\": [1, 3, 4], \"10.0.0.13_10.0.0.43\": [1, 3, 4]}": {"[\"10.0.0.13_10.0.0.43\", [1, 2, 4]]": [2, -161.19012195726862, []], "[\"10.0.0.12_10.0.0.42\", [1, 2, 4]]": [2, -137.56314875384447, []], "[\"10.0.0.11_10.0.0.41\", [1, 2, 4]]": [5, -172.53525836224944, []], "[\"NoTrans\", []]": [2, -156.7700368268827, []]}, "{\"10.0.0.11_10.0.0.41\": [1, 2, 4], \"10.0.0.12_10.0.0.42\": [1, 3, 4], \"10.0.0.13_10.0.0.43\": [1, 3, 4]}": {"[\"10.0.0.13_10.0.0.43\", [1, 2, 4]]": [3, -203.59956963149256, []], "[\"10.0.0.12_10.0.0.42\", [1, 2, 4]]": [3, -195.23659811111762, []], "[\"10.0.0.11_10.0.0.41\", [1, 3, 4]]": [4, -193.51757124753547, []], "[\"NoTrans\", []]": [816, -139.40726833585032, []]}, "{\"10.0.0.11_10.0.0.41\": [1, 3, 4], \"10.0.0.12_10.0.0.42\": [1, 2, 4], \"10.0.0.13_10.0.0.43\": [1, 3, 4]}": {"[\"10.0.0.13_10.0.0.43\", [1, 2, 4]]": [2, -180.30932739591083, []], "[\"10.0.0.12_10.0.0.42\", [1, 3, 4]]": [2, -150.02990160509847, []], "[\"10.0.0.11_10.0.0.41\", [1, 2, 4]]": [2, -200.87399110579045, []], "[\"NoTrans\", []]": [2, -170.63747968940407, []]}, "{\"10.0.0.11_10.0.0.41\": [1, 2, 4], \"10.0.0.12_10.0.0.42\": [1, 2, 4], \"10.0.0.13_10.0.0.43\": [1, 3, 4]}": {"[\"10.0.0.13_10.0.0.43\", [1, 2, 4]]": [2, -219.63441639270286, []], "[\"10.0.0.12_10.0.0.42\", [1, 3, 4]]": [3, -179.91365092443948, []], "[\"10.0.0.11_10.0.0.41\", [1, 3, 4]]": [2, -187.48218109887898, []], "[\"NoTrans\", []]": [1, -154.86504286311617, []]}, "{\"10.0.0.11_10.0.0.41\": [1, 3, 4], \"10.0.0.12_10.0.0.42\": [1, 3, 4], \"10.0.0.13_10.0.0.43\": [1, 2, 4]}": {"[\"10.0.0.13_10.0.0.43\", [1, 3, 4]]": [2, -154.16181887671772, []], "[\"10.0.0.12_10.0.0.42\", [1, 2, 4]]": [1, -162.97544680251545, []], "[\"10.0.0.11_10.0.0.41\", [1, 2, 4]]": [1, -150.33598526763078, []], "[\"NoTrans\", []]": [1, -147.941483039068, []]}, "{\"10.0.0.11_10.0.0.41\": [1, 2, 4], \"10.0.0.12_10.0.0.42\": [1, 3, 4], \"10.0.0.13_10.0.0.43\": [1, 2, 4]}": {"[\"10.0.0.13_10.0.0.43\", [1, 3, 4]]": [3, -190.5588348631343, []], "[\"10.0.0.12_10.0.0.42\", [1, 2, 4]]": [1, -197.31181888904072, []], "[\"10.0.0.11_10.0.0.41\", [1, 3, 4]]": [1, -145.68487104136335, []], "[\"NoTrans\", []]": [1, -152.2576966923216, []]}, "{\"10.0.0.11_10.0.0.41\": [1, 3, 4], \"10.0.0.12_10.0.0.42\": [1, 2, 4], \"10.0.0.13_10.0.0.43\": [1, 2, 4]}": {"[\"10.0.0.13_10.0.0.43\", [1, 3, 4]]": [2, -168.99055173951456, []], "[\"10.0.0.12_10.0.0.42\", [1, 3, 4]]": [1, -147.43396307812637, []], "[\"10.0.0.11_10.0.0.41\", [1, 2, 4]]": [1, -193.6947229417751, []], "[\"NoTrans\", []]": [1, -163.53312975969004, []]}, "{\"10.0.0.11_10.0.0.41\": [1, 2, 4], \"10.0.0.12_10.0.0.42\": [1, 2, 4], \"10.0.0.13_10.0.0.43\": [1, 2, 4]}": {"[\"10.0.0.13_10.0.0.43\", [1, 3, 4]]": [2, -181.71478947938695, []], "[\"10.0.0.12_10.0.0.42\", [1, 3, 4]]": [1, -151.62453279429448, []], "[\"10.0.0.11_10.0.0.41\", [1, 3, 4]]": [1, -160.47169551869166, []], "[\"NoTrans\", []]": [1, -200.35175114001729, []]}}