{"{\"10.0.0.11_10.0.0.41\": [1, 3, 4], \"10.0.0.12_10.0.0.42\": [1, 3, 4], \"10.0.0.13_10.0.0.43\": [1, 3, 4]}": {"[\"10.0.0.12_10.0.0.42\", [1, 2, 4]]": [1, -212.0157473192593, []], "[\"10.0.0.11_10.0.0.41\", [1, 2, 4]]": [1, -143.1600791261977, []], "[\"10.0.0.13_10.0.0.43\", [1, 2, 4]]": [1, -198.98635906192462, []], "[\"NoTrans\", []]": [1, -231.62883529663088, []]}, "{\"10.0.0.11_10.0.0.41\": [1, 3, 4], \"10.0.0.12_10.0.0.42\": [1, 3, 4], \"10.0.0.13_10.0.0.43\": [1, 2, 4]}": {"[\"10.0.0.12_10.0.0.42\", [1, 2, 4]]": [1, -163.08937243429878, []], "[\"10.0.0.11_10.0.0.41\", [1, 2, 4]]": [1, -189.13348572477312, []], "[\"10.0.0.13_10.0.0.43\", [1, 3, 4]]": [1, -230.8912635803223, []], "[\"NoTrans\", []]": [1, -143.33749190491218, []]}, "{\"10.0.0.11_10.0.0.41\": [1, 2, 4], \"10.0.0.12_10.0.0.42\": [1, 3, 4], \"10.0.0.13_10.0.0.43\": [1, 3, 4]}": {"[\"10.0.0.12_10.0.0.42\", [1, 2, 4]]": [3, -137.8565526796048, []], "[\"10.0.0.11_10.0.0.41\", [1, 3, 4]]": [1, -232.5742126464844, []], "[\"10.0.0.13_10.0.0.43\", [1, 2, 4]]": [1, -186.14982790422837, []], "[\"NoTrans\", []]": [0, -140, []]}, "{\"10.0.0.11_10.0.0.41\": [1, 2, 4], \"10.0.0.12_10.0.0.42\": [1, 3, 4], \"10.0.0.13_10.0.0.43\": [1, 2, 4]}": {"[\"10.0.0.12_10.0.0.42\", [1, 2, 4]]": [1, -201.7104507446289, []], "[\"10.0.0.11_10.0.0.41\", [1, 3, 4]]": [0, -140, []], "[\"10.0.0.13_10.0.0.43\", [1, 3, 4]]": [2, -140.36302757609198, []], "[\"NoTrans\", []]": [1, -185.8130229263433, []]}, "{\"10.0.0.11_10.0.0.41\": [1, 3, 4], \"10.0.0.12_10.0.0.42\": [1, 2, 4], \"10.0.0.13_10.0.0.43\": [1, 3, 4]}": {"[\"10.0.0.12_10.0.0.42\", [1, 3, 4]]": [1, -230.9133888244629, []], "[\"10.0.0.11_10.0.0.41\", [1, 2, 4]]": [1, -138.51589107992987, []], "[\"10.0.0.13_10.0.0.43\", [1, 2, 4]]": [1, -174.13883176680628, []], "[\"NoTrans\", []]": [0, -140, []]}, "{\"10.0.0.11_10.0.0.41\": [1, 3, 4], \"10.0.0.12_10.0.0.42\": [1, 2, 4], \"10.0.0.13_10.0.0.43\": [1, 2, 4]}": {"[\"10.0.0.12_10.0.0.42\", [1, 3, 4]]": [2, -171.08916191057557, []], "[\"10.0.0.11_10.0.0.41\", [1, 2, 4]]": [1, -200.7761360168457, []], "[\"10.0.0.13_10.0.0.43\", [1, 3, 4]]": [1, -209.25409316650166, []], "[\"NoTrans\", []]": [760, -137.9658814845505, []]}, "{\"10.0.0.11_10.0.0.41\": [1, 2, 4], \"10.0.0.12_10.0.0.42\": [1, 2, 4], \"10.0.0.13_10.0.0.43\": [1, 3, 4]}": {"[\"10.0.0.12_10.0.0.42\", [1, 3, 4]]": [2, -142.36700291162492, []], "[\"10.0.0.11_10.0.0.41\", [1, 3, 4]]": [1, -206.83515855087308, []], "[\"10.0.0.13_10.0.0.43\", [1, 2, 4]]": [1, -199.12022478452272, []], "[\"NoTrans\", []]": [0, -140, []]}, "{\"10.0.0.11_10.0.0.41\": [1, 2, 4], \"10.0.0.12_10.0.0.42\": [1, 2, 4], \"10.0.0.13_10.0.0.43\": [1, 2, 4]}": {"[\"10.0.0.12_10.0.0.42\", [1, 3, 4]]": [1, -186.79040567462462, []], "[\"10.0.0.11_10.0.0.41\", [1, 3, 4]]": [3, -143.28397667155625, []], "[\"10.0.0.13_10.0.0.43\", [1, 3, 4]]": [0, -140, []], "[\"NoTrans\", []]": [1, -200.8758903503418, []]}}