{"{\"10.0.0.11_10.0.0.41\": [1, 3, 4], \"10.0.0.12_10.0.0.42\": [1, 3, 4], \"10.0.0.13_10.0.0.43\": [1, 3, 4]}": {"[\"10.0.0.11_10.0.0.41\", [1, 2, 4]]": [5, -128.78986435521435, []], "[\"10.0.0.13_10.0.0.43\", [1, 2, 4]]": [3, -195.61798381220046, []], "[\"10.0.0.12_10.0.0.42\", [1, 2, 4]]": [3, -170.04551271407286, []], "[\"NoTrans\", []]": [3, -195.3136334142632, []]}, "{\"10.0.0.11_10.0.0.41\": [1, 3, 4], \"10.0.0.12_10.0.0.42\": [1, 2, 4], \"10.0.0.13_10.0.0.43\": [1, 3, 4]}": {"[\"10.0.0.11_10.0.0.41\", [1, 2, 4]]": [3, -212.31210973694922, []], "[\"10.0.0.13_10.0.0.43\", [1, 2, 4]]": [3, -209.67188485428136, []], "[\"10.0.0.12_10.0.0.42\", [1, 3, 4]]": [3, -198.10179558040295, []], "[\"NoTrans\", []]": [3, -169.79333712203663, []]}, "{\"10.0.0.11_10.0.0.41\": [1, 3, 4], \"10.0.0.12_10.0.0.42\": [1, 3, 4], \"10.0.0.13_10.0.0.43\": [1, 2, 4]}": {"[\"10.0.0.11_10.0.0.41\", [1, 2, 4]]": [3, -207.9906210683779, []], "[\"10.0.0.13_10.0.0.43\", [1, 3, 4]]": [3, -192.0514683436619, []], "[\"10.0.0.12_10.0.0.42\", [1, 2, 4]]": [3, -214.3801019950801, []], "[\"NoTrans\", []]": [3, -202.73445213466906, []]}, "{\"10.0.0.11_10.0.0.41\": [1, 3, 4], \"10.0.0.12_10.0.0.42\": [1, 2, 4], \"10.0.0.13_10.0.0.43\": [1, 2, 4]}": {"[\"10.0.0.11_10.0.0.41\", [1, 2, 4]]": [2, -222.10529828802726, []], "[\"10.0.0.13_10.0.0.43\", [1, 3, 4]]": [3, -202.66537682113565, []], "[\"10.0.0.12_10.0.0.42\", [1, 3, 4]]": [3, -185.49111203714415, []], "[\"NoTrans\", []]": [2, -206.81582767612295, []]}, "{\"10.0.0.11_10.0.0.41\": [1, 2, 4], \"10.0.0.12_10.0.0.42\": [1, 3, 4], \"10.0.0.13_10.0.0.43\": [1, 3, 4]}": {"[\"10.0.0.11_10.0.0.41\", [1, 3, 4]]": [4, -189.06421636098574, []], "[\"10.0.0.13_10.0.0.43\", [1, 2, 4]]": [3, -225.91379360389158, []], "[\"10.0.0.12_10.0.0.42\", [1, 2, 4]]": [2, -195.66054012757664, []], "[\"NoTrans\", []]": [586, -116.20517862159919, []]}, "{\"10.0.0.11_10.0.0.41\": [1, 2, 4], \"10.0.0.12_10.0.0.42\": [1, 2, 4], \"10.0.0.13_10.0.0.43\": [1, 3, 4]}": {"[\"10.0.0.11_10.0.0.41\", [1, 3, 4]]": [3, -201.6724319989882, []], "[\"10.0.0.13_10.0.0.43\", [1, 2, 4]]": [1, -199.397530801455, []], "[\"10.0.0.12_10.0.0.42\", [1, 3, 4]]": [2, -153.6569876298833, []], "[\"NoTrans\", []]": [2, -209.7872699622649, []]}, "{\"10.0.0.11_10.0.0.41\": [1, 2, 4], \"10.0.0.12_10.0.0.42\": [1, 3, 4], \"10.0.0.13_10.0.0.43\": [1, 2, 4]}": {"[\"10.0.0.11_10.0.0.41\", [1, 3, 4]]": [3, -219.5893402585352, []], "[\"10.0.0.13_10.0.0.43\", [1, 3, 4]]": [3, -172.1278511069898, []], "[\"10.0.0.12_10.0.0.42\", [1, 2, 4]]": [1, -200.06042981878898, []], "[\"NoTrans\", []]": [2, -220.1422590144242, []]}, "{\"10.0.0.11_10.0.0.41\": [1, 2, 4], \"10.0.0.12_10.0.0.42\": [1, 2, 4], \"10.0.0.13_10.0.0.43\": [1, 2, 4]}": {"[\"10.0.0.11_10.0.0.41\", [1, 3, 4]]": [2, -190.71500797579827, []], "[\"10.0.0.13_10.0.0.43\", [1, 3, 4]]": [1, -161.51702719975498, []], "[\"10.0.0.12_10.0.0.42\", [1, 3, 4]]": [1, -158.49972494486875, []], "[\"NoTrans\", []]": [1, -198.41572309271476, []]}}