{"{\"10.0.0.11_10.0.0.41\": [1, 3, 4], \"10.0.0.12_10.0.0.42\": [1, 3, 4], \"10.0.0.13_10.0.0.43\": [1, 3, 4]}": {"[\"10.0.0.12_10.0.0.42\", [1, 2, 4]]": [16, -261.8420180449756, []], "[\"10.0.0.13_10.0.0.43\", [1, 2, 4]]": [22, -262.77875607251195, []], "[\"10.0.0.11_10.0.0.41\", [1, 2, 4]]": [29, -154.63783982178066, []], "[\"NoTrans\", []]": [33, -222.35790796391265, []]}, "{\"10.0.0.11_10.0.0.41\": [1, 2, 4], \"10.0.0.12_10.0.0.42\": [1, 3, 4], \"10.0.0.13_10.0.0.43\": [1, 3, 4]}": {"[\"10.0.0.12_10.0.0.42\", [1, 2, 4]]": [20, -262.81569015507404, []], "[\"10.0.0.13_10.0.0.43\", [1, 2, 4]]": [23, -249.97808572154986, []], "[\"10.0.0.11_10.0.0.41\", [1, 3, 4]]": [25, -222.28110949374317, []], "[\"NoTrans\", []]": [28, -147.347539761634, []]}, "{\"10.0.0.11_10.0.0.41\": [1, 3, 4], \"10.0.0.12_10.0.0.42\": [1, 3, 4], \"10.0.0.13_10.0.0.43\": [1, 2, 4]}": {"[\"10.0.0.12_10.0.0.42\", [1, 2, 4]]": [11, -309.5556860602312, []], "[\"10.0.0.13_10.0.0.43\", [1, 3, 4]]": [24, -221.82894651084655, []], "[\"10.0.0.11_10.0.0.41\", [1, 2, 4]]": [15, -261.3455079780786, []], "[\"NoTrans\", []]": [17, -263.89611961240803, []]}, "{\"10.0.0.11_10.0.0.41\": [1, 2, 4], \"10.0.0.12_10.0.0.42\": [1, 3, 4], \"10.0.0.13_10.0.0.43\": [1, 2, 4]}": {"[\"10.0.0.12_10.0.0.42\", [1, 2, 4]]": [19, -337.2757653226967, []], "[\"10.0.0.13_10.0.0.43\", [1, 3, 4]]": [27, -193.3374491181458, []], "[\"10.0.0.11_10.0.0.41\", [1, 3, 4]]": [15, -254.60249537112475, []], "[\"NoTrans\", []]": [18, -258.72753767298457, []]}, "{\"10.0.0.11_10.0.0.41\": [1, 3, 4], \"10.0.0.12_10.0.0.42\": [1, 2, 4], \"10.0.0.13_10.0.0.43\": [1, 3, 4]}": {"[\"10.0.0.12_10.0.0.42\", [1, 3, 4]]": [18, -222.81181884736282, []], "[\"10.0.0.13_10.0.0.43\", [1, 2, 4]]": [10, -319.94534979904245, []], "[\"10.0.0.11_10.0.0.41\", [1, 2, 4]]": [14, -258.4934760182976, []], "[\"NoTrans\", []]": [9, -266.23035568381584, []]}, "{\"10.0.0.11_10.0.0.41\": [1, 2, 4], \"10.0.0.12_10.0.0.42\": [1, 2, 4], \"10.0.0.13_10.0.0.43\": [1, 3, 4]}": {"[\"10.0.0.12_10.0.0.42\", [1, 3, 4]]": [11, -191.15340909656447, []], "[\"10.0.0.13_10.0.0.43\", [1, 2, 4]]": [14, -338.47640862110916, []], "[\"10.0.0.11_10.0.0.41\", [1, 3, 4]]": [18, -264.9872666837621, []], "[\"NoTrans\", []]": [11, -257.5078251933157, []]}, "{\"10.0.0.11_10.0.0.41\": [1, 3, 4], \"10.0.0.12_10.0.0.42\": [1, 2, 4], \"10.0.0.13_10.0.0.43\": [1, 2, 4]}": {"[\"10.0.0.12_10.0.0.42\", [1, 3, 4]]": [13, -262.6705670781208, []], "[\"10.0.0.13_10.0.0.43\", [1, 3, 4]]": [8, -265.29997011380067, []], "[\"10.0.0.11_10.0.0.41\", [1, 2, 4]]": [8, -338.0834243276065, []], "[\"NoTrans\", []]": [14, -309.9870373794608, []]}, "{\"10.0.0.11_10.0.0.41\": [1, 2, 4], \"10.0.0.12_10.0.0.42\": [1, 2, 4], \"10.0.0.13_10.0.0.43\": [1, 2, 4]}": {"[\"10.0.0.12_10.0.0.42\", [1, 3, 4]]": [23, -259.0679352742638, []], "[\"10.0.0.13_10.0.0.43\", [1, 3, 4]]": [9, -263.76260273559706, []], "[\"10.0.0.11_10.0.0.41\", [1, 3, 4]]": [9, -333.9659435923045, []], "[\"NoTrans\", []]": [10, -335.71786397104705, []]}}