{"{\"10.0.0.11_10.0.0.41\": [1, 3, 4], \"10.0.0.12_10.0.0.42\": [1, 3, 4], \"10.0.0.13_10.0.0.43\": [1, 3, 4]}": {"[\"10.0.0.13_10.0.0.43\", [1, 2, 4]]": [15, -288.01149606265915, []], "[\"10.0.0.11_10.0.0.41\", [1, 2, 4]]": [14, -193.51904909054662, []], "[\"10.0.0.12_10.0.0.42\", [1, 2, 4]]": [13, -283.4767996760703, []], "[\"NoTrans\", []]": [16, -245.07383907179215, []]}, "{\"10.0.0.11_10.0.0.41\": [1, 3, 4], \"10.0.0.12_10.0.0.42\": [1, 2, 4], \"10.0.0.13_10.0.0.43\": [1, 3, 4]}": {"[\"10.0.0.13_10.0.0.43\", [1, 2, 4]]": [14, -328.13201396169313, []], "[\"10.0.0.11_10.0.0.41\", [1, 2, 4]]": [20, -288.3049565452034, []], "[\"10.0.0.12_10.0.0.42\", [1, 3, 4]]": [8, -254.66067988345463, []], "[\"NoTrans\", []]": [18, -282.92560923561433, []]}, "{\"10.0.0.11_10.0.0.41\": [1, 2, 4], \"10.0.0.12_10.0.0.42\": [1, 3, 4], \"10.0.0.13_10.0.0.43\": [1, 3, 4]}": {"[\"10.0.0.13_10.0.0.43\", [1, 2, 4]]": [17, -285.4012210785363, []], "[\"10.0.0.11_10.0.0.41\", [1, 3, 4]]": [11, -261.392008239777, []], "[\"10.0.0.12_10.0.0.42\", [1, 2, 4]]": [12, -288.501747794017, []], "[\"NoTrans\", []]": [20, -198.61849386824076, []]}, "{\"10.0.0.11_10.0.0.41\": [1, 2, 4], \"10.0.0.12_10.0.0.42\": [1, 2, 4], \"10.0.0.13_10.0.0.43\": [1, 3, 4]}": {"[\"10.0.0.13_10.0.0.43\", [1, 2, 4]]": [18, -346.4296424231619, []], "[\"10.0.0.11_10.0.0.41\", [1, 3, 4]]": [16, -279.8305400319205, []], "[\"10.0.0.12_10.0.0.42\", [1, 3, 4]]": [10, -229.92275523741148, []], "[\"NoTrans\", []]": [19, -285.1614704178085, []]}, "{\"10.0.0.11_10.0.0.41\": [1, 3, 4], \"10.0.0.12_10.0.0.42\": [1, 3, 4], \"10.0.0.13_10.0.0.43\": [1, 2, 4]}": {"[\"10.0.0.13_10.0.0.43\", [1, 3, 4]]": [22, -255.3650391127245, []], "[\"10.0.0.11_10.0.0.41\", [1, 2, 4]]": [13, -286.49382756670775, []], "[\"10.0.0.12_10.0.0.42\", [1, 2, 4]]": [18, -326.72179132265774, []], "[\"NoTrans\", []]": [16, -281.45082092055793, []]}, "{\"10.0.0.11_10.0.0.41\": [1, 3, 4], \"10.0.0.12_10.0.0.42\": [1, 2, 4], \"10.0.0.13_10.0.0.43\": [1, 2, 4]}": {"[\"10.0.0.13_10.0.0.43\", [1, 3, 4]]": [13, -278.1320710950477, []], "[\"10.0.0.11_10.0.0.41\", [1, 2, 4]]": [21, -349.39045833558333, []], "[\"10.0.0.12_10.0.0.42\", [1, 3, 4]]": [19, -286.7036718498004, []], "[\"NoTrans\", []]": [9, -295.84599414828, []]}, "{\"10.0.0.11_10.0.0.41\": [1, 2, 4], \"10.0.0.12_10.0.0.42\": [1, 3, 4], \"10.0.0.13_10.0.0.43\": [1, 2, 4]}": {"[\"10.0.0.13_10.0.0.43\", [1, 3, 4]]": [16, -226.33973778234665, []], "[\"10.0.0.11_10.0.0.41\", [1, 3, 4]]": [19, -287.73770384400797, []], "[\"10.0.0.12_10.0.0.42\", [1, 2, 4]]": [15, -352.69478732056155, []], "[\"NoTrans\", []]": [14, -283.9650134822179, []]}, "{\"10.0.0.11_10.0.0.41\": [1, 2, 4], \"10.0.0.12_10.0.0.42\": [1, 2, 4], \"10.0.0.13_10.0.0.43\": [1, 2, 4]}": {"[\"10.0.0.13_10.0.0.43\", [1, 3, 4]]": [12, -285.3683799322433, []], "[\"10.0.0.11_10.0.0.41\", [1, 3, 4]]": [21, -325.5821890307651, []], "[\"10.0.0.12_10.0.0.42\", [1, 3, 4]]": [20, -285.5904716033747, []], "[\"NoTrans\", []]": [15, -349.40928647826036, []]}}