{"{\"10.0.0.11_10.0.0.41\": [1, 3, 4], \"10.0.0.12_10.0.0.42\": [1, 3, 4], \"10.0.0.13_10.0.0.43\": [1, 3, 4]}": {"[\"10.0.0.13_10.0.0.43\", [1, 2, 4]]": [7, -330.7844166586968, []], "[\"10.0.0.11_10.0.0.41\", [1, 2, 4]]": [56, -297.04475663897233, []], "[\"10.0.0.12_10.0.0.42\", [1, 2, 4]]": [6, -364.66726307249473, []], "[\"NoTrans\", []]": [5, -353.6345357370349, []]}, "{\"10.0.0.11_10.0.0.41\": [1, 3, 4], \"10.0.0.12_10.0.0.42\": [1, 2, 4], \"10.0.0.13_10.0.0.43\": [1, 3, 4]}": {"[\"10.0.0.13_10.0.0.43\", [1, 2, 4]]": [11, -467.05661812812997, []], "[\"10.0.0.11_10.0.0.41\", [1, 2, 4]]": [6, -421.5378931877588, []], "[\"10.0.0.12_10.0.0.42\", [1, 3, 4]]": [0, -Infinity, []], "[\"NoTrans\", []]": [0, -Infinity, []]}, "{\"10.0.0.11_10.0.0.41\": [1, 2, 4], \"10.0.0.12_10.0.0.42\": [1, 3, 4], \"10.0.0.13_10.0.0.43\": [1, 3, 4]}": {"[\"10.0.0.13_10.0.0.43\", [1, 2, 4]]": [32, -353.42801129617663, []], "[\"10.0.0.11_10.0.0.41\", [1, 3, 4]]": [62, -342.1354858599145, []], "[\"10.0.0.12_10.0.0.42\", [1, 2, 4]]": [6, -443.2593882036889, []], "[\"NoTrans\", []]": [456, -315.7592573925832, []]}, "{\"10.0.0.11_10.0.0.41\": [1, 2, 4], \"10.0.0.12_10.0.0.42\": [1, 2, 4], \"10.0.0.13_10.0.0.43\": [1, 3, 4]}": {"[\"10.0.0.13_10.0.0.43\", [1, 2, 4]]": [28, -414.8808214122049, []], "[\"10.0.0.11_10.0.0.41\", [1, 3, 4]]": [0, -Infinity, []], "[\"10.0.0.12_10.0.0.42\", [1, 3, 4]]": [0, -Infinity, []], "[\"NoTrans\", []]": [11, -435.1800241734719, []]}, "{\"10.0.0.11_10.0.0.41\": [1, 3, 4], \"10.0.0.12_10.0.0.42\": [1, 3, 4], \"10.0.0.13_10.0.0.43\": [1, 2, 4]}": {"[\"10.0.0.13_10.0.0.43\", [1, 3, 4]]": [7, -342.64385850575775, []], "[\"10.0.0.11_10.0.0.41\", [1, 2, 4]]": [0, -Infinity, []], "[\"10.0.0.12_10.0.0.42\", [1, 2, 4]]": [0, -Infinity, []], "[\"NoTrans\", []]": [0, -Infinity, []]}, "{\"10.0.0.11_10.0.0.41\": [1, 3, 4], \"10.0.0.12_10.0.0.42\": [1, 2, 4], \"10.0.0.13_10.0.0.43\": [1, 2, 4]}": {"[\"10.0.0.13_10.0.0.43\", [1, 3, 4]]": [11, -156.16481195308018, []], "[\"10.0.0.11_10.0.0.41\", [1, 2, 4]]": [0, -Infinity, []], "[\"10.0.0.12_10.0.0.42\", [1, 3, 4]]": [0, -Infinity, []], "[\"NoTrans\", []]": [0, -Infinity, []]}, "{\"10.0.0.11_10.0.0.41\": [1, 2, 4], \"10.0.0.12_10.0.0.42\": [1, 3, 4], \"10.0.0.13_10.0.0.43\": [1, 2, 4]}": {"[\"10.0.0.13_10.0.0.43\", [1, 3, 4]]": [45, -325.12678761625097, []], "[\"10.0.0.11_10.0.0.41\", [1, 3, 4]]": [0, -Infinity, []], "[\"10.0.0.12_10.0.0.42\", [1, 2, 4]]": [0, -Infinity, []], "[\"NoTrans\", []]": [0, -Infinity, []]}, "{\"10.0.0.11_10.0.0.41\": [1, 2, 4], \"10.0.0.12_10.0.0.42\": [1, 2, 4], \"10.0.0.13_10.0.0.43\": [1, 2, 4]}": {"[\"10.0.0.13_10.0.0.43\", [1, 3, 4]]": [15, -404.9477517409837, []], "[\"10.0.0.11_10.0.0.41\", [1, 3, 4]]": [0, -Infinity, []], "[\"10.0.0.12_10.0.0.42\", [1, 3, 4]]": [13, -347.45987291291607, []], "[\"NoTrans\", []]": [26, -396.45778247269175, []]}}