{"{\"10.0.0.11_10.0.0.41\": [1, 3, 4], \"10.0.0.12_10.0.0.42\": [1, 3, 4], \"10.0.0.13_10.0.0.43\": [1, 3, 4]}": {"[\"10.0.0.13_10.0.0.43\", [1, 2, 4]]": [2, -166.5283854417043, []], "[\"10.0.0.12_10.0.0.42\", [1, 2, 4]]": [2, -204.6764490096073, []], "[\"10.0.0.11_10.0.0.41\", [1, 2, 4]]": [5, -156.16720655601569, []], "[\"NoTrans\", []]": [2, -194.96393060699384, []]}, "{\"10.0.0.11_10.0.0.41\": [1, 2, 4], \"10.0.0.12_10.0.0.42\": [1, 3, 4], \"10.0.0.13_10.0.0.43\": [1, 3, 4]}": {"[\"10.0.0.13_10.0.0.43\", [1, 2, 4]]": [3, -211.08698184884926, []], "[\"10.0.0.12_10.0.0.42\", [1, 2, 4]]": [2, -214.44761916949105, []], "[\"10.0.0.11_10.0.0.41\", [1, 3, 4]]": [4, -204.5704544350227, []], "[\"NoTrans\", []]": [806, -146.6287752082005, []]}, "{\"10.0.0.11_10.0.0.41\": [1, 3, 4], \"10.0.0.12_10.0.0.42\": [1, 2, 4], \"10.0.0.13_10.0.0.43\": [1, 3, 4]}": {"[\"10.0.0.13_10.0.0.43\", [1, 2, 4]]": [2, -186.37302588079746, []], "[\"10.0.0.12_10.0.0.42\", [1, 3, 4]]": [2, -179.62389877601154, []], "[\"10.0.0.11_10.0.0.41\", [1, 2, 4]]": [2, -218.6568497120248, []], "[\"NoTrans\", []]": [2, -190.50752249674252, []]}, "{\"10.0.0.11_10.0.0.41\": [1, 2, 4], \"10.0.0.12_10.0.0.42\": [1, 2, 4], \"10.0.0.13_10.0.0.43\": [1, 3, 4]}": {"[\"10.0.0.13_10.0.0.43\", [1, 2, 4]]": [2, -221.96684990657283, []], "[\"10.0.0.12_10.0.0.42\", [1, 3, 4]]": [2, -157.3710442440714, []], "[\"10.0.0.11_10.0.0.41\", [1, 3, 4]]": [2, -192.84179551918373, []], "[\"NoTrans\", []]": [1, -168.48382895512432, []]}, "{\"10.0.0.11_10.0.0.41\": [1, 3, 4], \"10.0.0.12_10.0.0.42\": [1, 3, 4], \"10.0.0.13_10.0.0.43\": [1, 2, 4]}": {"[\"10.0.0.13_10.0.0.43\", [1, 3, 4]]": [3, -197.40737772003092, []], "[\"10.0.0.12_10.0.0.42\", [1, 2, 4]]": [3, -215.93895914995835, []], "[\"10.0.0.11_10.0.0.41\", [1, 2, 4]]": [2, -185.66433776864807, []], "[\"NoTrans\", []]": [2, -167.50848725961959, []]}, "{\"10.0.0.11_10.0.0.41\": [1, 2, 4], \"10.0.0.12_10.0.0.42\": [1, 3, 4], \"10.0.0.13_10.0.0.43\": [1, 2, 4]}": {"[\"10.0.0.13_10.0.0.43\", [1, 3, 4]]": [3, -175.22315299138404, []], "[\"10.0.0.12_10.0.0.42\", [1, 2, 4]]": [2, -186.30012974156838, []], "[\"10.0.0.11_10.0.0.41\", [1, 3, 4]]": [3, -189.82601269567067, []], "[\"NoTrans\", []]": [2, -184.77700553589062, []]}, "{\"10.0.0.11_10.0.0.41\": [1, 3, 4], \"10.0.0.12_10.0.0.42\": [1, 2, 4], \"10.0.0.13_10.0.0.43\": [1, 2, 4]}": {"[\"10.0.0.13_10.0.0.43\", [1, 3, 4]]": [2, -160.63950239465288, []], "[\"10.0.0.12_10.0.0.42\", [1, 3, 4]]": [3, -205.19253541028598, []], "[\"10.0.0.11_10.0.0.41\", [1, 2, 4]]": [2, -186.562204559833, []], "[\"NoTrans\", []]": [2, -183.78939858405246, []]}, "{\"10.0.0.11_10.0.0.41\": [1, 2, 4], \"10.0.0.12_10.0.0.42\": [1, 2, 4], \"10.0.0.13_10.0.0.43\": [1, 2, 4]}": {"[\"10.0.0.13_10.0.0.43\", [1, 3, 4]]": [2, -186.74021777423206, []], "[\"10.0.0.12_10.0.0.42\", [1, 3, 4]]": [3, -200.4522388388806, []], "[\"10.0.0.11_10.0.0.41\", [1, 3, 4]]": [2, -140.132628579359, []], "[\"NoTrans\", []]": [1, -157.11033756937806, []]}}