{"{\"10.0.0.11_10.0.0.41\": [1, 3, 4], \"10.0.0.12_10.0.0.42\": [1, 3, 4], \"10.0.0.13_10.0.0.43\": [1, 3, 4]}": {"[\"10.0.0.13_10.0.0.43\", [1, 2, 4]]": [19, -281.18724282092245, []], "[\"10.0.0.12_10.0.0.42\", [1, 2, 4]]": [16, -288.1755913873938, []], "[\"10.0.0.11_10.0.0.41\", [1, 2, 4]]": [23, -172.97442703629483, []], "[\"NoTrans\", []]": [16, -259.4425601667785, []]}, "{\"10.0.0.11_10.0.0.41\": [1, 2, 4], \"10.0.0.12_10.0.0.42\": [1, 3, 4], \"10.0.0.13_10.0.0.43\": [1, 3, 4]}": {"[\"10.0.0.13_10.0.0.43\", [1, 2, 4]]": [19, -288.3359656557688, []], "[\"10.0.0.12_10.0.0.42\", [1, 2, 4]]": [14, -302.2081012523573, []], "[\"10.0.0.11_10.0.0.41\", [1, 3, 4]]": [23, -245.48666186591527, []], "[\"NoTrans\", []]": [16, -177.3897486718647, []]}, "{\"10.0.0.11_10.0.0.41\": [1, 3, 4], \"10.0.0.12_10.0.0.42\": [1, 2, 4], \"10.0.0.13_10.0.0.43\": [1, 3, 4]}": {"[\"10.0.0.13_10.0.0.43\", [1, 2, 4]]": [22, -338.75826345549336, []], "[\"10.0.0.12_10.0.0.42\", [1, 3, 4]]": [19, -246.21468482831506, []], "[\"10.0.0.11_10.0.0.41\", [1, 2, 4]]": [17, -298.58953827913257, []], "[\"NoTrans\", []]": [21, -290.2324170834781, []]}, "{\"10.0.0.11_10.0.0.41\": [1, 2, 4], \"10.0.0.12_10.0.0.42\": [1, 2, 4], \"10.0.0.13_10.0.0.43\": [1, 3, 4]}": {"[\"10.0.0.13_10.0.0.43\", [1, 2, 4]]": [14, -373.1398340078865, []], "[\"10.0.0.12_10.0.0.42\", [1, 3, 4]]": [14, -237.06969534077155, []], "[\"10.0.0.11_10.0.0.41\", [1, 3, 4]]": [17, -291.05840971325415, []], "[\"NoTrans\", []]": [16, -286.10090776784733, []]}, "{\"10.0.0.11_10.0.0.41\": [1, 3, 4], \"10.0.0.12_10.0.0.42\": [1, 3, 4], \"10.0.0.13_10.0.0.43\": [1, 2, 4]}": {"[\"10.0.0.13_10.0.0.43\", [1, 3, 4]]": [16, -245.14296186321053, []], "[\"10.0.0.12_10.0.0.42\", [1, 2, 4]]": [14, -336.6427905331863, []], "[\"10.0.0.11_10.0.0.41\", [1, 2, 4]]": [20, -289.59194146357305, []], "[\"NoTrans\", []]": [12, -282.82706966578337, []]}, "{\"10.0.0.11_10.0.0.41\": [1, 2, 4], \"10.0.0.12_10.0.0.42\": [1, 3, 4], \"10.0.0.13_10.0.0.43\": [1, 2, 4]}": {"[\"10.0.0.13_10.0.0.43\", [1, 3, 4]]": [19, -225.71769297503434, []], "[\"10.0.0.12_10.0.0.42\", [1, 2, 4]]": [26, -359.4075063461445, []], "[\"10.0.0.11_10.0.0.41\", [1, 3, 4]]": [16, -289.1945457264135, []], "[\"NoTrans\", []]": [22, -289.6215819974783, []]}, "{\"10.0.0.11_10.0.0.41\": [1, 3, 4], \"10.0.0.12_10.0.0.42\": [1, 2, 4], \"10.0.0.13_10.0.0.43\": [1, 2, 4]}": {"[\"10.0.0.13_10.0.0.43\", [1, 3, 4]]": [25, -286.3966234855377, []], "[\"10.0.0.12_10.0.0.42\", [1, 3, 4]]": [15, -284.79189476932413, []], "[\"10.0.0.11_10.0.0.41\", [1, 2, 4]]": [12, -360.0651290799908, []], "[\"NoTrans\", []]": [13, -334.67263573991613, []]}, "{\"10.0.0.11_10.0.0.41\": [1, 2, 4], \"10.0.0.12_10.0.0.42\": [1, 2, 4], \"10.0.0.13_10.0.0.43\": [1, 2, 4]}": {"[\"10.0.0.13_10.0.0.43\", [1, 3, 4]]": [14, -293.6677251408479, []], "[\"10.0.0.12_10.0.0.42\", [1, 3, 4]]": [21, -288.89014676500983, []], "[\"10.0.0.11_10.0.0.41\", [1, 3, 4]]": [17, -339.1849961363476, []], "[\"NoTrans\", []]": [14, -365.86003128032047, []]}}