{"{\"10.0.0.11_10.0.0.41\": [1, 3, 4], \"10.0.0.12_10.0.0.42\": [1, 3, 4], \"10.0.0.13_10.0.0.43\": [1, 3, 4]}": {"[\"10.0.0.12_10.0.0.42\", [1, 2, 4]]": [0, -Infinity, []], "[\"10.0.0.11_10.0.0.41\", [1, 2, 4]]": [0, -Infinity, []], "[\"10.0.0.13_10.0.0.43\", [1, 2, 4]]": [1, -22.59538277804529, []], "[\"NoTrans\", []]": [0, -Infinity, []]}, "{\"10.0.0.11_10.0.0.41\": [1, 3, 4], \"10.0.0.12_10.0.0.42\": [1, 3, 4], \"10.0.0.13_10.0.0.43\": [1, 2, 4]}": {"[\"10.0.0.12_10.0.0.42\", [1, 2, 4]]": [0, -Infinity, []], "[\"10.0.0.11_10.0.0.41\", [1, 2, 4]]": [171, -548.7696917925307, []], "[\"10.0.0.13_10.0.0.43\", [1, 3, 4]]": [0, -Infinity, []], "[\"NoTrans\", []]": [0, -Infinity, []]}, "{\"10.0.0.11_10.0.0.41\": [1, 2, 4], \"10.0.0.12_10.0.0.42\": [1, 3, 4], \"10.0.0.13_10.0.0.43\": [1, 3, 4]}": {"[\"10.0.0.12_10.0.0.42\", [1, 2, 4]]": [0, -Infinity, []], "[\"10.0.0.11_10.0.0.41\", [1, 3, 4]]": [0, -Infinity, []], "[\"10.0.0.13_10.0.0.43\", [1, 2, 4]]": [0, -Infinity, []], "[\"NoTrans\", []]": [0, -Infinity, []]}, "{\"10.0.0.11_10.0.0.41\": [1, 2, 4], \"10.0.0.12_10.0.0.42\": [1, 3, 4], \"10.0.0.13_10.0.0.43\": [1, 2, 4]}": {"[\"10.0.0.12_10.0.0.42\", [1, 2, 4]]": [171, -550.6559281840206, []], "[\"10.0.0.11_10.0.0.41\", [1, 3, 4]]": [0, -Infinity, []], "[\"10.0.0.13_10.0.0.43\", [1, 3, 4]]": [0, -Infinity, []], "[\"NoTrans\", []]": [0, -Infinity, []]}, "{\"10.0.0.11_10.0.0.41\": [1, 3, 4], \"10.0.0.12_10.0.0.42\": [1, 2, 4], \"10.0.0.13_10.0.0.43\": [1, 3, 4]}": {"[\"10.0.0.12_10.0.0.42\", [1, 3, 4]]": [0, -Infinity, []], "[\"10.0.0.11_10.0.0.41\", [1, 2, 4]]": [0, -Infinity, []], "[\"10.0.0.13_10.0.0.43\", [1, 2, 4]]": [0, -Infinity, []], "[\"NoTrans\", []]": [0, -Infinity, []]}, "{\"10.0.0.11_10.0.0.41\": [1, 3, 4], \"10.0.0.12_10.0.0.42\": [1, 2, 4], \"10.0.0.13_10.0.0.43\": [1, 2, 4]}": {"[\"10.0.0.12_10.0.0.42\", [1, 3, 4]]": [170, -520.2745648114609, []], "[\"10.0.0.11_10.0.0.41\", [1, 2, 4]]": [0, -Infinity, []], "[\"10.0.0.13_10.0.0.43\", [1, 3, 4]]": [0, -Infinity, []], "[\"NoTrans\", []]": [0, -Infinity, []]}, "{\"10.0.0.11_10.0.0.41\": [1, 2, 4], \"10.0.0.12_10.0.0.42\": [1, 2, 4], \"10.0.0.13_10.0.0.43\": [1, 3, 4]}": {"[\"10.0.0.12_10.0.0.42\", [1, 3, 4]]": [0, -Infinity, []], "[\"10.0.0.11_10.0.0.41\", [1, 3, 4]]": [0, -Infinity, []], "[\"10.0.0.13_10.0.0.43\", [1, 2, 4]]": [0, -Infinity, []], "[\"NoTrans\", []]": [0, -Infinity, []]}, "{\"10.0.0.11_10.0.0.41\": [1, 2, 4], \"10.0.0.12_10.0.0.42\": [1, 2, 4], \"10.0.0.13_10.0.0.43\": [1, 2, 4]}": {"[\"10.0.0.12_10.0.0.42\", [1, 3, 4]]": [0, -Infinity, []], "[\"10.0.0.11_10.0.0.41\", [1, 3, 4]]": [171, -522.3073884689464, []], "[\"10.0.0.13_10.0.0.43\", [1, 3, 4]]": [0, -Infinity, []], "[\"NoTrans\", []]": [0, -Infinity, []]}}