{"{\"10.0.0.11_10.0.0.41\": [1, 3, 4], \"10.0.0.12_10.0.0.42\": [1, 3, 4], \"10.0.0.13_10.0.0.43\": [1, 3, 4]}": {"[\"10.0.0.12_10.0.0.42\", [1, 2, 4]]": [6, -269.66410754006955, []], "[\"10.0.0.13_10.0.0.43\", [1, 2, 4]]": [4, -263.1554324527902, []], "[\"10.0.0.11_10.0.0.41\", [1, 2, 4]]": [41, -121.00485707367487, []], "[\"NoTrans\", []]": [6, -235.03474623498954, []]}, "{\"10.0.0.11_10.0.0.41\": [1, 2, 4], \"10.0.0.12_10.0.0.42\": [1, 3, 4], \"10.0.0.13_10.0.0.43\": [1, 3, 4]}": {"[\"10.0.0.12_10.0.0.42\", [1, 2, 4]]": [19, -245.1938279000941, []], "[\"10.0.0.13_10.0.0.43\", [1, 2, 4]]": [18, -254.97920745683476, []], "[\"10.0.0.11_10.0.0.41\", [1, 3, 4]]": [34, -214.28283673095285, []], "[\"NoTrans\", []]": [382, -114.61965822349505, []]}, "{\"10.0.0.11_10.0.0.41\": [1, 3, 4], \"10.0.0.12_10.0.0.42\": [1, 3, 4], \"10.0.0.13_10.0.0.43\": [1, 2, 4]}": {"[\"10.0.0.12_10.0.0.42\", [1, 2, 4]]": [4, -271.527092876972, []], "[\"10.0.0.13_10.0.0.43\", [1, 3, 4]]": [11, -222.83907707841618, []], "[\"10.0.0.11_10.0.0.41\", [1, 2, 4]]": [4, -276.95591414244257, []], "[\"NoTrans\", []]": [7, -271.8756232464569, []]}, "{\"10.0.0.11_10.0.0.41\": [1, 2, 4], \"10.0.0.12_10.0.0.42\": [1, 3, 4], \"10.0.0.13_10.0.0.43\": [1, 2, 4]}": {"[\"10.0.0.12_10.0.0.42\", [1, 2, 4]]": [4, -325.80640326856474, []], "[\"10.0.0.13_10.0.0.43\", [1, 3, 4]]": [12, -192.64129714756814, []], "[\"10.0.0.11_10.0.0.41\", [1, 3, 4]]": [11, -263.1678079500806, []], "[\"NoTrans\", []]": [4, -278.07751933120295, []]}, "{\"10.0.0.11_10.0.0.41\": [1, 3, 4], \"10.0.0.12_10.0.0.42\": [1, 2, 4], \"10.0.0.13_10.0.0.43\": [1, 3, 4]}": {"[\"10.0.0.12_10.0.0.42\", [1, 3, 4]]": [6, -231.60003876533636, []], "[\"10.0.0.13_10.0.0.43\", [1, 2, 4]]": [4, -309.8073376271928, []], "[\"10.0.0.11_10.0.0.41\", [1, 2, 4]]": [4, -256.8388400824179, []], "[\"NoTrans\", []]": [5, -262.9116357199949, []]}, "{\"10.0.0.11_10.0.0.41\": [1, 2, 4], \"10.0.0.12_10.0.0.42\": [1, 2, 4], \"10.0.0.13_10.0.0.43\": [1, 3, 4]}": {"[\"10.0.0.12_10.0.0.42\", [1, 3, 4]]": [19, -168.35822293764224, []], "[\"10.0.0.13_10.0.0.43\", [1, 2, 4]]": [3, -343.9896375291793, []], "[\"10.0.0.11_10.0.0.41\", [1, 3, 4]]": [4, -269.0386738509905, []], "[\"NoTrans\", []]": [3, -263.3173512231212, []]}, "{\"10.0.0.11_10.0.0.41\": [1, 3, 4], \"10.0.0.12_10.0.0.42\": [1, 2, 4], \"10.0.0.13_10.0.0.43\": [1, 2, 4]}": {"[\"10.0.0.12_10.0.0.42\", [1, 3, 4]]": [3, -268.61116154927544, []], "[\"10.0.0.13_10.0.0.43\", [1, 3, 4]]": [4, -261.2512730390287, []], "[\"10.0.0.11_10.0.0.41\", [1, 2, 4]]": [3, -317.97214093481233, []], "[\"NoTrans\", []]": [3, -287.85682378486797, []]}, "{\"10.0.0.11_10.0.0.41\": [1, 2, 4], \"10.0.0.12_10.0.0.42\": [1, 2, 4], \"10.0.0.13_10.0.0.43\": [1, 2, 4]}": {"[\"10.0.0.12_10.0.0.42\", [1, 3, 4]]": [5, -272.0596640833753, []], "[\"10.0.0.13_10.0.0.43\", [1, 3, 4]]": [3, -270.8989853197137, []], "[\"10.0.0.11_10.0.0.41\", [1, 3, 4]]": [2, -283.4098517417548, []], "[\"NoTrans\", []]": [3, -322.9729877976053, []]}}