{"{\"10.0.0.11_10.0.0.41\": [1, 3, 4], \"10.0.0.12_10.0.0.42\": [1, 3, 4], \"10.0.0.13_10.0.0.43\": [1, 3, 4]}": {"[\"10.0.0.12_10.0.0.42\", [1, 2, 4]]": [1, -150.8001910571709, []], "[\"10.0.0.13_10.0.0.43\", [1, 2, 4]]": [1, -153.27191512526397, []], "[\"10.0.0.11_10.0.0.41\", [1, 2, 4]]": [3, -163.53964573803972, []], "[\"NoTrans\", []]": [1, -167.63075256347656, []]}, "{\"10.0.0.11_10.0.0.41\": [1, 2, 4], \"10.0.0.12_10.0.0.42\": [1, 3, 4], \"10.0.0.13_10.0.0.43\": [1, 3, 4]}": {"[\"10.0.0.12_10.0.0.42\", [1, 2, 4]]": [2, -185.10602888444313, []], "[\"10.0.0.13_10.0.0.43\", [1, 2, 4]]": [2, -216.20106940612703, []], "[\"10.0.0.11_10.0.0.41\", [1, 3, 4]]": [2, -187.49845408612268, []], "[\"NoTrans\", []]": [632, -135.43640114069197, []]}, "{\"10.0.0.11_10.0.0.41\": [1, 3, 4], \"10.0.0.12_10.0.0.42\": [1, 3, 4], \"10.0.0.13_10.0.0.43\": [1, 2, 4]}": {"[\"10.0.0.12_10.0.0.42\", [1, 2, 4]]": [1, -174.70739661608883, []], "[\"10.0.0.13_10.0.0.43\", [1, 3, 4]]": [2, -215.25639717893313, []], "[\"10.0.0.11_10.0.0.41\", [1, 2, 4]]": [1, -173.34613185107116, []], "[\"NoTrans\", []]": [2, -200.3964531661443, []]}, "{\"10.0.0.11_10.0.0.41\": [1, 2, 4], \"10.0.0.12_10.0.0.42\": [1, 3, 4], \"10.0.0.13_10.0.0.43\": [1, 2, 4]}": {"[\"10.0.0.12_10.0.0.42\", [1, 2, 4]]": [1, -189.32550811767578, []], "[\"10.0.0.13_10.0.0.43\", [1, 3, 4]]": [1, -186.37491261340682, []], "[\"10.0.0.11_10.0.0.41\", [1, 3, 4]]": [2, -200.36195143853178, []], "[\"NoTrans\", []]": [1, -172.07388601091924, []]}, "{\"10.0.0.11_10.0.0.41\": [1, 3, 4], \"10.0.0.12_10.0.0.42\": [1, 2, 4], \"10.0.0.13_10.0.0.43\": [1, 3, 4]}": {"[\"10.0.0.12_10.0.0.42\", [1, 3, 4]]": [1, -170.0672950744629, []], "[\"10.0.0.13_10.0.0.43\", [1, 2, 4]]": [1, -172.22178337717799, []], "[\"10.0.0.11_10.0.0.41\", [1, 2, 4]]": [1, -168.97685151907277, []], "[\"NoTrans\", []]": [1, -152.92526911320394, []]}, "{\"10.0.0.11_10.0.0.41\": [1, 2, 4], \"10.0.0.12_10.0.0.42\": [1, 2, 4], \"10.0.0.13_10.0.0.43\": [1, 3, 4]}": {"[\"10.0.0.12_10.0.0.42\", [1, 3, 4]]": [2, -193.043829940314, []], "[\"10.0.0.13_10.0.0.43\", [1, 2, 4]]": [1, -187.84464263916016, []], "[\"10.0.0.11_10.0.0.41\", [1, 3, 4]]": [1, -152.5812951995537, []], "[\"NoTrans\", []]": [1, -172.78862461912058, []]}, "{\"10.0.0.11_10.0.0.41\": [1, 3, 4], \"10.0.0.12_10.0.0.42\": [1, 2, 4], \"10.0.0.13_10.0.0.43\": [1, 2, 4]}": {"[\"10.0.0.12_10.0.0.42\", [1, 3, 4]]": [1, -154.04345965196552, []], "[\"10.0.0.13_10.0.0.43\", [1, 3, 4]]": [1, -153.3161512747596, []], "[\"10.0.0.11_10.0.0.41\", [1, 2, 4]]": [1, -184.76923370361328, []], "[\"NoTrans\", []]": [1, -169.95029301856272, []]}, "{\"10.0.0.11_10.0.0.41\": [1, 2, 4], \"10.0.0.12_10.0.0.42\": [1, 2, 4], \"10.0.0.13_10.0.0.43\": [1, 2, 4]}": {"[\"10.0.0.12_10.0.0.42\", [1, 3, 4]]": [1, -171.28117579871983, []], "[\"10.0.0.13_10.0.0.43\", [1, 3, 4]]": [1, -173.5004043214463, []], "[\"10.0.0.11_10.0.0.41\", [1, 3, 4]]": [1, -172.24510407087578, []], "[\"NoTrans\", []]": [1, -189.76047897338867, []]}}