{"{\"10.0.0.11_10.0.0.41\": [1, 3, 4], \"10.0.0.12_10.0.0.42\": [1, 3, 4], \"10.0.0.13_10.0.0.43\": [1, 3, 4]}": {"[\"10.0.0.13_10.0.0.43\", [1, 2, 4]]": [15, -285.6608229612807, []], "[\"10.0.0.12_10.0.0.42\", [1, 2, 4]]": [14, -277.57322459605666, []], "[\"10.0.0.11_10.0.0.41\", [1, 2, 4]]": [21, -174.92310713728122, []], "[\"NoTrans\", []]": [24, -240.77405847688112, []]}, "{\"10.0.0.11_10.0.0.41\": [1, 2, 4], \"10.0.0.12_10.0.0.42\": [1, 3, 4], \"10.0.0.13_10.0.0.43\": [1, 3, 4]}": {"[\"10.0.0.13_10.0.0.43\", [1, 2, 4]]": [19, -273.44744797671717, []], "[\"10.0.0.12_10.0.0.42\", [1, 2, 4]]": [16, -285.83618914395663, []], "[\"10.0.0.11_10.0.0.41\", [1, 3, 4]]": [14, -241.47858542004641, []], "[\"NoTrans\", []]": [17, -180.76535448910354, []]}, "{\"10.0.0.11_10.0.0.41\": [1, 3, 4], \"10.0.0.12_10.0.0.42\": [1, 2, 4], \"10.0.0.13_10.0.0.43\": [1, 3, 4]}": {"[\"10.0.0.13_10.0.0.43\", [1, 2, 4]]": [13, -340.2460192777215, []], "[\"10.0.0.12_10.0.0.42\", [1, 3, 4]]": [16, -239.1459514813749, []], "[\"10.0.0.11_10.0.0.41\", [1, 2, 4]]": [18, -278.5641020296251, []], "[\"NoTrans\", []]": [21, -276.4589821450723, []]}, "{\"10.0.0.11_10.0.0.41\": [1, 2, 4], \"10.0.0.12_10.0.0.42\": [1, 2, 4], \"10.0.0.13_10.0.0.43\": [1, 3, 4]}": {"[\"10.0.0.13_10.0.0.43\", [1, 2, 4]]": [19, -350.51410711616944, []], "[\"10.0.0.12_10.0.0.42\", [1, 3, 4]]": [13, -222.67443671172632, []], "[\"10.0.0.11_10.0.0.41\", [1, 3, 4]]": [19, -282.39761899305654, []], "[\"NoTrans\", []]": [13, -284.226051858216, []]}, "{\"10.0.0.11_10.0.0.41\": [1, 3, 4], \"10.0.0.12_10.0.0.42\": [1, 3, 4], \"10.0.0.13_10.0.0.43\": [1, 2, 4]}": {"[\"10.0.0.13_10.0.0.43\", [1, 3, 4]]": [20, -239.673423988962, []], "[\"10.0.0.12_10.0.0.42\", [1, 2, 4]]": [14, -335.7126945101537, []], "[\"10.0.0.11_10.0.0.41\", [1, 2, 4]]": [11, -278.7157943222362, []], "[\"NoTrans\", []]": [21, -284.31304382503504, []]}, "{\"10.0.0.11_10.0.0.41\": [1, 2, 4], \"10.0.0.12_10.0.0.42\": [1, 3, 4], \"10.0.0.13_10.0.0.43\": [1, 2, 4]}": {"[\"10.0.0.13_10.0.0.43\", [1, 3, 4]]": [16, -218.36392328986713, []], "[\"10.0.0.12_10.0.0.42\", [1, 2, 4]]": [17, -351.0151207979494, []], "[\"10.0.0.11_10.0.0.41\", [1, 3, 4]]": [15, -283.0995156343565, []], "[\"NoTrans\", []]": [14, -277.3223492761775, []]}, "{\"10.0.0.11_10.0.0.41\": [1, 3, 4], \"10.0.0.12_10.0.0.42\": [1, 2, 4], \"10.0.0.13_10.0.0.43\": [1, 2, 4]}": {"[\"10.0.0.13_10.0.0.43\", [1, 3, 4]]": [14, -283.8200983512269, []], "[\"10.0.0.12_10.0.0.42\", [1, 3, 4]]": [14, -282.0388544229938, []], "[\"10.0.0.11_10.0.0.41\", [1, 2, 4]]": [19, -358.33214733144126, []], "[\"NoTrans\", []]": [17, -335.026679914538, []]}, "{\"10.0.0.11_10.0.0.41\": [1, 2, 4], \"10.0.0.12_10.0.0.42\": [1, 2, 4], \"10.0.0.13_10.0.0.43\": [1, 2, 4]}": {"[\"10.0.0.13_10.0.0.43\", [1, 3, 4]]": [17, -283.0523914353376, []], "[\"10.0.0.12_10.0.0.42\", [1, 3, 4]]": [18, -282.5650856028669, []], "[\"10.0.0.11_10.0.0.41\", [1, 3, 4]]": [20, -335.36870906560773, []], "[\"NoTrans\", []]": [13, -363.89540004377403, []]}}