{"{\"10.0.0.11_10.0.0.41\": [1, 3, 4], \"10.0.0.12_10.0.0.42\": [1, 3, 4], \"10.0.0.13_10.0.0.43\": [1, 3, 4]}": {"[\"10.0.0.11_10.0.0.41\", [1, 2, 4]]": [2, -209.30014317213505, []], "[\"10.0.0.12_10.0.0.42\", [1, 2, 4]]": [1, -207.981624244101, []], "[\"10.0.0.13_10.0.0.43\", [1, 2, 4]]": [0, -140, []], "[\"NoTrans\", []]": [1, -226.33708724975588, []]}, "{\"10.0.0.11_10.0.0.41\": [1, 3, 4], \"10.0.0.12_10.0.0.42\": [1, 3, 4], \"10.0.0.13_10.0.0.43\": [1, 2, 4]}": {"[\"10.0.0.11_10.0.0.41\", [1, 2, 4]]": [1, -140.36229944457406, []], "[\"10.0.0.12_10.0.0.42\", [1, 2, 4]]": [1, -174.40422681312447, []], "[\"10.0.0.13_10.0.0.43\", [1, 3, 4]]": [1, -227.61453399658205, []], "[\"NoTrans\", []]": [1, -206.77522574019602, []]}, "{\"10.0.0.11_10.0.0.41\": [1, 3, 4], \"10.0.0.12_10.0.0.42\": [1, 2, 4], \"10.0.0.13_10.0.0.43\": [1, 3, 4]}": {"[\"10.0.0.11_10.0.0.41\", [1, 2, 4]]": [1, -185.4937566205976, []], "[\"10.0.0.12_10.0.0.42\", [1, 3, 4]]": [1, -226.9483924865723, []], "[\"10.0.0.13_10.0.0.43\", [1, 2, 4]]": [1, -174.27716368424404, []], "[\"NoTrans\", []]": [1, -208.50124409979222, []]}, "{\"10.0.0.11_10.0.0.41\": [1, 3, 4], \"10.0.0.12_10.0.0.42\": [1, 2, 4], \"10.0.0.13_10.0.0.43\": [1, 2, 4]}": {"[\"10.0.0.11_10.0.0.41\", [1, 2, 4]]": [1, -200.3765291177787, []], "[\"10.0.0.12_10.0.0.42\", [1, 3, 4]]": [1, -208.02965998977294, []], "[\"10.0.0.13_10.0.0.43\", [1, 3, 4]]": [1, -206.53994573145047, []], "[\"NoTrans\", []]": [367, -139.3170917120844, []]}, "{\"10.0.0.11_10.0.0.41\": [1, 2, 4], \"10.0.0.12_10.0.0.42\": [1, 3, 4], \"10.0.0.13_10.0.0.43\": [1, 3, 4]}": {"[\"10.0.0.11_10.0.0.41\", [1, 3, 4]]": [1, -229.7004104614258, []], "[\"10.0.0.12_10.0.0.42\", [1, 2, 4]]": [3, -198.83251353673475, []], "[\"10.0.0.13_10.0.0.43\", [1, 2, 4]]": [9, -216.6099994705822, []], "[\"NoTrans\", []]": [3, -205.86130018861093, []]}, "{\"10.0.0.11_10.0.0.41\": [1, 2, 4], \"10.0.0.12_10.0.0.42\": [1, 3, 4], \"10.0.0.13_10.0.0.43\": [1, 2, 4]}": {"[\"10.0.0.11_10.0.0.41\", [1, 3, 4]]": [2, -223.75669242523134, []], "[\"10.0.0.12_10.0.0.42\", [1, 2, 4]]": [2, -209.98668979398923, []], "[\"10.0.0.13_10.0.0.43\", [1, 3, 4]]": [8, -209.6953295939169, []], "[\"NoTrans\", []]": [364, -225.41252551653255, []]}, "{\"10.0.0.11_10.0.0.41\": [1, 2, 4], \"10.0.0.12_10.0.0.42\": [1, 2, 4], \"10.0.0.13_10.0.0.43\": [1, 3, 4]}": {"[\"10.0.0.11_10.0.0.41\", [1, 3, 4]]": [1, -209.76404259042238, []], "[\"10.0.0.12_10.0.0.42\", [1, 3, 4]]": [3, -244.47527994223807, []], "[\"10.0.0.13_10.0.0.43\", [1, 2, 4]]": [1, -200.99384250278845, []], "[\"NoTrans\", []]": [1, -186.62857234857748, []]}, "{\"10.0.0.11_10.0.0.41\": [1, 2, 4], \"10.0.0.12_10.0.0.42\": [1, 2, 4], \"10.0.0.13_10.0.0.43\": [1, 2, 4]}": {"[\"10.0.0.11_10.0.0.41\", [1, 3, 4]]": [2, -142.79368995712105, []], "[\"10.0.0.12_10.0.0.42\", [1, 3, 4]]": [2, -229.87863598037444, []], "[\"10.0.0.13_10.0.0.43\", [1, 3, 4]]": [1, -187.67574252488714, []], "[\"NoTrans\", []]": [1, -196.40401611328124, []]}}