{"{\"10.0.0.11_10.0.0.41\": [1, 3, 4], \"10.0.0.12_10.0.0.42\": [1, 3, 4], \"10.0.0.13_10.0.0.43\": [1, 3, 4]}": {"[\"10.0.0.11_10.0.0.41\", [1, 2, 4]]": [35, -173.25312298013768, []], "[\"10.0.0.13_10.0.0.43\", [1, 2, 4]]": [10, -283.8936032885745, []], "[\"10.0.0.12_10.0.0.42\", [1, 2, 4]]": [19, -274.9171063297044, []], "[\"NoTrans\", []]": [17, -245.0828723515468, []]}, "{\"10.0.0.11_10.0.0.41\": [1, 3, 4], \"10.0.0.12_10.0.0.42\": [1, 2, 4], \"10.0.0.13_10.0.0.43\": [1, 3, 4]}": {"[\"10.0.0.11_10.0.0.41\", [1, 2, 4]]": [17, -285.03717959833443, []], "[\"10.0.0.13_10.0.0.43\", [1, 2, 4]]": [12, -319.8476879206104, []], "[\"10.0.0.12_10.0.0.42\", [1, 3, 4]]": [16, -256.87823214166264, []], "[\"NoTrans\", []]": [21, -285.8724153659811, []]}, "{\"10.0.0.11_10.0.0.41\": [1, 3, 4], \"10.0.0.12_10.0.0.42\": [1, 3, 4], \"10.0.0.13_10.0.0.43\": [1, 2, 4]}": {"[\"10.0.0.11_10.0.0.41\", [1, 2, 4]]": [10, -271.2434598471887, []], "[\"10.0.0.13_10.0.0.43\", [1, 3, 4]]": [15, -250.015533046361, []], "[\"10.0.0.12_10.0.0.42\", [1, 2, 4]]": [9, -326.4122411267213, []], "[\"NoTrans\", []]": [11, -278.03437461353604, []]}, "{\"10.0.0.11_10.0.0.41\": [1, 3, 4], \"10.0.0.12_10.0.0.42\": [1, 2, 4], \"10.0.0.13_10.0.0.43\": [1, 2, 4]}": {"[\"10.0.0.11_10.0.0.41\", [1, 2, 4]]": [15, -347.4731164654692, []], "[\"10.0.0.13_10.0.0.43\", [1, 3, 4]]": [9, -283.31938241081133, []], "[\"10.0.0.12_10.0.0.42\", [1, 3, 4]]": [12, -276.3921293155441, []], "[\"NoTrans\", []]": [13, -332.2645714951017, []]}, "{\"10.0.0.11_10.0.0.41\": [1, 2, 4], \"10.0.0.12_10.0.0.42\": [1, 3, 4], \"10.0.0.13_10.0.0.43\": [1, 3, 4]}": {"[\"10.0.0.11_10.0.0.41\", [1, 3, 4]]": [34, -243.7364259761531, []], "[\"10.0.0.13_10.0.0.43\", [1, 2, 4]]": [26, -281.7829943378758, []], "[\"10.0.0.12_10.0.0.42\", [1, 2, 4]]": [24, -289.31651155720584, []], "[\"NoTrans\", []]": [54, -164.01723048820483, []]}, "{\"10.0.0.11_10.0.0.41\": [1, 2, 4], \"10.0.0.12_10.0.0.42\": [1, 2, 4], \"10.0.0.13_10.0.0.43\": [1, 3, 4]}": {"[\"10.0.0.11_10.0.0.41\", [1, 3, 4]]": [17, -289.6978922732859, []], "[\"10.0.0.13_10.0.0.43\", [1, 2, 4]]": [7, -343.8043697158058, []], "[\"10.0.0.12_10.0.0.42\", [1, 3, 4]]": [31, -215.41068138816576, []], "[\"NoTrans\", []]": [10, -281.04213520869365, []]}, "{\"10.0.0.11_10.0.0.41\": [1, 2, 4], \"10.0.0.12_10.0.0.42\": [1, 3, 4], \"10.0.0.13_10.0.0.43\": [1, 2, 4]}": {"[\"10.0.0.11_10.0.0.41\", [1, 3, 4]]": [12, -274.6956093792494, []], "[\"10.0.0.13_10.0.0.43\", [1, 3, 4]]": [18, -215.39899190626264, []], "[\"10.0.0.12_10.0.0.42\", [1, 2, 4]]": [17, -346.5574408098692, []], "[\"NoTrans\", []]": [15, -284.23792839762217, []]}, "{\"10.0.0.11_10.0.0.41\": [1, 2, 4], \"10.0.0.12_10.0.0.42\": [1, 2, 4], \"10.0.0.13_10.0.0.43\": [1, 2, 4]}": {"[\"10.0.0.11_10.0.0.41\", [1, 3, 4]]": [14, -323.9299168827005, []], "[\"10.0.0.13_10.0.0.43\", [1, 3, 4]]": [14, -278.0730675597683, []], "[\"10.0.0.12_10.0.0.42\", [1, 3, 4]]": [11, -277.9722382182649, []], "[\"NoTrans\", []]": [9, -347.83105390925886, []]}}