{"{\"10.0.0.11_10.0.0.41\": [1, 3, 4], \"10.0.0.12_10.0.0.42\": [1, 3, 4], \"10.0.0.13_10.0.0.43\": [1, 3, 4]}": {"[\"10.0.0.12_10.0.0.42\", [1, 2, 4]]": [5, -200.6694620286301, []], "[\"10.0.0.13_10.0.0.43\", [1, 2, 4]]": [4, -169.4366634082565, []], "[\"10.0.0.11_10.0.0.41\", [1, 2, 4]]": [6, -137.2933212635812, []], "[\"NoTrans\", []]": [3, -181.15202841796878, []]}, "{\"10.0.0.11_10.0.0.41\": [1, 2, 4], \"10.0.0.12_10.0.0.42\": [1, 3, 4], \"10.0.0.13_10.0.0.43\": [1, 3, 4]}": {"[\"10.0.0.12_10.0.0.42\", [1, 2, 4]]": [7, -186.12671306170125, []], "[\"10.0.0.13_10.0.0.43\", [1, 2, 4]]": [8, -186.03895161878106, []], "[\"10.0.0.11_10.0.0.41\", [1, 3, 4]]": [4, -181.27505764275872, []], "[\"NoTrans\", []]": [354, -144.3155166947812, []]}, "{\"10.0.0.11_10.0.0.41\": [1, 3, 4], \"10.0.0.12_10.0.0.42\": [1, 3, 4], \"10.0.0.13_10.0.0.43\": [1, 2, 4]}": {"[\"10.0.0.12_10.0.0.42\", [1, 2, 4]]": [7, -188.18276780326326, []], "[\"10.0.0.13_10.0.0.43\", [1, 3, 4]]": [5, -184.31952873824105, []], "[\"10.0.0.11_10.0.0.41\", [1, 2, 4]]": [7, -187.78410240175305, []], "[\"NoTrans\", []]": [6, -169.87717679332474, []]}, "{\"10.0.0.11_10.0.0.41\": [1, 2, 4], \"10.0.0.12_10.0.0.42\": [1, 3, 4], \"10.0.0.13_10.0.0.43\": [1, 2, 4]}": {"[\"10.0.0.12_10.0.0.42\", [1, 2, 4]]": [12, -208.13090565539193, []], "[\"10.0.0.13_10.0.0.43\", [1, 3, 4]]": [7, -156.37047353655896, []], "[\"10.0.0.11_10.0.0.41\", [1, 3, 4]]": [10, -169.33142639749616, []], "[\"NoTrans\", []]": [11, -186.31351000094094, []]}, "{\"10.0.0.11_10.0.0.41\": [1, 3, 4], \"10.0.0.12_10.0.0.42\": [1, 2, 4], \"10.0.0.13_10.0.0.43\": [1, 3, 4]}": {"[\"10.0.0.12_10.0.0.42\", [1, 3, 4]]": [6, -202.44152825766446, []], "[\"10.0.0.13_10.0.0.43\", [1, 2, 4]]": [13, -220.80282934006982, []], "[\"10.0.0.11_10.0.0.41\", [1, 2, 4]]": [6, -191.23031074205903, []], "[\"NoTrans\", []]": [7, -210.86719021197234, []]}, "{\"10.0.0.11_10.0.0.41\": [1, 2, 4], \"10.0.0.12_10.0.0.42\": [1, 2, 4], \"10.0.0.13_10.0.0.43\": [1, 3, 4]}": {"[\"10.0.0.12_10.0.0.42\", [1, 3, 4]]": [6, -157.5010478155959, []], "[\"10.0.0.13_10.0.0.43\", [1, 2, 4]]": [8, -202.36192038647872, []], "[\"10.0.0.11_10.0.0.41\", [1, 3, 4]]": [11, -173.94522178279442, []], "[\"NoTrans\", []]": [15, -185.60135502441227, []]}, "{\"10.0.0.11_10.0.0.41\": [1, 3, 4], \"10.0.0.12_10.0.0.42\": [1, 2, 4], \"10.0.0.13_10.0.0.43\": [1, 2, 4]}": {"[\"10.0.0.12_10.0.0.42\", [1, 3, 4]]": [5, -168.35645434089298, []], "[\"10.0.0.13_10.0.0.43\", [1, 3, 4]]": [9, -178.15581930754544, []], "[\"10.0.0.11_10.0.0.41\", [1, 2, 4]]": [22, -204.72044380186142, []], "[\"NoTrans\", []]": [13, -187.78423935698618, []]}, "{\"10.0.0.11_10.0.0.41\": [1, 2, 4], \"10.0.0.12_10.0.0.42\": [1, 2, 4], \"10.0.0.13_10.0.0.43\": [1, 2, 4]}": {"[\"10.0.0.12_10.0.0.42\", [1, 3, 4]]": [14, -186.18210357283985, []], "[\"10.0.0.13_10.0.0.43\", [1, 3, 4]]": [12, -184.77670842253883, []], "[\"10.0.0.11_10.0.0.41\", [1, 3, 4]]": [16, -187.46705705064903, []], "[\"NoTrans\", []]": [159, -208.96412064406573, []]}}