{"{\"10.0.0.11_10.0.0.41\": [1, 3, 4], \"10.0.0.12_10.0.0.42\": [1, 3, 4], \"10.0.0.13_10.0.0.43\": [1, 3, 4]}": {"[\"10.0.0.11_10.0.0.41\", [1, 2, 4]]": [1, -104.17397914150101, []], "[\"10.0.0.13_10.0.0.43\", [1, 2, 4]]": [0, -100, []], "[\"10.0.0.12_10.0.0.42\", [1, 2, 4]]": [1, -151.00027495581662, []], "[\"NoTrans\", []]": [1, -167.0000877380371, []]}, "{\"10.0.0.11_10.0.0.41\": [1, 3, 4], \"10.0.0.12_10.0.0.42\": [1, 2, 4], \"10.0.0.13_10.0.0.43\": [1, 3, 4]}": {"[\"10.0.0.11_10.0.0.41\", [1, 2, 4]]": [1, -173.13971595584053, []], "[\"10.0.0.13_10.0.0.43\", [1, 2, 4]]": [1, -173.47805811270533, []], "[\"10.0.0.12_10.0.0.42\", [1, 3, 4]]": [1, -165.7652702331543, []], "[\"NoTrans\", []]": [0, -100, []]}, "{\"10.0.0.11_10.0.0.41\": [1, 3, 4], \"10.0.0.12_10.0.0.42\": [1, 3, 4], \"10.0.0.13_10.0.0.43\": [1, 2, 4]}": {"[\"10.0.0.11_10.0.0.41\", [1, 2, 4]]": [1, -175.5847572406654, []], "[\"10.0.0.13_10.0.0.43\", [1, 3, 4]]": [0, -100, []], "[\"10.0.0.12_10.0.0.42\", [1, 2, 4]]": [1, -172.22840504919083, []], "[\"NoTrans\", []]": [0, -100, []]}, "{\"10.0.0.11_10.0.0.41\": [1, 3, 4], \"10.0.0.12_10.0.0.42\": [1, 2, 4], \"10.0.0.13_10.0.0.43\": [1, 2, 4]}": {"[\"10.0.0.11_10.0.0.41\", [1, 2, 4]]": [1, -191.47299194335938, []], "[\"10.0.0.13_10.0.0.43\", [1, 3, 4]]": [1, -152.74343915023465, []], "[\"10.0.0.12_10.0.0.42\", [1, 3, 4]]": [1, -152.548898690976, []], "[\"NoTrans\", []]": [0, -100, []]}, "{\"10.0.0.11_10.0.0.41\": [1, 2, 4], \"10.0.0.12_10.0.0.42\": [1, 3, 4], \"10.0.0.13_10.0.0.43\": [1, 3, 4]}": {"[\"10.0.0.11_10.0.0.41\", [1, 3, 4]]": [1, -165.39305114746094, []], "[\"10.0.0.13_10.0.0.43\", [1, 2, 4]]": [1, -200.0328634962757, []], "[\"10.0.0.12_10.0.0.42\", [1, 2, 4]]": [1, -175.36018333322198, []], "[\"NoTrans\", []]": [660, -112.38085731729609, []]}, "{\"10.0.0.11_10.0.0.41\": [1, 2, 4], \"10.0.0.12_10.0.0.42\": [1, 2, 4], \"10.0.0.13_10.0.0.43\": [1, 3, 4]}": {"[\"10.0.0.11_10.0.0.41\", [1, 3, 4]]": [1, -151.60343091584664, []], "[\"10.0.0.13_10.0.0.43\", [1, 2, 4]]": [1, -196.35370635986328, []], "[\"10.0.0.12_10.0.0.42\", [1, 3, 4]]": [1, -157.12114817677679, []], "[\"NoTrans\", []]": [1, -177.07957576860872, []]}, "{\"10.0.0.11_10.0.0.41\": [1, 2, 4], \"10.0.0.12_10.0.0.42\": [1, 3, 4], \"10.0.0.13_10.0.0.43\": [1, 2, 4]}": {"[\"10.0.0.11_10.0.0.41\", [1, 3, 4]]": [1, -171.82526972016592, []], "[\"10.0.0.13_10.0.0.43\", [1, 3, 4]]": [2, -150.22588179934235, []], "[\"10.0.0.12_10.0.0.42\", [1, 2, 4]]": [1, -195.2804412841797, []], "[\"NoTrans\", []]": [1, -173.84904178064136, []]}, "{\"10.0.0.11_10.0.0.41\": [1, 2, 4], \"10.0.0.12_10.0.0.42\": [1, 2, 4], \"10.0.0.13_10.0.0.43\": [1, 2, 4]}": {"[\"10.0.0.11_10.0.0.41\", [1, 3, 4]]": [1, -172.99315397027823, []], "[\"10.0.0.13_10.0.0.43\", [1, 3, 4]]": [1, -172.7384656889908, []], "[\"10.0.0.12_10.0.0.42\", [1, 3, 4]]": [1, -173.4632363977738, []], "[\"NoTrans\", []]": [1, -195.58065795898438, []]}}