{"{\"10.0.0.11_10.0.0.41\": [1, 3, 4], \"10.0.0.12_10.0.0.42\": [1, 3, 4], \"10.0.0.13_10.0.0.43\": [1, 3, 4]}": {"[\"10.0.0.12_10.0.0.42\", [1, 2, 4]]": [1, -115.239899875329, []], "[\"10.0.0.13_10.0.0.43\", [1, 2, 4]]": [1, -146.49135735622238, []], "[\"10.0.0.11_10.0.0.41\", [1, 2, 4]]": [2, -112.29855521141528, []], "[\"NoTrans\", []]": [1, -139.76568192457927, []]}, "{\"10.0.0.11_10.0.0.41\": [1, 2, 4], \"10.0.0.12_10.0.0.42\": [1, 3, 4], \"10.0.0.13_10.0.0.43\": [1, 3, 4]}": {"[\"10.0.0.12_10.0.0.42\", [1, 2, 4]]": [2, -181.0612763815542, []], "[\"10.0.0.13_10.0.0.43\", [1, 2, 4]]": [1, -186.98781288470866, []], "[\"10.0.0.11_10.0.0.41\", [1, 3, 4]]": [1, -151.22116821391174, []], "[\"NoTrans\", []]": [657, -108.79983734994043, []]}, "{\"10.0.0.11_10.0.0.41\": [1, 3, 4], \"10.0.0.12_10.0.0.42\": [1, 3, 4], \"10.0.0.13_10.0.0.43\": [1, 2, 4]}": {"[\"10.0.0.12_10.0.0.42\", [1, 2, 4]]": [1, -127.68694832177412, []], "[\"10.0.0.13_10.0.0.43\", [1, 3, 4]]": [1, -150.480449372359, []], "[\"10.0.0.11_10.0.0.41\", [1, 2, 4]]": [0, -Infinity, []], "[\"NoTrans\", []]": [0, -Infinity, []]}, "{\"10.0.0.11_10.0.0.41\": [1, 2, 4], \"10.0.0.12_10.0.0.42\": [1, 3, 4], \"10.0.0.13_10.0.0.43\": [1, 2, 4]}": {"[\"10.0.0.12_10.0.0.42\", [1, 2, 4]]": [1, -158.94016122625624, []], "[\"10.0.0.13_10.0.0.43\", [1, 3, 4]]": [1, -133.0479716025097, []], "[\"10.0.0.11_10.0.0.41\", [1, 3, 4]]": [0, -Infinity, []], "[\"NoTrans\", []]": [0, -Infinity, []]}, "{\"10.0.0.11_10.0.0.41\": [1, 3, 4], \"10.0.0.12_10.0.0.42\": [1, 2, 4], \"10.0.0.13_10.0.0.43\": [1, 3, 4]}": {"[\"10.0.0.12_10.0.0.42\", [1, 3, 4]]": [2, -126.08215302443278, []], "[\"10.0.0.13_10.0.0.43\", [1, 2, 4]]": [1, -128.14731128811695, []], "[\"10.0.0.11_10.0.0.41\", [1, 2, 4]]": [1, -119.8027284438339, []], "[\"NoTrans\", []]": [1, -114.12207544369967, []]}, "{\"10.0.0.11_10.0.0.41\": [1, 2, 4], \"10.0.0.12_10.0.0.42\": [1, 2, 4], \"10.0.0.13_10.0.0.43\": [1, 3, 4]}": {"[\"10.0.0.12_10.0.0.42\", [1, 3, 4]]": [2, -143.59802899607192, []], "[\"10.0.0.13_10.0.0.43\", [1, 2, 4]]": [1, -160.3981768421129, []], "[\"10.0.0.11_10.0.0.41\", [1, 3, 4]]": [2, -135.8952783225633, []], "[\"NoTrans\", []]": [1, -120.91396816098043, []]}, "{\"10.0.0.11_10.0.0.41\": [1, 3, 4], \"10.0.0.12_10.0.0.42\": [1, 2, 4], \"10.0.0.13_10.0.0.43\": [1, 2, 4]}": {"[\"10.0.0.12_10.0.0.42\", [1, 3, 4]]": [1, -64.67390497134983, []], "[\"10.0.0.13_10.0.0.43\", [1, 3, 4]]": [1, -64.4791986364357, []], "[\"10.0.0.11_10.0.0.41\", [1, 2, 4]]": [1, -160.09405010261094, []], "[\"NoTrans\", []]": [0, -Infinity, []]}, "{\"10.0.0.11_10.0.0.41\": [1, 2, 4], \"10.0.0.12_10.0.0.42\": [1, 2, 4], \"10.0.0.13_10.0.0.43\": [1, 2, 4]}": {"[\"10.0.0.12_10.0.0.42\", [1, 3, 4]]": [1, -86.8130303889257, []], "[\"10.0.0.13_10.0.0.43\", [1, 3, 4]]": [2, -136.92941199158707, []], "[\"10.0.0.11_10.0.0.41\", [1, 3, 4]]": [1, -86.56673908236432, []], "[\"NoTrans\", []]": [1, -159.9381243518785, []]}}