{"{\"10.0.0.11_10.0.0.41\": [1, 3, 4], \"10.0.0.12_10.0.0.42\": [1, 3, 4], \"10.0.0.13_10.0.0.43\": [1, 3, 4]}": {"[\"10.0.0.12_10.0.0.42\", [1, 2, 4]]": [2, -140.7722653366405, []], "[\"10.0.0.13_10.0.0.43\", [1, 2, 4]]": [1, -130.05147792102267, []], "[\"10.0.0.11_10.0.0.41\", [1, 2, 4]]": [3, -133.63986271420845, []], "[\"NoTrans\", []]": [1, -133.47535110500021, []]}, "{\"10.0.0.11_10.0.0.41\": [1, 2, 4], \"10.0.0.12_10.0.0.42\": [1, 3, 4], \"10.0.0.13_10.0.0.43\": [1, 3, 4]}": {"[\"10.0.0.12_10.0.0.42\", [1, 2, 4]]": [3, -176.26768495936884, []], "[\"10.0.0.13_10.0.0.43\", [1, 2, 4]]": [1, -181.4390741972466, []], "[\"10.0.0.11_10.0.0.41\", [1, 3, 4]]": [2, -176.16161898002747, []], "[\"NoTrans\", []]": [628, -108.38616725950742, []]}, "{\"10.0.0.11_10.0.0.41\": [1, 3, 4], \"10.0.0.12_10.0.0.42\": [1, 3, 4], \"10.0.0.13_10.0.0.43\": [1, 2, 4]}": {"[\"10.0.0.12_10.0.0.42\", [1, 2, 4]]": [2, -170.96121772316934, []], "[\"10.0.0.13_10.0.0.43\", [1, 3, 4]]": [2, -160.9677739166799, []], "[\"10.0.0.11_10.0.0.41\", [1, 2, 4]]": [1, -165.20076859779417, []], "[\"NoTrans\", []]": [2, -168.77222424319677, []]}, "{\"10.0.0.11_10.0.0.41\": [1, 2, 4], \"10.0.0.12_10.0.0.42\": [1, 3, 4], \"10.0.0.13_10.0.0.43\": [1, 2, 4]}": {"[\"10.0.0.12_10.0.0.42\", [1, 2, 4]]": [1, -155.2556455214493, []], "[\"10.0.0.13_10.0.0.43\", [1, 3, 4]]": [1, -129.85816495187842, []], "[\"10.0.0.11_10.0.0.41\", [1, 3, 4]]": [2, -170.2377496180515, []], "[\"NoTrans\", []]": [1, -165.0693896378009, []]}, "{\"10.0.0.11_10.0.0.41\": [1, 3, 4], \"10.0.0.12_10.0.0.42\": [1, 2, 4], \"10.0.0.13_10.0.0.43\": [1, 3, 4]}": {"[\"10.0.0.12_10.0.0.42\", [1, 3, 4]]": [2, -137.8443905695119, []], "[\"10.0.0.13_10.0.0.43\", [1, 2, 4]]": [2, -160.5002627479035, []], "[\"10.0.0.11_10.0.0.41\", [1, 2, 4]]": [2, -183.93039150070842, []], "[\"NoTrans\", []]": [2, -143.62785917791848, []]}, "{\"10.0.0.11_10.0.0.41\": [1, 2, 4], \"10.0.0.12_10.0.0.42\": [1, 2, 4], \"10.0.0.13_10.0.0.43\": [1, 3, 4]}": {"[\"10.0.0.12_10.0.0.42\", [1, 3, 4]]": [3, -164.87919112121025, []], "[\"10.0.0.13_10.0.0.43\", [1, 2, 4]]": [1, -156.96853996114658, []], "[\"10.0.0.11_10.0.0.41\", [1, 3, 4]]": [2, -159.17894526350582, []], "[\"NoTrans\", []]": [2, -183.6818759919783, []]}, "{\"10.0.0.11_10.0.0.41\": [1, 3, 4], \"10.0.0.12_10.0.0.42\": [1, 2, 4], \"10.0.0.13_10.0.0.43\": [1, 2, 4]}": {"[\"10.0.0.12_10.0.0.42\", [1, 3, 4]]": [2, -147.22354354951437, []], "[\"10.0.0.13_10.0.0.43\", [1, 3, 4]]": [2, -114.56723723973813, []], "[\"10.0.0.11_10.0.0.41\", [1, 2, 4]]": [2, -173.8996350844376, []], "[\"NoTrans\", []]": [1, -136.55222306189924, []]}, "{\"10.0.0.11_10.0.0.41\": [1, 2, 4], \"10.0.0.12_10.0.0.42\": [1, 2, 4], \"10.0.0.13_10.0.0.43\": [1, 2, 4]}": {"[\"10.0.0.12_10.0.0.42\", [1, 3, 4]]": [2, -181.3007430057957, []], "[\"10.0.0.13_10.0.0.43\", [1, 3, 4]]": [1, -84.77129634635584, []], "[\"10.0.0.11_10.0.0.41\", [1, 3, 4]]": [1, -139.78407550756958, []], "[\"NoTrans\", []]": [1, -151.97862983541413, []]}}