{"{\"10.0.0.11_10.0.0.41\": [1, 3, 4], \"10.0.0.12_10.0.0.42\": [1, 3, 4], \"10.0.0.13_10.0.0.43\": [1, 3, 4]}": {"[\"10.0.0.11_10.0.0.41\", [1, 2, 4]]": [1, -205.29514953405834, []], "[\"10.0.0.12_10.0.0.42\", [1, 2, 4]]": [1, -204.48559953955316, []], "[\"10.0.0.13_10.0.0.43\", [1, 2, 4]]": [0, -140, []], "[\"NoTrans\", []]": [1, -227.77751693725588, []]}, "{\"10.0.0.11_10.0.0.41\": [1, 3, 4], \"10.0.0.12_10.0.0.42\": [1, 3, 4], \"10.0.0.13_10.0.0.43\": [1, 2, 4]}": {"[\"10.0.0.11_10.0.0.41\", [1, 2, 4]]": [1, -136.76724860420072, []], "[\"10.0.0.12_10.0.0.42\", [1, 2, 4]]": [0, -140, []], "[\"10.0.0.13_10.0.0.43\", [1, 3, 4]]": [0, -140, []], "[\"NoTrans\", []]": [0, -140, []]}, "{\"10.0.0.11_10.0.0.41\": [1, 3, 4], \"10.0.0.12_10.0.0.42\": [1, 2, 4], \"10.0.0.13_10.0.0.43\": [1, 3, 4]}": {"[\"10.0.0.11_10.0.0.41\", [1, 2, 4]]": [1, -186.08526573853547, []], "[\"10.0.0.12_10.0.0.42\", [1, 3, 4]]": [1, -228.4747482299805, []], "[\"10.0.0.13_10.0.0.43\", [1, 2, 4]]": [2, -173.621961789497, []], "[\"NoTrans\", []]": [1, -204.50802495629023, []]}, "{\"10.0.0.11_10.0.0.41\": [1, 3, 4], \"10.0.0.12_10.0.0.42\": [1, 2, 4], \"10.0.0.13_10.0.0.43\": [1, 2, 4]}": {"[\"10.0.0.11_10.0.0.41\", [1, 2, 4]]": [1, -196.9099214277295, []], "[\"10.0.0.12_10.0.0.42\", [1, 3, 4]]": [1, -207.05887586236685, []], "[\"10.0.0.13_10.0.0.43\", [1, 3, 4]]": [2, -205.71567763671874, []], "[\"NoTrans\", []]": [766, -131.0503705137604, []]}, "{\"10.0.0.11_10.0.0.41\": [1, 2, 4], \"10.0.0.12_10.0.0.42\": [1, 3, 4], \"10.0.0.13_10.0.0.43\": [1, 3, 4]}": {"[\"10.0.0.11_10.0.0.41\", [1, 3, 4]]": [1, -223.14094314575198, []], "[\"10.0.0.12_10.0.0.42\", [1, 2, 4]]": [1, -185.19432136107932, []], "[\"10.0.0.13_10.0.0.43\", [1, 2, 4]]": [1, -186.36142152599194, []], "[\"NoTrans\", []]": [1, -205.17010036988597, []]}, "{\"10.0.0.11_10.0.0.41\": [1, 2, 4], \"10.0.0.12_10.0.0.42\": [1, 3, 4], \"10.0.0.13_10.0.0.43\": [1, 2, 4]}": {"[\"10.0.0.11_10.0.0.41\", [1, 3, 4]]": [0, -140, []], "[\"10.0.0.12_10.0.0.42\", [1, 2, 4]]": [1, -197.29057118760022, []], "[\"10.0.0.13_10.0.0.43\", [1, 3, 4]]": [1, -206.77882381221553, []], "[\"NoTrans\", []]": [0, -140, []]}, "{\"10.0.0.11_10.0.0.41\": [1, 2, 4], \"10.0.0.12_10.0.0.42\": [1, 2, 4], \"10.0.0.13_10.0.0.43\": [1, 3, 4]}": {"[\"10.0.0.11_10.0.0.41\", [1, 3, 4]]": [1, -140.19578938126634, []], "[\"10.0.0.12_10.0.0.42\", [1, 3, 4]]": [1, -206.5985407104279, []], "[\"10.0.0.13_10.0.0.43\", [1, 2, 4]]": [1, -200.06192932128906, []], "[\"NoTrans\", []]": [1, -187.0458341643788, []]}, "{\"10.0.0.11_10.0.0.41\": [1, 2, 4], \"10.0.0.12_10.0.0.42\": [1, 2, 4], \"10.0.0.13_10.0.0.43\": [1, 2, 4]}": {"[\"10.0.0.11_10.0.0.41\", [1, 3, 4]]": [3, -135.22107787445367, []], "[\"10.0.0.12_10.0.0.42\", [1, 3, 4]]": [0, -140, []], "[\"10.0.0.13_10.0.0.43\", [1, 3, 4]]": [1, -186.46324067556165, []], "[\"NoTrans\", []]": [0, -140, []]}}