{"{\"10.0.0.11_10.0.0.41\": [1, 3, 4], \"10.0.0.12_10.0.0.42\": [1, 3, 4], \"10.0.0.13_10.0.0.43\": [1, 3, 4]}": {"[\"10.0.0.11_10.0.0.41\", [1, 2, 4]]": [35, -164.89798653185463, []], "[\"10.0.0.13_10.0.0.43\", [1, 2, 4]]": [17, -289.5555981433513, []], "[\"10.0.0.12_10.0.0.42\", [1, 2, 4]]": [15, -282.2936808749443, []], "[\"NoTrans\", []]": [12, -244.80057881829686, []]}, "{\"10.0.0.11_10.0.0.41\": [1, 3, 4], \"10.0.0.12_10.0.0.42\": [1, 2, 4], \"10.0.0.13_10.0.0.43\": [1, 3, 4]}": {"[\"10.0.0.11_10.0.0.41\", [1, 2, 4]]": [10, -281.3376780599657, []], "[\"10.0.0.13_10.0.0.43\", [1, 2, 4]]": [17, -335.9815767648956, []], "[\"10.0.0.12_10.0.0.42\", [1, 3, 4]]": [19, -243.96663541069856, []], "[\"NoTrans\", []]": [20, -295.06695043600024, []]}, "{\"10.0.0.11_10.0.0.41\": [1, 3, 4], \"10.0.0.12_10.0.0.42\": [1, 3, 4], \"10.0.0.13_10.0.0.43\": [1, 2, 4]}": {"[\"10.0.0.11_10.0.0.41\", [1, 2, 4]]": [15, -290.24570805073614, []], "[\"10.0.0.13_10.0.0.43\", [1, 3, 4]]": [18, -246.38994488133397, []], "[\"10.0.0.12_10.0.0.42\", [1, 2, 4]]": [10, -335.51060152317217, []], "[\"NoTrans\", []]": [14, -279.838922435367, []]}, "{\"10.0.0.11_10.0.0.41\": [1, 3, 4], \"10.0.0.12_10.0.0.42\": [1, 2, 4], \"10.0.0.13_10.0.0.43\": [1, 2, 4]}": {"[\"10.0.0.11_10.0.0.41\", [1, 2, 4]]": [11, -360.23075102269667, []], "[\"10.0.0.13_10.0.0.43\", [1, 3, 4]]": [14, -282.81422714220446, []], "[\"10.0.0.12_10.0.0.42\", [1, 3, 4]]": [9, -283.0424923698082, []], "[\"NoTrans\", []]": [9, -341.3958126751307, []]}, "{\"10.0.0.11_10.0.0.41\": [1, 2, 4], \"10.0.0.12_10.0.0.42\": [1, 3, 4], \"10.0.0.13_10.0.0.43\": [1, 3, 4]}": {"[\"10.0.0.11_10.0.0.41\", [1, 3, 4]]": [31, -239.6367522724641, []], "[\"10.0.0.13_10.0.0.43\", [1, 2, 4]]": [21, -287.1456439107258, []], "[\"10.0.0.12_10.0.0.42\", [1, 2, 4]]": [32, -277.4492823951606, []], "[\"NoTrans\", []]": [60, -162.11748295633282, []]}, "{\"10.0.0.11_10.0.0.41\": [1, 2, 4], \"10.0.0.12_10.0.0.42\": [1, 2, 4], \"10.0.0.13_10.0.0.43\": [1, 3, 4]}": {"[\"10.0.0.11_10.0.0.41\", [1, 3, 4]]": [17, -284.805491081421, []], "[\"10.0.0.13_10.0.0.43\", [1, 2, 4]]": [10, -366.3982352172861, []], "[\"10.0.0.12_10.0.0.42\", [1, 3, 4]]": [24, -213.12846482448597, []], "[\"NoTrans\", []]": [16, -278.3945641634888, []]}, "{\"10.0.0.11_10.0.0.41\": [1, 2, 4], \"10.0.0.12_10.0.0.42\": [1, 3, 4], \"10.0.0.13_10.0.0.43\": [1, 2, 4]}": {"[\"10.0.0.11_10.0.0.41\", [1, 3, 4]]": [17, -280.5290816974611, []], "[\"10.0.0.13_10.0.0.43\", [1, 3, 4]]": [25, -220.39926059290943, []], "[\"10.0.0.12_10.0.0.42\", [1, 2, 4]]": [5, -331.0759470365891, []], "[\"NoTrans\", []]": [12, -288.09320262325906, []]}, "{\"10.0.0.11_10.0.0.41\": [1, 2, 4], \"10.0.0.12_10.0.0.42\": [1, 2, 4], \"10.0.0.13_10.0.0.43\": [1, 2, 4]}": {"[\"10.0.0.11_10.0.0.41\", [1, 3, 4]]": [7, -331.7216698526164, []], "[\"10.0.0.13_10.0.0.43\", [1, 3, 4]]": [9, -296.00918262298404, []], "[\"10.0.0.12_10.0.0.42\", [1, 3, 4]]": [11, -284.3944848297905, []], "[\"NoTrans\", []]": [10, -367.78698867769725, []]}}