{"{\"10.0.0.11_10.0.0.41\": [1, 3, 4], \"10.0.0.12_10.0.0.42\": [1, 3, 4], \"10.0.0.13_10.0.0.43\": [1, 3, 4]}": {"[\"10.0.0.12_10.0.0.42\", [1, 2, 4]]": [1, -205.80732332858264, []], "[\"10.0.0.13_10.0.0.43\", [1, 2, 4]]": [1, -185.81753650324998, []], "[\"10.0.0.11_10.0.0.41\", [1, 2, 4]]": [1, -163.2013250351349, []], "[\"NoTrans\", []]": [1, -186.7122885253515, []]}, "{\"10.0.0.11_10.0.0.41\": [1, 2, 4], \"10.0.0.12_10.0.0.42\": [1, 3, 4], \"10.0.0.13_10.0.0.43\": [1, 3, 4]}": {"[\"10.0.0.12_10.0.0.42\", [1, 2, 4]]": [1, -202.24436962901024, []], "[\"10.0.0.13_10.0.0.43\", [1, 2, 4]]": [1, -204.10573996499016, []], "[\"10.0.0.11_10.0.0.41\", [1, 3, 4]]": [1, -202.6210189819336, []], "[\"NoTrans\", []]": [662, -128.83395221698066, []]}, "{\"10.0.0.11_10.0.0.41\": [1, 3, 4], \"10.0.0.12_10.0.0.42\": [1, 3, 4], \"10.0.0.13_10.0.0.43\": [1, 2, 4]}": {"[\"10.0.0.12_10.0.0.42\", [1, 2, 4]]": [1, -206.16544700532853, []], "[\"10.0.0.13_10.0.0.43\", [1, 3, 4]]": [1, -202.68548736572265, []], "[\"10.0.0.11_10.0.0.41\", [1, 2, 4]]": [1, -203.87663886947215, []], "[\"NoTrans\", []]": [1, -186.5153193744806, []]}, "{\"10.0.0.11_10.0.0.41\": [1, 2, 4], \"10.0.0.12_10.0.0.42\": [1, 3, 4], \"10.0.0.13_10.0.0.43\": [1, 2, 4]}": {"[\"10.0.0.12_10.0.0.42\", [1, 2, 4]]": [1, -221.73379669189455, []], "[\"10.0.0.13_10.0.0.43\", [1, 3, 4]]": [1, -172.97078228890285, []], "[\"10.0.0.11_10.0.0.41\", [1, 3, 4]]": [1, -187.84713149340186, []], "[\"NoTrans\", []]": [0, -140, []]}, "{\"10.0.0.11_10.0.0.41\": [1, 3, 4], \"10.0.0.12_10.0.0.42\": [1, 2, 4], \"10.0.0.13_10.0.0.43\": [1, 3, 4]}": {"[\"10.0.0.12_10.0.0.42\", [1, 3, 4]]": [1, -187.45764076658352, []], "[\"10.0.0.13_10.0.0.43\", [1, 2, 4]]": [1, -207.3832523477917, []], "[\"10.0.0.11_10.0.0.41\", [1, 2, 4]]": [1, -204.1747423376563, []], "[\"NoTrans\", []]": [0, -140, []]}, "{\"10.0.0.11_10.0.0.41\": [1, 2, 4], \"10.0.0.12_10.0.0.42\": [1, 2, 4], \"10.0.0.13_10.0.0.43\": [1, 3, 4]}": {"[\"10.0.0.12_10.0.0.42\", [1, 3, 4]]": [2, -180.35924280066024, []], "[\"10.0.0.13_10.0.0.43\", [1, 2, 4]]": [1, -223.30287704467776, []], "[\"10.0.0.11_10.0.0.41\", [1, 3, 4]]": [1, -204.9972730180873, []], "[\"NoTrans\", []]": [1, -205.8169779559854, []]}, "{\"10.0.0.11_10.0.0.41\": [1, 3, 4], \"10.0.0.12_10.0.0.42\": [1, 2, 4], \"10.0.0.13_10.0.0.43\": [1, 2, 4]}": {"[\"10.0.0.12_10.0.0.42\", [1, 3, 4]]": [1, -186.34932391813376, []], "[\"10.0.0.13_10.0.0.43\", [1, 3, 4]]": [1, -187.73487252216577, []], "[\"10.0.0.11_10.0.0.41\", [1, 2, 4]]": [1, -223.17117462158205, []], "[\"NoTrans\", []]": [1, -205.0384179954799, []]}, "{\"10.0.0.11_10.0.0.41\": [1, 2, 4], \"10.0.0.12_10.0.0.42\": [1, 2, 4], \"10.0.0.13_10.0.0.43\": [1, 2, 4]}": {"[\"10.0.0.12_10.0.0.42\", [1, 3, 4]]": [1, -205.47968185389203, []], "[\"10.0.0.13_10.0.0.43\", [1, 3, 4]]": [1, -228.61312075429942, []], "[\"10.0.0.11_10.0.0.41\", [1, 3, 4]]": [1, -204.4639563227098, []], "[\"NoTrans\", []]": [1, -223.20827255249026, []]}}