{"{\"10.0.0.11_10.0.0.41\": [1, 3, 4], \"10.0.0.12_10.0.0.42\": [1, 3, 4], \"10.0.0.13_10.0.0.43\": [1, 3, 4]}": {"[\"10.0.0.12_10.0.0.42\", [1, 2, 4]]": [1, -141.27016179463646, []], "[\"10.0.0.13_10.0.0.43\", [1, 2, 4]]": [0, -140, []], "[\"10.0.0.11_10.0.0.41\", [1, 2, 4]]": [3, -138.59656939245653, []], "[\"NoTrans\", []]": [1, -196.85825119018554, []]}, "{\"10.0.0.11_10.0.0.41\": [1, 2, 4], \"10.0.0.12_10.0.0.42\": [1, 3, 4], \"10.0.0.13_10.0.0.43\": [1, 3, 4]}": {"[\"10.0.0.12_10.0.0.42\", [1, 2, 4]]": [1, -201.4360903798009, []], "[\"10.0.0.13_10.0.0.43\", [1, 2, 4]]": [1, -201.2212455963632, []], "[\"10.0.0.11_10.0.0.41\", [1, 3, 4]]": [1, -195.84950170040696, []], "[\"NoTrans\", []]": [364, -115.67651552663193, []]}, "{\"10.0.0.11_10.0.0.41\": [1, 3, 4], \"10.0.0.12_10.0.0.42\": [1, 3, 4], \"10.0.0.13_10.0.0.43\": [1, 2, 4]}": {"[\"10.0.0.12_10.0.0.42\", [1, 2, 4]]": [1, -202.6816844031445, []], "[\"10.0.0.13_10.0.0.43\", [1, 3, 4]]": [1, -196.20964988599138, []], "[\"10.0.0.11_10.0.0.41\", [1, 2, 4]]": [0, -140, []], "[\"NoTrans\", []]": [1, -183.74084141983536, []]}, "{\"10.0.0.11_10.0.0.41\": [1, 2, 4], \"10.0.0.12_10.0.0.42\": [1, 3, 4], \"10.0.0.13_10.0.0.43\": [1, 2, 4]}": {"[\"10.0.0.12_10.0.0.42\", [1, 2, 4]]": [1, -214.45955047607424, []], "[\"10.0.0.13_10.0.0.43\", [1, 3, 4]]": [0, -140, []], "[\"10.0.0.11_10.0.0.41\", [1, 3, 4]]": [1, -183.10447091117447, []], "[\"NoTrans\", []]": [1, -201.5462464107764, []]}, "{\"10.0.0.11_10.0.0.41\": [1, 3, 4], \"10.0.0.12_10.0.0.42\": [1, 2, 4], \"10.0.0.13_10.0.0.43\": [1, 3, 4]}": {"[\"10.0.0.12_10.0.0.42\", [1, 3, 4]]": [1, -197.04002151489257, []], "[\"10.0.0.13_10.0.0.43\", [1, 2, 4]]": [2, -200.2242920021852, []], "[\"10.0.0.11_10.0.0.41\", [1, 2, 4]]": [0, -140, []], "[\"NoTrans\", []]": [0, -140, []]}, "{\"10.0.0.11_10.0.0.41\": [1, 2, 4], \"10.0.0.12_10.0.0.42\": [1, 2, 4], \"10.0.0.13_10.0.0.43\": [1, 3, 4]}": {"[\"10.0.0.12_10.0.0.42\", [1, 3, 4]]": [1, -168.43001180808363, []], "[\"10.0.0.13_10.0.0.43\", [1, 2, 4]]": [1, -216.71546707153323, []], "[\"10.0.0.11_10.0.0.41\", [1, 3, 4]]": [0, -140, []], "[\"NoTrans\", []]": [0, -140, []]}, "{\"10.0.0.11_10.0.0.41\": [1, 3, 4], \"10.0.0.12_10.0.0.42\": [1, 2, 4], \"10.0.0.13_10.0.0.43\": [1, 2, 4]}": {"[\"10.0.0.12_10.0.0.42\", [1, 3, 4]]": [1, -183.2234709191128, []], "[\"10.0.0.13_10.0.0.43\", [1, 3, 4]]": [2, -191.8523996680043, []], "[\"10.0.0.11_10.0.0.41\", [1, 2, 4]]": [1, -215.24804840087893, []], "[\"NoTrans\", []]": [399, -228.4441679353468, []]}, "{\"10.0.0.11_10.0.0.41\": [1, 2, 4], \"10.0.0.12_10.0.0.42\": [1, 2, 4], \"10.0.0.13_10.0.0.43\": [1, 2, 4]}": {"[\"10.0.0.12_10.0.0.42\", [1, 3, 4]]": [1, -201.1659799893662, []], "[\"10.0.0.13_10.0.0.43\", [1, 3, 4]]": [1, -199.02121061546524, []], "[\"10.0.0.11_10.0.0.41\", [1, 3, 4]]": [1, -223.71944931770406, []], "[\"NoTrans\", []]": [0, -140, []]}}