{"{\"10.0.0.11_10.0.0.41\": [1, 3, 4], \"10.0.0.12_10.0.0.42\": [1, 3, 4], \"10.0.0.13_10.0.0.43\": [1, 3, 4]}": {"[\"10.0.0.11_10.0.0.41\", [1, 2, 4]]": [46, -123.41553491804873, []], "[\"10.0.0.13_10.0.0.43\", [1, 2, 4]]": [7, -250.9379737128027, []], "[\"10.0.0.12_10.0.0.42\", [1, 2, 4]]": [2, -252.54838012086063, []], "[\"NoTrans\", []]": [5, -207.55536188326104, []]}, "{\"10.0.0.11_10.0.0.41\": [1, 3, 4], \"10.0.0.12_10.0.0.42\": [1, 2, 4], \"10.0.0.13_10.0.0.43\": [1, 3, 4]}": {"[\"10.0.0.11_10.0.0.41\", [1, 2, 4]]": [4, -319.3728389319781, []], "[\"10.0.0.13_10.0.0.43\", [1, 2, 4]]": [20, -317.46203035191553, []], "[\"10.0.0.12_10.0.0.42\", [1, 3, 4]]": [4, -205.82273958480752, []], "[\"NoTrans\", []]": [0, -Infinity, []]}, "{\"10.0.0.11_10.0.0.41\": [1, 3, 4], \"10.0.0.12_10.0.0.42\": [1, 3, 4], \"10.0.0.13_10.0.0.43\": [1, 2, 4]}": {"[\"10.0.0.11_10.0.0.41\", [1, 2, 4]]": [12, -315.0145010107574, []], "[\"10.0.0.13_10.0.0.43\", [1, 3, 4]]": [39, -206.55052921723498, []], "[\"10.0.0.12_10.0.0.42\", [1, 2, 4]]": [3, -308.4895282279972, []], "[\"NoTrans\", []]": [5, -256.9630227115731, []]}, "{\"10.0.0.11_10.0.0.41\": [1, 3, 4], \"10.0.0.12_10.0.0.42\": [1, 2, 4], \"10.0.0.13_10.0.0.43\": [1, 2, 4]}": {"[\"10.0.0.11_10.0.0.41\", [1, 2, 4]]": [5, -350.9396365384327, []], "[\"10.0.0.13_10.0.0.43\", [1, 3, 4]]": [4, -305.5611681162327, []], "[\"10.0.0.12_10.0.0.42\", [1, 3, 4]]": [22, -255.15052047307606, []], "[\"NoTrans\", []]": [5, -278.29497376231274, []]}, "{\"10.0.0.11_10.0.0.41\": [1, 2, 4], \"10.0.0.12_10.0.0.42\": [1, 3, 4], \"10.0.0.13_10.0.0.43\": [1, 3, 4]}": {"[\"10.0.0.11_10.0.0.41\", [1, 3, 4]]": [12, -206.8216677101055, []], "[\"10.0.0.13_10.0.0.43\", [1, 2, 4]]": [16, -245.8656189107446, []], "[\"10.0.0.12_10.0.0.42\", [1, 2, 4]]": [19, -311.62978606992056, []], "[\"NoTrans\", []]": [265, -116.80364358648772, []]}, "{\"10.0.0.11_10.0.0.41\": [1, 2, 4], \"10.0.0.12_10.0.0.42\": [1, 2, 4], \"10.0.0.13_10.0.0.43\": [1, 3, 4]}": {"[\"10.0.0.11_10.0.0.41\", [1, 3, 4]]": [22, -248.03517012942137, []], "[\"10.0.0.13_10.0.0.43\", [1, 2, 4]]": [1, -301.93859156159516, []], "[\"10.0.0.12_10.0.0.42\", [1, 3, 4]]": [0, -Infinity, []], "[\"NoTrans\", []]": [0, -Infinity, []]}, "{\"10.0.0.11_10.0.0.41\": [1, 2, 4], \"10.0.0.12_10.0.0.42\": [1, 3, 4], \"10.0.0.13_10.0.0.43\": [1, 2, 4]}": {"[\"10.0.0.11_10.0.0.41\", [1, 3, 4]]": [25, -262.3147572607879, []], "[\"10.0.0.13_10.0.0.43\", [1, 3, 4]]": [2, -173.17111238493686, []], "[\"10.0.0.12_10.0.0.42\", [1, 2, 4]]": [5, -261.77239759485684, []], "[\"NoTrans\", []]": [52, -310.57184808928656, []]}, "{\"10.0.0.11_10.0.0.41\": [1, 2, 4], \"10.0.0.12_10.0.0.42\": [1, 2, 4], \"10.0.0.13_10.0.0.43\": [1, 2, 4]}": {"[\"10.0.0.11_10.0.0.41\", [1, 3, 4]]": [8, -309.04341864112274, []], "[\"10.0.0.13_10.0.0.43\", [1, 3, 4]]": [0, -Infinity, []], "[\"10.0.0.12_10.0.0.42\", [1, 3, 4]]": [3, -306.74819490612003, []], "[\"NoTrans\", []]": [0, -Infinity, []]}}