{"{\"10.0.0.11_10.0.0.41\": [1, 3, 4], \"10.0.0.12_10.0.0.42\": [1, 3, 4], \"10.0.0.13_10.0.0.43\": [1, 3, 4]}": {"[\"10.0.0.12_10.0.0.42\", [1, 2, 4]]": [14, -274.88125942961955, []], "[\"10.0.0.11_10.0.0.41\", [1, 2, 4]]": [25, -176.6600015119118, []], "[\"10.0.0.13_10.0.0.43\", [1, 2, 4]]": [13, -274.84772921765136, []], "[\"NoTrans\", []]": [21, -241.32592987235958, []]}, "{\"10.0.0.11_10.0.0.41\": [1, 3, 4], \"10.0.0.12_10.0.0.42\": [1, 3, 4], \"10.0.0.13_10.0.0.43\": [1, 2, 4]}": {"[\"10.0.0.12_10.0.0.42\", [1, 2, 4]]": [7, -335.3981679674212, []], "[\"10.0.0.11_10.0.0.41\", [1, 2, 4]]": [17, -267.24553024356396, []], "[\"10.0.0.13_10.0.0.43\", [1, 3, 4]]": [14, -240.1397868788792, []], "[\"NoTrans\", []]": [21, -296.98973463719256, []]}, "{\"10.0.0.11_10.0.0.41\": [1, 2, 4], \"10.0.0.12_10.0.0.42\": [1, 3, 4], \"10.0.0.13_10.0.0.43\": [1, 3, 4]}": {"[\"10.0.0.12_10.0.0.42\", [1, 2, 4]]": [22, -267.0398669705986, []], "[\"10.0.0.11_10.0.0.41\", [1, 3, 4]]": [23, -244.8008350703517, []], "[\"10.0.0.13_10.0.0.43\", [1, 2, 4]]": [23, -266.27881838766746, []], "[\"NoTrans\", []]": [24, -168.13997968211626, []]}, "{\"10.0.0.11_10.0.0.41\": [1, 2, 4], \"10.0.0.12_10.0.0.42\": [1, 3, 4], \"10.0.0.13_10.0.0.43\": [1, 2, 4]}": {"[\"10.0.0.12_10.0.0.42\", [1, 2, 4]]": [15, -340.19157062401365, []], "[\"10.0.0.11_10.0.0.41\", [1, 3, 4]]": [16, -283.72540861815145, []], "[\"10.0.0.13_10.0.0.43\", [1, 3, 4]]": [28, -203.10787077676338, []], "[\"NoTrans\", []]": [22, -268.32139385871807, []]}, "{\"10.0.0.11_10.0.0.41\": [1, 3, 4], \"10.0.0.12_10.0.0.42\": [1, 2, 4], \"10.0.0.13_10.0.0.43\": [1, 3, 4]}": {"[\"10.0.0.12_10.0.0.42\", [1, 3, 4]]": [16, -240.6894657133218, []], "[\"10.0.0.11_10.0.0.41\", [1, 2, 4]]": [18, -269.87463105384103, []], "[\"10.0.0.13_10.0.0.43\", [1, 2, 4]]": [7, -330.61871478871785, []], "[\"NoTrans\", []]": [20, -278.4977699300393, []]}, "{\"10.0.0.11_10.0.0.41\": [1, 3, 4], \"10.0.0.12_10.0.0.42\": [1, 2, 4], \"10.0.0.13_10.0.0.43\": [1, 2, 4]}": {"[\"10.0.0.12_10.0.0.42\", [1, 3, 4]]": [8, -279.9149425662836, []], "[\"10.0.0.11_10.0.0.41\", [1, 2, 4]]": [11, -343.08910755036237, []], "[\"10.0.0.13_10.0.0.43\", [1, 3, 4]]": [10, -275.3786494523445, []], "[\"NoTrans\", []]": [7, -338.8543968342005, []]}, "{\"10.0.0.11_10.0.0.41\": [1, 2, 4], \"10.0.0.12_10.0.0.42\": [1, 2, 4], \"10.0.0.13_10.0.0.43\": [1, 3, 4]}": {"[\"10.0.0.12_10.0.0.42\", [1, 3, 4]]": [15, -202.41359080377381, []], "[\"10.0.0.11_10.0.0.41\", [1, 3, 4]]": [17, -285.41986558210107, []], "[\"10.0.0.13_10.0.0.43\", [1, 2, 4]]": [23, -346.76588052426206, []], "[\"NoTrans\", []]": [21, -271.28177122155614, []]}, "{\"10.0.0.11_10.0.0.41\": [1, 2, 4], \"10.0.0.12_10.0.0.42\": [1, 2, 4], \"10.0.0.13_10.0.0.43\": [1, 2, 4]}": {"[\"10.0.0.12_10.0.0.42\", [1, 3, 4]]": [19, -269.27877117893433, []], "[\"10.0.0.11_10.0.0.41\", [1, 3, 4]]": [15, -326.9904524610157, []], "[\"10.0.0.13_10.0.0.43\", [1, 3, 4]]": [15, -268.55829392330054, []], "[\"NoTrans\", []]": [13, -346.6294216295252, []]}}