{"{\"10.0.0.11_10.0.0.41\": [1, 3, 4], \"10.0.0.12_10.0.0.42\": [1, 3, 4], \"10.0.0.13_10.0.0.43\": [1, 3, 4]}": {"[\"10.0.0.12_10.0.0.42\", [1, 2, 4]]": [1, -186.82768450401696, []], "[\"10.0.0.11_10.0.0.41\", [1, 2, 4]]": [1, -153.7179403028714, []], "[\"10.0.0.13_10.0.0.43\", [1, 2, 4]]": [1, -181.03432002465934, []], "[\"NoTrans\", []]": [1, -202.7816177368164, []]}, "{\"10.0.0.11_10.0.0.41\": [1, 3, 4], \"10.0.0.12_10.0.0.42\": [1, 3, 4], \"10.0.0.13_10.0.0.43\": [1, 2, 4]}": {"[\"10.0.0.12_10.0.0.42\", [1, 2, 4]]": [1, -203.52332555565886, []], "[\"10.0.0.11_10.0.0.41\", [1, 2, 4]]": [2, -227.80988543535986, []], "[\"10.0.0.13_10.0.0.43\", [1, 3, 4]]": [1, -198.3112693786621, []], "[\"NoTrans\", []]": [1, -182.74065458906801, []]}, "{\"10.0.0.11_10.0.0.41\": [1, 2, 4], \"10.0.0.12_10.0.0.42\": [1, 3, 4], \"10.0.0.13_10.0.0.43\": [1, 3, 4]}": {"[\"10.0.0.12_10.0.0.42\", [1, 2, 4]]": [1, -202.9313227829292, []], "[\"10.0.0.11_10.0.0.41\", [1, 3, 4]]": [1, -201.00730667114257, []], "[\"10.0.0.13_10.0.0.43\", [1, 2, 4]]": [1, -203.74538044336094, []], "[\"NoTrans\", []]": [355, -126.4571553969182, []]}, "{\"10.0.0.11_10.0.0.41\": [1, 2, 4], \"10.0.0.12_10.0.0.42\": [1, 3, 4], \"10.0.0.13_10.0.0.43\": [1, 2, 4]}": {"[\"10.0.0.12_10.0.0.42\", [1, 2, 4]]": [1, -220.08584747314455, []], "[\"10.0.0.11_10.0.0.41\", [1, 3, 4]]": [1, -187.52281728137808, []], "[\"10.0.0.13_10.0.0.43\", [1, 3, 4]]": [2, -178.45156083738823, []], "[\"NoTrans\", []]": [398, -180.04845792818878, []]}, "{\"10.0.0.11_10.0.0.41\": [1, 3, 4], \"10.0.0.12_10.0.0.42\": [1, 2, 4], \"10.0.0.13_10.0.0.43\": [1, 3, 4]}": {"[\"10.0.0.12_10.0.0.42\", [1, 3, 4]]": [1, -201.1841178894043, []], "[\"10.0.0.11_10.0.0.41\", [1, 2, 4]]": [1, -207.0093897836653, []], "[\"10.0.0.13_10.0.0.43\", [1, 2, 4]]": [1, -204.69930563288898, []], "[\"NoTrans\", []]": [0, -140, []]}, "{\"10.0.0.11_10.0.0.41\": [1, 3, 4], \"10.0.0.12_10.0.0.42\": [1, 2, 4], \"10.0.0.13_10.0.0.43\": [1, 2, 4]}": {"[\"10.0.0.12_10.0.0.42\", [1, 3, 4]]": [1, -188.2424656397832, []], "[\"10.0.0.11_10.0.0.41\", [1, 2, 4]]": [1, -223.9835144042969, []], "[\"10.0.0.13_10.0.0.43\", [1, 3, 4]]": [1, -186.66182303685537, []], "[\"NoTrans\", []]": [1, -204.343185666088, []]}, "{\"10.0.0.11_10.0.0.41\": [1, 2, 4], \"10.0.0.12_10.0.0.42\": [1, 2, 4], \"10.0.0.13_10.0.0.43\": [1, 3, 4]}": {"[\"10.0.0.12_10.0.0.42\", [1, 3, 4]]": [1, -169.08640539060872, []], "[\"10.0.0.11_10.0.0.41\", [1, 3, 4]]": [1, -187.81673773160128, []], "[\"10.0.0.13_10.0.0.43\", [1, 2, 4]]": [1, -225.34335861206057, []], "[\"NoTrans\", []]": [1, -207.65307922875996, []]}, "{\"10.0.0.11_10.0.0.41\": [1, 2, 4], \"10.0.0.12_10.0.0.42\": [1, 2, 4], \"10.0.0.13_10.0.0.43\": [1, 2, 4]}": {"[\"10.0.0.12_10.0.0.42\", [1, 3, 4]]": [1, -202.941125429459, []], "[\"10.0.0.11_10.0.0.41\", [1, 3, 4]]": [1, -201.61110576387313, []], "[\"10.0.0.13_10.0.0.43\", [1, 3, 4]]": [1, -202.25130038569756, []], "[\"NoTrans\", []]": [1, -223.02745590209963, []]}}