{"{\"10.0.0.11_10.0.0.41\": [1, 3, 4], \"10.0.0.12_10.0.0.42\": [1, 3, 4], \"10.0.0.13_10.0.0.43\": [1, 3, 4]}": {"[\"10.0.0.12_10.0.0.42\", [1, 2, 4]]": [0, -140, []], "[\"10.0.0.13_10.0.0.43\", [1, 2, 4]]": [1, -185.92083290300624, []], "[\"10.0.0.11_10.0.0.41\", [1, 2, 4]]": [1, -148.47097434758808, []], "[\"NoTrans\", []]": [1, -201.20586166381835, []]}, "{\"10.0.0.11_10.0.0.41\": [1, 2, 4], \"10.0.0.12_10.0.0.42\": [1, 3, 4], \"10.0.0.13_10.0.0.43\": [1, 3, 4]}": {"[\"10.0.0.12_10.0.0.42\", [1, 2, 4]]": [1, -204.18389518296283, []], "[\"10.0.0.13_10.0.0.43\", [1, 2, 4]]": [1, -206.16859573270884, []], "[\"10.0.0.11_10.0.0.41\", [1, 3, 4]]": [1, -201.5996337890625, []], "[\"NoTrans\", []]": [661, -122.0904286180347, []]}, "{\"10.0.0.11_10.0.0.41\": [1, 3, 4], \"10.0.0.12_10.0.0.42\": [1, 3, 4], \"10.0.0.13_10.0.0.43\": [1, 2, 4]}": {"[\"10.0.0.12_10.0.0.42\", [1, 2, 4]]": [1, -203.4778494609299, []], "[\"10.0.0.13_10.0.0.43\", [1, 3, 4]]": [1, -202.31975326538085, []], "[\"10.0.0.11_10.0.0.41\", [1, 2, 4]]": [1, -203.40511510157836, []], "[\"NoTrans\", []]": [1, -185.4182766768888, []]}, "{\"10.0.0.11_10.0.0.41\": [1, 2, 4], \"10.0.0.12_10.0.0.42\": [1, 3, 4], \"10.0.0.13_10.0.0.43\": [1, 2, 4]}": {"[\"10.0.0.12_10.0.0.42\", [1, 2, 4]]": [1, -185.69985661484685, []], "[\"10.0.0.13_10.0.0.43\", [1, 3, 4]]": [1, -174.44194877155422, []], "[\"10.0.0.11_10.0.0.41\", [1, 3, 4]]": [1, -186.8503464982503, []], "[\"NoTrans\", []]": [0, -140, []]}, "{\"10.0.0.11_10.0.0.41\": [1, 3, 4], \"10.0.0.12_10.0.0.42\": [1, 2, 4], \"10.0.0.13_10.0.0.43\": [1, 3, 4]}": {"[\"10.0.0.12_10.0.0.42\", [1, 3, 4]]": [0, -140, []], "[\"10.0.0.13_10.0.0.43\", [1, 2, 4]]": [1, -205.00622578761164, []], "[\"10.0.0.11_10.0.0.41\", [1, 2, 4]]": [1, -207.50716700949278, []], "[\"NoTrans\", []]": [1, -187.743474427453, []]}, "{\"10.0.0.11_10.0.0.41\": [1, 2, 4], \"10.0.0.12_10.0.0.42\": [1, 2, 4], \"10.0.0.13_10.0.0.43\": [1, 3, 4]}": {"[\"10.0.0.12_10.0.0.42\", [1, 3, 4]]": [2, -178.54306857544265, []], "[\"10.0.0.13_10.0.0.43\", [1, 2, 4]]": [1, -250.65811478265385, []], "[\"10.0.0.11_10.0.0.41\", [1, 3, 4]]": [1, -186.21100842081128, []], "[\"NoTrans\", []]": [1, -205.39065751054136, []]}, "{\"10.0.0.11_10.0.0.41\": [1, 3, 4], \"10.0.0.12_10.0.0.42\": [1, 2, 4], \"10.0.0.13_10.0.0.43\": [1, 2, 4]}": {"[\"10.0.0.12_10.0.0.42\", [1, 3, 4]]": [1, -184.37546326724154, []], "[\"10.0.0.13_10.0.0.43\", [1, 3, 4]]": [1, -187.30100283796938, []], "[\"10.0.0.11_10.0.0.41\", [1, 2, 4]]": [1, -226.60926589965823, []], "[\"NoTrans\", []]": [1, -204.5220499568344, []]}, "{\"10.0.0.11_10.0.0.41\": [1, 2, 4], \"10.0.0.12_10.0.0.42\": [1, 2, 4], \"10.0.0.13_10.0.0.43\": [1, 2, 4]}": {"[\"10.0.0.12_10.0.0.42\", [1, 3, 4]]": [1, -202.08095321655273, []], "[\"10.0.0.13_10.0.0.43\", [1, 3, 4]]": [2, -233.48139956746496, []], "[\"10.0.0.11_10.0.0.41\", [1, 3, 4]]": [1, -202.91349604384106, []], "[\"NoTrans\", []]": [2, -260.2360768859089, []]}}