{"{\"10.0.0.11_10.0.0.41\": [1, 3, 4], \"10.0.0.12_10.0.0.42\": [1, 3, 4], \"10.0.0.13_10.0.0.43\": [1, 3, 4]}": {"[\"10.0.0.12_10.0.0.42\", [1, 2, 4]]": [1, -195.77232978109953, []], "[\"10.0.0.11_10.0.0.41\", [1, 2, 4]]": [1, -143.21793876919887, []], "[\"10.0.0.13_10.0.0.43\", [1, 2, 4]]": [1, -208.9937515165392, []], "[\"NoTrans\", []]": [1, -228.1958938598633, []]}, "{\"10.0.0.11_10.0.0.41\": [1, 3, 4], \"10.0.0.12_10.0.0.42\": [1, 3, 4], \"10.0.0.13_10.0.0.43\": [1, 2, 4]}": {"[\"10.0.0.12_10.0.0.42\", [1, 2, 4]]": [1, -177.17216100970555, []], "[\"10.0.0.11_10.0.0.41\", [1, 2, 4]]": [1, -138.17860536680905, []], "[\"10.0.0.13_10.0.0.43\", [1, 3, 4]]": [1, -226.96775207519534, []], "[\"NoTrans\", []]": [1, -208.51562017468632, []]}, "{\"10.0.0.11_10.0.0.41\": [1, 2, 4], \"10.0.0.12_10.0.0.42\": [1, 3, 4], \"10.0.0.13_10.0.0.43\": [1, 3, 4]}": {"[\"10.0.0.12_10.0.0.42\", [1, 2, 4]]": [1, -186.385609371089, []], "[\"10.0.0.11_10.0.0.41\", [1, 3, 4]]": [1, -228.6576629638672, []], "[\"10.0.0.13_10.0.0.43\", [1, 2, 4]]": [5, -143.42964648987862, []], "[\"NoTrans\", []]": [2, -139.99729339924983, []]}, "{\"10.0.0.11_10.0.0.41\": [1, 2, 4], \"10.0.0.12_10.0.0.42\": [1, 3, 4], \"10.0.0.13_10.0.0.43\": [1, 2, 4]}": {"[\"10.0.0.12_10.0.0.42\", [1, 2, 4]]": [1, -198.35885628975439, []], "[\"10.0.0.11_10.0.0.41\", [1, 3, 4]]": [1, -209.02287777847414, []], "[\"10.0.0.13_10.0.0.43\", [1, 3, 4]]": [6, -142.2078807750848, []], "[\"NoTrans\", []]": [50, -150.18593970024958, []]}, "{\"10.0.0.11_10.0.0.41\": [1, 3, 4], \"10.0.0.12_10.0.0.42\": [1, 2, 4], \"10.0.0.13_10.0.0.43\": [1, 3, 4]}": {"[\"10.0.0.12_10.0.0.42\", [1, 3, 4]]": [1, -227.8916717529297, []], "[\"10.0.0.11_10.0.0.41\", [1, 2, 4]]": [1, -184.99112912574347, []], "[\"10.0.0.13_10.0.0.43\", [1, 2, 4]]": [51, -183.48461473810312, []], "[\"NoTrans\", []]": [2, -176.57900995392407, []]}, "{\"10.0.0.11_10.0.0.41\": [1, 3, 4], \"10.0.0.12_10.0.0.42\": [1, 2, 4], \"10.0.0.13_10.0.0.43\": [1, 2, 4]}": {"[\"10.0.0.12_10.0.0.42\", [1, 3, 4]]": [1, -205.12174068149739, []], "[\"10.0.0.11_10.0.0.41\", [1, 2, 4]]": [1, -198.61720809936523, []], "[\"10.0.0.13_10.0.0.43\", [1, 3, 4]]": [50, -203.7887153365164, []], "[\"NoTrans\", []]": [598, -129.55676650991006, []]}, "{\"10.0.0.11_10.0.0.41\": [1, 2, 4], \"10.0.0.12_10.0.0.42\": [1, 2, 4], \"10.0.0.13_10.0.0.43\": [1, 3, 4]}": {"[\"10.0.0.12_10.0.0.42\", [1, 3, 4]]": [0, -140, []], "[\"10.0.0.11_10.0.0.41\", [1, 3, 4]]": [2, -140.68381862686863, []], "[\"10.0.0.13_10.0.0.43\", [1, 2, 4]]": [1, -199.25254592895507, []], "[\"NoTrans\", []]": [1, -185.10429095035607, []]}, "{\"10.0.0.11_10.0.0.41\": [1, 2, 4], \"10.0.0.12_10.0.0.42\": [1, 2, 4], \"10.0.0.13_10.0.0.43\": [1, 2, 4]}": {"[\"10.0.0.12_10.0.0.42\", [1, 3, 4]]": [2, -141.14656645613928, []], "[\"10.0.0.11_10.0.0.41\", [1, 3, 4]]": [1, -140.4823443500563, []], "[\"10.0.0.13_10.0.0.43\", [1, 3, 4]]": [1, -188.9451815293722, []], "[\"NoTrans\", []]": [0, -140, []]}}