{"{\"10.0.0.11_10.0.0.41\": [1, 3, 4], \"10.0.0.12_10.0.0.42\": [1, 3, 4], \"10.0.0.13_10.0.0.43\": [1, 3, 4]}": {"[\"10.0.0.13_10.0.0.43\", [1, 2, 4]]": [3, -229.68062631308084, []], "[\"10.0.0.12_10.0.0.42\", [1, 2, 4]]": [2, -214.66287703639622, []], "[\"10.0.0.11_10.0.0.41\", [1, 2, 4]]": [4, -147.2617611363501, []], "[\"NoTrans\", []]": [2, -214.3504589380009, []]}, "{\"10.0.0.11_10.0.0.41\": [1, 2, 4], \"10.0.0.12_10.0.0.42\": [1, 3, 4], \"10.0.0.13_10.0.0.43\": [1, 3, 4]}": {"[\"10.0.0.13_10.0.0.43\", [1, 2, 4]]": [3, -197.90839049301297, []], "[\"10.0.0.12_10.0.0.42\", [1, 2, 4]]": [2, -226.89515025283197, []], "[\"10.0.0.11_10.0.0.41\", [1, 3, 4]]": [3, -220.98537615731487, []], "[\"NoTrans\", []]": [596, -127.81058387357939, []]}, "{\"10.0.0.11_10.0.0.41\": [1, 3, 4], \"10.0.0.12_10.0.0.42\": [1, 2, 4], \"10.0.0.13_10.0.0.43\": [1, 3, 4]}": {"[\"10.0.0.13_10.0.0.43\", [1, 2, 4]]": [2, -196.02566656366412, []], "[\"10.0.0.12_10.0.0.42\", [1, 3, 4]]": [3, -232.16437307937096, []], "[\"10.0.0.11_10.0.0.41\", [1, 2, 4]]": [2, -227.9761414503113, []], "[\"NoTrans\", []]": [2, -201.34704436035733, []]}, "{\"10.0.0.11_10.0.0.41\": [1, 2, 4], \"10.0.0.12_10.0.0.42\": [1, 2, 4], \"10.0.0.13_10.0.0.43\": [1, 3, 4]}": {"[\"10.0.0.13_10.0.0.43\", [1, 2, 4]]": [2, -219.5707653426098, []], "[\"10.0.0.12_10.0.0.42\", [1, 3, 4]]": [2, -175.5215054477993, []], "[\"10.0.0.11_10.0.0.41\", [1, 3, 4]]": [2, -203.39890398939434, []], "[\"NoTrans\", []]": [1, -174.81747878893785, []]}, "{\"10.0.0.11_10.0.0.41\": [1, 3, 4], \"10.0.0.12_10.0.0.42\": [1, 3, 4], \"10.0.0.13_10.0.0.43\": [1, 2, 4]}": {"[\"10.0.0.13_10.0.0.43\", [1, 3, 4]]": [3, -216.28639820121413, []], "[\"10.0.0.12_10.0.0.42\", [1, 2, 4]]": [4, -235.67632264380933, []], "[\"10.0.0.11_10.0.0.41\", [1, 2, 4]]": [3, -213.48623682409772, []], "[\"NoTrans\", []]": [3, -215.56311009928805, []]}, "{\"10.0.0.11_10.0.0.41\": [1, 2, 4], \"10.0.0.12_10.0.0.42\": [1, 3, 4], \"10.0.0.13_10.0.0.43\": [1, 2, 4]}": {"[\"10.0.0.13_10.0.0.43\", [1, 3, 4]]": [3, -186.46485460052364, []], "[\"10.0.0.12_10.0.0.42\", [1, 2, 4]]": [2, -186.8134120090644, []], "[\"10.0.0.11_10.0.0.41\", [1, 3, 4]]": [3, -215.36382310484606, []], "[\"NoTrans\", []]": [2, -193.10989676364767, []]}, "{\"10.0.0.11_10.0.0.41\": [1, 3, 4], \"10.0.0.12_10.0.0.42\": [1, 2, 4], \"10.0.0.13_10.0.0.43\": [1, 2, 4]}": {"[\"10.0.0.13_10.0.0.43\", [1, 3, 4]]": [3, -226.6903594982063, []], "[\"10.0.0.12_10.0.0.42\", [1, 3, 4]]": [3, -208.99130690804964, []], "[\"10.0.0.11_10.0.0.41\", [1, 2, 4]]": [2, -227.6985155393082, []], "[\"NoTrans\", []]": [2, -202.04735583583417, []]}, "{\"10.0.0.11_10.0.0.41\": [1, 2, 4], \"10.0.0.12_10.0.0.42\": [1, 2, 4], \"10.0.0.13_10.0.0.43\": [1, 2, 4]}": {"[\"10.0.0.13_10.0.0.43\", [1, 3, 4]]": [2, -192.7089102372895, []], "[\"10.0.0.12_10.0.0.42\", [1, 3, 4]]": [2, -225.9465067433172, []], "[\"10.0.0.11_10.0.0.41\", [1, 3, 4]]": [2, -221.9643081400032, []], "[\"NoTrans\", []]": [1, -166.29678755838083, []]}}