{"{\"10.0.0.11_10.0.0.41\": [1, 3, 4], \"10.0.0.12_10.0.0.42\": [1, 3, 4], \"10.0.0.13_10.0.0.43\": [1, 3, 4]}": {"[\"10.0.0.11_10.0.0.41\", [1, 2, 4]]": [7, -163.78713986619644, []], "[\"10.0.0.12_10.0.0.42\", [1, 2, 4]]": [2, -192.43714480316638, []], "[\"10.0.0.13_10.0.0.43\", [1, 2, 4]]": [2, -213.27424867512246, []], "[\"NoTrans\", []]": [3, -215.1513377786367, []]}, "{\"10.0.0.11_10.0.0.41\": [1, 3, 4], \"10.0.0.12_10.0.0.42\": [1, 3, 4], \"10.0.0.13_10.0.0.43\": [1, 2, 4]}": {"[\"10.0.0.11_10.0.0.41\", [1, 2, 4]]": [2, -178.61322968440487, []], "[\"10.0.0.12_10.0.0.42\", [1, 2, 4]]": [2, -216.46894161414085, []], "[\"10.0.0.13_10.0.0.43\", [1, 3, 4]]": [3, -196.6065556341164, []], "[\"NoTrans\", []]": [2, -185.4247562374665, []]}, "{\"10.0.0.11_10.0.0.41\": [1, 3, 4], \"10.0.0.12_10.0.0.42\": [1, 2, 4], \"10.0.0.13_10.0.0.43\": [1, 3, 4]}": {"[\"10.0.0.11_10.0.0.41\", [1, 2, 4]]": [2, -189.48947013446403, []], "[\"10.0.0.12_10.0.0.42\", [1, 3, 4]]": [3, -201.85343557194903, []], "[\"10.0.0.13_10.0.0.43\", [1, 2, 4]]": [2, -217.4783161338621, []], "[\"NoTrans\", []]": [2, -195.0080316363723, []]}, "{\"10.0.0.11_10.0.0.41\": [1, 3, 4], \"10.0.0.12_10.0.0.42\": [1, 2, 4], \"10.0.0.13_10.0.0.43\": [1, 2, 4]}": {"[\"10.0.0.11_10.0.0.41\", [1, 2, 4]]": [2, -234.4194257867034, []], "[\"10.0.0.12_10.0.0.42\", [1, 3, 4]]": [2, -175.71663133246994, []], "[\"10.0.0.13_10.0.0.43\", [1, 3, 4]]": [2, -180.91047492967158, []], "[\"NoTrans\", []]": [1, -178.36936673529752, []]}, "{\"10.0.0.11_10.0.0.41\": [1, 2, 4], \"10.0.0.12_10.0.0.42\": [1, 3, 4], \"10.0.0.13_10.0.0.43\": [1, 3, 4]}": {"[\"10.0.0.11_10.0.0.41\", [1, 3, 4]]": [5, -223.20959623027622, []], "[\"10.0.0.12_10.0.0.42\", [1, 2, 4]]": [4, -227.62345640585812, []], "[\"10.0.0.13_10.0.0.43\", [1, 2, 4]]": [4, -225.91622520805933, []], "[\"NoTrans\", []]": [795, -145.1898013272308, []]}, "{\"10.0.0.11_10.0.0.41\": [1, 2, 4], \"10.0.0.12_10.0.0.42\": [1, 3, 4], \"10.0.0.13_10.0.0.43\": [1, 2, 4]}": {"[\"10.0.0.11_10.0.0.41\", [1, 3, 4]]": [3, -189.64507559420696, []], "[\"10.0.0.12_10.0.0.42\", [1, 2, 4]]": [2, -187.1349879238511, []], "[\"10.0.0.13_10.0.0.43\", [1, 3, 4]]": [3, -179.66482649126806, []], "[\"NoTrans\", []]": [2, -189.51203272772128, []]}, "{\"10.0.0.11_10.0.0.41\": [1, 2, 4], \"10.0.0.12_10.0.0.42\": [1, 2, 4], \"10.0.0.13_10.0.0.43\": [1, 3, 4]}": {"[\"10.0.0.11_10.0.0.41\", [1, 3, 4]]": [3, -212.56651055483306, []], "[\"10.0.0.12_10.0.0.42\", [1, 3, 4]]": [4, -181.1633408532672, []], "[\"10.0.0.13_10.0.0.43\", [1, 2, 4]]": [2, -185.29828586212096, []], "[\"NoTrans\", []]": [2, -187.9979888321692, []]}, "{\"10.0.0.11_10.0.0.41\": [1, 2, 4], \"10.0.0.12_10.0.0.42\": [1, 2, 4], \"10.0.0.13_10.0.0.43\": [1, 2, 4]}": {"[\"10.0.0.11_10.0.0.41\", [1, 3, 4]]": [2, -198.96676401142915, []], "[\"10.0.0.12_10.0.0.42\", [1, 3, 4]]": [2, -204.6896309360315, []], "[\"10.0.0.13_10.0.0.43\", [1, 3, 4]]": [3, -225.45457581053964, []], "[\"NoTrans\", []]": [2, -237.1332395684417, []]}}