{"{\"10.0.0.11_10.0.0.41\": [1, 3, 4], \"10.0.0.12_10.0.0.42\": [1, 3, 4], \"10.0.0.13_10.0.0.43\": [1, 3, 4]}": {"[\"10.0.0.12_10.0.0.42\", [1, 2, 4]]": [2, -187.7960809628312, []], "[\"10.0.0.13_10.0.0.43\", [1, 2, 4]]": [1, -186.130286082517, []], "[\"10.0.0.11_10.0.0.41\", [1, 2, 4]]": [2, -150.91517850772206, []], "[\"NoTrans\", []]": [2, -202.6702926981476, []]}, "{\"10.0.0.11_10.0.0.41\": [1, 2, 4], \"10.0.0.12_10.0.0.42\": [1, 3, 4], \"10.0.0.13_10.0.0.43\": [1, 3, 4]}": {"[\"10.0.0.12_10.0.0.42\", [1, 2, 4]]": [1, -205.98939169880384, []], "[\"10.0.0.13_10.0.0.43\", [1, 2, 4]]": [1, -203.51155888254985, []], "[\"10.0.0.11_10.0.0.41\", [1, 3, 4]]": [2, -202.90226325821197, []], "[\"NoTrans\", []]": [378, -133.7810963783743, []]}, "{\"10.0.0.11_10.0.0.41\": [1, 3, 4], \"10.0.0.12_10.0.0.42\": [1, 3, 4], \"10.0.0.13_10.0.0.43\": [1, 2, 4]}": {"[\"10.0.0.12_10.0.0.42\", [1, 2, 4]]": [0, -140, []], "[\"10.0.0.13_10.0.0.43\", [1, 3, 4]]": [1, -198.05235416054992, []], "[\"10.0.0.11_10.0.0.41\", [1, 2, 4]]": [1, -206.7114066120861, []], "[\"NoTrans\", []]": [1, -186.9632921490206, []]}, "{\"10.0.0.11_10.0.0.41\": [1, 2, 4], \"10.0.0.12_10.0.0.42\": [1, 3, 4], \"10.0.0.13_10.0.0.43\": [1, 2, 4]}": {"[\"10.0.0.12_10.0.0.42\", [1, 2, 4]]": [1, -222.9560875679357, []], "[\"10.0.0.13_10.0.0.43\", [1, 3, 4]]": [1, -173.48598083676023, []], "[\"10.0.0.11_10.0.0.41\", [1, 3, 4]]": [1, -185.90898885036006, []], "[\"NoTrans\", []]": [0, -140, []]}, "{\"10.0.0.11_10.0.0.41\": [1, 3, 4], \"10.0.0.12_10.0.0.42\": [1, 2, 4], \"10.0.0.13_10.0.0.43\": [1, 3, 4]}": {"[\"10.0.0.12_10.0.0.42\", [1, 3, 4]]": [2, -201.43663131713868, []], "[\"10.0.0.13_10.0.0.43\", [1, 2, 4]]": [1, -204.64628689903918, []], "[\"10.0.0.11_10.0.0.41\", [1, 2, 4]]": [2, -226.6213455390255, []], "[\"NoTrans\", []]": [290, -184.67684803218387, []]}, "{\"10.0.0.11_10.0.0.41\": [1, 2, 4], \"10.0.0.12_10.0.0.42\": [1, 2, 4], \"10.0.0.13_10.0.0.43\": [1, 3, 4]}": {"[\"10.0.0.12_10.0.0.42\", [1, 3, 4]]": [2, -181.56083873571697, []], "[\"10.0.0.13_10.0.0.43\", [1, 2, 4]]": [1, -224.56277618408205, []], "[\"10.0.0.11_10.0.0.41\", [1, 3, 4]]": [1, -185.72675000222688, []], "[\"NoTrans\", []]": [95, -190.41406627676528, []]}, "{\"10.0.0.11_10.0.0.41\": [1, 3, 4], \"10.0.0.12_10.0.0.42\": [1, 2, 4], \"10.0.0.13_10.0.0.43\": [1, 2, 4]}": {"[\"10.0.0.12_10.0.0.42\", [1, 3, 4]]": [0, -140, []], "[\"10.0.0.13_10.0.0.43\", [1, 3, 4]]": [2, -139.17926276805036, []], "[\"10.0.0.11_10.0.0.41\", [1, 2, 4]]": [0, -140, []], "[\"NoTrans\", []]": [0, -140, []]}, "{\"10.0.0.11_10.0.0.41\": [1, 2, 4], \"10.0.0.12_10.0.0.42\": [1, 2, 4], \"10.0.0.13_10.0.0.43\": [1, 2, 4]}": {"[\"10.0.0.12_10.0.0.42\", [1, 3, 4]]": [1, -138.2122553551729, []], "[\"10.0.0.13_10.0.0.43\", [1, 3, 4]]": [1, -138.31457973959428, []], "[\"10.0.0.11_10.0.0.41\", [1, 3, 4]]": [1, -207.38251388353768, []], "[\"NoTrans\", []]": [0, -140, []]}}