{"{\"10.0.0.11_10.0.0.41\": [1, 3, 4], \"10.0.0.12_10.0.0.42\": [1, 3, 4], \"10.0.0.13_10.0.0.43\": [1, 3, 4]}": {"[\"10.0.0.11_10.0.0.41\", [1, 2, 4]]": [21, -184.92254602119164, []], "[\"10.0.0.12_10.0.0.42\", [1, 2, 4]]": [15, -292.28589788496464, []], "[\"10.0.0.13_10.0.0.43\", [1, 2, 4]]": [13, -292.9366221318755, []], "[\"NoTrans\", []]": [5, -250.26319986906185, []]}, "{\"10.0.0.11_10.0.0.41\": [1, 3, 4], \"10.0.0.12_10.0.0.42\": [1, 3, 4], \"10.0.0.13_10.0.0.43\": [1, 2, 4]}": {"[\"10.0.0.11_10.0.0.41\", [1, 2, 4]]": [12, -284.84463780196177, []], "[\"10.0.0.12_10.0.0.42\", [1, 2, 4]]": [16, -334.88741264800836, []], "[\"10.0.0.13_10.0.0.43\", [1, 3, 4]]": [18, -255.222809102612, []], "[\"NoTrans\", []]": [10, -296.6595191235483, []]}, "{\"10.0.0.11_10.0.0.41\": [1, 3, 4], \"10.0.0.12_10.0.0.42\": [1, 2, 4], \"10.0.0.13_10.0.0.43\": [1, 3, 4]}": {"[\"10.0.0.11_10.0.0.41\", [1, 2, 4]]": [16, -279.09456894281305, []], "[\"10.0.0.12_10.0.0.42\", [1, 3, 4]]": [12, -263.65378295841094, []], "[\"10.0.0.13_10.0.0.43\", [1, 2, 4]]": [17, -334.4770689382707, []], "[\"NoTrans\", []]": [14, -291.76903666282027, []]}, "{\"10.0.0.11_10.0.0.41\": [1, 3, 4], \"10.0.0.12_10.0.0.42\": [1, 2, 4], \"10.0.0.13_10.0.0.43\": [1, 2, 4]}": {"[\"10.0.0.11_10.0.0.41\", [1, 2, 4]]": [15, -346.9404575456697, []], "[\"10.0.0.12_10.0.0.42\", [1, 3, 4]]": [18, -293.9560422351808, []], "[\"10.0.0.13_10.0.0.43\", [1, 3, 4]]": [19, -294.12725151276, []], "[\"NoTrans\", []]": [21, -336.6918773552025, []]}, "{\"10.0.0.11_10.0.0.41\": [1, 2, 4], \"10.0.0.12_10.0.0.42\": [1, 3, 4], \"10.0.0.13_10.0.0.43\": [1, 3, 4]}": {"[\"10.0.0.11_10.0.0.41\", [1, 3, 4]]": [19, -252.51239581756352, []], "[\"10.0.0.12_10.0.0.42\", [1, 2, 4]]": [27, -281.0734808597057, []], "[\"10.0.0.13_10.0.0.43\", [1, 2, 4]]": [17, -272.55747347255425, []], "[\"NoTrans\", []]": [37, -173.45660789333215, []]}, "{\"10.0.0.11_10.0.0.41\": [1, 2, 4], \"10.0.0.12_10.0.0.42\": [1, 3, 4], \"10.0.0.13_10.0.0.43\": [1, 2, 4]}": {"[\"10.0.0.11_10.0.0.41\", [1, 3, 4]]": [15, -285.171217811759, []], "[\"10.0.0.12_10.0.0.42\", [1, 2, 4]]": [13, -344.06329406881264, []], "[\"10.0.0.13_10.0.0.43\", [1, 3, 4]]": [12, -208.20597599703896, []], "[\"NoTrans\", []]": [10, -282.65843463037237, []]}, "{\"10.0.0.11_10.0.0.41\": [1, 2, 4], \"10.0.0.12_10.0.0.42\": [1, 2, 4], \"10.0.0.13_10.0.0.43\": [1, 3, 4]}": {"[\"10.0.0.11_10.0.0.41\", [1, 3, 4]]": [10, -293.85526413308276, []], "[\"10.0.0.12_10.0.0.42\", [1, 3, 4]]": [31, -209.08368506164598, []], "[\"10.0.0.13_10.0.0.43\", [1, 2, 4]]": [20, -346.05660005853224, []], "[\"NoTrans\", []]": [14, -280.01750166475694, []]}, "{\"10.0.0.11_10.0.0.41\": [1, 2, 4], \"10.0.0.12_10.0.0.42\": [1, 2, 4], \"10.0.0.13_10.0.0.43\": [1, 2, 4]}": {"[\"10.0.0.11_10.0.0.41\", [1, 3, 4]]": [19, -322.6984624895715, []], "[\"10.0.0.12_10.0.0.42\", [1, 3, 4]]": [11, -283.117068302164, []], "[\"10.0.0.13_10.0.0.43\", [1, 3, 4]]": [18, -278.33275028606255, []], "[\"NoTrans\", []]": [22, -349.5366399717928, []]}}