{"{\"10.0.0.11_10.0.0.41\": [1, 3, 4], \"10.0.0.12_10.0.0.42\": [1, 3, 4], \"10.0.0.13_10.0.0.43\": [1, 3, 4]}": {"[\"10.0.0.13_10.0.0.43\", [1, 2, 4]]": [14, -352.8885425667957, []], "[\"10.0.0.12_10.0.0.42\", [1, 2, 4]]": [18, -254.62657582385512, []], "[\"10.0.0.11_10.0.0.41\", [1, 2, 4]]": [58, -145.0744093219007, []], "[\"NoTrans\", []]": [0, -Infinity, []]}, "{\"10.0.0.11_10.0.0.41\": [1, 2, 4], \"10.0.0.12_10.0.0.42\": [1, 3, 4], \"10.0.0.13_10.0.0.43\": [1, 3, 4]}": {"[\"10.0.0.13_10.0.0.43\", [1, 2, 4]]": [27, -230.2813950596395, []], "[\"10.0.0.12_10.0.0.42\", [1, 2, 4]]": [18, -234.9570477306102, []], "[\"10.0.0.11_10.0.0.41\", [1, 3, 4]]": [44, -201.89449736363642, []], "[\"NoTrans\", []]": [358, -160.00965159563452, []]}, "{\"10.0.0.11_10.0.0.41\": [1, 3, 4], \"10.0.0.12_10.0.0.42\": [1, 2, 4], \"10.0.0.13_10.0.0.43\": [1, 3, 4]}": {"[\"10.0.0.13_10.0.0.43\", [1, 2, 4]]": [20, -433.18939138648807, []], "[\"10.0.0.12_10.0.0.42\", [1, 3, 4]]": [26, -211.3578049150558, []], "[\"10.0.0.11_10.0.0.41\", [1, 2, 4]]": [7, -430.9646195182247, []], "[\"NoTrans\", []]": [46, -285.8176824252197, []]}, "{\"10.0.0.11_10.0.0.41\": [1, 2, 4], \"10.0.0.12_10.0.0.42\": [1, 2, 4], \"10.0.0.13_10.0.0.43\": [1, 3, 4]}": {"[\"10.0.0.13_10.0.0.43\", [1, 2, 4]]": [12, -404.1496185107995, []], "[\"10.0.0.12_10.0.0.42\", [1, 3, 4]]": [2, -177.41624321691486, []], "[\"10.0.0.11_10.0.0.41\", [1, 3, 4]]": [25, -252.16603815295417, []], "[\"NoTrans\", []]": [1, -244.03938070141942, []]}, "{\"10.0.0.11_10.0.0.41\": [1, 3, 4], \"10.0.0.12_10.0.0.42\": [1, 3, 4], \"10.0.0.13_10.0.0.43\": [1, 2, 4]}": {"[\"10.0.0.13_10.0.0.43\", [1, 3, 4]]": [20, -434.67724827705837, []], "[\"10.0.0.12_10.0.0.42\", [1, 2, 4]]": [0, -Infinity, []], "[\"10.0.0.11_10.0.0.41\", [1, 2, 4]]": [3, -269.5279918584418, []], "[\"NoTrans\", []]": [0, -Infinity, []]}, "{\"10.0.0.11_10.0.0.41\": [1, 2, 4], \"10.0.0.12_10.0.0.42\": [1, 3, 4], \"10.0.0.13_10.0.0.43\": [1, 2, 4]}": {"[\"10.0.0.13_10.0.0.43\", [1, 3, 4]]": [29, -178.4421747589801, []], "[\"10.0.0.12_10.0.0.42\", [1, 2, 4]]": [0, -Infinity, []], "[\"10.0.0.11_10.0.0.41\", [1, 3, 4]]": [1, -282.03833808367307, []], "[\"NoTrans\", []]": [6, -364.0784372046031, []]}, "{\"10.0.0.11_10.0.0.41\": [1, 3, 4], \"10.0.0.12_10.0.0.42\": [1, 2, 4], \"10.0.0.13_10.0.0.43\": [1, 2, 4]}": {"[\"10.0.0.13_10.0.0.43\", [1, 3, 4]]": [10, -413.599852464806, []], "[\"10.0.0.12_10.0.0.42\", [1, 3, 4]]": [8, -417.7044602909989, []], "[\"10.0.0.11_10.0.0.41\", [1, 2, 4]]": [2, -471.39383812247036, []], "[\"NoTrans\", []]": [8, -415.8805250057557, []]}, "{\"10.0.0.11_10.0.0.41\": [1, 2, 4], \"10.0.0.12_10.0.0.42\": [1, 2, 4], \"10.0.0.13_10.0.0.43\": [1, 2, 4]}": {"[\"10.0.0.13_10.0.0.43\", [1, 3, 4]]": [14, -312.0033512188529, []], "[\"10.0.0.12_10.0.0.42\", [1, 3, 4]]": [0, -Infinity, []], "[\"10.0.0.11_10.0.0.41\", [1, 3, 4]]": [0, -Infinity, []], "[\"NoTrans\", []]": [0, -Infinity, []]}}