{"{\"10.0.0.11_10.0.0.41\": [1, 3, 4], \"10.0.0.12_10.0.0.42\": [1, 3, 4], \"10.0.0.13_10.0.0.43\": [1, 3, 4]}": {"[\"10.0.0.12_10.0.0.42\", [1, 2, 4]]": [18, -295.0184674081114, []], "[\"10.0.0.13_10.0.0.43\", [1, 2, 4]]": [15, -290.5434185921695, []], "[\"10.0.0.11_10.0.0.41\", [1, 2, 4]]": [14, -199.93373829426494, []], "[\"NoTrans\", []]": [16, -268.2308303499449, []]}, "{\"10.0.0.11_10.0.0.41\": [1, 2, 4], \"10.0.0.12_10.0.0.42\": [1, 3, 4], \"10.0.0.13_10.0.0.43\": [1, 3, 4]}": {"[\"10.0.0.12_10.0.0.42\", [1, 2, 4]]": [15, -286.6750468959553, []], "[\"10.0.0.13_10.0.0.43\", [1, 2, 4]]": [16, -295.925010119754, []], "[\"10.0.0.11_10.0.0.41\", [1, 3, 4]]": [24, -262.81872853478035, []], "[\"NoTrans\", []]": [19, -216.43061021566925, []]}, "{\"10.0.0.11_10.0.0.41\": [1, 3, 4], \"10.0.0.12_10.0.0.42\": [1, 3, 4], \"10.0.0.13_10.0.0.43\": [1, 2, 4]}": {"[\"10.0.0.12_10.0.0.42\", [1, 2, 4]]": [18, -340.12352944913454, []], "[\"10.0.0.13_10.0.0.43\", [1, 3, 4]]": [14, -263.1007654619553, []], "[\"10.0.0.11_10.0.0.41\", [1, 2, 4]]": [23, -298.30676622132006, []], "[\"NoTrans\", []]": [15, -295.73942463012713, []]}, "{\"10.0.0.11_10.0.0.41\": [1, 2, 4], \"10.0.0.12_10.0.0.42\": [1, 3, 4], \"10.0.0.13_10.0.0.43\": [1, 2, 4]}": {"[\"10.0.0.12_10.0.0.42\", [1, 2, 4]]": [21, -352.21902146632743, []], "[\"10.0.0.13_10.0.0.43\", [1, 3, 4]]": [19, -241.13604710257258, []], "[\"10.0.0.11_10.0.0.41\", [1, 3, 4]]": [20, -295.84639375922916, []], "[\"NoTrans\", []]": [20, -297.93505052887934, []]}, "{\"10.0.0.11_10.0.0.41\": [1, 3, 4], \"10.0.0.12_10.0.0.42\": [1, 2, 4], \"10.0.0.13_10.0.0.43\": [1, 3, 4]}": {"[\"10.0.0.12_10.0.0.42\", [1, 3, 4]]": [9, -260.95306429782494, []], "[\"10.0.0.13_10.0.0.43\", [1, 2, 4]]": [13, -342.4880303238227, []], "[\"10.0.0.11_10.0.0.41\", [1, 2, 4]]": [21, -297.4131686575043, []], "[\"NoTrans\", []]": [14, -295.2983770718214, []]}, "{\"10.0.0.11_10.0.0.41\": [1, 2, 4], \"10.0.0.12_10.0.0.42\": [1, 2, 4], \"10.0.0.13_10.0.0.43\": [1, 3, 4]}": {"[\"10.0.0.12_10.0.0.42\", [1, 3, 4]]": [22, -237.0130520513817, []], "[\"10.0.0.13_10.0.0.43\", [1, 2, 4]]": [17, -355.0187854241077, []], "[\"10.0.0.11_10.0.0.41\", [1, 3, 4]]": [10, -293.8705169362891, []], "[\"NoTrans\", []]": [14, -287.2579159143169, []]}, "{\"10.0.0.11_10.0.0.41\": [1, 3, 4], \"10.0.0.12_10.0.0.42\": [1, 2, 4], \"10.0.0.13_10.0.0.43\": [1, 2, 4]}": {"[\"10.0.0.12_10.0.0.42\", [1, 3, 4]]": [20, -297.22262658822456, []], "[\"10.0.0.13_10.0.0.43\", [1, 3, 4]]": [16, -293.25876511030066, []], "[\"10.0.0.11_10.0.0.41\", [1, 2, 4]]": [13, -360.98079702084317, []], "[\"NoTrans\", []]": [12, -342.0744865497043, []]}, "{\"10.0.0.11_10.0.0.41\": [1, 2, 4], \"10.0.0.12_10.0.0.42\": [1, 2, 4], \"10.0.0.13_10.0.0.43\": [1, 2, 4]}": {"[\"10.0.0.12_10.0.0.42\", [1, 3, 4]]": [20, -291.29394188668846, []], "[\"10.0.0.13_10.0.0.43\", [1, 3, 4]]": [13, -284.79278356018926, []], "[\"10.0.0.11_10.0.0.41\", [1, 3, 4]]": [18, -337.3499363802105, []], "[\"NoTrans\", []]": [15, -358.8648370275109, []]}}