{"{\"10.0.0.11_10.0.0.41\": [1, 3, 4], \"10.0.0.12_10.0.0.42\": [1, 3, 4], \"10.0.0.13_10.0.0.43\": [1, 3, 4]}": {"[\"10.0.0.13_10.0.0.43\", [1, 2, 4]]": [2, -254.27593314456047, []], "[\"10.0.0.12_10.0.0.42\", [1, 2, 4]]": [3, -247.05635668425128, []], "[\"10.0.0.11_10.0.0.41\", [1, 2, 4]]": [30, -150.04959075395908, []], "[\"NoTrans\", []]": [3, -238.9321366731723, []]}, "{\"10.0.0.11_10.0.0.41\": [1, 2, 4], \"10.0.0.12_10.0.0.42\": [1, 3, 4], \"10.0.0.13_10.0.0.43\": [1, 3, 4]}": {"[\"10.0.0.13_10.0.0.43\", [1, 2, 4]]": [15, -261.0222939134983, []], "[\"10.0.0.12_10.0.0.42\", [1, 2, 4]]": [12, -251.4568076036541, []], "[\"10.0.0.11_10.0.0.41\", [1, 3, 4]]": [27, -221.00287879436706, []], "[\"NoTrans\", []]": [468, -137.60545098361297, []]}, "{\"10.0.0.11_10.0.0.41\": [1, 3, 4], \"10.0.0.12_10.0.0.42\": [1, 2, 4], \"10.0.0.13_10.0.0.43\": [1, 3, 4]}": {"[\"10.0.0.13_10.0.0.43\", [1, 2, 4]]": [2, -257.0805294065832, []], "[\"10.0.0.12_10.0.0.42\", [1, 3, 4]]": [4, -219.5012486242524, []], "[\"10.0.0.11_10.0.0.41\", [1, 2, 4]]": [3, -262.41322269646355, []], "[\"NoTrans\", []]": [3, -254.00166552210885, []]}, "{\"10.0.0.11_10.0.0.41\": [1, 2, 4], \"10.0.0.12_10.0.0.42\": [1, 2, 4], \"10.0.0.13_10.0.0.43\": [1, 3, 4]}": {"[\"10.0.0.13_10.0.0.43\", [1, 2, 4]]": [3, -286.1540680729576, []], "[\"10.0.0.12_10.0.0.42\", [1, 3, 4]]": [12, -178.08720943407775, []], "[\"10.0.0.11_10.0.0.41\", [1, 3, 4]]": [4, -258.62588011255116, []], "[\"NoTrans\", []]": [2, -253.579681711217, []]}, "{\"10.0.0.11_10.0.0.41\": [1, 3, 4], \"10.0.0.12_10.0.0.42\": [1, 3, 4], \"10.0.0.13_10.0.0.43\": [1, 2, 4]}": {"[\"10.0.0.13_10.0.0.43\", [1, 3, 4]]": [4, -235.35172557945035, []], "[\"10.0.0.12_10.0.0.42\", [1, 2, 4]]": [3, -250.50240925995232, []], "[\"10.0.0.11_10.0.0.41\", [1, 2, 4]]": [2, -244.7433865944107, []], "[\"NoTrans\", []]": [3, -257.6556305478476, []]}, "{\"10.0.0.11_10.0.0.41\": [1, 2, 4], \"10.0.0.12_10.0.0.42\": [1, 3, 4], \"10.0.0.13_10.0.0.43\": [1, 2, 4]}": {"[\"10.0.0.13_10.0.0.43\", [1, 3, 4]]": [13, -183.7671630155542, []], "[\"10.0.0.12_10.0.0.42\", [1, 2, 4]]": [3, -316.8058651590386, []], "[\"10.0.0.11_10.0.0.41\", [1, 3, 4]]": [3, -268.8568243018524, []], "[\"NoTrans\", []]": [5, -258.8102906318271, []]}, "{\"10.0.0.11_10.0.0.41\": [1, 3, 4], \"10.0.0.12_10.0.0.42\": [1, 2, 4], \"10.0.0.13_10.0.0.43\": [1, 2, 4]}": {"[\"10.0.0.13_10.0.0.43\", [1, 3, 4]]": [2, -236.85081786137474, []], "[\"10.0.0.12_10.0.0.42\", [1, 3, 4]]": [3, -245.74718047959064, []], "[\"10.0.0.11_10.0.0.41\", [1, 2, 4]]": [1, -224.45434341430666, []], "[\"NoTrans\", []]": [1, -203.46510431466393, []]}, "{\"10.0.0.11_10.0.0.41\": [1, 2, 4], \"10.0.0.12_10.0.0.42\": [1, 2, 4], \"10.0.0.13_10.0.0.43\": [1, 2, 4]}": {"[\"10.0.0.13_10.0.0.43\", [1, 3, 4]]": [4, -271.773886219949, []], "[\"10.0.0.12_10.0.0.42\", [1, 3, 4]]": [2, -245.20070231604876, []], "[\"10.0.0.11_10.0.0.41\", [1, 3, 4]]": [1, -235.38236920397003, []], "[\"NoTrans\", []]": [2, -278.67626588789904, []]}}