{"{\"10.0.0.11_10.0.0.41\": [1, 3, 4], \"10.0.0.12_10.0.0.42\": [1, 3, 4], \"10.0.0.13_10.0.0.43\": [1, 3, 4]}": {"[\"10.0.0.11_10.0.0.41\", [1, 2, 4]]": [6, -134.79771799377505, []], "[\"10.0.0.12_10.0.0.42\", [1, 2, 4]]": [1, -212.7369700189572, []], "[\"10.0.0.13_10.0.0.43\", [1, 2, 4]]": [1, -207.0871663766442, []], "[\"NoTrans\", []]": [1, -204.40471420470254, []]}, "{\"10.0.0.11_10.0.0.41\": [1, 3, 4], \"10.0.0.12_10.0.0.42\": [1, 3, 4], \"10.0.0.13_10.0.0.43\": [1, 2, 4]}": {"[\"10.0.0.11_10.0.0.41\", [1, 2, 4]]": [1, -201.23378787667187, []], "[\"10.0.0.12_10.0.0.42\", [1, 2, 4]]": [1, -206.31969636187415, []], "[\"10.0.0.13_10.0.0.43\", [1, 3, 4]]": [2, -226.46531993303148, []], "[\"NoTrans\", []]": [1, -187.88252562151678, []]}, "{\"10.0.0.11_10.0.0.41\": [1, 3, 4], \"10.0.0.12_10.0.0.42\": [1, 2, 4], \"10.0.0.13_10.0.0.43\": [1, 3, 4]}": {"[\"10.0.0.11_10.0.0.41\", [1, 2, 4]]": [2, -252.46960781394642, []], "[\"10.0.0.12_10.0.0.42\", [1, 3, 4]]": [2, -214.8120944699602, []], "[\"10.0.0.13_10.0.0.43\", [1, 2, 4]]": [2, -249.2307850060218, []], "[\"NoTrans\", []]": [4, -244.60826549102413, []]}, "{\"10.0.0.11_10.0.0.41\": [1, 3, 4], \"10.0.0.12_10.0.0.42\": [1, 2, 4], \"10.0.0.13_10.0.0.43\": [1, 2, 4]}": {"[\"10.0.0.11_10.0.0.41\", [1, 2, 4]]": [1, -225.8648277282715, []], "[\"10.0.0.12_10.0.0.42\", [1, 3, 4]]": [1, -188.70125464834422, []], "[\"10.0.0.13_10.0.0.43\", [1, 3, 4]]": [2, -233.87504160991003, []], "[\"NoTrans\", []]": [1, -202.11092799222754, []]}, "{\"10.0.0.11_10.0.0.41\": [1, 2, 4], \"10.0.0.12_10.0.0.42\": [1, 3, 4], \"10.0.0.13_10.0.0.43\": [1, 3, 4]}": {"[\"10.0.0.11_10.0.0.41\", [1, 3, 4]]": [3, -216.06522496054959, []], "[\"10.0.0.12_10.0.0.42\", [1, 2, 4]]": [3, -244.51670598507175, []], "[\"10.0.0.13_10.0.0.43\", [1, 2, 4]]": [3, -244.6802461381668, []], "[\"NoTrans\", []]": [624, -119.4421268816125, []]}, "{\"10.0.0.11_10.0.0.41\": [1, 2, 4], \"10.0.0.12_10.0.0.42\": [1, 3, 4], \"10.0.0.13_10.0.0.43\": [1, 2, 4]}": {"[\"10.0.0.11_10.0.0.41\", [1, 3, 4]]": [2, -217.25364457790656, []], "[\"10.0.0.12_10.0.0.42\", [1, 2, 4]]": [1, -221.8559623718262, []], "[\"10.0.0.13_10.0.0.43\", [1, 3, 4]]": [2, -177.5811870580246, []], "[\"NoTrans\", []]": [1, -205.24662160192742, []]}, "{\"10.0.0.11_10.0.0.41\": [1, 2, 4], \"10.0.0.12_10.0.0.42\": [1, 2, 4], \"10.0.0.13_10.0.0.43\": [1, 3, 4]}": {"[\"10.0.0.11_10.0.0.41\", [1, 3, 4]]": [3, -237.74301868130433, []], "[\"10.0.0.12_10.0.0.42\", [1, 3, 4]]": [2, -191.65723822146037, []], "[\"10.0.0.13_10.0.0.43\", [1, 2, 4]]": [1, -227.1481872558594, []], "[\"NoTrans\", []]": [2, -250.6074649292917, []]}, "{\"10.0.0.11_10.0.0.41\": [1, 2, 4], \"10.0.0.12_10.0.0.42\": [1, 2, 4], \"10.0.0.13_10.0.0.43\": [1, 2, 4]}": {"[\"10.0.0.11_10.0.0.41\", [1, 3, 4]]": [1, -204.3913750429915, []], "[\"10.0.0.12_10.0.0.42\", [1, 3, 4]]": [1, -202.07138205393966, []], "[\"10.0.0.13_10.0.0.43\", [1, 3, 4]]": [1, -204.15884549350565, []], "[\"NoTrans\", []]": [1, -217.03084716796877, []]}}