{"{\"10.0.0.11_10.0.0.41\": [1, 3, 4], \"10.0.0.12_10.0.0.42\": [1, 3, 4], \"10.0.0.13_10.0.0.43\": [1, 3, 4]}": {"[\"10.0.0.12_10.0.0.42\", [1, 2, 4]]": [1, -207.0368745857112, []], "[\"10.0.0.11_10.0.0.41\", [1, 2, 4]]": [1, -139.60372336637369, []], "[\"10.0.0.13_10.0.0.43\", [1, 2, 4]]": [1, -196.7838326440895, []], "[\"NoTrans\", []]": [1, -228.2728553771973, []]}, "{\"10.0.0.11_10.0.0.41\": [1, 3, 4], \"10.0.0.12_10.0.0.42\": [1, 3, 4], \"10.0.0.13_10.0.0.43\": [1, 2, 4]}": {"[\"10.0.0.12_10.0.0.42\", [1, 2, 4]]": [1, -176.54549450261848, []], "[\"10.0.0.11_10.0.0.41\", [1, 2, 4]]": [1, -183.82743284448492, []], "[\"10.0.0.13_10.0.0.43\", [1, 3, 4]]": [1, -226.7986656188965, []], "[\"NoTrans\", []]": [1, -208.74456965944927, []]}, "{\"10.0.0.11_10.0.0.41\": [1, 2, 4], \"10.0.0.12_10.0.0.42\": [1, 3, 4], \"10.0.0.13_10.0.0.43\": [1, 3, 4]}": {"[\"10.0.0.12_10.0.0.42\", [1, 2, 4]]": [66, -196.10916331896323, []], "[\"10.0.0.11_10.0.0.41\", [1, 3, 4]]": [1, -225.725114440918, []], "[\"10.0.0.13_10.0.0.43\", [1, 2, 4]]": [1, -185.21623057268283, []], "[\"NoTrans\", []]": [16, -147.27903639184825, []]}, "{\"10.0.0.11_10.0.0.41\": [1, 2, 4], \"10.0.0.12_10.0.0.42\": [1, 3, 4], \"10.0.0.13_10.0.0.43\": [1, 2, 4]}": {"[\"10.0.0.12_10.0.0.42\", [1, 2, 4]]": [1, -198.4323860168457, []], "[\"10.0.0.11_10.0.0.41\", [1, 3, 4]]": [1, -210.01796301246145, []], "[\"10.0.0.13_10.0.0.43\", [1, 3, 4]]": [0, -140, []], "[\"NoTrans\", []]": [1, -187.9736905075982, []]}, "{\"10.0.0.11_10.0.0.41\": [1, 3, 4], \"10.0.0.12_10.0.0.42\": [1, 2, 4], \"10.0.0.13_10.0.0.43\": [1, 3, 4]}": {"[\"10.0.0.12_10.0.0.42\", [1, 3, 4]]": [1, -226.99941406250002, []], "[\"10.0.0.11_10.0.0.41\", [1, 2, 4]]": [3, -222.62828302566098, []], "[\"10.0.0.13_10.0.0.43\", [1, 2, 4]]": [0, -140, []], "[\"NoTrans\", []]": [0, -140, []]}, "{\"10.0.0.11_10.0.0.41\": [1, 3, 4], \"10.0.0.12_10.0.0.42\": [1, 2, 4], \"10.0.0.13_10.0.0.43\": [1, 2, 4]}": {"[\"10.0.0.12_10.0.0.42\", [1, 3, 4]]": [1, -204.0296456626515, []], "[\"10.0.0.11_10.0.0.41\", [1, 2, 4]]": [1, -202.9654838959836, []], "[\"10.0.0.13_10.0.0.43\", [1, 3, 4]]": [1, -205.54997500418665, []], "[\"NoTrans\", []]": [381, -141.82226586159592, []]}, "{\"10.0.0.11_10.0.0.41\": [1, 2, 4], \"10.0.0.12_10.0.0.42\": [1, 2, 4], \"10.0.0.13_10.0.0.43\": [1, 3, 4]}": {"[\"10.0.0.12_10.0.0.42\", [1, 3, 4]]": [67, -209.43054129801035, []], "[\"10.0.0.11_10.0.0.41\", [1, 3, 4]]": [2, -215.97278916353252, []], "[\"10.0.0.13_10.0.0.43\", [1, 2, 4]]": [2, -216.10177494212618, []], "[\"NoTrans\", []]": [224, -230.1580729324271, []]}, "{\"10.0.0.11_10.0.0.41\": [1, 2, 4], \"10.0.0.12_10.0.0.42\": [1, 2, 4], \"10.0.0.13_10.0.0.43\": [1, 2, 4]}": {"[\"10.0.0.12_10.0.0.42\", [1, 3, 4]]": [0, -140, []], "[\"10.0.0.11_10.0.0.41\", [1, 3, 4]]": [3, -136.63367776152626, []], "[\"10.0.0.13_10.0.0.43\", [1, 3, 4]]": [2, -139.42987805860477, []], "[\"NoTrans\", []]": [1, -198.68901977539062, []]}}