{"{\"10.0.0.11_10.0.0.41\": [1, 3, 4], \"10.0.0.12_10.0.0.42\": [1, 3, 4], \"10.0.0.13_10.0.0.43\": [1, 3, 4]}": {"[\"10.0.0.11_10.0.0.41\", [1, 2, 4]]": [1, -140.6767858730436, []], "[\"10.0.0.13_10.0.0.43\", [1, 2, 4]]": [1, -184.4562198714806, []], "[\"10.0.0.12_10.0.0.42\", [1, 2, 4]]": [2, -186.59653085642947, []], "[\"NoTrans\", []]": [1, -201.49015197753906, []]}, "{\"10.0.0.11_10.0.0.41\": [1, 3, 4], \"10.0.0.12_10.0.0.42\": [1, 2, 4], \"10.0.0.13_10.0.0.43\": [1, 3, 4]}": {"[\"10.0.0.11_10.0.0.41\", [1, 2, 4]]": [1, -204.66144788079134, []], "[\"10.0.0.13_10.0.0.43\", [1, 2, 4]]": [1, -206.8939660851594, []], "[\"10.0.0.12_10.0.0.42\", [1, 3, 4]]": [2, -203.956181640625, []], "[\"NoTrans\", []]": [6, -186.76688791224822, []]}, "{\"10.0.0.11_10.0.0.41\": [1, 3, 4], \"10.0.0.12_10.0.0.42\": [1, 3, 4], \"10.0.0.13_10.0.0.43\": [1, 2, 4]}": {"[\"10.0.0.11_10.0.0.41\", [1, 2, 4]]": [75, -203.33453184235827, []], "[\"10.0.0.13_10.0.0.43\", [1, 3, 4]]": [1, -202.05585163495533, []], "[\"10.0.0.12_10.0.0.42\", [1, 2, 4]]": [1, -202.07326145817086, []], "[\"NoTrans\", []]": [232, -185.81217135045878, []]}, "{\"10.0.0.11_10.0.0.41\": [1, 3, 4], \"10.0.0.12_10.0.0.42\": [1, 2, 4], \"10.0.0.13_10.0.0.43\": [1, 2, 4]}": {"[\"10.0.0.11_10.0.0.41\", [1, 2, 4]]": [0, -140, []], "[\"10.0.0.13_10.0.0.43\", [1, 3, 4]]": [0, -140, []], "[\"10.0.0.12_10.0.0.42\", [1, 3, 4]]": [2, -136.48832125589527, []], "[\"NoTrans\", []]": [0, -140, []]}, "{\"10.0.0.11_10.0.0.41\": [1, 2, 4], \"10.0.0.12_10.0.0.42\": [1, 3, 4], \"10.0.0.13_10.0.0.43\": [1, 3, 4]}": {"[\"10.0.0.11_10.0.0.41\", [1, 3, 4]]": [1, -203.39013737103932, []], "[\"10.0.0.13_10.0.0.43\", [1, 2, 4]]": [1, -222.65774607529045, []], "[\"10.0.0.12_10.0.0.42\", [1, 2, 4]]": [2, -203.7553607005588, []], "[\"NoTrans\", []]": [372, -140.96785411817723, []]}, "{\"10.0.0.11_10.0.0.41\": [1, 2, 4], \"10.0.0.12_10.0.0.42\": [1, 2, 4], \"10.0.0.13_10.0.0.43\": [1, 3, 4]}": {"[\"10.0.0.11_10.0.0.41\", [1, 3, 4]]": [2, -187.8630436725125, []], "[\"10.0.0.13_10.0.0.43\", [1, 2, 4]]": [0, -140, []], "[\"10.0.0.12_10.0.0.42\", [1, 3, 4]]": [1, -174.836994383167, []], "[\"NoTrans\", []]": [0, -140, []]}, "{\"10.0.0.11_10.0.0.41\": [1, 2, 4], \"10.0.0.12_10.0.0.42\": [1, 3, 4], \"10.0.0.13_10.0.0.43\": [1, 2, 4]}": {"[\"10.0.0.11_10.0.0.41\", [1, 3, 4]]": [74, -182.30457857482946, []], "[\"10.0.0.13_10.0.0.43\", [1, 3, 4]]": [3, -181.85287321365334, []], "[\"10.0.0.12_10.0.0.42\", [1, 2, 4]]": [1, -222.3875890765022, []], "[\"NoTrans\", []]": [1, -206.53374278958609, []]}, "{\"10.0.0.11_10.0.0.41\": [1, 2, 4], \"10.0.0.12_10.0.0.42\": [1, 2, 4], \"10.0.0.13_10.0.0.43\": [1, 2, 4]}": {"[\"10.0.0.11_10.0.0.41\", [1, 3, 4]]": [0, -140, []], "[\"10.0.0.13_10.0.0.43\", [1, 3, 4]]": [0, -140, []], "[\"10.0.0.12_10.0.0.42\", [1, 3, 4]]": [2, -203.8015567109831, []], "[\"NoTrans\", []]": [0, -140, []]}}