{"{\"10.0.0.11_10.0.0.41\": [1, 3, 4], \"10.0.0.12_10.0.0.42\": [1, 3, 4], \"10.0.0.13_10.0.0.43\": [1, 3, 4]}": {"[\"10.0.0.13_10.0.0.43\", [1, 2, 4]]": [2, -121.64505208610615, []], "[\"10.0.0.11_10.0.0.41\", [1, 2, 4]]": [4, -125.88686559788545, []], "[\"10.0.0.12_10.0.0.42\", [1, 2, 4]]": [1, -117.54311180390292, []], "[\"NoTrans\", []]": [1, -127.89805490434843, []]}, "{\"10.0.0.11_10.0.0.41\": [1, 3, 4], \"10.0.0.12_10.0.0.42\": [1, 2, 4], \"10.0.0.13_10.0.0.43\": [1, 3, 4]}": {"[\"10.0.0.13_10.0.0.43\", [1, 2, 4]]": [2, -167.7334446785617, []], "[\"10.0.0.11_10.0.0.41\", [1, 2, 4]]": [1, -123.96238356179002, []], "[\"10.0.0.12_10.0.0.42\", [1, 3, 4]]": [1, -132.5237568086453, []], "[\"NoTrans\", []]": [1, -113.86490355431013, []]}, "{\"10.0.0.11_10.0.0.41\": [1, 2, 4], \"10.0.0.12_10.0.0.42\": [1, 3, 4], \"10.0.0.13_10.0.0.43\": [1, 3, 4]}": {"[\"10.0.0.13_10.0.0.43\", [1, 2, 4]]": [2, -166.27042690806988, []], "[\"10.0.0.11_10.0.0.41\", [1, 3, 4]]": [3, -168.68226305731048, []], "[\"10.0.0.12_10.0.0.42\", [1, 2, 4]]": [3, -169.8361541045713, []], "[\"NoTrans\", []]": [627, -113.89387869429805, []]}, "{\"10.0.0.11_10.0.0.41\": [1, 2, 4], \"10.0.0.12_10.0.0.42\": [1, 2, 4], \"10.0.0.13_10.0.0.43\": [1, 3, 4]}": {"[\"10.0.0.13_10.0.0.43\", [1, 2, 4]]": [1, -105.57947158813477, []], "[\"10.0.0.11_10.0.0.41\", [1, 3, 4]]": [2, -129.74742267997328, []], "[\"10.0.0.12_10.0.0.42\", [1, 3, 4]]": [2, -151.28801832387128, []], "[\"NoTrans\", []]": [1, -124.84125903092463, []]}, "{\"10.0.0.11_10.0.0.41\": [1, 3, 4], \"10.0.0.12_10.0.0.42\": [1, 3, 4], \"10.0.0.13_10.0.0.43\": [1, 2, 4]}": {"[\"10.0.0.13_10.0.0.43\", [1, 3, 4]]": [3, -156.83887983467358, []], "[\"10.0.0.11_10.0.0.41\", [1, 2, 4]]": [2, -166.39596828566778, []], "[\"10.0.0.12_10.0.0.42\", [1, 2, 4]]": [1, -158.17224157895077, []], "[\"NoTrans\", []]": [2, -152.4629960541383, []]}, "{\"10.0.0.11_10.0.0.41\": [1, 3, 4], \"10.0.0.12_10.0.0.42\": [1, 2, 4], \"10.0.0.13_10.0.0.43\": [1, 2, 4]}": {"[\"10.0.0.13_10.0.0.43\", [1, 3, 4]]": [1, -116.08648874591603, []], "[\"10.0.0.11_10.0.0.41\", [1, 2, 4]]": [1, -200.67325862346075, []], "[\"10.0.0.12_10.0.0.42\", [1, 3, 4]]": [2, -152.3064554993812, []], "[\"NoTrans\", []]": [1, -146.64738037876728, []]}, "{\"10.0.0.11_10.0.0.41\": [1, 2, 4], \"10.0.0.12_10.0.0.42\": [1, 3, 4], \"10.0.0.13_10.0.0.43\": [1, 2, 4]}": {"[\"10.0.0.13_10.0.0.43\", [1, 3, 4]]": [2, -114.42651365014456, []], "[\"10.0.0.11_10.0.0.41\", [1, 3, 4]]": [2, -175.1456670418814, []], "[\"10.0.0.12_10.0.0.42\", [1, 2, 4]]": [1, -198.92603190837286, []], "[\"NoTrans\", []]": [1, -134.0358975515558, []]}, "{\"10.0.0.11_10.0.0.41\": [1, 2, 4], \"10.0.0.12_10.0.0.42\": [1, 2, 4], \"10.0.0.13_10.0.0.43\": [1, 2, 4]}": {"[\"10.0.0.13_10.0.0.43\", [1, 3, 4]]": [1, -152.90955131404695, []], "[\"10.0.0.11_10.0.0.41\", [1, 3, 4]]": [1, -155.73599330883405, []], "[\"10.0.0.12_10.0.0.42\", [1, 3, 4]]": [1, -138.7340567260584, []], "[\"NoTrans\", []]": [0, -Infinity, []]}}