{"{\"10.0.0.11_10.0.0.41\": [1, 3, 4], \"10.0.0.12_10.0.0.42\": [1, 3, 4], \"10.0.0.13_10.0.0.43\": [1, 3, 4]}": {"[\"10.0.0.13_10.0.0.43\", [1, 2, 4]]": [2, -162.54417448239738, []], "[\"10.0.0.11_10.0.0.41\", [1, 2, 4]]": [4, -156.6274383950461, []], "[\"10.0.0.12_10.0.0.42\", [1, 2, 4]]": [2, -187.53587449293633, []], "[\"NoTrans\", []]": [2, -194.99684772133918, []]}, "{\"10.0.0.11_10.0.0.41\": [1, 3, 4], \"10.0.0.12_10.0.0.42\": [1, 2, 4], \"10.0.0.13_10.0.0.43\": [1, 3, 4]}": {"[\"10.0.0.13_10.0.0.43\", [1, 2, 4]]": [2, -186.0873240522067, []], "[\"10.0.0.11_10.0.0.41\", [1, 2, 4]]": [2, -226.07362053390136, []], "[\"10.0.0.12_10.0.0.42\", [1, 3, 4]]": [3, -210.25514394269842, []], "[\"NoTrans\", []]": [2, -188.09616857797204, []]}, "{\"10.0.0.11_10.0.0.41\": [1, 2, 4], \"10.0.0.12_10.0.0.42\": [1, 3, 4], \"10.0.0.13_10.0.0.43\": [1, 3, 4]}": {"[\"10.0.0.13_10.0.0.43\", [1, 2, 4]]": [3, -205.69976720615617, []], "[\"10.0.0.11_10.0.0.41\", [1, 3, 4]]": [3, -204.44783118236364, []], "[\"10.0.0.12_10.0.0.42\", [1, 2, 4]]": [2, -220.77702010809264, []], "[\"NoTrans\", []]": [606, -113.62813194754405, []]}, "{\"10.0.0.11_10.0.0.41\": [1, 2, 4], \"10.0.0.12_10.0.0.42\": [1, 2, 4], \"10.0.0.13_10.0.0.43\": [1, 3, 4]}": {"[\"10.0.0.13_10.0.0.43\", [1, 2, 4]]": [2, -193.5097241477043, []], "[\"10.0.0.11_10.0.0.41\", [1, 3, 4]]": [2, -182.00313492620538, []], "[\"10.0.0.12_10.0.0.42\", [1, 3, 4]]": [2, -164.40684024654828, []], "[\"NoTrans\", []]": [1, -172.4639903946783, []]}, "{\"10.0.0.11_10.0.0.41\": [1, 3, 4], \"10.0.0.12_10.0.0.42\": [1, 3, 4], \"10.0.0.13_10.0.0.43\": [1, 2, 4]}": {"[\"10.0.0.13_10.0.0.43\", [1, 3, 4]]": [2, -153.86884166655193, []], "[\"10.0.0.11_10.0.0.41\", [1, 2, 4]]": [2, -188.28033778494608, []], "[\"10.0.0.12_10.0.0.42\", [1, 2, 4]]": [3, -199.50047324401876, []], "[\"NoTrans\", []]": [2, -162.57250346191591, []]}, "{\"10.0.0.11_10.0.0.41\": [1, 3, 4], \"10.0.0.12_10.0.0.42\": [1, 2, 4], \"10.0.0.13_10.0.0.43\": [1, 2, 4]}": {"[\"10.0.0.13_10.0.0.43\", [1, 3, 4]]": [3, -213.9384476927561, []], "[\"10.0.0.11_10.0.0.41\", [1, 2, 4]]": [2, -193.10225114963086, []], "[\"10.0.0.12_10.0.0.42\", [1, 3, 4]]": [2, -186.8529966798843, []], "[\"NoTrans\", []]": [2, -193.9974922469932, []]}, "{\"10.0.0.11_10.0.0.41\": [1, 2, 4], \"10.0.0.12_10.0.0.42\": [1, 3, 4], \"10.0.0.13_10.0.0.43\": [1, 2, 4]}": {"[\"10.0.0.13_10.0.0.43\", [1, 3, 4]]": [3, -180.2178547494367, []], "[\"10.0.0.11_10.0.0.41\", [1, 3, 4]]": [3, -172.12190656023992, []], "[\"10.0.0.12_10.0.0.42\", [1, 2, 4]]": [1, -166.18386946280685, []], "[\"NoTrans\", []]": [2, -188.36248113360887, []]}, "{\"10.0.0.11_10.0.0.41\": [1, 2, 4], \"10.0.0.12_10.0.0.42\": [1, 2, 4], \"10.0.0.13_10.0.0.43\": [1, 2, 4]}": {"[\"10.0.0.13_10.0.0.43\", [1, 3, 4]]": [2, -190.18694401189487, []], "[\"10.0.0.11_10.0.0.41\", [1, 3, 4]]": [2, -204.96486713095598, []], "[\"10.0.0.12_10.0.0.42\", [1, 3, 4]]": [2, -137.9546198437495, []], "[\"NoTrans\", []]": [1, -162.95978270133224, []]}}