{"{\"10.0.0.11_10.0.0.41\": [1, 3, 4], \"10.0.0.12_10.0.0.42\": [1, 3, 4], \"10.0.0.13_10.0.0.43\": [1, 3, 4]}": {"[\"10.0.0.12_10.0.0.42\", [1, 2, 4]]": [3, -386.74631266926264, []], "[\"10.0.0.13_10.0.0.43\", [1, 2, 4]]": [12, -273.28512727393456, []], "[\"10.0.0.11_10.0.0.41\", [1, 2, 4]]": [53, -141.52341880474822, []], "[\"NoTrans\", []]": [9, -248.33323279826743, []]}, "{\"10.0.0.11_10.0.0.41\": [1, 2, 4], \"10.0.0.12_10.0.0.42\": [1, 3, 4], \"10.0.0.13_10.0.0.43\": [1, 3, 4]}": {"[\"10.0.0.12_10.0.0.42\", [1, 2, 4]]": [33, -304.65888771997055, []], "[\"10.0.0.13_10.0.0.43\", [1, 2, 4]]": [20, -239.73106285617484, []], "[\"10.0.0.11_10.0.0.41\", [1, 3, 4]]": [11, -215.8576654663533, []], "[\"NoTrans\", []]": [363, -143.63781125977613, []]}, "{\"10.0.0.11_10.0.0.41\": [1, 3, 4], \"10.0.0.12_10.0.0.42\": [1, 3, 4], \"10.0.0.13_10.0.0.43\": [1, 2, 4]}": {"[\"10.0.0.12_10.0.0.42\", [1, 2, 4]]": [0, -Infinity, []], "[\"10.0.0.13_10.0.0.43\", [1, 3, 4]]": [21, -204.68938526072805, []], "[\"10.0.0.11_10.0.0.41\", [1, 2, 4]]": [9, -417.2833223908295, []], "[\"NoTrans\", []]": [26, -280.5633102047984, []]}, "{\"10.0.0.11_10.0.0.41\": [1, 2, 4], \"10.0.0.12_10.0.0.42\": [1, 3, 4], \"10.0.0.13_10.0.0.43\": [1, 2, 4]}": {"[\"10.0.0.12_10.0.0.42\", [1, 2, 4]]": [33, -382.9331390753131, []], "[\"10.0.0.13_10.0.0.43\", [1, 3, 4]]": [4, -169.34102402848157, []], "[\"10.0.0.11_10.0.0.41\", [1, 3, 4]]": [0, -Infinity, []], "[\"NoTrans\", []]": [0, -Infinity, []]}, "{\"10.0.0.11_10.0.0.41\": [1, 3, 4], \"10.0.0.12_10.0.0.42\": [1, 2, 4], \"10.0.0.13_10.0.0.43\": [1, 3, 4]}": {"[\"10.0.0.12_10.0.0.42\", [1, 3, 4]]": [36, -208.8173102271171, []], "[\"10.0.0.13_10.0.0.43\", [1, 2, 4]]": [0, -Infinity, []], "[\"10.0.0.11_10.0.0.41\", [1, 2, 4]]": [4, -399.3883644870214, []], "[\"NoTrans\", []]": [10, -395.29846361833893, []]}, "{\"10.0.0.11_10.0.0.41\": [1, 2, 4], \"10.0.0.12_10.0.0.42\": [1, 2, 4], \"10.0.0.13_10.0.0.43\": [1, 3, 4]}": {"[\"10.0.0.12_10.0.0.42\", [1, 3, 4]]": [8, -401.1684894112591, []], "[\"10.0.0.13_10.0.0.43\", [1, 2, 4]]": [0, -Infinity, []], "[\"10.0.0.11_10.0.0.41\", [1, 3, 4]]": [35, -246.40215015615073, []], "[\"NoTrans\", []]": [2, -303.5908762578385, []]}, "{\"10.0.0.11_10.0.0.41\": [1, 3, 4], \"10.0.0.12_10.0.0.42\": [1, 2, 4], \"10.0.0.13_10.0.0.43\": [1, 2, 4]}": {"[\"10.0.0.12_10.0.0.42\", [1, 3, 4]]": [18, -247.7095321723028, []], "[\"10.0.0.13_10.0.0.43\", [1, 3, 4]]": [2, -376.5499951157317, []], "[\"10.0.0.11_10.0.0.41\", [1, 2, 4]]": [6, -446.4161393184984, []], "[\"NoTrans\", []]": [9, -389.15393929710604, []]}, "{\"10.0.0.11_10.0.0.41\": [1, 2, 4], \"10.0.0.12_10.0.0.42\": [1, 2, 4], \"10.0.0.13_10.0.0.43\": [1, 2, 4]}": {"[\"10.0.0.12_10.0.0.42\", [1, 3, 4]]": [7, -420.4885176199688, []], "[\"10.0.0.13_10.0.0.43\", [1, 3, 4]]": [6, -337.99598307358144, []], "[\"10.0.0.11_10.0.0.41\", [1, 3, 4]]": [26, -310.58404748511913, []], "[\"NoTrans\", []]": [0, -Infinity, []]}}