{"{\"10.0.0.11_10.0.0.41\": [1, 3, 4], \"10.0.0.12_10.0.0.42\": [1, 3, 4], \"10.0.0.13_10.0.0.43\": [1, 3, 4]}": {"[\"10.0.0.13_10.0.0.43\", [1, 2, 4]]": [1, -151.87121986844687, []], "[\"10.0.0.12_10.0.0.42\", [1, 2, 4]]": [1, -149.45777334914237, []], "[\"10.0.0.11_10.0.0.41\", [1, 2, 4]]": [2, -104.79762825843197, []], "[\"NoTrans\", []]": [1, -168.63125228881836, []]}, "{\"10.0.0.11_10.0.0.41\": [1, 2, 4], \"10.0.0.12_10.0.0.42\": [1, 3, 4], \"10.0.0.13_10.0.0.43\": [1, 3, 4]}": {"[\"10.0.0.13_10.0.0.43\", [1, 2, 4]]": [1, -175.02606782622428, []], "[\"10.0.0.12_10.0.0.42\", [1, 2, 4]]": [1, -172.25890644467495, []], "[\"10.0.0.11_10.0.0.41\", [1, 3, 4]]": [1, -167.0606460571289, []], "[\"NoTrans\", []]": [652, -130.55667056832107, []]}, "{\"10.0.0.11_10.0.0.41\": [1, 3, 4], \"10.0.0.12_10.0.0.42\": [1, 2, 4], \"10.0.0.13_10.0.0.43\": [1, 3, 4]}": {"[\"10.0.0.13_10.0.0.43\", [1, 2, 4]]": [1, -173.1421406750934, []], "[\"10.0.0.12_10.0.0.42\", [1, 3, 4]]": [2, -184.5105178833008, []], "[\"10.0.0.11_10.0.0.41\", [1, 2, 4]]": [1, -174.61044377018533, []], "[\"NoTrans\", []]": [2, -194.87253466977702, []]}, "{\"10.0.0.11_10.0.0.41\": [1, 2, 4], \"10.0.0.12_10.0.0.42\": [1, 2, 4], \"10.0.0.13_10.0.0.43\": [1, 3, 4]}": {"[\"10.0.0.13_10.0.0.43\", [1, 2, 4]]": [1, -189.60522079467773, []], "[\"10.0.0.12_10.0.0.42\", [1, 3, 4]]": [1, -141.66309107417388, []], "[\"10.0.0.11_10.0.0.41\", [1, 3, 4]]": [1, -188.41578193112366, []], "[\"NoTrans\", []]": [1, -173.52119762726034, []]}, "{\"10.0.0.11_10.0.0.41\": [1, 3, 4], \"10.0.0.12_10.0.0.42\": [1, 3, 4], \"10.0.0.13_10.0.0.43\": [1, 2, 4]}": {"[\"10.0.0.13_10.0.0.43\", [1, 3, 4]]": [1, -167.63604753505368, []], "[\"10.0.0.12_10.0.0.42\", [1, 2, 4]]": [1, -150.487285975222, []], "[\"10.0.0.11_10.0.0.41\", [1, 2, 4]]": [1, -108.77577019218772, []], "[\"NoTrans\", []]": [1, -149.01227853043548, []]}, "{\"10.0.0.11_10.0.0.41\": [1, 2, 4], \"10.0.0.12_10.0.0.42\": [1, 3, 4], \"10.0.0.13_10.0.0.43\": [1, 2, 4]}": {"[\"10.0.0.13_10.0.0.43\", [1, 3, 4]]": [1, -140.61863092121223, []], "[\"10.0.0.12_10.0.0.42\", [1, 2, 4]]": [1, -189.31587600708008, []], "[\"10.0.0.11_10.0.0.41\", [1, 3, 4]]": [1, -165.55603408813477, []], "[\"NoTrans\", []]": [1, -104.1895158102388, []]}, "{\"10.0.0.11_10.0.0.41\": [1, 3, 4], \"10.0.0.12_10.0.0.42\": [1, 2, 4], \"10.0.0.13_10.0.0.43\": [1, 2, 4]}": {"[\"10.0.0.13_10.0.0.43\", [1, 3, 4]]": [2, -161.85041129217296, []], "[\"10.0.0.12_10.0.0.42\", [1, 3, 4]]": [1, -163.9266815185547, []], "[\"10.0.0.11_10.0.0.41\", [1, 2, 4]]": [1, -194.85376739501953, []], "[\"NoTrans\", []]": [2, -219.31754436390904, []]}, "{\"10.0.0.11_10.0.0.41\": [1, 2, 4], \"10.0.0.12_10.0.0.42\": [1, 2, 4], \"10.0.0.13_10.0.0.43\": [1, 2, 4]}": {"[\"10.0.0.13_10.0.0.43\", [1, 3, 4]]": [1, -172.8001163089503, []], "[\"10.0.0.12_10.0.0.42\", [1, 3, 4]]": [1, -175.21899774320403, []], "[\"10.0.0.11_10.0.0.41\", [1, 3, 4]]": [1, -204.2607042734152, []], "[\"NoTrans\", []]": [1, -192.49533081054688, []]}}