{"{\"10.0.0.11_10.0.0.41\": [1, 3, 4], \"10.0.0.12_10.0.0.42\": [1, 3, 4], \"10.0.0.13_10.0.0.43\": [1, 3, 4]}": {"[\"10.0.0.11_10.0.0.41\", [1, 2, 4]]": [4, -180.57384172364988, []], "[\"10.0.0.13_10.0.0.43\", [1, 2, 4]]": [2, -193.3435022088877, []], "[\"10.0.0.12_10.0.0.42\", [1, 2, 4]]": [2, -195.09592899359063, []], "[\"NoTrans\", []]": [1, -166.87811279296875, []]}, "{\"10.0.0.11_10.0.0.41\": [1, 3, 4], \"10.0.0.12_10.0.0.42\": [1, 2, 4], \"10.0.0.13_10.0.0.43\": [1, 3, 4]}": {"[\"10.0.0.11_10.0.0.41\", [1, 2, 4]]": [1, -173.86795053913494, []], "[\"10.0.0.13_10.0.0.43\", [1, 2, 4]]": [1, -172.56866817137887, []], "[\"10.0.0.12_10.0.0.42\", [1, 3, 4]]": [2, -212.23846505025406, []], "[\"NoTrans\", []]": [2, -195.4916774087617, []]}, "{\"10.0.0.11_10.0.0.41\": [1, 3, 4], \"10.0.0.12_10.0.0.42\": [1, 3, 4], \"10.0.0.13_10.0.0.43\": [1, 2, 4]}": {"[\"10.0.0.11_10.0.0.41\", [1, 2, 4]]": [1, -174.11417849721323, []], "[\"10.0.0.13_10.0.0.43\", [1, 3, 4]]": [2, -216.24177572187713, []], "[\"10.0.0.12_10.0.0.42\", [1, 2, 4]]": [1, -174.57778770088635, []], "[\"NoTrans\", []]": [2, -193.2220495591062, []]}, "{\"10.0.0.11_10.0.0.41\": [1, 3, 4], \"10.0.0.12_10.0.0.42\": [1, 2, 4], \"10.0.0.13_10.0.0.43\": [1, 2, 4]}": {"[\"10.0.0.11_10.0.0.41\", [1, 2, 4]]": [1, -193.69581604003906, []], "[\"10.0.0.13_10.0.0.43\", [1, 3, 4]]": [1, -152.27193383904736, []], "[\"10.0.0.12_10.0.0.42\", [1, 3, 4]]": [1, -151.54036926082165, []], "[\"NoTrans\", []]": [1, -174.98582016736978, []]}, "{\"10.0.0.11_10.0.0.41\": [1, 2, 4], \"10.0.0.12_10.0.0.42\": [1, 3, 4], \"10.0.0.13_10.0.0.43\": [1, 3, 4]}": {"[\"10.0.0.11_10.0.0.41\", [1, 3, 4]]": [3, -214.5095759948063, []], "[\"10.0.0.13_10.0.0.43\", [1, 2, 4]]": [2, -217.0760670624797, []], "[\"10.0.0.12_10.0.0.42\", [1, 2, 4]]": [2, -215.13047753407642, []], "[\"NoTrans\", []]": [640, -129.76425417373275, []]}, "{\"10.0.0.11_10.0.0.41\": [1, 2, 4], \"10.0.0.12_10.0.0.42\": [1, 2, 4], \"10.0.0.13_10.0.0.43\": [1, 3, 4]}": {"[\"10.0.0.11_10.0.0.41\", [1, 3, 4]]": [1, -151.59297052486968, []], "[\"10.0.0.13_10.0.0.43\", [1, 2, 4]]": [1, -193.4405174255371, []], "[\"10.0.0.12_10.0.0.42\", [1, 3, 4]]": [2, -208.2607943238609, []], "[\"NoTrans\", []]": [1, -174.7830101452587, []]}, "{\"10.0.0.11_10.0.0.41\": [1, 2, 4], \"10.0.0.12_10.0.0.42\": [1, 3, 4], \"10.0.0.13_10.0.0.43\": [1, 2, 4]}": {"[\"10.0.0.11_10.0.0.41\", [1, 3, 4]]": [1, -152.6239212109292, []], "[\"10.0.0.13_10.0.0.43\", [1, 3, 4]]": [2, -196.31622798762595, []], "[\"10.0.0.12_10.0.0.42\", [1, 2, 4]]": [1, -192.56027603149414, []], "[\"NoTrans\", []]": [1, -175.2723051346564, []]}, "{\"10.0.0.11_10.0.0.41\": [1, 2, 4], \"10.0.0.12_10.0.0.42\": [1, 2, 4], \"10.0.0.13_10.0.0.43\": [1, 2, 4]}": {"[\"10.0.0.11_10.0.0.41\", [1, 3, 4]]": [1, -170.90527731003436, []], "[\"10.0.0.13_10.0.0.43\", [1, 3, 4]]": [1, -172.83182738132646, []], "[\"10.0.0.12_10.0.0.42\", [1, 3, 4]]": [1, -173.18411275595315, []], "[\"NoTrans\", []]": [1, -195.57474517822266, []]}}