{"{\"10.0.0.11_10.0.0.41\": [1, 3, 4], \"10.0.0.12_10.0.0.42\": [1, 3, 4], \"10.0.0.13_10.0.0.43\": [1, 3, 4]}": {"[\"10.0.0.12_10.0.0.42\", [1, 2, 4]]": [5, -250.18487051006687, []], "[\"10.0.0.13_10.0.0.43\", [1, 2, 4]]": [10, -273.4914501810669, []], "[\"10.0.0.11_10.0.0.41\", [1, 2, 4]]": [31, -123.25952063570865, []], "[\"NoTrans\", []]": [7, -221.92641414463287, []]}, "{\"10.0.0.11_10.0.0.41\": [1, 2, 4], \"10.0.0.12_10.0.0.42\": [1, 3, 4], \"10.0.0.13_10.0.0.43\": [1, 3, 4]}": {"[\"10.0.0.12_10.0.0.42\", [1, 2, 4]]": [32, -245.7829267069802, []], "[\"10.0.0.13_10.0.0.43\", [1, 2, 4]]": [30, -237.104093034219, []], "[\"10.0.0.11_10.0.0.41\", [1, 3, 4]]": [30, -195.55612693394605, []], "[\"NoTrans\", []]": [330, -109.62682325417914, []]}, "{\"10.0.0.11_10.0.0.41\": [1, 3, 4], \"10.0.0.12_10.0.0.42\": [1, 3, 4], \"10.0.0.13_10.0.0.43\": [1, 2, 4]}": {"[\"10.0.0.12_10.0.0.42\", [1, 2, 4]]": [8, -441.6266422843838, []], "[\"10.0.0.13_10.0.0.43\", [1, 3, 4]]": [7, -207.14803901990018, []], "[\"10.0.0.11_10.0.0.41\", [1, 2, 4]]": [10, -262.38311104009983, []], "[\"NoTrans\", []]": [2, -253.80450732534496, []]}, "{\"10.0.0.11_10.0.0.41\": [1, 2, 4], \"10.0.0.12_10.0.0.42\": [1, 3, 4], \"10.0.0.13_10.0.0.43\": [1, 2, 4]}": {"[\"10.0.0.12_10.0.0.42\", [1, 2, 4]]": [4, -332.4651455162705, []], "[\"10.0.0.13_10.0.0.43\", [1, 3, 4]]": [34, -158.06731363375565, []], "[\"10.0.0.11_10.0.0.41\", [1, 3, 4]]": [5, -273.4198279003732, []], "[\"NoTrans\", []]": [7, -266.8000051483135, []]}, "{\"10.0.0.11_10.0.0.41\": [1, 3, 4], \"10.0.0.12_10.0.0.42\": [1, 2, 4], \"10.0.0.13_10.0.0.43\": [1, 3, 4]}": {"[\"10.0.0.12_10.0.0.42\", [1, 3, 4]]": [9, -204.4328099204748, []], "[\"10.0.0.13_10.0.0.43\", [1, 2, 4]]": [0, -Infinity, []], "[\"10.0.0.11_10.0.0.41\", [1, 2, 4]]": [0, -Infinity, []], "[\"NoTrans\", []]": [3, -301.15214760953, []]}, "{\"10.0.0.11_10.0.0.41\": [1, 2, 4], \"10.0.0.12_10.0.0.42\": [1, 2, 4], \"10.0.0.13_10.0.0.43\": [1, 3, 4]}": {"[\"10.0.0.12_10.0.0.42\", [1, 3, 4]]": [27, -169.0472338583818, []], "[\"10.0.0.13_10.0.0.43\", [1, 2, 4]]": [2, -326.10400807585813, []], "[\"10.0.0.11_10.0.0.41\", [1, 3, 4]]": [4, -248.98149026814184, []], "[\"NoTrans\", []]": [5, -269.97816455339625, []]}, "{\"10.0.0.11_10.0.0.41\": [1, 3, 4], \"10.0.0.12_10.0.0.42\": [1, 2, 4], \"10.0.0.13_10.0.0.43\": [1, 2, 4]}": {"[\"10.0.0.12_10.0.0.42\", [1, 3, 4]]": [10, -274.9967815034487, []], "[\"10.0.0.13_10.0.0.43\", [1, 3, 4]]": [0, -Infinity, []], "[\"10.0.0.11_10.0.0.41\", [1, 2, 4]]": [0, -Infinity, []], "[\"NoTrans\", []]": [0, -Infinity, []]}, "{\"10.0.0.11_10.0.0.41\": [1, 2, 4], \"10.0.0.12_10.0.0.42\": [1, 2, 4], \"10.0.0.13_10.0.0.43\": [1, 2, 4]}": {"[\"10.0.0.12_10.0.0.42\", [1, 3, 4]]": [4, -258.32038239983325, []], "[\"10.0.0.13_10.0.0.43\", [1, 3, 4]]": [0, -Infinity, []], "[\"10.0.0.11_10.0.0.41\", [1, 3, 4]]": [2, -334.1325464326887, []], "[\"NoTrans\", []]": [0, -Infinity, []]}}