{"{\"10.0.0.11_10.0.0.41\": [1, 3, 4], \"10.0.0.12_10.0.0.42\": [1, 3, 4], \"10.0.0.13_10.0.0.43\": [1, 3, 4]}": {"[\"10.0.0.13_10.0.0.43\", [1, 2, 4]]": [2, -141.6581722868267, []], "[\"10.0.0.11_10.0.0.41\", [1, 2, 4]]": [4, -136.0298662756735, []], "[\"10.0.0.12_10.0.0.42\", [1, 2, 4]]": [2, -132.80433278578965, []], "[\"NoTrans\", []]": [2, -164.14059753750743, []]}, "{\"10.0.0.11_10.0.0.41\": [1, 3, 4], \"10.0.0.12_10.0.0.42\": [1, 2, 4], \"10.0.0.13_10.0.0.43\": [1, 3, 4]}": {"[\"10.0.0.13_10.0.0.43\", [1, 2, 4]]": [1, -86.41120456423616, []], "[\"10.0.0.11_10.0.0.41\", [1, 2, 4]]": [2, -170.15695613863423, []], "[\"10.0.0.12_10.0.0.42\", [1, 3, 4]]": [1, -103.40697334322408, []], "[\"NoTrans\", []]": [1, -120.39628872306206, []]}, "{\"10.0.0.11_10.0.0.41\": [1, 2, 4], \"10.0.0.12_10.0.0.42\": [1, 3, 4], \"10.0.0.13_10.0.0.43\": [1, 3, 4]}": {"[\"10.0.0.13_10.0.0.43\", [1, 2, 4]]": [2, -171.24009481050052, []], "[\"10.0.0.11_10.0.0.41\", [1, 3, 4]]": [3, -171.99303147161868, []], "[\"10.0.0.12_10.0.0.42\", [1, 2, 4]]": [2, -183.76194405523563, []], "[\"NoTrans\", []]": [635, -115.21067228223977, []]}, "{\"10.0.0.11_10.0.0.41\": [1, 2, 4], \"10.0.0.12_10.0.0.42\": [1, 2, 4], \"10.0.0.13_10.0.0.43\": [1, 3, 4]}": {"[\"10.0.0.13_10.0.0.43\", [1, 2, 4]]": [2, -224.2005675014612, []], "[\"10.0.0.11_10.0.0.41\", [1, 3, 4]]": [1, -119.92829665467278, []], "[\"10.0.0.12_10.0.0.42\", [1, 3, 4]]": [2, -161.0687558462271, []], "[\"NoTrans\", []]": [1, -153.14781089442505, []]}, "{\"10.0.0.11_10.0.0.41\": [1, 3, 4], \"10.0.0.12_10.0.0.42\": [1, 3, 4], \"10.0.0.13_10.0.0.43\": [1, 2, 4]}": {"[\"10.0.0.13_10.0.0.43\", [1, 3, 4]]": [3, -156.8250665492058, []], "[\"10.0.0.11_10.0.0.41\", [1, 2, 4]]": [1, -149.37950832052567, []], "[\"10.0.0.12_10.0.0.42\", [1, 2, 4]]": [1, -162.7017146551934, []], "[\"NoTrans\", []]": [2, -144.3668148340215, []]}, "{\"10.0.0.11_10.0.0.41\": [1, 3, 4], \"10.0.0.12_10.0.0.42\": [1, 2, 4], \"10.0.0.13_10.0.0.43\": [1, 2, 4]}": {"[\"10.0.0.13_10.0.0.43\", [1, 3, 4]]": [1, -121.14517519619812, []], "[\"10.0.0.11_10.0.0.41\", [1, 2, 4]]": [1, -202.19392601415777, []], "[\"10.0.0.12_10.0.0.42\", [1, 3, 4]]": [1, -98.74831335917435, []], "[\"NoTrans\", []]": [0, -Infinity, []]}, "{\"10.0.0.11_10.0.0.41\": [1, 2, 4], \"10.0.0.12_10.0.0.42\": [1, 3, 4], \"10.0.0.13_10.0.0.43\": [1, 2, 4]}": {"[\"10.0.0.13_10.0.0.43\", [1, 3, 4]]": [2, -136.53570770281544, []], "[\"10.0.0.11_10.0.0.41\", [1, 3, 4]]": [2, -116.97346904415043, []], "[\"10.0.0.12_10.0.0.42\", [1, 2, 4]]": [1, -202.69784752294683, []], "[\"NoTrans\", []]": [1, -147.3031125997986, []]}, "{\"10.0.0.11_10.0.0.41\": [1, 2, 4], \"10.0.0.12_10.0.0.42\": [1, 2, 4], \"10.0.0.13_10.0.0.43\": [1, 2, 4]}": {"[\"10.0.0.13_10.0.0.43\", [1, 3, 4]]": [1, -152.51427615317922, []], "[\"10.0.0.11_10.0.0.41\", [1, 3, 4]]": [1, -160.25399353226408, []], "[\"10.0.0.12_10.0.0.42\", [1, 3, 4]]": [2, -184.01709516073106, []], "[\"NoTrans\", []]": [1, -200.92849184838502, []]}}