{"{\"10.0.0.11_10.0.0.41\": [1, 3, 4], \"10.0.0.12_10.0.0.42\": [1, 3, 4], \"10.0.0.13_10.0.0.43\": [1, 3, 4]}": {"[\"10.0.0.13_10.0.0.43\", [1, 2, 4]]": [2, -161.70886131498025, []], "[\"10.0.0.11_10.0.0.41\", [1, 2, 4]]": [3, -135.69520505923404, []], "[\"10.0.0.12_10.0.0.42\", [1, 2, 4]]": [1, -140.70438396572354, []], "[\"NoTrans\", []]": [1, -140.36660229672407, []]}, "{\"10.0.0.11_10.0.0.41\": [1, 3, 4], \"10.0.0.12_10.0.0.42\": [1, 2, 4], \"10.0.0.13_10.0.0.43\": [1, 3, 4]}": {"[\"10.0.0.13_10.0.0.43\", [1, 2, 4]]": [2, -184.67567366812892, []], "[\"10.0.0.11_10.0.0.41\", [1, 2, 4]]": [1, -141.01632375465883, []], "[\"10.0.0.12_10.0.0.42\", [1, 3, 4]]": [1, -141.0263541888139, []], "[\"NoTrans\", []]": [1, -140.7682842036638, []]}, "{\"10.0.0.11_10.0.0.41\": [1, 2, 4], \"10.0.0.12_10.0.0.42\": [1, 3, 4], \"10.0.0.13_10.0.0.43\": [1, 3, 4]}": {"[\"10.0.0.13_10.0.0.43\", [1, 2, 4]]": [3, -209.64370036654913, []], "[\"10.0.0.11_10.0.0.41\", [1, 3, 4]]": [2, -182.10184201726796, []], "[\"10.0.0.12_10.0.0.42\", [1, 2, 4]]": [2, -197.35915244551322, []], "[\"NoTrans\", []]": [610, -115.350364917976, []]}, "{\"10.0.0.11_10.0.0.41\": [1, 2, 4], \"10.0.0.12_10.0.0.42\": [1, 2, 4], \"10.0.0.13_10.0.0.43\": [1, 3, 4]}": {"[\"10.0.0.13_10.0.0.43\", [1, 2, 4]]": [2, -175.23476727091537, []], "[\"10.0.0.11_10.0.0.41\", [1, 3, 4]]": [1, -143.64240066220168, []], "[\"10.0.0.12_10.0.0.42\", [1, 3, 4]]": [2, -162.97723652884093, []], "[\"NoTrans\", []]": [1, -139.5493246740115, []]}, "{\"10.0.0.11_10.0.0.41\": [1, 3, 4], \"10.0.0.12_10.0.0.42\": [1, 3, 4], \"10.0.0.13_10.0.0.43\": [1, 2, 4]}": {"[\"10.0.0.13_10.0.0.43\", [1, 3, 4]]": [3, -183.9643851497966, []], "[\"10.0.0.11_10.0.0.41\", [1, 2, 4]]": [3, -217.17525406882254, []], "[\"10.0.0.12_10.0.0.42\", [1, 2, 4]]": [2, -193.20704251686402, []], "[\"NoTrans\", []]": [2, -161.37484090019507, []]}, "{\"10.0.0.11_10.0.0.41\": [1, 3, 4], \"10.0.0.12_10.0.0.42\": [1, 2, 4], \"10.0.0.13_10.0.0.43\": [1, 2, 4]}": {"[\"10.0.0.13_10.0.0.43\", [1, 3, 4]]": [2, -156.61689588589869, []], "[\"10.0.0.11_10.0.0.41\", [1, 2, 4]]": [2, -187.1203766445343, []], "[\"10.0.0.12_10.0.0.42\", [1, 3, 4]]": [3, -190.77055040770176, []], "[\"NoTrans\", []]": [2, -191.59154872333465, []]}, "{\"10.0.0.11_10.0.0.41\": [1, 2, 4], \"10.0.0.12_10.0.0.42\": [1, 3, 4], \"10.0.0.13_10.0.0.43\": [1, 2, 4]}": {"[\"10.0.0.13_10.0.0.43\", [1, 3, 4]]": [3, -176.21676864456688, []], "[\"10.0.0.11_10.0.0.41\", [1, 3, 4]]": [3, -196.37099962647832, []], "[\"10.0.0.12_10.0.0.42\", [1, 2, 4]]": [2, -224.0204040093508, []], "[\"NoTrans\", []]": [2, -186.97510269752598, []]}, "{\"10.0.0.11_10.0.0.41\": [1, 2, 4], \"10.0.0.12_10.0.0.42\": [1, 2, 4], \"10.0.0.13_10.0.0.43\": [1, 2, 4]}": {"[\"10.0.0.13_10.0.0.43\", [1, 3, 4]]": [2, -152.69278369658429, []], "[\"10.0.0.11_10.0.0.41\", [1, 3, 4]]": [3, -202.80257245137253, []], "[\"10.0.0.12_10.0.0.42\", [1, 3, 4]]": [2, -179.8882561936877, []], "[\"NoTrans\", []]": [2, -226.2559119744387, []]}}