{"{\"10.0.0.11_10.0.0.41\": [1, 3, 4], \"10.0.0.12_10.0.0.42\": [1, 3, 4], \"10.0.0.13_10.0.0.43\": [1, 3, 4]}": {"[\"10.0.0.13_10.0.0.43\", [1, 2, 4]]": [1, -185.7011661764396, []], "[\"10.0.0.12_10.0.0.42\", [1, 2, 4]]": [2, -228.5026197551918, []], "[\"10.0.0.11_10.0.0.41\", [1, 2, 4]]": [1, -142.56764637384737, []], "[\"NoTrans\", []]": [1, -202.8910041809082, []]}, "{\"10.0.0.11_10.0.0.41\": [1, 2, 4], \"10.0.0.12_10.0.0.42\": [1, 3, 4], \"10.0.0.13_10.0.0.43\": [1, 3, 4]}": {"[\"10.0.0.13_10.0.0.43\", [1, 2, 4]]": [3, -204.81276314992633, []], "[\"10.0.0.12_10.0.0.42\", [1, 2, 4]]": [1, -201.517387688122, []], "[\"10.0.0.11_10.0.0.41\", [1, 3, 4]]": [1, -201.07328511773736, []], "[\"NoTrans\", []]": [378, -145.69210811479869, []]}, "{\"10.0.0.11_10.0.0.41\": [1, 3, 4], \"10.0.0.12_10.0.0.42\": [1, 2, 4], \"10.0.0.13_10.0.0.43\": [1, 3, 4]}": {"[\"10.0.0.13_10.0.0.43\", [1, 2, 4]]": [10, -238.62515093361696, []], "[\"10.0.0.12_10.0.0.42\", [1, 3, 4]]": [2, -215.83869985162409, []], "[\"10.0.0.11_10.0.0.41\", [1, 2, 4]]": [2, -217.9580950161812, []], "[\"NoTrans\", []]": [4, -230.78021531105338, []]}, "{\"10.0.0.11_10.0.0.41\": [1, 2, 4], \"10.0.0.12_10.0.0.42\": [1, 2, 4], \"10.0.0.13_10.0.0.43\": [1, 3, 4]}": {"[\"10.0.0.13_10.0.0.43\", [1, 2, 4]]": [1, -228.07496183252312, []], "[\"10.0.0.12_10.0.0.42\", [1, 3, 4]]": [1, -171.09692937512182, []], "[\"10.0.0.11_10.0.0.41\", [1, 3, 4]]": [1, -140.2714315371044, []], "[\"NoTrans\", []]": [2, -203.76170087623927, []]}, "{\"10.0.0.11_10.0.0.41\": [1, 3, 4], \"10.0.0.12_10.0.0.42\": [1, 3, 4], \"10.0.0.13_10.0.0.43\": [1, 2, 4]}": {"[\"10.0.0.13_10.0.0.43\", [1, 3, 4]]": [1, -202.95528182983398, []], "[\"10.0.0.12_10.0.0.42\", [1, 2, 4]]": [0, -140, []], "[\"10.0.0.11_10.0.0.41\", [1, 2, 4]]": [2, -139.86768872638513, []], "[\"NoTrans\", []]": [0, -140, []]}, "{\"10.0.0.11_10.0.0.41\": [1, 2, 4], \"10.0.0.12_10.0.0.42\": [1, 3, 4], \"10.0.0.13_10.0.0.43\": [1, 2, 4]}": {"[\"10.0.0.13_10.0.0.43\", [1, 3, 4]]": [4, -175.59504998601798, []], "[\"10.0.0.12_10.0.0.42\", [1, 2, 4]]": [1, -225.05143890380862, []], "[\"10.0.0.11_10.0.0.41\", [1, 3, 4]]": [1, -185.58268181882244, []], "[\"NoTrans\", []]": [73, -140.24548659097852, []]}, "{\"10.0.0.11_10.0.0.41\": [1, 3, 4], \"10.0.0.12_10.0.0.42\": [1, 2, 4], \"10.0.0.13_10.0.0.43\": [1, 2, 4]}": {"[\"10.0.0.13_10.0.0.43\", [1, 3, 4]]": [11, -200.2389287492663, []], "[\"10.0.0.12_10.0.0.42\", [1, 3, 4]]": [1, -189.58844253707395, []], "[\"10.0.0.11_10.0.0.41\", [1, 2, 4]]": [1, -224.31977996826174, []], "[\"NoTrans\", []]": [276, -199.6858306064634, []]}, "{\"10.0.0.11_10.0.0.41\": [1, 2, 4], \"10.0.0.12_10.0.0.42\": [1, 2, 4], \"10.0.0.13_10.0.0.43\": [1, 2, 4]}": {"[\"10.0.0.13_10.0.0.43\", [1, 3, 4]]": [0, -140, []], "[\"10.0.0.12_10.0.0.42\", [1, 3, 4]]": [1, -193.2216355715466, []], "[\"10.0.0.11_10.0.0.41\", [1, 3, 4]]": [3, -143.20823843574547, []], "[\"NoTrans\", []]": [1, -220.5125213623047, []]}}