{"{\"10.0.0.11_10.0.0.41\": [1, 3, 4], \"10.0.0.12_10.0.0.42\": [1, 3, 4], \"10.0.0.13_10.0.0.43\": [1, 3, 4]}": {"[\"10.0.0.11_10.0.0.41\", [1, 2, 4]]": [2, -111.1415768720761, []], "[\"10.0.0.13_10.0.0.43\", [1, 2, 4]]": [1, -154.19839620738583, []], "[\"10.0.0.12_10.0.0.42\", [1, 2, 4]]": [1, -186.5909117254035, []], "[\"NoTrans\", []]": [1, -166.3221206665039, []]}, "{\"10.0.0.11_10.0.0.41\": [1, 3, 4], \"10.0.0.12_10.0.0.42\": [1, 2, 4], \"10.0.0.13_10.0.0.43\": [1, 3, 4]}": {"[\"10.0.0.11_10.0.0.41\", [1, 2, 4]]": [1, -171.70747000957206, []], "[\"10.0.0.13_10.0.0.43\", [1, 2, 4]]": [1, -174.67218785105365, []], "[\"10.0.0.12_10.0.0.42\", [1, 3, 4]]": [2, -181.47770004272462, []], "[\"NoTrans\", []]": [2, -200.03707301804312, []]}, "{\"10.0.0.11_10.0.0.41\": [1, 3, 4], \"10.0.0.12_10.0.0.42\": [1, 3, 4], \"10.0.0.13_10.0.0.43\": [1, 2, 4]}": {"[\"10.0.0.11_10.0.0.41\", [1, 2, 4]]": [1, -174.50619269401022, []], "[\"10.0.0.13_10.0.0.43\", [1, 3, 4]]": [1, -164.04837036132812, []], "[\"10.0.0.12_10.0.0.42\", [1, 2, 4]]": [1, -174.497427141372, []], "[\"NoTrans\", []]": [1, -150.9930999474396, []]}, "{\"10.0.0.11_10.0.0.41\": [1, 3, 4], \"10.0.0.12_10.0.0.42\": [1, 2, 4], \"10.0.0.13_10.0.0.43\": [1, 2, 4]}": {"[\"10.0.0.11_10.0.0.41\", [1, 2, 4]]": [1, -196.28561401367188, []], "[\"10.0.0.13_10.0.0.43\", [1, 3, 4]]": [1, -151.88066437037972, []], "[\"10.0.0.12_10.0.0.42\", [1, 3, 4]]": [1, -153.8707271731999, []], "[\"NoTrans\", []]": [1, -172.99356792607733, []]}, "{\"10.0.0.11_10.0.0.41\": [1, 2, 4], \"10.0.0.12_10.0.0.42\": [1, 3, 4], \"10.0.0.13_10.0.0.43\": [1, 3, 4]}": {"[\"10.0.0.11_10.0.0.41\", [1, 3, 4]]": [1, -165.88562393188477, []], "[\"10.0.0.13_10.0.0.43\", [1, 2, 4]]": [1, -172.98821592783924, []], "[\"10.0.0.12_10.0.0.42\", [1, 2, 4]]": [1, -173.77759852435628, []], "[\"NoTrans\", []]": [653, -116.24356964460512, []]}, "{\"10.0.0.11_10.0.0.41\": [1, 2, 4], \"10.0.0.12_10.0.0.42\": [1, 2, 4], \"10.0.0.13_10.0.0.43\": [1, 3, 4]}": {"[\"10.0.0.11_10.0.0.41\", [1, 3, 4]]": [1, -154.03952938540291, []], "[\"10.0.0.13_10.0.0.43\", [1, 2, 4]]": [1, -195.56997680664062, []], "[\"10.0.0.12_10.0.0.42\", [1, 3, 4]]": [1, -135.59595448405435, []], "[\"NoTrans\", []]": [1, -174.09028134163736, []]}, "{\"10.0.0.11_10.0.0.41\": [1, 2, 4], \"10.0.0.12_10.0.0.42\": [1, 3, 4], \"10.0.0.13_10.0.0.43\": [1, 2, 4]}": {"[\"10.0.0.11_10.0.0.41\", [1, 3, 4]]": [1, -150.65801090036788, []], "[\"10.0.0.13_10.0.0.43\", [1, 3, 4]]": [1, -144.44062826941484, []], "[\"10.0.0.12_10.0.0.42\", [1, 2, 4]]": [1, -192.27817916870117, []], "[\"NoTrans\", []]": [1, -172.43792340982344, []]}, "{\"10.0.0.11_10.0.0.41\": [1, 2, 4], \"10.0.0.12_10.0.0.42\": [1, 2, 4], \"10.0.0.13_10.0.0.43\": [1, 2, 4]}": {"[\"10.0.0.11_10.0.0.41\", [1, 3, 4]]": [1, -172.87593190233306, []], "[\"10.0.0.13_10.0.0.43\", [1, 3, 4]]": [1, -173.5755225290556, []], "[\"10.0.0.12_10.0.0.42\", [1, 3, 4]]": [1, -172.54525704984968, []], "[\"NoTrans\", []]": [1, -192.56218338012695, []]}}