{"{\"10.0.0.11_10.0.0.41\": [1, 3, 4], \"10.0.0.12_10.0.0.42\": [1, 3, 4], \"10.0.0.13_10.0.0.43\": [1, 3, 4]}": {"[\"10.0.0.12_10.0.0.42\", [1, 2, 4]]": [1, -198.26195953336003, []], "[\"10.0.0.11_10.0.0.41\", [1, 2, 4]]": [1, -239.08200177754034, []], "[\"10.0.0.13_10.0.0.43\", [1, 2, 4]]": [1, -206.5081291495527, []], "[\"NoTrans\", []]": [1, -230.80905685424807, []]}, "{\"10.0.0.11_10.0.0.41\": [1, 3, 4], \"10.0.0.12_10.0.0.42\": [1, 3, 4], \"10.0.0.13_10.0.0.43\": [1, 2, 4]}": {"[\"10.0.0.12_10.0.0.42\", [1, 2, 4]]": [0, -140, []], "[\"10.0.0.11_10.0.0.41\", [1, 2, 4]]": [2, -140.7974844187858, []], "[\"10.0.0.13_10.0.0.43\", [1, 3, 4]]": [1, -230.6356788635254, []], "[\"NoTrans\", []]": [0, -140, []]}, "{\"10.0.0.11_10.0.0.41\": [1, 2, 4], \"10.0.0.12_10.0.0.42\": [1, 3, 4], \"10.0.0.13_10.0.0.43\": [1, 3, 4]}": {"[\"10.0.0.12_10.0.0.42\", [1, 2, 4]]": [3, -198.51739352262211, []], "[\"10.0.0.11_10.0.0.41\", [1, 3, 4]]": [1, -231.15438232421877, []], "[\"10.0.0.13_10.0.0.43\", [1, 2, 4]]": [138, -201.55685507176096, []], "[\"NoTrans\", []]": [18, -211.95865237542557, []]}, "{\"10.0.0.11_10.0.0.41\": [1, 2, 4], \"10.0.0.12_10.0.0.42\": [1, 3, 4], \"10.0.0.13_10.0.0.43\": [1, 2, 4]}": {"[\"10.0.0.12_10.0.0.42\", [1, 2, 4]]": [2, -209.93367874145508, []], "[\"10.0.0.11_10.0.0.41\", [1, 3, 4]]": [1, -209.1639815956444, []], "[\"10.0.0.13_10.0.0.43\", [1, 3, 4]]": [139, -214.92954403683342, []], "[\"NoTrans\", []]": [75, -231.33695603471463, []]}, "{\"10.0.0.11_10.0.0.41\": [1, 3, 4], \"10.0.0.12_10.0.0.42\": [1, 2, 4], \"10.0.0.13_10.0.0.43\": [1, 3, 4]}": {"[\"10.0.0.12_10.0.0.42\", [1, 3, 4]]": [1, -227.64171371459963, []], "[\"10.0.0.11_10.0.0.41\", [1, 2, 4]]": [1, -185.73016490147015, []], "[\"10.0.0.13_10.0.0.43\", [1, 2, 4]]": [2, -174.53662266472054, []], "[\"NoTrans\", []]": [1, -204.96010419303593, []]}, "{\"10.0.0.11_10.0.0.41\": [1, 3, 4], \"10.0.0.12_10.0.0.42\": [1, 2, 4], \"10.0.0.13_10.0.0.43\": [1, 2, 4]}": {"[\"10.0.0.12_10.0.0.42\", [1, 3, 4]]": [1, -208.8248780936815, []], "[\"10.0.0.11_10.0.0.41\", [1, 2, 4]]": [1, -196.4094342497696, []], "[\"10.0.0.13_10.0.0.43\", [1, 3, 4]]": [1, -154.3605694395687, []], "[\"NoTrans\", []]": [372, -133.30613374110519, []]}, "{\"10.0.0.11_10.0.0.41\": [1, 2, 4], \"10.0.0.12_10.0.0.42\": [1, 2, 4], \"10.0.0.13_10.0.0.43\": [1, 3, 4]}": {"[\"10.0.0.12_10.0.0.42\", [1, 3, 4]]": [2, -244.18473769529857, []], "[\"10.0.0.11_10.0.0.41\", [1, 3, 4]]": [2, -211.928218182944, []], "[\"10.0.0.13_10.0.0.43\", [1, 2, 4]]": [1, -198.3118904727991, []], "[\"NoTrans\", []]": [1, -187.85438722016892, []]}, "{\"10.0.0.11_10.0.0.41\": [1, 2, 4], \"10.0.0.12_10.0.0.42\": [1, 2, 4], \"10.0.0.13_10.0.0.43\": [1, 2, 4]}": {"[\"10.0.0.12_10.0.0.42\", [1, 3, 4]]": [2, -142.2293299806486, []], "[\"10.0.0.11_10.0.0.41\", [1, 3, 4]]": [2, -146.44711850929943, []], "[\"10.0.0.13_10.0.0.43\", [1, 3, 4]]": [1, -188.60746642956315, []], "[\"NoTrans\", []]": [1, -197.77444610595703, []]}}