{"{\"10.0.0.11_10.0.0.41\": [1, 3, 4], \"10.0.0.12_10.0.0.42\": [1, 3, 4], \"10.0.0.13_10.0.0.43\": [1, 3, 4]}": {"[\"10.0.0.13_10.0.0.43\", [1, 2, 4]]": [3, -205.11293022506686, []], "[\"10.0.0.12_10.0.0.42\", [1, 2, 4]]": [2, -207.79727492367093, []], "[\"10.0.0.11_10.0.0.41\", [1, 2, 4]]": [3, -154.9534258905775, []], "[\"NoTrans\", []]": [2, -204.29877002249697, []]}, "{\"10.0.0.11_10.0.0.41\": [1, 2, 4], \"10.0.0.12_10.0.0.42\": [1, 3, 4], \"10.0.0.13_10.0.0.43\": [1, 3, 4]}": {"[\"10.0.0.13_10.0.0.43\", [1, 2, 4]]": [4, -231.3856174497716, []], "[\"10.0.0.12_10.0.0.42\", [1, 2, 4]]": [2, -216.65151336551259, []], "[\"10.0.0.11_10.0.0.41\", [1, 3, 4]]": [3, -211.72262915991084, []], "[\"NoTrans\", []]": [784, -117.29700052929503, []]}, "{\"10.0.0.11_10.0.0.41\": [1, 3, 4], \"10.0.0.12_10.0.0.42\": [1, 2, 4], \"10.0.0.13_10.0.0.43\": [1, 3, 4]}": {"[\"10.0.0.13_10.0.0.43\", [1, 2, 4]]": [3, -229.3563000174047, []], "[\"10.0.0.12_10.0.0.42\", [1, 3, 4]]": [2, -188.9163358488264, []], "[\"10.0.0.11_10.0.0.41\", [1, 2, 4]]": [2, -218.14238048330404, []], "[\"NoTrans\", []]": [2, -191.1832258603448, []]}, "{\"10.0.0.11_10.0.0.41\": [1, 2, 4], \"10.0.0.12_10.0.0.42\": [1, 2, 4], \"10.0.0.13_10.0.0.43\": [1, 3, 4]}": {"[\"10.0.0.13_10.0.0.43\", [1, 2, 4]]": [2, -215.84926508086178, []], "[\"10.0.0.12_10.0.0.42\", [1, 3, 4]]": [3, -197.8705748865076, []], "[\"10.0.0.11_10.0.0.41\", [1, 3, 4]]": [2, -192.52753637761572, []], "[\"NoTrans\", []]": [2, -196.51185116714458, []]}, "{\"10.0.0.11_10.0.0.41\": [1, 3, 4], \"10.0.0.12_10.0.0.42\": [1, 3, 4], \"10.0.0.13_10.0.0.43\": [1, 2, 4]}": {"[\"10.0.0.13_10.0.0.43\", [1, 3, 4]]": [3, -208.4562755010146, []], "[\"10.0.0.12_10.0.0.42\", [1, 2, 4]]": [4, -242.66940117715842, []], "[\"10.0.0.11_10.0.0.41\", [1, 2, 4]]": [3, -230.40109315143218, []], "[\"NoTrans\", []]": [3, -209.46793843779207, []]}, "{\"10.0.0.11_10.0.0.41\": [1, 2, 4], \"10.0.0.12_10.0.0.42\": [1, 3, 4], \"10.0.0.13_10.0.0.43\": [1, 2, 4]}": {"[\"10.0.0.13_10.0.0.43\", [1, 3, 4]]": [4, -207.07163380936842, []], "[\"10.0.0.12_10.0.0.42\", [1, 2, 4]]": [3, -236.07137661753853, []], "[\"10.0.0.11_10.0.0.41\", [1, 3, 4]]": [4, -222.64820719799013, []], "[\"NoTrans\", []]": [3, -236.38004250358927, []]}, "{\"10.0.0.11_10.0.0.41\": [1, 3, 4], \"10.0.0.12_10.0.0.42\": [1, 2, 4], \"10.0.0.13_10.0.0.43\": [1, 2, 4]}": {"[\"10.0.0.13_10.0.0.43\", [1, 3, 4]]": [3, -220.14359648988844, []], "[\"10.0.0.12_10.0.0.42\", [1, 3, 4]]": [3, -206.11718305413405, []], "[\"10.0.0.11_10.0.0.41\", [1, 2, 4]]": [3, -256.5051468403552, []], "[\"NoTrans\", []]": [3, -242.07721497926818, []]}, "{\"10.0.0.11_10.0.0.41\": [1, 2, 4], \"10.0.0.12_10.0.0.42\": [1, 2, 4], \"10.0.0.13_10.0.0.43\": [1, 2, 4]}": {"[\"10.0.0.13_10.0.0.43\", [1, 3, 4]]": [3, -226.7086294254031, []], "[\"10.0.0.12_10.0.0.42\", [1, 3, 4]]": [3, -235.75984907432132, []], "[\"10.0.0.11_10.0.0.41\", [1, 3, 4]]": [2, -210.2040203197873, []], "[\"NoTrans\", []]": [2, -232.281143005478, []]}}