{"{\"10.0.0.11_10.0.0.41\": [1, 3, 4], \"10.0.0.12_10.0.0.42\": [1, 3, 4], \"10.0.0.13_10.0.0.43\": [1, 3, 4]}": {"[\"10.0.0.11_10.0.0.41\", [1, 2, 4]]": [22, -161.0909014947034, []], "[\"10.0.0.12_10.0.0.42\", [1, 2, 4]]": [15, -265.71483649385635, []], "[\"10.0.0.13_10.0.0.43\", [1, 2, 4]]": [17, -262.13834838500173, []], "[\"NoTrans\", []]": [24, -236.2224106599471, []]}, "{\"10.0.0.11_10.0.0.41\": [1, 3, 4], \"10.0.0.12_10.0.0.42\": [1, 3, 4], \"10.0.0.13_10.0.0.43\": [1, 2, 4]}": {"[\"10.0.0.11_10.0.0.41\", [1, 2, 4]]": [19, -263.51314239311705, []], "[\"10.0.0.12_10.0.0.42\", [1, 2, 4]]": [11, -303.06778775850967, []], "[\"10.0.0.13_10.0.0.43\", [1, 3, 4]]": [16, -230.4233634354475, []], "[\"NoTrans\", []]": [12, -262.5035259136752, []]}, "{\"10.0.0.11_10.0.0.41\": [1, 3, 4], \"10.0.0.12_10.0.0.42\": [1, 2, 4], \"10.0.0.13_10.0.0.43\": [1, 3, 4]}": {"[\"10.0.0.11_10.0.0.41\", [1, 2, 4]]": [10, -256.5518254555995, []], "[\"10.0.0.12_10.0.0.42\", [1, 3, 4]]": [11, -228.71644428084727, []], "[\"10.0.0.13_10.0.0.43\", [1, 2, 4]]": [20, -314.2166861598358, []], "[\"NoTrans\", []]": [22, -264.6895302114141, []]}, "{\"10.0.0.11_10.0.0.41\": [1, 3, 4], \"10.0.0.12_10.0.0.42\": [1, 2, 4], \"10.0.0.13_10.0.0.43\": [1, 2, 4]}": {"[\"10.0.0.11_10.0.0.41\", [1, 2, 4]]": [15, -320.40497346527485, []], "[\"10.0.0.12_10.0.0.42\", [1, 3, 4]]": [19, -263.79833807442185, []], "[\"10.0.0.13_10.0.0.43\", [1, 3, 4]]": [13, -264.77260274226484, []], "[\"NoTrans\", []]": [15, -288.562971042306, []]}, "{\"10.0.0.11_10.0.0.41\": [1, 2, 4], \"10.0.0.12_10.0.0.42\": [1, 3, 4], \"10.0.0.13_10.0.0.43\": [1, 3, 4]}": {"[\"10.0.0.11_10.0.0.41\", [1, 3, 4]]": [26, -231.93765888813232, []], "[\"10.0.0.12_10.0.0.42\", [1, 2, 4]]": [15, -260.7553565345495, []], "[\"10.0.0.13_10.0.0.43\", [1, 2, 4]]": [20, -265.4445993412616, []], "[\"NoTrans\", []]": [35, -166.32080388214624, []]}, "{\"10.0.0.11_10.0.0.41\": [1, 2, 4], \"10.0.0.12_10.0.0.42\": [1, 3, 4], \"10.0.0.13_10.0.0.43\": [1, 2, 4]}": {"[\"10.0.0.11_10.0.0.41\", [1, 3, 4]]": [10, -261.97337104033113, []], "[\"10.0.0.12_10.0.0.42\", [1, 2, 4]]": [19, -334.3211441518871, []], "[\"10.0.0.13_10.0.0.43\", [1, 3, 4]]": [25, -200.14479944376936, []], "[\"NoTrans\", []]": [18, -264.2471265809175, []]}, "{\"10.0.0.11_10.0.0.41\": [1, 2, 4], \"10.0.0.12_10.0.0.42\": [1, 2, 4], \"10.0.0.13_10.0.0.43\": [1, 3, 4]}": {"[\"10.0.0.11_10.0.0.41\", [1, 3, 4]]": [13, -260.7588175904509, []], "[\"10.0.0.12_10.0.0.42\", [1, 3, 4]]": [14, -203.88888239829754, []], "[\"10.0.0.13_10.0.0.43\", [1, 2, 4]]": [15, -330.87352293070063, []], "[\"NoTrans\", []]": [17, -268.292156455463, []]}, "{\"10.0.0.11_10.0.0.41\": [1, 2, 4], \"10.0.0.12_10.0.0.42\": [1, 2, 4], \"10.0.0.13_10.0.0.43\": [1, 2, 4]}": {"[\"10.0.0.11_10.0.0.41\", [1, 3, 4]]": [16, -304.5697619344493, []], "[\"10.0.0.12_10.0.0.42\", [1, 3, 4]]": [15, -264.3283131777005, []], "[\"10.0.0.13_10.0.0.43\", [1, 3, 4]]": [17, -258.17277631587615, []], "[\"NoTrans\", []]": [8, -327.5110705330201, []]}}