{"{\"10.0.0.11_10.0.0.41\": [1, 3, 4], \"10.0.0.12_10.0.0.42\": [1, 3, 4], \"10.0.0.13_10.0.0.43\": [1, 3, 4]}": {"[\"10.0.0.11_10.0.0.41\", [1, 2, 4]]": [1, -138.48329294981224, []], "[\"10.0.0.13_10.0.0.43\", [1, 2, 4]]": [0, -140, []], "[\"10.0.0.12_10.0.0.42\", [1, 2, 4]]": [3, -223.76825201463663, []], "[\"NoTrans\", []]": [1, -201.66295776367187, []]}, "{\"10.0.0.11_10.0.0.41\": [1, 3, 4], \"10.0.0.12_10.0.0.42\": [1, 2, 4], \"10.0.0.13_10.0.0.43\": [1, 3, 4]}": {"[\"10.0.0.11_10.0.0.41\", [1, 2, 4]]": [2, -219.63605856439787, []], "[\"10.0.0.13_10.0.0.43\", [1, 2, 4]]": [3, -250.13465391012227, []], "[\"10.0.0.12_10.0.0.42\", [1, 3, 4]]": [2, -214.04346960929647, []], "[\"NoTrans\", []]": [2, -231.90879283719357, []]}, "{\"10.0.0.11_10.0.0.41\": [1, 3, 4], \"10.0.0.12_10.0.0.42\": [1, 3, 4], \"10.0.0.13_10.0.0.43\": [1, 2, 4]}": {"[\"10.0.0.11_10.0.0.41\", [1, 2, 4]]": [1, -206.17655781883053, []], "[\"10.0.0.13_10.0.0.43\", [1, 3, 4]]": [1, -199.94386444091796, []], "[\"10.0.0.12_10.0.0.42\", [1, 2, 4]]": [0, -140, []], "[\"NoTrans\", []]": [0, -140, []]}, "{\"10.0.0.11_10.0.0.41\": [1, 3, 4], \"10.0.0.12_10.0.0.42\": [1, 2, 4], \"10.0.0.13_10.0.0.43\": [1, 2, 4]}": {"[\"10.0.0.11_10.0.0.41\", [1, 2, 4]]": [1, -223.2954383850098, []], "[\"10.0.0.13_10.0.0.43\", [1, 3, 4]]": [2, -237.4561657346394, []], "[\"10.0.0.12_10.0.0.42\", [1, 3, 4]]": [1, -188.27693440463344, []], "[\"NoTrans\", []]": [386, -191.29363705734107, []]}, "{\"10.0.0.11_10.0.0.41\": [1, 2, 4], \"10.0.0.12_10.0.0.42\": [1, 3, 4], \"10.0.0.13_10.0.0.43\": [1, 3, 4]}": {"[\"10.0.0.11_10.0.0.41\", [1, 3, 4]]": [1, -202.05234298706054, []], "[\"10.0.0.13_10.0.0.43\", [1, 2, 4]]": [1, -205.33764506846757, []], "[\"10.0.0.12_10.0.0.42\", [1, 2, 4]]": [1, -204.34315785787658, []], "[\"NoTrans\", []]": [357, -142.48665635732553, []]}, "{\"10.0.0.11_10.0.0.41\": [1, 2, 4], \"10.0.0.12_10.0.0.42\": [1, 2, 4], \"10.0.0.13_10.0.0.43\": [1, 3, 4]}": {"[\"10.0.0.11_10.0.0.41\", [1, 3, 4]]": [2, -182.93695522682646, []], "[\"10.0.0.13_10.0.0.43\", [1, 2, 4]]": [1, -256.379956108314, []], "[\"10.0.0.12_10.0.0.42\", [1, 3, 4]]": [1, -172.27288648596584, []], "[\"NoTrans\", []]": [1, -204.2531395447276, []]}, "{\"10.0.0.11_10.0.0.41\": [1, 2, 4], \"10.0.0.12_10.0.0.42\": [1, 3, 4], \"10.0.0.13_10.0.0.43\": [1, 2, 4]}": {"[\"10.0.0.11_10.0.0.41\", [1, 3, 4]]": [1, -186.76062660060796, []], "[\"10.0.0.13_10.0.0.43\", [1, 3, 4]]": [2, -190.81688037893724, []], "[\"10.0.0.12_10.0.0.42\", [1, 2, 4]]": [1, -224.4703651428223, []], "[\"NoTrans\", []]": [1, -203.71561426168395, []]}, "{\"10.0.0.11_10.0.0.41\": [1, 2, 4], \"10.0.0.12_10.0.0.42\": [1, 2, 4], \"10.0.0.13_10.0.0.43\": [1, 2, 4]}": {"[\"10.0.0.11_10.0.0.41\", [1, 3, 4]]": [1, -203.8308812272992, []], "[\"10.0.0.13_10.0.0.43\", [1, 3, 4]]": [1, -202.8689419070497, []], "[\"10.0.0.12_10.0.0.42\", [1, 3, 4]]": [2, -215.37908330288647, []], "[\"NoTrans\", []]": [1, -224.92545852661135, []]}}