{"{\"10.0.0.11_10.0.0.41\": [1, 3, 4], \"10.0.0.12_10.0.0.42\": [1, 3, 4], \"10.0.0.13_10.0.0.43\": [1, 3, 4]}": {"[\"10.0.0.13_10.0.0.43\", [1, 2, 4]]": [3, -201.8773362193083, []], "[\"10.0.0.11_10.0.0.41\", [1, 2, 4]]": [4, -161.77187187337427, []], "[\"10.0.0.12_10.0.0.42\", [1, 2, 4]]": [2, -186.6029946812758, []], "[\"NoTrans\", []]": [2, -191.64598833410517, []]}, "{\"10.0.0.11_10.0.0.41\": [1, 3, 4], \"10.0.0.12_10.0.0.42\": [1, 2, 4], \"10.0.0.13_10.0.0.43\": [1, 3, 4]}": {"[\"10.0.0.13_10.0.0.43\", [1, 2, 4]]": [3, -199.33742729417202, []], "[\"10.0.0.11_10.0.0.41\", [1, 2, 4]]": [2, -221.68560142123914, []], "[\"10.0.0.12_10.0.0.42\", [1, 3, 4]]": [2, -192.18260179846064, []], "[\"NoTrans\", []]": [2, -185.9353984854246, []]}, "{\"10.0.0.11_10.0.0.41\": [1, 2, 4], \"10.0.0.12_10.0.0.42\": [1, 3, 4], \"10.0.0.13_10.0.0.43\": [1, 3, 4]}": {"[\"10.0.0.13_10.0.0.43\", [1, 2, 4]]": [4, -227.5667322018814, []], "[\"10.0.0.11_10.0.0.41\", [1, 3, 4]]": [3, -198.31046359221014, []], "[\"10.0.0.12_10.0.0.42\", [1, 2, 4]]": [2, -214.29778953832437, []], "[\"NoTrans\", []]": [592, -116.7906515384691, []]}, "{\"10.0.0.11_10.0.0.41\": [1, 2, 4], \"10.0.0.12_10.0.0.42\": [1, 2, 4], \"10.0.0.13_10.0.0.43\": [1, 3, 4]}": {"[\"10.0.0.13_10.0.0.43\", [1, 2, 4]]": [2, -208.63137689007175, []], "[\"10.0.0.11_10.0.0.41\", [1, 3, 4]]": [2, -184.36664852885903, []], "[\"10.0.0.12_10.0.0.42\", [1, 3, 4]]": [3, -185.83848008356696, []], "[\"NoTrans\", []]": [2, -224.83513729942715, []]}, "{\"10.0.0.11_10.0.0.41\": [1, 3, 4], \"10.0.0.12_10.0.0.42\": [1, 3, 4], \"10.0.0.13_10.0.0.43\": [1, 2, 4]}": {"[\"10.0.0.13_10.0.0.43\", [1, 3, 4]]": [4, -196.472409725766, []], "[\"10.0.0.11_10.0.0.41\", [1, 2, 4]]": [3, -219.505803907823, []], "[\"10.0.0.12_10.0.0.42\", [1, 2, 4]]": [3, -182.89017783133008, []], "[\"NoTrans\", []]": [3, -197.77763562131872, []]}, "{\"10.0.0.11_10.0.0.41\": [1, 3, 4], \"10.0.0.12_10.0.0.42\": [1, 2, 4], \"10.0.0.13_10.0.0.43\": [1, 2, 4]}": {"[\"10.0.0.13_10.0.0.43\", [1, 3, 4]]": [3, -214.59547729000235, []], "[\"10.0.0.11_10.0.0.41\", [1, 2, 4]]": [3, -239.65364331966725, []], "[\"10.0.0.12_10.0.0.42\", [1, 3, 4]]": [2, -185.51040881468526, []], "[\"NoTrans\", []]": [2, -191.40481548444652, []]}, "{\"10.0.0.11_10.0.0.41\": [1, 2, 4], \"10.0.0.12_10.0.0.42\": [1, 3, 4], \"10.0.0.13_10.0.0.43\": [1, 2, 4]}": {"[\"10.0.0.13_10.0.0.43\", [1, 3, 4]]": [3, -167.43454722093296, []], "[\"10.0.0.11_10.0.0.41\", [1, 3, 4]]": [4, -214.93995107236304, []], "[\"10.0.0.12_10.0.0.42\", [1, 2, 4]]": [2, -213.2872655674924, []], "[\"NoTrans\", []]": [2, -182.6781293416227, []]}, "{\"10.0.0.11_10.0.0.41\": [1, 2, 4], \"10.0.0.12_10.0.0.42\": [1, 2, 4], \"10.0.0.13_10.0.0.43\": [1, 2, 4]}": {"[\"10.0.0.13_10.0.0.43\", [1, 3, 4]]": [3, -228.854822586152, []], "[\"10.0.0.11_10.0.0.41\", [1, 3, 4]]": [2, -224.838899516614, []], "[\"10.0.0.12_10.0.0.42\", [1, 3, 4]]": [2, -200.74907375762834, []], "[\"NoTrans\", []]": [2, -234.90741986996022, []]}}