{"{\"10.0.0.11_10.0.0.41\": [1, 3, 4], \"10.0.0.12_10.0.0.42\": [1, 3, 4], \"10.0.0.13_10.0.0.43\": [1, 3, 4]}": {"[\"10.0.0.13_10.0.0.43\", [1, 2, 4]]": [2, -152.18258489138879, []], "[\"10.0.0.12_10.0.0.42\", [1, 2, 4]]": [2, -126.86613367416231, []], "[\"10.0.0.11_10.0.0.41\", [1, 2, 4]]": [5, -162.3427874160895, []], "[\"NoTrans\", []]": [2, -157.2638435491222, []]}, "{\"10.0.0.11_10.0.0.41\": [1, 2, 4], \"10.0.0.12_10.0.0.42\": [1, 3, 4], \"10.0.0.13_10.0.0.43\": [1, 3, 4]}": {"[\"10.0.0.13_10.0.0.43\", [1, 2, 4]]": [3, -198.4724128365208, []], "[\"10.0.0.12_10.0.0.42\", [1, 2, 4]]": [3, -190.22323746177233, []], "[\"10.0.0.11_10.0.0.41\", [1, 3, 4]]": [4, -193.88496251305787, []], "[\"NoTrans\", []]": [812, -126.49154398768857, []]}, "{\"10.0.0.11_10.0.0.41\": [1, 3, 4], \"10.0.0.12_10.0.0.42\": [1, 2, 4], \"10.0.0.13_10.0.0.43\": [1, 3, 4]}": {"[\"10.0.0.13_10.0.0.43\", [1, 2, 4]]": [2, -168.89553849650713, []], "[\"10.0.0.12_10.0.0.42\", [1, 3, 4]]": [2, -141.99361017620154, []], "[\"10.0.0.11_10.0.0.41\", [1, 2, 4]]": [2, -192.75033888903897, []], "[\"NoTrans\", []]": [2, -162.18164089839104, []]}, "{\"10.0.0.11_10.0.0.41\": [1, 2, 4], \"10.0.0.12_10.0.0.42\": [1, 2, 4], \"10.0.0.13_10.0.0.43\": [1, 3, 4]}": {"[\"10.0.0.13_10.0.0.43\", [1, 2, 4]]": [2, -208.67477326693617, []], "[\"10.0.0.12_10.0.0.42\", [1, 3, 4]]": [3, -178.6061967572699, []], "[\"10.0.0.11_10.0.0.41\", [1, 3, 4]]": [2, -164.21821718210032, []], "[\"NoTrans\", []]": [1, -139.98216835947966, []]}, "{\"10.0.0.11_10.0.0.41\": [1, 3, 4], \"10.0.0.12_10.0.0.42\": [1, 3, 4], \"10.0.0.13_10.0.0.43\": [1, 2, 4]}": {"[\"10.0.0.13_10.0.0.43\", [1, 3, 4]]": [2, -150.6010050051653, []], "[\"10.0.0.12_10.0.0.42\", [1, 2, 4]]": [1, -154.83028156164283, []], "[\"10.0.0.11_10.0.0.41\", [1, 2, 4]]": [1, -147.01439457742092, []], "[\"NoTrans\", []]": [1, -139.1566365322354, []]}, "{\"10.0.0.11_10.0.0.41\": [1, 2, 4], \"10.0.0.12_10.0.0.42\": [1, 3, 4], \"10.0.0.13_10.0.0.43\": [1, 2, 4]}": {"[\"10.0.0.13_10.0.0.43\", [1, 3, 4]]": [3, -177.0815260383089, []], "[\"10.0.0.12_10.0.0.42\", [1, 2, 4]]": [1, -190.0958242923268, []], "[\"10.0.0.11_10.0.0.41\", [1, 3, 4]]": [1, -139.46723043913286, []], "[\"NoTrans\", []]": [1, -141.98538659202842, []]}, "{\"10.0.0.11_10.0.0.41\": [1, 3, 4], \"10.0.0.12_10.0.0.42\": [1, 2, 4], \"10.0.0.13_10.0.0.43\": [1, 2, 4]}": {"[\"10.0.0.13_10.0.0.43\", [1, 3, 4]]": [2, -160.06709056248195, []], "[\"10.0.0.12_10.0.0.42\", [1, 3, 4]]": [1, -140.8532493689722, []], "[\"10.0.0.11_10.0.0.41\", [1, 2, 4]]": [1, -188.67599397006117, []], "[\"NoTrans\", []]": [1, -154.89537101825783, []]}, "{\"10.0.0.11_10.0.0.41\": [1, 2, 4], \"10.0.0.12_10.0.0.42\": [1, 2, 4], \"10.0.0.13_10.0.0.43\": [1, 2, 4]}": {"[\"10.0.0.13_10.0.0.43\", [1, 3, 4]]": [2, -176.8710362934566, []], "[\"10.0.0.12_10.0.0.42\", [1, 3, 4]]": [1, -150.28688105313276, []], "[\"10.0.0.11_10.0.0.41\", [1, 3, 4]]": [1, -151.55163694531467, []], "[\"NoTrans\", []]": [1, -185.21119981112562, []]}}