{"{\"10.0.0.11_10.0.0.41\": [1, 3, 4], \"10.0.0.12_10.0.0.42\": [1, 3, 4], \"10.0.0.13_10.0.0.43\": [1, 3, 4]}": {"[\"10.0.0.12_10.0.0.42\", [1, 2, 4]]": [4, -163.9794920649174, []], "[\"10.0.0.13_10.0.0.43\", [1, 2, 4]]": [4, -118.82253850347868, []], "[\"10.0.0.11_10.0.0.41\", [1, 2, 4]]": [5, -134.931192939439, []], "[\"NoTrans\", []]": [3, -117.71569373555315, []]}, "{\"10.0.0.11_10.0.0.41\": [1, 2, 4], \"10.0.0.12_10.0.0.42\": [1, 3, 4], \"10.0.0.13_10.0.0.43\": [1, 3, 4]}": {"[\"10.0.0.12_10.0.0.42\", [1, 2, 4]]": [8, -184.7312075567811, []], "[\"10.0.0.13_10.0.0.43\", [1, 2, 4]]": [10, -205.52498391029872, []], "[\"10.0.0.11_10.0.0.41\", [1, 3, 4]]": [4, -185.99512862375406, []], "[\"NoTrans\", []]": [376, -138.98861925587263, []]}, "{\"10.0.0.11_10.0.0.41\": [1, 3, 4], \"10.0.0.12_10.0.0.42\": [1, 3, 4], \"10.0.0.13_10.0.0.43\": [1, 2, 4]}": {"[\"10.0.0.12_10.0.0.42\", [1, 2, 4]]": [6, -118.2137966796271, []], "[\"10.0.0.13_10.0.0.43\", [1, 3, 4]]": [5, -119.09308251744356, []], "[\"10.0.0.11_10.0.0.41\", [1, 2, 4]]": [8, -119.48478928270157, []], "[\"NoTrans\", []]": [5, -164.52024722554575, []]}, "{\"10.0.0.11_10.0.0.41\": [1, 2, 4], \"10.0.0.12_10.0.0.42\": [1, 3, 4], \"10.0.0.13_10.0.0.43\": [1, 2, 4]}": {"[\"10.0.0.12_10.0.0.42\", [1, 2, 4]]": [47, -207.76013938973352, []], "[\"10.0.0.13_10.0.0.43\", [1, 3, 4]]": [9, -163.99963150840338, []], "[\"10.0.0.11_10.0.0.41\", [1, 3, 4]]": [9, -167.01467083093274, []], "[\"NoTrans\", []]": [13, -179.6621532000783, []]}, "{\"10.0.0.11_10.0.0.41\": [1, 3, 4], \"10.0.0.12_10.0.0.42\": [1, 2, 4], \"10.0.0.13_10.0.0.43\": [1, 3, 4]}": {"[\"10.0.0.12_10.0.0.42\", [1, 3, 4]]": [4, -180.95324218339226, []], "[\"10.0.0.13_10.0.0.43\", [1, 2, 4]]": [8, -118.56981622077014, []], "[\"10.0.0.11_10.0.0.41\", [1, 2, 4]]": [7, -185.24127542783424, []], "[\"NoTrans\", []]": [4, -117.91112405417041, []]}, "{\"10.0.0.11_10.0.0.41\": [1, 2, 4], \"10.0.0.12_10.0.0.42\": [1, 2, 4], \"10.0.0.13_10.0.0.43\": [1, 3, 4]}": {"[\"10.0.0.12_10.0.0.42\", [1, 3, 4]]": [9, -151.80301379689556, []], "[\"10.0.0.13_10.0.0.43\", [1, 2, 4]]": [27, -203.95185816898277, []], "[\"10.0.0.11_10.0.0.41\", [1, 3, 4]]": [10, -167.23755170131557, []], "[\"NoTrans\", []]": [38, -187.5881041401455, []]}, "{\"10.0.0.11_10.0.0.41\": [1, 3, 4], \"10.0.0.12_10.0.0.42\": [1, 2, 4], \"10.0.0.13_10.0.0.43\": [1, 2, 4]}": {"[\"10.0.0.12_10.0.0.42\", [1, 3, 4]]": [6, -119.2271909840412, []], "[\"10.0.0.13_10.0.0.43\", [1, 3, 4]]": [5, -118.34509268907465, []], "[\"10.0.0.11_10.0.0.41\", [1, 2, 4]]": [15, -205.8708119831467, []], "[\"NoTrans\", []]": [15, -119.62461181267837, []]}, "{\"10.0.0.11_10.0.0.41\": [1, 2, 4], \"10.0.0.12_10.0.0.42\": [1, 2, 4], \"10.0.0.13_10.0.0.43\": [1, 2, 4]}": {"[\"10.0.0.12_10.0.0.42\", [1, 3, 4]]": [47, -186.4191757546564, []], "[\"10.0.0.13_10.0.0.43\", [1, 3, 4]]": [31, -185.02256269069954, []], "[\"10.0.0.11_10.0.0.41\", [1, 3, 4]]": [11, -186.01705600180702, []], "[\"NoTrans\", []]": [28, -203.9139302704205, []]}}