{"{\"10.0.0.11_10.0.0.41\": [1, 3, 4], \"10.0.0.12_10.0.0.42\": [1, 3, 4], \"10.0.0.13_10.0.0.43\": [1, 3, 4]}": {"[\"10.0.0.11_10.0.0.41\", [1, 2, 4]]": [1, -155.81740962813842, []], "[\"10.0.0.13_10.0.0.43\", [1, 2, 4]]": [1, -187.3863044157026, []], "[\"10.0.0.12_10.0.0.42\", [1, 2, 4]]": [2, -183.40591962599257, []], "[\"NoTrans\", []]": [1, -202.63389358520507, []]}, "{\"10.0.0.11_10.0.0.41\": [1, 3, 4], \"10.0.0.12_10.0.0.42\": [1, 2, 4], \"10.0.0.13_10.0.0.43\": [1, 3, 4]}": {"[\"10.0.0.11_10.0.0.41\", [1, 2, 4]]": [1, -202.69056774670452, []], "[\"10.0.0.13_10.0.0.43\", [1, 2, 4]]": [3, -218.47269660098237, []], "[\"10.0.0.12_10.0.0.42\", [1, 3, 4]]": [2, -216.5760775756836, []], "[\"NoTrans\", []]": [2, -227.00244652010167, []]}, "{\"10.0.0.11_10.0.0.41\": [1, 3, 4], \"10.0.0.12_10.0.0.42\": [1, 3, 4], \"10.0.0.13_10.0.0.43\": [1, 2, 4]}": {"[\"10.0.0.11_10.0.0.41\", [1, 2, 4]]": [2, -135.78533248796228, []], "[\"10.0.0.13_10.0.0.43\", [1, 3, 4]]": [1, -201.80782089233398, []], "[\"10.0.0.12_10.0.0.42\", [1, 2, 4]]": [0, -140, []], "[\"NoTrans\", []]": [0, -140, []]}, "{\"10.0.0.11_10.0.0.41\": [1, 3, 4], \"10.0.0.12_10.0.0.42\": [1, 2, 4], \"10.0.0.13_10.0.0.43\": [1, 2, 4]}": {"[\"10.0.0.11_10.0.0.41\", [1, 2, 4]]": [1, -226.4540077209473, []], "[\"10.0.0.13_10.0.0.43\", [1, 3, 4]]": [1, -227.01544616374318, []], "[\"10.0.0.12_10.0.0.42\", [1, 3, 4]]": [1, -184.66586338243164, []], "[\"NoTrans\", []]": [0, -140, []]}, "{\"10.0.0.11_10.0.0.41\": [1, 2, 4], \"10.0.0.12_10.0.0.42\": [1, 3, 4], \"10.0.0.13_10.0.0.43\": [1, 3, 4]}": {"[\"10.0.0.11_10.0.0.41\", [1, 3, 4]]": [1, -199.41076245138802, []], "[\"10.0.0.13_10.0.0.43\", [1, 2, 4]]": [1, -227.33762372216074, []], "[\"10.0.0.12_10.0.0.42\", [1, 2, 4]]": [1, -204.4002468401789, []], "[\"NoTrans\", []]": [376, -139.8957176223058, []]}, "{\"10.0.0.11_10.0.0.41\": [1, 2, 4], \"10.0.0.12_10.0.0.42\": [1, 2, 4], \"10.0.0.13_10.0.0.43\": [1, 3, 4]}": {"[\"10.0.0.11_10.0.0.41\", [1, 3, 4]]": [2, -214.6621219604404, []], "[\"10.0.0.13_10.0.0.43\", [1, 2, 4]]": [0, -140, []], "[\"10.0.0.12_10.0.0.42\", [1, 3, 4]]": [1, -175.10240986989675, []], "[\"NoTrans\", []]": [0, -140, []]}, "{\"10.0.0.11_10.0.0.41\": [1, 2, 4], \"10.0.0.12_10.0.0.42\": [1, 3, 4], \"10.0.0.13_10.0.0.43\": [1, 2, 4]}": {"[\"10.0.0.11_10.0.0.41\", [1, 3, 4]]": [1, -185.06895929795715, []], "[\"10.0.0.13_10.0.0.43\", [1, 3, 4]]": [2, -183.75263728572912, []], "[\"10.0.0.12_10.0.0.42\", [1, 2, 4]]": [1, -223.6431480407715, []], "[\"NoTrans\", []]": [383, -195.8423606192793, []]}, "{\"10.0.0.11_10.0.0.41\": [1, 2, 4], \"10.0.0.12_10.0.0.42\": [1, 2, 4], \"10.0.0.13_10.0.0.43\": [1, 2, 4]}": {"[\"10.0.0.11_10.0.0.41\", [1, 3, 4]]": [0, -140, []], "[\"10.0.0.13_10.0.0.43\", [1, 3, 4]]": [1, -205.45450659072657, []], "[\"10.0.0.12_10.0.0.42\", [1, 3, 4]]": [1, -196.26369926155465, []], "[\"NoTrans\", []]": [0, -140, []]}}