{"{\"10.0.0.11_10.0.0.41\": [1, 3, 4], \"10.0.0.12_10.0.0.42\": [1, 3, 4], \"10.0.0.13_10.0.0.43\": [1, 3, 4]}": {"[\"10.0.0.13_10.0.0.43\", [1, 2, 4]]": [1, -186.55953694229575, []], "[\"10.0.0.12_10.0.0.42\", [1, 2, 4]]": [1, -186.25153188848086, []], "[\"10.0.0.11_10.0.0.41\", [1, 2, 4]]": [1, -139.00092634862008, []], "[\"NoTrans\", []]": [1, -202.97063598632812, []]}, "{\"10.0.0.11_10.0.0.41\": [1, 2, 4], \"10.0.0.12_10.0.0.42\": [1, 3, 4], \"10.0.0.13_10.0.0.43\": [1, 3, 4]}": {"[\"10.0.0.13_10.0.0.43\", [1, 2, 4]]": [1, -223.31298806896802, []], "[\"10.0.0.12_10.0.0.42\", [1, 2, 4]]": [1, -205.2881988735734, []], "[\"10.0.0.11_10.0.0.41\", [1, 3, 4]]": [1, -200.18495330810546, []], "[\"NoTrans\", []]": [657, -133.68249039492537, []]}, "{\"10.0.0.11_10.0.0.41\": [1, 3, 4], \"10.0.0.12_10.0.0.42\": [1, 2, 4], \"10.0.0.13_10.0.0.43\": [1, 3, 4]}": {"[\"10.0.0.13_10.0.0.43\", [1, 2, 4]]": [1, -205.33703429996604, []], "[\"10.0.0.12_10.0.0.42\", [1, 3, 4]]": [1, -201.24114761352538, []], "[\"10.0.0.11_10.0.0.41\", [1, 2, 4]]": [1, -208.06645340526734, []], "[\"NoTrans\", []]": [1, -186.07256770636658, []]}, "{\"10.0.0.11_10.0.0.41\": [1, 2, 4], \"10.0.0.12_10.0.0.42\": [1, 2, 4], \"10.0.0.13_10.0.0.43\": [1, 3, 4]}": {"[\"10.0.0.13_10.0.0.43\", [1, 2, 4]]": [1, -222.89603958129885, []], "[\"10.0.0.12_10.0.0.42\", [1, 3, 4]]": [1, -174.23666049477723, []], "[\"10.0.0.11_10.0.0.41\", [1, 3, 4]]": [1, -185.68392332171484, []], "[\"NoTrans\", []]": [1, -206.07823065986395, []]}, "{\"10.0.0.11_10.0.0.41\": [1, 3, 4], \"10.0.0.12_10.0.0.42\": [1, 3, 4], \"10.0.0.13_10.0.0.43\": [1, 2, 4]}": {"[\"10.0.0.13_10.0.0.43\", [1, 3, 4]]": [1, -202.9931427001953, []], "[\"10.0.0.12_10.0.0.42\", [1, 2, 4]]": [1, -203.39075363237538, []], "[\"10.0.0.11_10.0.0.41\", [1, 2, 4]]": [1, -206.31823395721068, []], "[\"NoTrans\", []]": [1, -187.88557021692333, []]}, "{\"10.0.0.11_10.0.0.41\": [1, 2, 4], \"10.0.0.12_10.0.0.42\": [1, 3, 4], \"10.0.0.13_10.0.0.43\": [1, 2, 4]}": {"[\"10.0.0.13_10.0.0.43\", [1, 3, 4]]": [2, -195.43152641078504, []], "[\"10.0.0.12_10.0.0.42\", [1, 2, 4]]": [1, -225.68763504028323, []], "[\"10.0.0.11_10.0.0.41\", [1, 3, 4]]": [1, -189.3503810506008, []], "[\"NoTrans\", []]": [1, -208.35941122362001, []]}, "{\"10.0.0.11_10.0.0.41\": [1, 3, 4], \"10.0.0.12_10.0.0.42\": [1, 2, 4], \"10.0.0.13_10.0.0.43\": [1, 2, 4]}": {"[\"10.0.0.13_10.0.0.43\", [1, 3, 4]]": [1, -188.1674560514774, []], "[\"10.0.0.12_10.0.0.42\", [1, 3, 4]]": [1, -186.62347063169778, []], "[\"10.0.0.11_10.0.0.41\", [1, 2, 4]]": [1, -223.26110610961916, []], "[\"NoTrans\", []]": [0, -140, []]}, "{\"10.0.0.11_10.0.0.41\": [1, 2, 4], \"10.0.0.12_10.0.0.42\": [1, 2, 4], \"10.0.0.13_10.0.0.43\": [1, 2, 4]}": {"[\"10.0.0.13_10.0.0.43\", [1, 3, 4]]": [1, -203.39346401218077, []], "[\"10.0.0.12_10.0.0.42\", [1, 3, 4]]": [1, -203.4980097432585, []], "[\"10.0.0.11_10.0.0.41\", [1, 3, 4]]": [1, -205.79653381102634, []], "[\"NoTrans\", []]": [0, -140, []]}}