{"{\"10.0.0.11_10.0.0.41\": [1, 3, 4], \"10.0.0.12_10.0.0.42\": [1, 3, 4], \"10.0.0.13_10.0.0.43\": [1, 3, 4]}": {"[\"10.0.0.11_10.0.0.41\", [1, 2, 4]]": [22, -126.5757133357798, []], "[\"10.0.0.13_10.0.0.43\", [1, 2, 4]]": [10, -289.893936462835, []], "[\"10.0.0.12_10.0.0.42\", [1, 2, 4]]": [1, -295.3594227373607, []], "[\"NoTrans\", []]": [0, -Infinity, []]}, "{\"10.0.0.11_10.0.0.41\": [1, 3, 4], \"10.0.0.12_10.0.0.42\": [1, 2, 4], \"10.0.0.13_10.0.0.43\": [1, 3, 4]}": {"[\"10.0.0.11_10.0.0.41\", [1, 2, 4]]": [8, -431.84334066789603, []], "[\"10.0.0.13_10.0.0.43\", [1, 2, 4]]": [6, -416.7613924213952, []], "[\"10.0.0.12_10.0.0.42\", [1, 3, 4]]": [6, -241.9525982244384, []], "[\"NoTrans\", []]": [4, -336.1102021944242, []]}, "{\"10.0.0.11_10.0.0.41\": [1, 3, 4], \"10.0.0.12_10.0.0.42\": [1, 3, 4], \"10.0.0.13_10.0.0.43\": [1, 2, 4]}": {"[\"10.0.0.11_10.0.0.41\", [1, 2, 4]]": [20, -232.57649219986223, []], "[\"10.0.0.13_10.0.0.43\", [1, 3, 4]]": [0, -Infinity, []], "[\"10.0.0.12_10.0.0.42\", [1, 2, 4]]": [3, -440.31388605076575, []], "[\"NoTrans\", []]": [0, -Infinity, []]}, "{\"10.0.0.11_10.0.0.41\": [1, 3, 4], \"10.0.0.12_10.0.0.42\": [1, 2, 4], \"10.0.0.13_10.0.0.43\": [1, 2, 4]}": {"[\"10.0.0.11_10.0.0.41\", [1, 2, 4]]": [21, -354.55887469116396, []], "[\"10.0.0.13_10.0.0.43\", [1, 3, 4]]": [0, -Infinity, []], "[\"10.0.0.12_10.0.0.42\", [1, 3, 4]]": [0, -Infinity, []], "[\"NoTrans\", []]": [5, -429.1301009824645, []]}, "{\"10.0.0.11_10.0.0.41\": [1, 2, 4], \"10.0.0.12_10.0.0.42\": [1, 3, 4], \"10.0.0.13_10.0.0.43\": [1, 3, 4]}": {"[\"10.0.0.11_10.0.0.41\", [1, 3, 4]]": [27, -199.51034211479742, []], "[\"10.0.0.13_10.0.0.43\", [1, 2, 4]]": [24, -232.8240557741239, []], "[\"10.0.0.12_10.0.0.42\", [1, 2, 4]]": [38, -242.6122111566045, []], "[\"NoTrans\", []]": [448, -140.7262465647907, []]}, "{\"10.0.0.11_10.0.0.41\": [1, 2, 4], \"10.0.0.12_10.0.0.42\": [1, 2, 4], \"10.0.0.13_10.0.0.43\": [1, 3, 4]}": {"[\"10.0.0.11_10.0.0.41\", [1, 3, 4]]": [19, -352.515664740695, []], "[\"10.0.0.13_10.0.0.43\", [1, 2, 4]]": [3, -349.06680631425377, []], "[\"10.0.0.12_10.0.0.42\", [1, 3, 4]]": [24, -181.38971285931797, []], "[\"NoTrans\", []]": [8, -252.1058043313791, []]}, "{\"10.0.0.11_10.0.0.41\": [1, 2, 4], \"10.0.0.12_10.0.0.42\": [1, 3, 4], \"10.0.0.13_10.0.0.43\": [1, 2, 4]}": {"[\"10.0.0.11_10.0.0.41\", [1, 3, 4]]": [13, -276.9172332388969, []], "[\"10.0.0.13_10.0.0.43\", [1, 3, 4]]": [43, -162.4935858542301, []], "[\"10.0.0.12_10.0.0.42\", [1, 2, 4]]": [3, -338.1254120840792, []], "[\"NoTrans\", []]": [8, -292.28901333210433, []]}, "{\"10.0.0.11_10.0.0.41\": [1, 2, 4], \"10.0.0.12_10.0.0.42\": [1, 2, 4], \"10.0.0.13_10.0.0.43\": [1, 2, 4]}": {"[\"10.0.0.11_10.0.0.41\", [1, 3, 4]]": [12, -438.437542111573, []], "[\"10.0.0.13_10.0.0.43\", [1, 3, 4]]": [0, -Infinity, []], "[\"10.0.0.12_10.0.0.42\", [1, 3, 4]]": [15, -267.24933035045495, []], "[\"NoTrans\", []]": [11, -397.0000048544904, []]}}