{"{\"10.0.0.11_10.0.0.41\": [1, 3, 4], \"10.0.0.12_10.0.0.42\": [1, 3, 4], \"10.0.0.13_10.0.0.43\": [1, 3, 4]}": {"[\"10.0.0.11_10.0.0.41\", [1, 2, 4]]": [6, -158.94756699111161, []], "[\"10.0.0.13_10.0.0.43\", [1, 2, 4]]": [2, -171.56247043607732, []], "[\"10.0.0.12_10.0.0.42\", [1, 2, 4]]": [3, -201.7155058802029, []], "[\"NoTrans\", []]": [3, -203.00015350260514, []]}, "{\"10.0.0.11_10.0.0.41\": [1, 3, 4], \"10.0.0.12_10.0.0.42\": [1, 2, 4], \"10.0.0.13_10.0.0.43\": [1, 3, 4]}": {"[\"10.0.0.11_10.0.0.41\", [1, 2, 4]]": [4, -232.32739806442464, []], "[\"10.0.0.13_10.0.0.43\", [1, 2, 4]]": [3, -219.61472878294626, []], "[\"10.0.0.12_10.0.0.42\", [1, 3, 4]]": [3, -206.13175292887468, []], "[\"NoTrans\", []]": [3, -202.13298540022714, []]}, "{\"10.0.0.11_10.0.0.41\": [1, 3, 4], \"10.0.0.12_10.0.0.42\": [1, 3, 4], \"10.0.0.13_10.0.0.43\": [1, 2, 4]}": {"[\"10.0.0.11_10.0.0.41\", [1, 2, 4]]": [2, -189.14828235781982, []], "[\"10.0.0.13_10.0.0.43\", [1, 3, 4]]": [3, -193.3537339547305, []], "[\"10.0.0.12_10.0.0.42\", [1, 2, 4]]": [2, -199.69803167082912, []], "[\"NoTrans\", []]": [2, -180.75312298903992, []]}, "{\"10.0.0.11_10.0.0.41\": [1, 3, 4], \"10.0.0.12_10.0.0.42\": [1, 2, 4], \"10.0.0.13_10.0.0.43\": [1, 2, 4]}": {"[\"10.0.0.11_10.0.0.41\", [1, 2, 4]]": [3, -248.56781400462245, []], "[\"10.0.0.13_10.0.0.43\", [1, 3, 4]]": [3, -231.5125358802433, []], "[\"10.0.0.12_10.0.0.42\", [1, 3, 4]]": [2, -190.54893887663408, []], "[\"NoTrans\", []]": [2, -194.77466479980959, []]}, "{\"10.0.0.11_10.0.0.41\": [1, 2, 4], \"10.0.0.12_10.0.0.42\": [1, 3, 4], \"10.0.0.13_10.0.0.43\": [1, 3, 4]}": {"[\"10.0.0.11_10.0.0.41\", [1, 3, 4]]": [5, -212.54211801721124, []], "[\"10.0.0.13_10.0.0.43\", [1, 2, 4]]": [4, -223.91101242445671, []], "[\"10.0.0.12_10.0.0.42\", [1, 2, 4]]": [4, -223.73081799571213, []], "[\"NoTrans\", []]": [578, -116.42324611073597, []]}, "{\"10.0.0.11_10.0.0.41\": [1, 2, 4], \"10.0.0.12_10.0.0.42\": [1, 2, 4], \"10.0.0.13_10.0.0.43\": [1, 3, 4]}": {"[\"10.0.0.11_10.0.0.41\", [1, 3, 4]]": [4, -201.08042895861306, []], "[\"10.0.0.13_10.0.0.43\", [1, 2, 4]]": [3, -223.41210812100985, []], "[\"10.0.0.12_10.0.0.42\", [1, 3, 4]]": [5, -182.5324961203362, []], "[\"NoTrans\", []]": [3, -229.36448513754863, []]}, "{\"10.0.0.11_10.0.0.41\": [1, 2, 4], \"10.0.0.12_10.0.0.42\": [1, 3, 4], \"10.0.0.13_10.0.0.43\": [1, 2, 4]}": {"[\"10.0.0.11_10.0.0.41\", [1, 3, 4]]": [3, -182.02518690835427, []], "[\"10.0.0.13_10.0.0.43\", [1, 3, 4]]": [3, -167.74505366050175, []], "[\"10.0.0.12_10.0.0.42\", [1, 2, 4]]": [2, -213.41953856158537, []], "[\"NoTrans\", []]": [2, -189.78241919265105, []]}, "{\"10.0.0.11_10.0.0.41\": [1, 2, 4], \"10.0.0.12_10.0.0.42\": [1, 2, 4], \"10.0.0.13_10.0.0.43\": [1, 2, 4]}": {"[\"10.0.0.11_10.0.0.41\", [1, 3, 4]]": [3, -238.28343052084517, []], "[\"10.0.0.13_10.0.0.43\", [1, 3, 4]]": [3, -225.77777642075807, []], "[\"10.0.0.12_10.0.0.42\", [1, 3, 4]]": [2, -207.49430952211338, []], "[\"NoTrans\", []]": [2, -220.411938398974, []]}}