{"{\"10.0.0.11_10.0.0.41\": [1, 3, 4], \"10.0.0.12_10.0.0.42\": [1, 3, 4], \"10.0.0.13_10.0.0.43\": [1, 3, 4]}": {"[\"10.0.0.11_10.0.0.41\", [1, 2, 4]]": [36, -142.64638775412226, []], "[\"10.0.0.13_10.0.0.43\", [1, 2, 4]]": [1, -213.38841263054837, []], "[\"10.0.0.12_10.0.0.42\", [1, 2, 4]]": [5, -253.77101640213942, []], "[\"NoTrans\", []]": [4, -201.2639740109934, []]}, "{\"10.0.0.11_10.0.0.41\": [1, 3, 4], \"10.0.0.12_10.0.0.42\": [1, 2, 4], \"10.0.0.13_10.0.0.43\": [1, 3, 4]}": {"[\"10.0.0.11_10.0.0.41\", [1, 2, 4]]": [11, -455.744600759943, []], "[\"10.0.0.13_10.0.0.43\", [1, 2, 4]]": [14, -454.45318521644276, []], "[\"10.0.0.12_10.0.0.42\", [1, 3, 4]]": [8, -207.1022872729608, []], "[\"NoTrans\", []]": [24, -417.5458471612596, []]}, "{\"10.0.0.11_10.0.0.41\": [1, 3, 4], \"10.0.0.12_10.0.0.42\": [1, 3, 4], \"10.0.0.13_10.0.0.43\": [1, 2, 4]}": {"[\"10.0.0.11_10.0.0.41\", [1, 2, 4]]": [6, -267.08895886010924, []], "[\"10.0.0.13_10.0.0.43\", [1, 3, 4]]": [0, -Infinity, []], "[\"10.0.0.12_10.0.0.42\", [1, 2, 4]]": [0, -Infinity, []], "[\"NoTrans\", []]": [0, -Infinity, []]}, "{\"10.0.0.11_10.0.0.41\": [1, 3, 4], \"10.0.0.12_10.0.0.42\": [1, 2, 4], \"10.0.0.13_10.0.0.43\": [1, 2, 4]}": {"[\"10.0.0.11_10.0.0.41\", [1, 2, 4]]": [6, -454.29230707052994, []], "[\"10.0.0.13_10.0.0.43\", [1, 3, 4]]": [14, -419.2152587934312, []], "[\"10.0.0.12_10.0.0.42\", [1, 3, 4]]": [0, -Infinity, []], "[\"NoTrans\", []]": [6, -448.68139292188295, []]}, "{\"10.0.0.11_10.0.0.41\": [1, 2, 4], \"10.0.0.12_10.0.0.42\": [1, 3, 4], \"10.0.0.13_10.0.0.43\": [1, 3, 4]}": {"[\"10.0.0.11_10.0.0.41\", [1, 3, 4]]": [34, -209.62824328606902, []], "[\"10.0.0.13_10.0.0.43\", [1, 2, 4]]": [23, -254.8227648202462, []], "[\"10.0.0.12_10.0.0.42\", [1, 2, 4]]": [31, -248.76944970927613, []], "[\"NoTrans\", []]": [491, -126.78117370849985, []]}, "{\"10.0.0.11_10.0.0.41\": [1, 2, 4], \"10.0.0.12_10.0.0.42\": [1, 2, 4], \"10.0.0.13_10.0.0.43\": [1, 3, 4]}": {"[\"10.0.0.11_10.0.0.41\", [1, 3, 4]]": [14, -240.64342394792487, []], "[\"10.0.0.13_10.0.0.43\", [1, 2, 4]]": [3, -317.72136505876176, []], "[\"10.0.0.12_10.0.0.42\", [1, 3, 4]]": [27, -166.07017558965848, []], "[\"NoTrans\", []]": [2, -255.0383241713236, []]}, "{\"10.0.0.11_10.0.0.41\": [1, 2, 4], \"10.0.0.12_10.0.0.42\": [1, 3, 4], \"10.0.0.13_10.0.0.43\": [1, 2, 4]}": {"[\"10.0.0.11_10.0.0.41\", [1, 3, 4]]": [5, -292.47398551675064, []], "[\"10.0.0.13_10.0.0.43\", [1, 3, 4]]": [26, -200.80730944369662, []], "[\"10.0.0.12_10.0.0.42\", [1, 2, 4]]": [2, -291.15513579255764, []], "[\"NoTrans\", []]": [0, -Infinity, []]}, "{\"10.0.0.11_10.0.0.41\": [1, 2, 4], \"10.0.0.12_10.0.0.42\": [1, 2, 4], \"10.0.0.13_10.0.0.43\": [1, 2, 4]}": {"[\"10.0.0.11_10.0.0.41\", [1, 3, 4]]": [6, -416.2600593170661, []], "[\"10.0.0.13_10.0.0.43\", [1, 3, 4]]": [2, -256.11003200727976, []], "[\"10.0.0.12_10.0.0.42\", [1, 3, 4]]": [4, -244.90093747026592, []], "[\"NoTrans\", []]": [4, -434.2535815658767, []]}}