{"{\"10.0.0.11_10.0.0.41\": [1, 3, 4], \"10.0.0.12_10.0.0.42\": [1, 3, 4], \"10.0.0.13_10.0.0.43\": [1, 3, 4]}": {"[\"10.0.0.11_10.0.0.41\", [1, 2, 4]]": [54, -136.0833900025423, []], "[\"10.0.0.13_10.0.0.43\", [1, 2, 4]]": [1, -229.26597707251668, []], "[\"10.0.0.12_10.0.0.42\", [1, 2, 4]]": [1, -234.68561782842673, []], "[\"NoTrans\", []]": [0, -Infinity, []]}, "{\"10.0.0.11_10.0.0.41\": [1, 3, 4], \"10.0.0.12_10.0.0.42\": [1, 2, 4], \"10.0.0.13_10.0.0.43\": [1, 3, 4]}": {"[\"10.0.0.11_10.0.0.41\", [1, 2, 4]]": [10, -247.6006534474087, []], "[\"10.0.0.13_10.0.0.43\", [1, 2, 4]]": [0, -Infinity, []], "[\"10.0.0.12_10.0.0.42\", [1, 3, 4]]": [0, -Infinity, []], "[\"NoTrans\", []]": [0, -Infinity, []]}, "{\"10.0.0.11_10.0.0.41\": [1, 3, 4], \"10.0.0.12_10.0.0.42\": [1, 3, 4], \"10.0.0.13_10.0.0.43\": [1, 2, 4]}": {"[\"10.0.0.11_10.0.0.41\", [1, 2, 4]]": [4, -303.88947079593686, []], "[\"10.0.0.13_10.0.0.43\", [1, 3, 4]]": [8, -213.8727680101945, []], "[\"10.0.0.12_10.0.0.42\", [1, 2, 4]]": [2, -287.623531190449, []], "[\"NoTrans\", []]": [0, -Infinity, []]}, "{\"10.0.0.11_10.0.0.41\": [1, 3, 4], \"10.0.0.12_10.0.0.42\": [1, 2, 4], \"10.0.0.13_10.0.0.43\": [1, 2, 4]}": {"[\"10.0.0.11_10.0.0.41\", [1, 2, 4]]": [3, -275.1503779690036, []], "[\"10.0.0.13_10.0.0.43\", [1, 3, 4]]": [0, -Infinity, []], "[\"10.0.0.12_10.0.0.42\", [1, 3, 4]]": [6, -255.7621753346643, []], "[\"NoTrans\", []]": [0, -Infinity, []]}, "{\"10.0.0.11_10.0.0.41\": [1, 2, 4], \"10.0.0.12_10.0.0.42\": [1, 3, 4], \"10.0.0.13_10.0.0.43\": [1, 3, 4]}": {"[\"10.0.0.11_10.0.0.41\", [1, 3, 4]]": [48, -221.37670396067224, []], "[\"10.0.0.13_10.0.0.43\", [1, 2, 4]]": [26, -253.29395353296934, []], "[\"10.0.0.12_10.0.0.42\", [1, 2, 4]]": [40, -249.5596010377585, []], "[\"NoTrans\", []]": [504, -132.12134450964012, []]}, "{\"10.0.0.11_10.0.0.41\": [1, 2, 4], \"10.0.0.12_10.0.0.42\": [1, 2, 4], \"10.0.0.13_10.0.0.43\": [1, 3, 4]}": {"[\"10.0.0.11_10.0.0.41\", [1, 3, 4]]": [8, -283.38880458541206, []], "[\"10.0.0.13_10.0.0.43\", [1, 2, 4]]": [10, -366.101964207737, []], "[\"10.0.0.12_10.0.0.42\", [1, 3, 4]]": [34, -183.5040162303085, []], "[\"NoTrans\", []]": [5, -254.37629731161476, []]}, "{\"10.0.0.11_10.0.0.41\": [1, 2, 4], \"10.0.0.12_10.0.0.42\": [1, 3, 4], \"10.0.0.13_10.0.0.43\": [1, 2, 4]}": {"[\"10.0.0.11_10.0.0.41\", [1, 3, 4]]": [7, -268.4039382092329, []], "[\"10.0.0.13_10.0.0.43\", [1, 3, 4]]": [27, -183.15676074711138, []], "[\"10.0.0.12_10.0.0.42\", [1, 2, 4]]": [2, -334.41659009452184, []], "[\"NoTrans\", []]": [0, -Infinity, []]}, "{\"10.0.0.11_10.0.0.41\": [1, 2, 4], \"10.0.0.12_10.0.0.42\": [1, 2, 4], \"10.0.0.13_10.0.0.43\": [1, 2, 4]}": {"[\"10.0.0.11_10.0.0.41\", [1, 3, 4]]": [7, -300.20179867095067, []], "[\"10.0.0.13_10.0.0.43\", [1, 3, 4]]": [2, -358.43205265412774, []], "[\"10.0.0.12_10.0.0.42\", [1, 3, 4]]": [6, -315.68044083925724, []], "[\"NoTrans\", []]": [3, -339.27637411757735, []]}}