{"{\"10.0.0.11_10.0.0.41\": [1, 3, 4], \"10.0.0.12_10.0.0.42\": [1, 3, 4], \"10.0.0.13_10.0.0.43\": [1, 3, 4]}": {"[\"10.0.0.13_10.0.0.43\", [1, 2, 4]]": [2, -182.862710579467, []], "[\"10.0.0.12_10.0.0.42\", [1, 2, 4]]": [2, -194.04872353269735, []], "[\"10.0.0.11_10.0.0.41\", [1, 2, 4]]": [5, -166.8864595522228, []], "[\"NoTrans\", []]": [2, -188.668512642702, []]}, "{\"10.0.0.11_10.0.0.41\": [1, 2, 4], \"10.0.0.12_10.0.0.42\": [1, 3, 4], \"10.0.0.13_10.0.0.43\": [1, 3, 4]}": {"[\"10.0.0.13_10.0.0.43\", [1, 2, 4]]": [4, -212.6131089245288, []], "[\"10.0.0.12_10.0.0.42\", [1, 2, 4]]": [3, -217.64604638879823, []], "[\"10.0.0.11_10.0.0.41\", [1, 3, 4]]": [4, -212.3402677276916, []], "[\"NoTrans\", []]": [605, -135.6902797580138, []]}, "{\"10.0.0.11_10.0.0.41\": [1, 3, 4], \"10.0.0.12_10.0.0.42\": [1, 2, 4], \"10.0.0.13_10.0.0.43\": [1, 3, 4]}": {"[\"10.0.0.13_10.0.0.43\", [1, 2, 4]]": [2, -194.35433369424385, []], "[\"10.0.0.12_10.0.0.42\", [1, 3, 4]]": [2, -203.3327144742863, []], "[\"10.0.0.11_10.0.0.41\", [1, 2, 4]]": [2, -211.17028285624497, []], "[\"NoTrans\", []]": [2, -192.67230651787455, []]}, "{\"10.0.0.11_10.0.0.41\": [1, 2, 4], \"10.0.0.12_10.0.0.42\": [1, 2, 4], \"10.0.0.13_10.0.0.43\": [1, 3, 4]}": {"[\"10.0.0.13_10.0.0.43\", [1, 2, 4]]": [2, -169.08979157711406, []], "[\"10.0.0.12_10.0.0.42\", [1, 3, 4]]": [3, -179.9103811228186, []], "[\"10.0.0.11_10.0.0.41\", [1, 3, 4]]": [2, -193.15968238739373, []], "[\"NoTrans\", []]": [2, -151.22883052663838, []]}, "{\"10.0.0.11_10.0.0.41\": [1, 3, 4], \"10.0.0.12_10.0.0.42\": [1, 3, 4], \"10.0.0.13_10.0.0.43\": [1, 2, 4]}": {"[\"10.0.0.13_10.0.0.43\", [1, 3, 4]]": [3, -191.11764746936217, []], "[\"10.0.0.12_10.0.0.42\", [1, 2, 4]]": [2, -154.31178477508018, []], "[\"10.0.0.11_10.0.0.41\", [1, 2, 4]]": [2, -187.03369218722773, []], "[\"NoTrans\", []]": [2, -169.4075207818306, []]}, "{\"10.0.0.11_10.0.0.41\": [1, 2, 4], \"10.0.0.12_10.0.0.42\": [1, 3, 4], \"10.0.0.13_10.0.0.43\": [1, 2, 4]}": {"[\"10.0.0.13_10.0.0.43\", [1, 3, 4]]": [4, -193.09964761312597, []], "[\"10.0.0.12_10.0.0.42\", [1, 2, 4]]": [2, -179.97639530116848, []], "[\"10.0.0.11_10.0.0.41\", [1, 3, 4]]": [2, -168.4209100601751, []], "[\"NoTrans\", []]": [2, -201.85249760621463, []]}, "{\"10.0.0.11_10.0.0.41\": [1, 3, 4], \"10.0.0.12_10.0.0.42\": [1, 2, 4], \"10.0.0.13_10.0.0.43\": [1, 2, 4]}": {"[\"10.0.0.13_10.0.0.43\", [1, 3, 4]]": [2, -164.76794968706275, []], "[\"10.0.0.12_10.0.0.42\", [1, 3, 4]]": [3, -184.58665601295388, []], "[\"10.0.0.11_10.0.0.41\", [1, 2, 4]]": [1, -150.35319443958193, []], "[\"NoTrans\", []]": [2, -194.716911498787, []]}, "{\"10.0.0.11_10.0.0.41\": [1, 2, 4], \"10.0.0.12_10.0.0.42\": [1, 2, 4], \"10.0.0.13_10.0.0.43\": [1, 2, 4]}": {"[\"10.0.0.13_10.0.0.43\", [1, 3, 4]]": [2, -149.96552461043422, []], "[\"10.0.0.12_10.0.0.42\", [1, 3, 4]]": [2, -152.48688003637662, []], "[\"10.0.0.11_10.0.0.41\", [1, 3, 4]]": [2, -146.82852675951221, []], "[\"NoTrans\", []]": [1, -148.79841920154482, []]}}