{"{\"10.0.0.11_10.0.0.41\": [1, 3, 4], \"10.0.0.12_10.0.0.42\": [1, 3, 4], \"10.0.0.13_10.0.0.43\": [1, 3, 4]}": {"[\"10.0.0.12_10.0.0.42\", [1, 2, 4]]": [11, -272.387406797643, []], "[\"10.0.0.13_10.0.0.43\", [1, 2, 4]]": [12, -280.185486155067, []], "[\"10.0.0.11_10.0.0.41\", [1, 2, 4]]": [16, -174.61826391793008, []], "[\"NoTrans\", []]": [15, -241.8063546917611, []]}, "{\"10.0.0.11_10.0.0.41\": [1, 2, 4], \"10.0.0.12_10.0.0.42\": [1, 3, 4], \"10.0.0.13_10.0.0.43\": [1, 3, 4]}": {"[\"10.0.0.12_10.0.0.42\", [1, 2, 4]]": [16, -275.8106004676115, []], "[\"10.0.0.13_10.0.0.43\", [1, 2, 4]]": [15, -277.2598186631719, []], "[\"10.0.0.11_10.0.0.41\", [1, 3, 4]]": [17, -241.1701787335315, []], "[\"NoTrans\", []]": [16, -199.7372910501305, []]}, "{\"10.0.0.11_10.0.0.41\": [1, 3, 4], \"10.0.0.12_10.0.0.42\": [1, 3, 4], \"10.0.0.13_10.0.0.43\": [1, 2, 4]}": {"[\"10.0.0.12_10.0.0.42\", [1, 2, 4]]": [15, -331.1707938686486, []], "[\"10.0.0.13_10.0.0.43\", [1, 3, 4]]": [10, -241.6152518477599, []], "[\"10.0.0.11_10.0.0.41\", [1, 2, 4]]": [18, -282.7937152646569, []], "[\"NoTrans\", []]": [16, -285.7925844172991, []]}, "{\"10.0.0.11_10.0.0.41\": [1, 2, 4], \"10.0.0.12_10.0.0.42\": [1, 3, 4], \"10.0.0.13_10.0.0.43\": [1, 2, 4]}": {"[\"10.0.0.12_10.0.0.42\", [1, 2, 4]]": [21, -342.40610895208147, []], "[\"10.0.0.13_10.0.0.43\", [1, 3, 4]]": [13, -210.92985193973595, []], "[\"10.0.0.11_10.0.0.41\", [1, 3, 4]]": [16, -286.050220060737, []], "[\"NoTrans\", []]": [4, -277.06026770306653, []]}, "{\"10.0.0.11_10.0.0.41\": [1, 3, 4], \"10.0.0.12_10.0.0.42\": [1, 2, 4], \"10.0.0.13_10.0.0.43\": [1, 3, 4]}": {"[\"10.0.0.12_10.0.0.42\", [1, 3, 4]]": [12, -238.86525290442248, []], "[\"10.0.0.13_10.0.0.43\", [1, 2, 4]]": [18, -326.9287772266831, []], "[\"10.0.0.11_10.0.0.41\", [1, 2, 4]]": [11, -291.0944146549796, []], "[\"NoTrans\", []]": [7, -275.32497698912533, []]}, "{\"10.0.0.11_10.0.0.41\": [1, 2, 4], \"10.0.0.12_10.0.0.42\": [1, 2, 4], \"10.0.0.13_10.0.0.43\": [1, 3, 4]}": {"[\"10.0.0.12_10.0.0.42\", [1, 3, 4]]": [20, -222.27489505634142, []], "[\"10.0.0.13_10.0.0.43\", [1, 2, 4]]": [16, -348.429492711619, []], "[\"10.0.0.11_10.0.0.41\", [1, 3, 4]]": [14, -278.50622317461847, []], "[\"NoTrans\", []]": [22, -280.6046899105102, []]}, "{\"10.0.0.11_10.0.0.41\": [1, 3, 4], \"10.0.0.12_10.0.0.42\": [1, 2, 4], \"10.0.0.13_10.0.0.43\": [1, 2, 4]}": {"[\"10.0.0.12_10.0.0.42\", [1, 3, 4]]": [15, -276.36092674690167, []], "[\"10.0.0.13_10.0.0.43\", [1, 3, 4]]": [16, -277.96714647516035, []], "[\"10.0.0.11_10.0.0.41\", [1, 2, 4]]": [20, -344.8387844932097, []], "[\"NoTrans\", []]": [10, -330.17420664023894, []]}, "{\"10.0.0.11_10.0.0.41\": [1, 2, 4], \"10.0.0.12_10.0.0.42\": [1, 2, 4], \"10.0.0.13_10.0.0.43\": [1, 2, 4]}": {"[\"10.0.0.12_10.0.0.42\", [1, 3, 4]]": [16, -272.3064351552352, []], "[\"10.0.0.13_10.0.0.43\", [1, 3, 4]]": [23, -281.68670666745754, []], "[\"10.0.0.11_10.0.0.41\", [1, 3, 4]]": [18, -325.5637434638073, []], "[\"NoTrans\", []]": [19, -344.1714136541935, []]}}