{"{\"10.0.0.11_10.0.0.41\": [1, 3, 4], \"10.0.0.12_10.0.0.42\": [1, 3, 4], \"10.0.0.13_10.0.0.43\": [1, 3, 4]}": {"[\"10.0.0.12_10.0.0.42\", [1, 2, 4]]": [2, -151.18360094494759, []], "[\"10.0.0.13_10.0.0.43\", [1, 2, 4]]": [2, -133.58224558774504, []], "[\"10.0.0.11_10.0.0.41\", [1, 2, 4]]": [3, -121.5807688577395, []], "[\"NoTrans\", []]": [1, -119.25192124509122, []]}, "{\"10.0.0.11_10.0.0.41\": [1, 2, 4], \"10.0.0.12_10.0.0.42\": [1, 3, 4], \"10.0.0.13_10.0.0.43\": [1, 3, 4]}": {"[\"10.0.0.12_10.0.0.42\", [1, 2, 4]]": [2, -174.09278681068804, []], "[\"10.0.0.13_10.0.0.43\", [1, 2, 4]]": [2, -172.2718514495196, []], "[\"10.0.0.11_10.0.0.41\", [1, 3, 4]]": [3, -157.62687679209873, []], "[\"NoTrans\", []]": [634, -111.01498247699458, []]}, "{\"10.0.0.11_10.0.0.41\": [1, 3, 4], \"10.0.0.12_10.0.0.42\": [1, 3, 4], \"10.0.0.13_10.0.0.43\": [1, 2, 4]}": {"[\"10.0.0.12_10.0.0.42\", [1, 2, 4]]": [2, -178.4119691969052, []], "[\"10.0.0.13_10.0.0.43\", [1, 3, 4]]": [2, -147.4415390269412, []], "[\"10.0.0.11_10.0.0.41\", [1, 2, 4]]": [1, -151.87526771651338, []], "[\"NoTrans\", []]": [1, -120.05899869657983, []]}, "{\"10.0.0.11_10.0.0.41\": [1, 2, 4], \"10.0.0.12_10.0.0.42\": [1, 3, 4], \"10.0.0.13_10.0.0.43\": [1, 2, 4]}": {"[\"10.0.0.12_10.0.0.42\", [1, 2, 4]]": [2, -226.59374323735346, []], "[\"10.0.0.13_10.0.0.43\", [1, 3, 4]]": [2, -132.84676634778995, []], "[\"10.0.0.11_10.0.0.41\", [1, 3, 4]]": [1, -120.35729143294844, []], "[\"NoTrans\", []]": [1, -154.31791927459108, []]}, "{\"10.0.0.11_10.0.0.41\": [1, 3, 4], \"10.0.0.12_10.0.0.42\": [1, 2, 4], \"10.0.0.13_10.0.0.43\": [1, 3, 4]}": {"[\"10.0.0.12_10.0.0.42\", [1, 3, 4]]": [2, -139.65615022156086, []], "[\"10.0.0.13_10.0.0.43\", [1, 2, 4]]": [1, -162.77624649835695, []], "[\"10.0.0.11_10.0.0.41\", [1, 2, 4]]": [1, -157.64435178064417, []], "[\"NoTrans\", []]": [1, -141.54740436665003, []]}, "{\"10.0.0.11_10.0.0.41\": [1, 2, 4], \"10.0.0.12_10.0.0.42\": [1, 2, 4], \"10.0.0.13_10.0.0.43\": [1, 3, 4]}": {"[\"10.0.0.12_10.0.0.42\", [1, 3, 4]]": [2, -131.30925293155818, []], "[\"10.0.0.13_10.0.0.43\", [1, 2, 4]]": [1, -203.15460291752927, []], "[\"10.0.0.11_10.0.0.41\", [1, 3, 4]]": [1, -138.69494644643385, []], "[\"NoTrans\", []]": [1, -156.0884652835099, []]}, "{\"10.0.0.11_10.0.0.41\": [1, 3, 4], \"10.0.0.12_10.0.0.42\": [1, 2, 4], \"10.0.0.13_10.0.0.43\": [1, 2, 4]}": {"[\"10.0.0.12_10.0.0.42\", [1, 3, 4]]": [2, -164.4900534876537, []], "[\"10.0.0.13_10.0.0.43\", [1, 3, 4]]": [1, -139.48087646125242, []], "[\"10.0.0.11_10.0.0.41\", [1, 2, 4]]": [1, -202.7358445251953, []], "[\"NoTrans\", []]": [1, -161.75939904841755, []]}, "{\"10.0.0.11_10.0.0.41\": [1, 2, 4], \"10.0.0.12_10.0.0.42\": [1, 2, 4], \"10.0.0.13_10.0.0.43\": [1, 2, 4]}": {"[\"10.0.0.12_10.0.0.42\", [1, 3, 4]]": [2, -187.96496721188933, []], "[\"10.0.0.13_10.0.0.43\", [1, 3, 4]]": [1, -157.01837729470472, []], "[\"10.0.0.11_10.0.0.41\", [1, 3, 4]]": [1, -162.3477717998834, []], "[\"NoTrans\", []]": [1, -205.47794428715815, []]}}