{"{\"10.0.0.11_10.0.0.41\": [1, 3, 4], \"10.0.0.12_10.0.0.42\": [1, 3, 4], \"10.0.0.13_10.0.0.43\": [1, 3, 4]}": {"[\"10.0.0.13_10.0.0.43\", [1, 2, 4]]": [1, -183.9009951270059, []], "[\"10.0.0.12_10.0.0.42\", [1, 2, 4]]": [1, -187.70761727799444, []], "[\"10.0.0.11_10.0.0.41\", [1, 2, 4]]": [1, -153.33509543116435, []], "[\"NoTrans\", []]": [1, -203.7936569213867, []]}, "{\"10.0.0.11_10.0.0.41\": [1, 2, 4], \"10.0.0.12_10.0.0.42\": [1, 3, 4], \"10.0.0.13_10.0.0.43\": [1, 3, 4]}": {"[\"10.0.0.13_10.0.0.43\", [1, 2, 4]]": [1, -204.94938176599038, []], "[\"10.0.0.12_10.0.0.42\", [1, 2, 4]]": [1, -204.96703419905998, []], "[\"10.0.0.11_10.0.0.41\", [1, 3, 4]]": [1, -198.88833770751953, []], "[\"NoTrans\", []]": [649, -129.3472218156624, []]}, "{\"10.0.0.11_10.0.0.41\": [1, 3, 4], \"10.0.0.12_10.0.0.42\": [1, 2, 4], \"10.0.0.13_10.0.0.43\": [1, 3, 4]}": {"[\"10.0.0.13_10.0.0.43\", [1, 2, 4]]": [1, -203.81231804122007, []], "[\"10.0.0.12_10.0.0.42\", [1, 3, 4]]": [1, -201.33050689697265, []], "[\"10.0.0.11_10.0.0.41\", [1, 2, 4]]": [0, -140, []], "[\"NoTrans\", []]": [1, -186.62475466333768, []]}, "{\"10.0.0.11_10.0.0.41\": [1, 2, 4], \"10.0.0.12_10.0.0.42\": [1, 2, 4], \"10.0.0.13_10.0.0.43\": [1, 3, 4]}": {"[\"10.0.0.13_10.0.0.43\", [1, 2, 4]]": [1, -221.94579849243166, []], "[\"10.0.0.12_10.0.0.42\", [1, 3, 4]]": [1, -172.08380183192332, []], "[\"10.0.0.11_10.0.0.41\", [1, 3, 4]]": [0, -140, []], "[\"NoTrans\", []]": [1, -203.9882958231467, []]}, "{\"10.0.0.11_10.0.0.41\": [1, 3, 4], \"10.0.0.12_10.0.0.42\": [1, 3, 4], \"10.0.0.13_10.0.0.43\": [1, 2, 4]}": {"[\"10.0.0.13_10.0.0.43\", [1, 3, 4]]": [1, -201.05260620117187, []], "[\"10.0.0.12_10.0.0.42\", [1, 2, 4]]": [1, -207.60391045882685, []], "[\"10.0.0.11_10.0.0.41\", [1, 2, 4]]": [1, -205.04113893769363, []], "[\"NoTrans\", []]": [1, -186.22345998156112, []]}, "{\"10.0.0.11_10.0.0.41\": [1, 2, 4], \"10.0.0.12_10.0.0.42\": [1, 3, 4], \"10.0.0.13_10.0.0.43\": [1, 2, 4]}": {"[\"10.0.0.13_10.0.0.43\", [1, 3, 4]]": [2, -174.89175921871606, []], "[\"10.0.0.12_10.0.0.42\", [1, 2, 4]]": [1, -224.26303634643557, []], "[\"10.0.0.11_10.0.0.41\", [1, 3, 4]]": [1, -187.20619962749416, []], "[\"NoTrans\", []]": [1, -204.95005641553814, []]}, "{\"10.0.0.11_10.0.0.41\": [1, 3, 4], \"10.0.0.12_10.0.0.42\": [1, 2, 4], \"10.0.0.13_10.0.0.43\": [1, 2, 4]}": {"[\"10.0.0.13_10.0.0.43\", [1, 3, 4]]": [1, -187.27091628981285, []], "[\"10.0.0.12_10.0.0.42\", [1, 3, 4]]": [1, -188.83567097962137, []], "[\"10.0.0.11_10.0.0.41\", [1, 2, 4]]": [2, -227.42722309654533, []], "[\"NoTrans\", []]": [1, -140.3133692117476, []]}, "{\"10.0.0.11_10.0.0.41\": [1, 2, 4], \"10.0.0.12_10.0.0.42\": [1, 2, 4], \"10.0.0.13_10.0.0.43\": [1, 2, 4]}": {"[\"10.0.0.13_10.0.0.43\", [1, 3, 4]]": [1, -204.10524801969183, []], "[\"10.0.0.12_10.0.0.42\", [1, 3, 4]]": [2, -204.35641958577605, []], "[\"10.0.0.11_10.0.0.41\", [1, 3, 4]]": [1, -202.9642720597123, []], "[\"NoTrans\", []]": [6, -225.56636605733107, []]}}