{"{\"10.0.0.11_10.0.0.41\": [1, 3, 4], \"10.0.0.12_10.0.0.42\": [1, 3, 4], \"10.0.0.13_10.0.0.43\": [1, 3, 4]}": {"[\"10.0.0.12_10.0.0.42\", [1, 2, 4]]": [13, -269.41656631814857, []], "[\"10.0.0.11_10.0.0.41\", [1, 2, 4]]": [24, -140.05562546336756, []], "[\"10.0.0.13_10.0.0.43\", [1, 2, 4]]": [11, -260.2189539668765, []], "[\"NoTrans\", []]": [19, -239.99766951803738, []]}, "{\"10.0.0.11_10.0.0.41\": [1, 3, 4], \"10.0.0.12_10.0.0.42\": [1, 3, 4], \"10.0.0.13_10.0.0.43\": [1, 2, 4]}": {"[\"10.0.0.12_10.0.0.42\", [1, 2, 4]]": [15, -319.2347479911834, []], "[\"10.0.0.11_10.0.0.41\", [1, 2, 4]]": [20, -262.10872158168263, []], "[\"10.0.0.13_10.0.0.43\", [1, 3, 4]]": [13, -218.09363771802862, []], "[\"NoTrans\", []]": [15, -271.2585244734685, []]}, "{\"10.0.0.11_10.0.0.41\": [1, 2, 4], \"10.0.0.12_10.0.0.42\": [1, 3, 4], \"10.0.0.13_10.0.0.43\": [1, 3, 4]}": {"[\"10.0.0.12_10.0.0.42\", [1, 2, 4]]": [19, -260.64029984980317, []], "[\"10.0.0.11_10.0.0.41\", [1, 3, 4]]": [19, -219.53836535030044, []], "[\"10.0.0.13_10.0.0.43\", [1, 2, 4]]": [20, -272.89563825968986, []], "[\"NoTrans\", []]": [27, -142.17672876586892, []]}, "{\"10.0.0.11_10.0.0.41\": [1, 2, 4], \"10.0.0.12_10.0.0.42\": [1, 3, 4], \"10.0.0.13_10.0.0.43\": [1, 2, 4]}": {"[\"10.0.0.12_10.0.0.42\", [1, 2, 4]]": [12, -342.3838127939559, []], "[\"10.0.0.11_10.0.0.41\", [1, 3, 4]]": [24, -264.9797985470973, []], "[\"10.0.0.13_10.0.0.43\", [1, 3, 4]]": [18, -191.6577840634905, []], "[\"NoTrans\", []]": [24, -264.27660847951853, []]}, "{\"10.0.0.11_10.0.0.41\": [1, 3, 4], \"10.0.0.12_10.0.0.42\": [1, 2, 4], \"10.0.0.13_10.0.0.43\": [1, 3, 4]}": {"[\"10.0.0.12_10.0.0.42\", [1, 3, 4]]": [15, -230.49207403322725, []], "[\"10.0.0.11_10.0.0.41\", [1, 2, 4]]": [16, -267.7789031040484, []], "[\"10.0.0.13_10.0.0.43\", [1, 2, 4]]": [14, -319.82075202843424, []], "[\"NoTrans\", []]": [14, -270.55931090581805, []]}, "{\"10.0.0.11_10.0.0.41\": [1, 3, 4], \"10.0.0.12_10.0.0.42\": [1, 2, 4], \"10.0.0.13_10.0.0.43\": [1, 2, 4]}": {"[\"10.0.0.12_10.0.0.42\", [1, 3, 4]]": [13, -264.2441511254749, []], "[\"10.0.0.11_10.0.0.41\", [1, 2, 4]]": [19, -344.9938458436662, []], "[\"10.0.0.13_10.0.0.43\", [1, 3, 4]]": [10, -271.0297803376608, []], "[\"NoTrans\", []]": [11, -318.3259080307318, []]}, "{\"10.0.0.11_10.0.0.41\": [1, 2, 4], \"10.0.0.12_10.0.0.42\": [1, 2, 4], \"10.0.0.13_10.0.0.43\": [1, 3, 4]}": {"[\"10.0.0.12_10.0.0.42\", [1, 3, 4]]": [16, -185.17628204312564, []], "[\"10.0.0.11_10.0.0.41\", [1, 3, 4]]": [22, -270.54323949657663, []], "[\"10.0.0.13_10.0.0.43\", [1, 2, 4]]": [19, -338.2177470452321, []], "[\"NoTrans\", []]": [20, -257.7644154513558, []]}, "{\"10.0.0.11_10.0.0.41\": [1, 2, 4], \"10.0.0.12_10.0.0.42\": [1, 2, 4], \"10.0.0.13_10.0.0.43\": [1, 2, 4]}": {"[\"10.0.0.12_10.0.0.42\", [1, 3, 4]]": [14, -262.8718716739742, []], "[\"10.0.0.11_10.0.0.41\", [1, 3, 4]]": [14, -316.83334554478273, []], "[\"10.0.0.13_10.0.0.43\", [1, 3, 4]]": [22, -254.3923521975297, []], "[\"NoTrans\", []]": [13, -336.02689039404385, []]}}