{"{\"10.0.0.1_10.0.1.1\": [1, 4, 5], \"10.0.0.2_10.0.1.2\": [1, 4, 5], \"10.0.0.3_10.0.1.3\": [1, 4, 5]}": {"[\"10.0.0.2_10.0.1.2\", [1, 3, 5]]": [1, -164.60543778545926, []], "[\"10.0.0.2_10.0.1.2\", [1, 2, 5]]": [1, -218.53760222769517, []], "[\"10.0.0.3_10.0.1.3\", [1, 3, 5]]": [0, -140, []], "[\"10.0.0.3_10.0.1.3\", [1, 2, 5]]": [1, -210.7175394669612, []], "[\"10.0.0.1_10.0.1.1\", [1, 3, 5]]": [1, -166.3801362942334, []], "[\"10.0.0.1_10.0.1.1\", [1, 2, 5]]": [1, -165.89364164322575, []], "[\"NoTrans\", []]": [0, -140, []]}, "{\"10.0.0.1_10.0.1.1\": [1, 3, 5], \"10.0.0.2_10.0.1.2\": [1, 4, 5], \"10.0.0.3_10.0.1.3\": [1, 4, 5]}": {"[\"10.0.0.2_10.0.1.2\", [1, 3, 5]]": [1, -187.80797433190799, []], "[\"10.0.0.2_10.0.1.2\", [1, 2, 5]]": [1, -209.02351612637358, []], "[\"10.0.0.3_10.0.1.3\", [1, 3, 5]]": [1, -186.69155062111298, []], "[\"10.0.0.3_10.0.1.3\", [1, 2, 5]]": [1, -210.51538819721435, []], "[\"10.0.0.1_10.0.1.1\", [1, 4, 5]]": [1, -174.39941177368163, []], "[\"10.0.0.1_10.0.1.1\", [1, 2, 5]]": [2, -174.14087214167208, []], "[\"NoTrans\", []]": [1, -166.68910440901325, []]}, "{\"10.0.0.1_10.0.1.1\": [1, 2, 5], \"10.0.0.2_10.0.1.2\": [1, 4, 5], \"10.0.0.3_10.0.1.3\": [1, 4, 5]}": {"[\"10.0.0.2_10.0.1.2\", [1, 3, 5]]": [3, -161.71481935778218, []], "[\"10.0.0.2_10.0.1.2\", [1, 2, 5]]": [1, -249.0307704278257, []], "[\"10.0.0.3_10.0.1.3\", [1, 3, 5]]": [1, -167.92065517678049, []], "[\"10.0.0.3_10.0.1.3\", [1, 2, 5]]": [1, -247.69947914118862, []], "[\"10.0.0.1_10.0.1.1\", [1, 4, 5]]": [1, -176.67888412475585, []], "[\"10.0.0.1_10.0.1.1\", [1, 3, 5]]": [1, -165.00890137906225, []], "[\"NoTrans\", []]": [1, -167.33276614802466, []]}, "{\"10.0.0.1_10.0.1.1\": [1, 4, 5], \"10.0.0.2_10.0.1.2\": [1, 4, 5], \"10.0.0.3_10.0.1.3\": [1, 3, 5]}": {"[\"10.0.0.2_10.0.1.2\", [1, 3, 5]]": [1, -185.76976555124503, []], "[\"10.0.0.2_10.0.1.2\", [1, 2, 5]]": [1, -219.64923376781297, []], "[\"10.0.0.3_10.0.1.3\", [1, 4, 5]]": [0, -140, []], "[\"10.0.0.3_10.0.1.3\", [1, 2, 5]]": [0, -140, []], "[\"10.0.0.1_10.0.1.1\", [1, 3, 5]]": [1, -186.6380723641101, []], "[\"10.0.0.1_10.0.1.1\", [1, 2, 5]]": [1, -166.49120011263983, []], "[\"NoTrans\", []]": [1, -168.0265760568961, []]}, "{\"10.0.0.1_10.0.1.1\": [1, 3, 5], \"10.0.0.2_10.0.1.2\": [1, 4, 5], \"10.0.0.3_10.0.1.3\": [1, 3, 5]}": {"[\"10.0.0.2_10.0.1.2\", [1, 3, 5]]": [1, -199.59663162231445, []], "[\"10.0.0.2_10.0.1.2\", [1, 2, 5]]": [1, -229.33162678287684, []], "[\"10.0.0.3_10.0.1.3\", [1, 4, 5]]": [1, -165.71468562351293, []], "[\"10.0.0.3_10.0.1.3\", [1, 2, 5]]": [1, -210.48926619746968, []], "[\"10.0.0.1_10.0.1.1\", [1, 4, 5]]": [1, -166.55629095796675, []], "[\"10.0.0.1_10.0.1.1\", [1, 2, 5]]": [1, -167.63675548200078, []], "[\"NoTrans\", []]": [1, -186.1466517215616, []]}, "{\"10.0.0.1_10.0.1.1\": [1, 2, 5], \"10.0.0.2_10.0.1.2\": [1, 4, 5], \"10.0.0.3_10.0.1.3\": [1, 3, 5]}": {"[\"10.0.0.2_10.0.1.2\", [1, 3, 5]]": [1, -185.25342974071523, []], "[\"10.0.0.2_10.0.1.2\", [1, 2, 5]]": [1, -253.74945950636712, []], "[\"10.0.0.3_10.0.1.3\", [1, 4, 5]]": [1, -167.4116845002991, []], "[\"10.0.0.3_10.0.1.3\", [1, 2, 5]]": [1, -247.25190422708062, []], "[\"10.0.0.1_10.0.1.1\", [1, 4, 5]]": [1, -168.33303514466897, []], "[\"10.0.0.1_10.0.1.1\", [1, 3, 5]]": [1, -186.59185616868797, []], "[\"NoTrans\", []]": [1, -167.3745858483346, []]}, "{\"10.0.0.1_10.0.1.1\": [1, 4, 5], \"10.0.0.2_10.0.1.2\": [1, 4, 5], \"10.0.0.3_10.0.1.3\": [1, 2, 5]}": {"[\"10.0.0.2_10.0.1.2\", [1, 3, 5]]": [1, -209.2828592302746, []], "[\"10.0.0.2_10.0.1.2\", [1, 2, 5]]": [1, -247.0113043452385, []], "[\"10.0.0.3_10.0.1.3\", [1, 4, 5]]": [1, -175.11514434814453, []], "[\"10.0.0.3_10.0.1.3\", [1, 3, 5]]": [0, -140, []], "[\"10.0.0.1_10.0.1.1\", [1, 3, 5]]": [1, -225.4664546991217, []], "[\"10.0.0.1_10.0.1.1\", [1, 2, 5]]": [1, -248.7727011128939, []], "[\"NoTrans\", []]": [1, -208.79101881758436, []]}, "{\"10.0.0.1_10.0.1.1\": [1, 3, 5], \"10.0.0.2_10.0.1.2\": [1, 4, 5], \"10.0.0.3_10.0.1.3\": [1, 2, 5]}": {"[\"10.0.0.2_10.0.1.2\", [1, 3, 5]]": [1, -185.42662553628853, []], "[\"10.0.0.2_10.0.1.2\", [1, 2, 5]]": [1, -244.51860718229037, []], "[\"10.0.0.3_10.0.1.3\", [1, 4, 5]]": [2, -170.99074272470773, []], "[\"10.0.0.3_10.0.1.3\", [1, 3, 5]]": [1, -184.95241282589876, []], "[\"10.0.0.1_10.0.1.1\", [1, 4, 5]]": [1, -210.94956638627608, []], "[\"10.0.0.1_10.0.1.1\", [1, 2, 5]]": [1, -244.98975380736692, []], "[\"NoTrans\", []]": [1, -210.42691418831228, []]}, "{\"10.0.0.1_10.0.1.1\": [1, 2, 5], \"10.0.0.2_10.0.1.2\": [1, 4, 5], \"10.0.0.3_10.0.1.3\": [1, 2, 5]}": {"[\"10.0.0.2_10.0.1.2\", [1, 3, 5]]": [1, -246.78564678970895, []], "[\"10.0.0.2_10.0.1.2\", [1, 2, 5]]": [1, -273.1562019348145, []], "[\"10.0.0.3_10.0.1.3\", [1, 4, 5]]": [1, -182.13865629061746, []], "[\"10.0.0.3_10.0.1.3\", [1, 3, 5]]": [1, -188.2819316700708, []], "[\"10.0.0.1_10.0.1.1\", [1, 4, 5]]": [1, -208.69516972895667, []], "[\"10.0.0.1_10.0.1.1\", [1, 3, 5]]": [1, -208.8136861410809, []], "[\"NoTrans\", []]": [1, -247.86556454975175, []]}, "{\"10.0.0.1_10.0.1.1\": [1, 4, 5], \"10.0.0.2_10.0.1.2\": [1, 3, 5], \"10.0.0.3_10.0.1.3\": [1, 4, 5]}": {"[\"10.0.0.2_10.0.1.2\", [1, 4, 5]]": [1, -174.19952163696288, []], "[\"10.0.0.2_10.0.1.2\", [1, 2, 5]]": [1, -217.1517558840472, []], "[\"10.0.0.3_10.0.1.3\", [1, 3, 5]]": [1, -186.81228436236535, []], "[\"10.0.0.3_10.0.1.3\", [1, 2, 5]]": [1, -210.626974816766, []], "[\"10.0.0.1_10.0.1.1\", [1, 3, 5]]": [1, -187.27204844611964, []], "[\"10.0.0.1_10.0.1.1\", [1, 2, 5]]": [2, -159.1680835406097, []], "[\"NoTrans\", []]": [1, -166.29939194685966, []]}, "{\"10.0.0.1_10.0.1.1\": [1, 3, 5], \"10.0.0.2_10.0.1.2\": [1, 3, 5], \"10.0.0.3_10.0.1.3\": [1, 4, 5]}": {"[\"10.0.0.2_10.0.1.2\", [1, 4, 5]]": [1, -165.86402956721193, []], "[\"10.0.0.2_10.0.1.2\", [1, 2, 5]]": [1, -209.87033034617062, []], "[\"10.0.0.3_10.0.1.3\", [1, 3, 5]]": [1, -201.28873596191406, []], "[\"10.0.0.3_10.0.1.3\", [1, 2, 5]]": [1, -228.9729932178268, []], "[\"10.0.0.1_10.0.1.1\", [1, 4, 5]]": [1, -175.73802394532905, []], "[\"10.0.0.1_10.0.1.1\", [1, 2, 5]]": [1, -152.54131252261155, []], "[\"NoTrans\", []]": [1, -186.57913495229442, []]}, "{\"10.0.0.1_10.0.1.1\": [1, 2, 5], \"10.0.0.2_10.0.1.2\": [1, 3, 5], \"10.0.0.3_10.0.1.3\": [1, 4, 5]}": {"[\"10.0.0.2_10.0.1.2\", [1, 4, 5]]": [2, -173.66340088746324, []], "[\"10.0.0.2_10.0.1.2\", [1, 2, 5]]": [1, -245.51019665269195, []], "[\"10.0.0.3_10.0.1.3\", [1, 3, 5]]": [1, -187.34371703951834, []], "[\"10.0.0.3_10.0.1.3\", [1, 2, 5]]": [1, -248.14250608262137, []], "[\"10.0.0.1_10.0.1.1\", [1, 4, 5]]": [2, -175.3798427497548, []], "[\"10.0.0.1_10.0.1.1\", [1, 3, 5]]": [1, -181.29636270688223, []], "[\"NoTrans\", []]": [1977, -117.06232669356183, []]}, "{\"10.0.0.1_10.0.1.1\": [1, 4, 5], \"10.0.0.2_10.0.1.2\": [1, 3, 5], \"10.0.0.3_10.0.1.3\": [1, 3, 5]}": {"[\"10.0.0.2_10.0.1.2\", [1, 4, 5]]": [1, -168.6703019738347, []], "[\"10.0.0.2_10.0.1.2\", [1, 2, 5]]": [1, -220.47518347074222, []], "[\"10.0.0.3_10.0.1.3\", [1, 4, 5]]": [1, -179.9830829296473, []], "[\"10.0.0.3_10.0.1.3\", [1, 2, 5]]": [1, -210.66830963349167, []], "[\"10.0.0.1_10.0.1.1\", [1, 3, 5]]": [1, -200.40706405639648, []], "[\"10.0.0.1_10.0.1.1\", [1, 2, 5]]": [1, -187.27044010661155, []], "[\"NoTrans\", []]": [1, -185.9726197215779, []]}, "{\"10.0.0.1_10.0.1.1\": [1, 3, 5], \"10.0.0.2_10.0.1.2\": [1, 3, 5], \"10.0.0.3_10.0.1.3\": [1, 3, 5]}": {"[\"10.0.0.2_10.0.1.2\", [1, 4, 5]]": [1, -185.8268323779117, []], "[\"10.0.0.2_10.0.1.2\", [1, 2, 5]]": [1, -230.03677949925117, []], "[\"10.0.0.3_10.0.1.3\", [1, 4, 5]]": [1, -185.22173390512904, []], "[\"10.0.0.3_10.0.1.3\", [1, 2, 5]]": [1, -230.458730733184, []], "[\"10.0.0.1_10.0.1.1\", [1, 4, 5]]": [1, -187.62419103934295, []], "[\"10.0.0.1_10.0.1.1\", [1, 2, 5]]": [1, -185.99964934095223, []], "[\"NoTrans\", []]": [1, -198.8676429748535, []]},