{"{\"10.0.0.11_10.0.0.41\": [1, 3, 4], \"10.0.0.12_10.0.0.42\": [1, 3, 4], \"10.0.0.13_10.0.0.43\": [1, 3, 4]}": {"[\"10.0.0.11_10.0.0.41\", [1, 2, 4]]": [42, -133.29958155837616, []], "[\"10.0.0.13_10.0.0.43\", [1, 2, 4]]": [5, -272.67257144995307, []], "[\"10.0.0.12_10.0.0.42\", [1, 2, 4]]": [1, -239.13743342459375, []], "[\"NoTrans\", []]": [3, -233.90637800468156, []]}, "{\"10.0.0.11_10.0.0.41\": [1, 3, 4], \"10.0.0.12_10.0.0.42\": [1, 2, 4], \"10.0.0.13_10.0.0.43\": [1, 3, 4]}": {"[\"10.0.0.11_10.0.0.41\", [1, 2, 4]]": [5, -270.13197538200234, []], "[\"10.0.0.13_10.0.0.43\", [1, 2, 4]]": [0, -Infinity, []], "[\"10.0.0.12_10.0.0.42\", [1, 3, 4]]": [2, -212.12954782131413, []], "[\"NoTrans\", []]": [0, -Infinity, []]}, "{\"10.0.0.11_10.0.0.41\": [1, 3, 4], \"10.0.0.12_10.0.0.42\": [1, 3, 4], \"10.0.0.13_10.0.0.43\": [1, 2, 4]}": {"[\"10.0.0.11_10.0.0.41\", [1, 2, 4]]": [10, -385.69707543378837, []], "[\"10.0.0.13_10.0.0.43\", [1, 3, 4]]": [13, -229.21169091194642, []], "[\"10.0.0.12_10.0.0.42\", [1, 2, 4]]": [2, -360.6478223341941, []], "[\"NoTrans\", []]": [3, -343.06979044737375, []]}, "{\"10.0.0.11_10.0.0.41\": [1, 3, 4], \"10.0.0.12_10.0.0.42\": [1, 2, 4], \"10.0.0.13_10.0.0.43\": [1, 2, 4]}": {"[\"10.0.0.11_10.0.0.41\", [1, 2, 4]]": [5, -378.61530079125015, []], "[\"10.0.0.13_10.0.0.43\", [1, 3, 4]]": [4, -235.83648516460414, []], "[\"10.0.0.12_10.0.0.42\", [1, 3, 4]]": [4, -335.51039720591876, []], "[\"NoTrans\", []]": [3, -371.03516723940703, []]}, "{\"10.0.0.11_10.0.0.41\": [1, 2, 4], \"10.0.0.12_10.0.0.42\": [1, 3, 4], \"10.0.0.13_10.0.0.43\": [1, 3, 4]}": {"[\"10.0.0.11_10.0.0.41\", [1, 3, 4]]": [33, -218.0248038167923, []], "[\"10.0.0.13_10.0.0.43\", [1, 2, 4]]": [37, -247.05117208439813, []], "[\"10.0.0.12_10.0.0.42\", [1, 2, 4]]": [25, -247.69124051584868, []], "[\"NoTrans\", []]": [516, -138.90794175905168, []]}, "{\"10.0.0.11_10.0.0.41\": [1, 2, 4], \"10.0.0.12_10.0.0.42\": [1, 2, 4], \"10.0.0.13_10.0.0.43\": [1, 3, 4]}": {"[\"10.0.0.11_10.0.0.41\", [1, 3, 4]]": [2, -273.1306683559993, []], "[\"10.0.0.13_10.0.0.43\", [1, 2, 4]]": [3, -345.42123222927387, []], "[\"10.0.0.12_10.0.0.42\", [1, 3, 4]]": [26, -175.35845796935106, []], "[\"NoTrans\", []]": [6, -259.83953154591956, []]}, "{\"10.0.0.11_10.0.0.41\": [1, 2, 4], \"10.0.0.12_10.0.0.42\": [1, 3, 4], \"10.0.0.13_10.0.0.43\": [1, 2, 4]}": {"[\"10.0.0.11_10.0.0.41\", [1, 3, 4]]": [16, -260.23095093093104, []], "[\"10.0.0.13_10.0.0.43\", [1, 3, 4]]": [28, -167.55488882369417, []], "[\"10.0.0.12_10.0.0.42\", [1, 2, 4]]": [3, -394.51310401900867, []], "[\"NoTrans\", []]": [6, -272.00657226766884, []]}, "{\"10.0.0.11_10.0.0.41\": [1, 2, 4], \"10.0.0.12_10.0.0.42\": [1, 2, 4], \"10.0.0.13_10.0.0.43\": [1, 2, 4]}": {"[\"10.0.0.11_10.0.0.41\", [1, 3, 4]]": [11, -328.412787952911, []], "[\"10.0.0.13_10.0.0.43\", [1, 3, 4]]": [0, -Infinity, []], "[\"10.0.0.12_10.0.0.42\", [1, 3, 4]]": [0, -Infinity, []], "[\"NoTrans\", []]": [3, -388.9638170830741, []]}}