{"{\"10.0.0.11_10.0.0.41\": [1, 3, 4], \"10.0.0.12_10.0.0.42\": [1, 3, 4], \"10.0.0.13_10.0.0.43\": [1, 3, 4]}": {"[\"10.0.0.11_10.0.0.41\", [1, 2, 4]]": [26, -167.4402020764658, []], "[\"10.0.0.13_10.0.0.43\", [1, 2, 4]]": [19, -297.15211722855946, []], "[\"10.0.0.12_10.0.0.42\", [1, 2, 4]]": [18, -287.2337958769494, []], "[\"NoTrans\", []]": [19, -254.8055917653494, []]}, "{\"10.0.0.11_10.0.0.41\": [1, 3, 4], \"10.0.0.12_10.0.0.42\": [1, 2, 4], \"10.0.0.13_10.0.0.43\": [1, 3, 4]}": {"[\"10.0.0.11_10.0.0.41\", [1, 2, 4]]": [23, -290.73451854671583, []], "[\"10.0.0.13_10.0.0.43\", [1, 2, 4]]": [9, -343.15523267221664, []], "[\"10.0.0.12_10.0.0.42\", [1, 3, 4]]": [19, -246.91825939843932, []], "[\"NoTrans\", []]": [23, -293.78332605036695, []]}, "{\"10.0.0.11_10.0.0.41\": [1, 3, 4], \"10.0.0.12_10.0.0.42\": [1, 3, 4], \"10.0.0.13_10.0.0.43\": [1, 2, 4]}": {"[\"10.0.0.11_10.0.0.41\", [1, 2, 4]]": [12, -299.03778077812143, []], "[\"10.0.0.13_10.0.0.43\", [1, 3, 4]]": [16, -264.59960370763685, []], "[\"10.0.0.12_10.0.0.42\", [1, 2, 4]]": [14, -346.07612785461396, []], "[\"NoTrans\", []]": [18, -297.7311089538262, []]}, "{\"10.0.0.11_10.0.0.41\": [1, 3, 4], \"10.0.0.12_10.0.0.42\": [1, 2, 4], \"10.0.0.13_10.0.0.43\": [1, 2, 4]}": {"[\"10.0.0.11_10.0.0.41\", [1, 2, 4]]": [7, -365.97485267610926, []], "[\"10.0.0.13_10.0.0.43\", [1, 3, 4]]": [19, -289.3525011709228, []], "[\"10.0.0.12_10.0.0.42\", [1, 3, 4]]": [10, -293.249264821185, []], "[\"NoTrans\", []]": [15, -336.87685703787554, []]}, "{\"10.0.0.11_10.0.0.41\": [1, 2, 4], \"10.0.0.12_10.0.0.42\": [1, 3, 4], \"10.0.0.13_10.0.0.43\": [1, 3, 4]}": {"[\"10.0.0.11_10.0.0.41\", [1, 3, 4]]": [28, -241.6798803927896, []], "[\"10.0.0.13_10.0.0.43\", [1, 2, 4]]": [26, -280.96866552369534, []], "[\"10.0.0.12_10.0.0.42\", [1, 2, 4]]": [23, -289.4025371108447, []], "[\"NoTrans\", []]": [55, -164.10076011874003, []]}, "{\"10.0.0.11_10.0.0.41\": [1, 2, 4], \"10.0.0.12_10.0.0.42\": [1, 2, 4], \"10.0.0.13_10.0.0.43\": [1, 3, 4]}": {"[\"10.0.0.11_10.0.0.41\", [1, 3, 4]]": [13, -290.1667192904341, []], "[\"10.0.0.13_10.0.0.43\", [1, 2, 4]]": [11, -364.4787826105794, []], "[\"10.0.0.12_10.0.0.42\", [1, 3, 4]]": [29, -223.48059197917198, []], "[\"NoTrans\", []]": [7, -292.44430158414764, []]}, "{\"10.0.0.11_10.0.0.41\": [1, 2, 4], \"10.0.0.12_10.0.0.42\": [1, 3, 4], \"10.0.0.13_10.0.0.43\": [1, 2, 4]}": {"[\"10.0.0.11_10.0.0.41\", [1, 3, 4]]": [13, -299.24421873589785, []], "[\"10.0.0.13_10.0.0.43\", [1, 3, 4]]": [23, -209.9617724657527, []], "[\"10.0.0.12_10.0.0.42\", [1, 2, 4]]": [12, -364.13624775648026, []], "[\"NoTrans\", []]": [15, -296.14885904163026, []]}, "{\"10.0.0.11_10.0.0.41\": [1, 2, 4], \"10.0.0.12_10.0.0.42\": [1, 2, 4], \"10.0.0.13_10.0.0.43\": [1, 2, 4]}": {"[\"10.0.0.11_10.0.0.41\", [1, 3, 4]]": [13, -338.5372498847786, []], "[\"10.0.0.13_10.0.0.43\", [1, 3, 4]]": [7, -293.38195443632736, []], "[\"10.0.0.12_10.0.0.42\", [1, 3, 4]]": [10, -279.0532787697598, []], "[\"NoTrans\", []]": [6, -354.48661077781935, []]}}