{"{\"10.0.0.11_10.0.0.41\": [1, 3, 4], \"10.0.0.12_10.0.0.42\": [1, 3, 4], \"10.0.0.13_10.0.0.43\": [1, 3, 4]}": {"[\"10.0.0.12_10.0.0.42\", [1, 2, 4]]": [1, -207.39892624246048, []], "[\"10.0.0.11_10.0.0.41\", [1, 2, 4]]": [1, -143.40746273585341, []], "[\"10.0.0.13_10.0.0.43\", [1, 2, 4]]": [1, -206.01327807438503, []], "[\"NoTrans\", []]": [0, -140, []]}, "{\"10.0.0.11_10.0.0.41\": [1, 3, 4], \"10.0.0.12_10.0.0.42\": [1, 3, 4], \"10.0.0.13_10.0.0.43\": [1, 2, 4]}": {"[\"10.0.0.12_10.0.0.42\", [1, 2, 4]]": [2, -190.14532992305817, []], "[\"10.0.0.11_10.0.0.41\", [1, 2, 4]]": [1, -189.51433048359027, []], "[\"10.0.0.13_10.0.0.43\", [1, 3, 4]]": [1, -226.8887878417969, []], "[\"NoTrans\", []]": [1, -200.5209998320533, []]}, "{\"10.0.0.11_10.0.0.41\": [1, 2, 4], \"10.0.0.12_10.0.0.42\": [1, 3, 4], \"10.0.0.13_10.0.0.43\": [1, 3, 4]}": {"[\"10.0.0.12_10.0.0.42\", [1, 2, 4]]": [3, -208.62708870840117, []], "[\"10.0.0.11_10.0.0.41\", [1, 3, 4]]": [1, -227.07856903076174, []], "[\"10.0.0.13_10.0.0.43\", [1, 2, 4]]": [0, -140, []], "[\"NoTrans\", []]": [0, -140, []]}, "{\"10.0.0.11_10.0.0.41\": [1, 2, 4], \"10.0.0.12_10.0.0.42\": [1, 3, 4], \"10.0.0.13_10.0.0.43\": [1, 2, 4]}": {"[\"10.0.0.12_10.0.0.42\", [1, 2, 4]]": [1, -199.52625045776367, []], "[\"10.0.0.11_10.0.0.41\", [1, 3, 4]]": [1, -140.00151361454115, []], "[\"10.0.0.13_10.0.0.43\", [1, 3, 4]]": [0, -140, []], "[\"NoTrans\", []]": [1, -188.08148337542315, []]}, "{\"10.0.0.11_10.0.0.41\": [1, 3, 4], \"10.0.0.12_10.0.0.42\": [1, 2, 4], \"10.0.0.13_10.0.0.43\": [1, 3, 4]}": {"[\"10.0.0.12_10.0.0.42\", [1, 3, 4]]": [1, -226.3969779968262, []], "[\"10.0.0.11_10.0.0.41\", [1, 2, 4]]": [1, -138.76424645855712, []], "[\"10.0.0.13_10.0.0.43\", [1, 2, 4]]": [1, -179.4996796633867, []], "[\"NoTrans\", []]": [1, -208.67396690112218, []]}, "{\"10.0.0.11_10.0.0.41\": [1, 3, 4], \"10.0.0.12_10.0.0.42\": [1, 2, 4], \"10.0.0.13_10.0.0.43\": [1, 2, 4]}": {"[\"10.0.0.12_10.0.0.42\", [1, 3, 4]]": [2, -208.64602691910736, []], "[\"10.0.0.11_10.0.0.41\", [1, 2, 4]]": [1, -201.44838104248046, []], "[\"10.0.0.13_10.0.0.43\", [1, 3, 4]]": [1, -208.14456096162536, []], "[\"NoTrans\", []]": [386, -138.4940914122992, []]}, "{\"10.0.0.11_10.0.0.41\": [1, 2, 4], \"10.0.0.12_10.0.0.42\": [1, 2, 4], \"10.0.0.13_10.0.0.43\": [1, 3, 4]}": {"[\"10.0.0.12_10.0.0.42\", [1, 3, 4]]": [3, -209.05116708656487, []], "[\"10.0.0.11_10.0.0.41\", [1, 3, 4]]": [1, -209.0410556902466, []], "[\"10.0.0.13_10.0.0.43\", [1, 2, 4]]": [2, -216.98071845037103, []], "[\"NoTrans\", []]": [371, -219.1657415155672, []]}, "{\"10.0.0.11_10.0.0.41\": [1, 2, 4], \"10.0.0.12_10.0.0.42\": [1, 2, 4], \"10.0.0.13_10.0.0.43\": [1, 2, 4]}": {"[\"10.0.0.12_10.0.0.42\", [1, 3, 4]]": [1, -189.01494860388118, []], "[\"10.0.0.11_10.0.0.41\", [1, 3, 4]]": [2, -150.46002394816168, []], "[\"10.0.0.13_10.0.0.43\", [1, 3, 4]]": [2, -144.49126931369102, []], "[\"NoTrans\", []]": [1, -200.0573516845703, []]}}