{"{\"10.0.0.11_10.0.0.41\": [1, 3, 4], \"10.0.0.12_10.0.0.42\": [1, 3, 4], \"10.0.0.13_10.0.0.43\": [1, 3, 4]}": {"[\"10.0.0.13_10.0.0.43\", [1, 2, 4]]": [9, -159.78859580160935, []], "[\"10.0.0.12_10.0.0.42\", [1, 2, 4]]": [10, -156.02445929097786, []], "[\"10.0.0.11_10.0.0.41\", [1, 2, 4]]": [11, -117.13803455245616, []], "[\"NoTrans\", []]": [9, -174.33514512524573, []]}, "{\"10.0.0.11_10.0.0.41\": [1, 2, 4], \"10.0.0.12_10.0.0.42\": [1, 3, 4], \"10.0.0.13_10.0.0.43\": [1, 3, 4]}": {"[\"10.0.0.13_10.0.0.43\", [1, 2, 4]]": [14, -175.87969518726624, []], "[\"10.0.0.12_10.0.0.42\", [1, 2, 4]]": [13, -176.91978102561507, []], "[\"10.0.0.11_10.0.0.41\", [1, 3, 4]]": [8, -171.89719607212436, []], "[\"NoTrans\", []]": [371, -122.96995498053394, []]}, "{\"10.0.0.11_10.0.0.41\": [1, 3, 4], \"10.0.0.12_10.0.0.42\": [1, 2, 4], \"10.0.0.13_10.0.0.43\": [1, 3, 4]}": {"[\"10.0.0.13_10.0.0.43\", [1, 2, 4]]": [13, -208.95715167541357, []], "[\"10.0.0.12_10.0.0.42\", [1, 3, 4]]": [10, -179.12760739909785, []], "[\"10.0.0.11_10.0.0.41\", [1, 2, 4]]": [11, -177.08730592415696, []], "[\"NoTrans\", []]": [10, -156.001370790164, []]}, "{\"10.0.0.11_10.0.0.41\": [1, 2, 4], \"10.0.0.12_10.0.0.42\": [1, 2, 4], \"10.0.0.13_10.0.0.43\": [1, 3, 4]}": {"[\"10.0.0.13_10.0.0.43\", [1, 2, 4]]": [19, -104.1573325938093, []], "[\"10.0.0.12_10.0.0.42\", [1, 3, 4]]": [12, -144.49924150122717, []], "[\"10.0.0.11_10.0.0.41\", [1, 3, 4]]": [13, -160.67269629956138, []], "[\"NoTrans\", []]": [13, -114.49012158109899, []]}, "{\"10.0.0.11_10.0.0.41\": [1, 3, 4], \"10.0.0.12_10.0.0.42\": [1, 3, 4], \"10.0.0.13_10.0.0.43\": [1, 2, 4]}": {"[\"10.0.0.13_10.0.0.43\", [1, 3, 4]]": [12, -186.6077593537134, []], "[\"10.0.0.12_10.0.0.42\", [1, 2, 4]]": [12, -172.66253532474173, []], "[\"10.0.0.11_10.0.0.41\", [1, 2, 4]]": [12, -175.13386445139668, []], "[\"NoTrans\", []]": [12, -199.7872145986101, []]}, "{\"10.0.0.11_10.0.0.41\": [1, 2, 4], \"10.0.0.12_10.0.0.42\": [1, 3, 4], \"10.0.0.13_10.0.0.43\": [1, 2, 4]}": {"[\"10.0.0.13_10.0.0.43\", [1, 3, 4]]": [13, -156.75782014439446, []], "[\"10.0.0.12_10.0.0.42\", [1, 2, 4]]": [15, -195.6782771715653, []], "[\"10.0.0.11_10.0.0.41\", [1, 3, 4]]": [15, -155.1397606074528, []], "[\"NoTrans\", []]": [18, -175.40102881319973, []]}, "{\"10.0.0.11_10.0.0.41\": [1, 3, 4], \"10.0.0.12_10.0.0.42\": [1, 2, 4], \"10.0.0.13_10.0.0.43\": [1, 2, 4]}": {"[\"10.0.0.13_10.0.0.43\", [1, 3, 4]]": [11, -157.58142525089403, []], "[\"10.0.0.12_10.0.0.42\", [1, 3, 4]]": [12, -201.06116730485226, []], "[\"10.0.0.11_10.0.0.41\", [1, 2, 4]]": [16, -190.72833073010628, []], "[\"NoTrans\", []]": [14, -171.6691907686329, []]}, "{\"10.0.0.11_10.0.0.41\": [1, 2, 4], \"10.0.0.12_10.0.0.42\": [1, 2, 4], \"10.0.0.13_10.0.0.43\": [1, 2, 4]}": {"[\"10.0.0.13_10.0.0.43\", [1, 3, 4]]": [20, -105.52695344777356, []], "[\"10.0.0.12_10.0.0.42\", [1, 3, 4]]": [16, -174.06186772462837, []], "[\"10.0.0.11_10.0.0.41\", [1, 3, 4]]": [14, -171.7930944538773, []], "[\"NoTrans\", []]": [24, -196.68254043203015, []]}}