{"{\"10.0.0.11_10.0.0.41\": [1, 3, 4], \"10.0.0.12_10.0.0.42\": [1, 3, 4], \"10.0.0.13_10.0.0.43\": [1, 3, 4]}": {"[\"10.0.0.12_10.0.0.42\", [1, 2, 4]]": [7, -360.2766682353063, []], "[\"10.0.0.13_10.0.0.43\", [1, 2, 4]]": [7, -380.77404527371027, []], "[\"10.0.0.11_10.0.0.41\", [1, 2, 4]]": [40, -125.83414643882332, []], "[\"NoTrans\", []]": [11, -239.0844564000113, []]}, "{\"10.0.0.11_10.0.0.41\": [1, 2, 4], \"10.0.0.12_10.0.0.42\": [1, 3, 4], \"10.0.0.13_10.0.0.43\": [1, 3, 4]}": {"[\"10.0.0.12_10.0.0.42\", [1, 2, 4]]": [36, -257.8045521754394, []], "[\"10.0.0.13_10.0.0.43\", [1, 2, 4]]": [29, -268.57653781170325, []], "[\"10.0.0.11_10.0.0.41\", [1, 3, 4]]": [29, -210.8424440402525, []], "[\"NoTrans\", []]": [519, -128.52164526181093, []]}, "{\"10.0.0.11_10.0.0.41\": [1, 3, 4], \"10.0.0.12_10.0.0.42\": [1, 3, 4], \"10.0.0.13_10.0.0.43\": [1, 2, 4]}": {"[\"10.0.0.12_10.0.0.42\", [1, 2, 4]]": [8, -399.05885521711997, []], "[\"10.0.0.13_10.0.0.43\", [1, 3, 4]]": [18, -211.2309104026136, []], "[\"10.0.0.11_10.0.0.41\", [1, 2, 4]]": [8, -393.95469402902484, []], "[\"NoTrans\", []]": [8, -392.0919319673396, []]}, "{\"10.0.0.11_10.0.0.41\": [1, 2, 4], \"10.0.0.12_10.0.0.42\": [1, 3, 4], \"10.0.0.13_10.0.0.43\": [1, 2, 4]}": {"[\"10.0.0.12_10.0.0.42\", [1, 2, 4]]": [4, -404.650625084216, []], "[\"10.0.0.13_10.0.0.43\", [1, 3, 4]]": [21, -176.56292274882694, []], "[\"10.0.0.11_10.0.0.41\", [1, 3, 4]]": [18, -376.8047551042192, []], "[\"NoTrans\", []]": [1, -202.2632155505211, []]}, "{\"10.0.0.11_10.0.0.41\": [1, 3, 4], \"10.0.0.12_10.0.0.42\": [1, 2, 4], \"10.0.0.13_10.0.0.43\": [1, 3, 4]}": {"[\"10.0.0.12_10.0.0.42\", [1, 3, 4]]": [7, -370.9170484822963, []], "[\"10.0.0.13_10.0.0.43\", [1, 2, 4]]": [0, -Infinity, []], "[\"10.0.0.11_10.0.0.41\", [1, 2, 4]]": [0, -Infinity, []], "[\"NoTrans\", []]": [0, -Infinity, []]}, "{\"10.0.0.11_10.0.0.41\": [1, 2, 4], \"10.0.0.12_10.0.0.42\": [1, 2, 4], \"10.0.0.13_10.0.0.43\": [1, 3, 4]}": {"[\"10.0.0.12_10.0.0.42\", [1, 3, 4]]": [34, -182.4317124137218, []], "[\"10.0.0.13_10.0.0.43\", [1, 2, 4]]": [2, -372.38505898589614, []], "[\"10.0.0.11_10.0.0.41\", [1, 3, 4]]": [0, -Infinity, []], "[\"NoTrans\", []]": [8, -273.66202753083394, []]}, "{\"10.0.0.11_10.0.0.41\": [1, 3, 4], \"10.0.0.12_10.0.0.42\": [1, 2, 4], \"10.0.0.13_10.0.0.43\": [1, 2, 4]}": {"[\"10.0.0.12_10.0.0.42\", [1, 3, 4]]": [9, -306.0985165047615, []], "[\"10.0.0.13_10.0.0.43\", [1, 3, 4]]": [0, -Infinity, []], "[\"10.0.0.11_10.0.0.41\", [1, 2, 4]]": [0, -Infinity, []], "[\"NoTrans\", []]": [0, -Infinity, []]}, "{\"10.0.0.11_10.0.0.41\": [1, 2, 4], \"10.0.0.12_10.0.0.42\": [1, 2, 4], \"10.0.0.13_10.0.0.43\": [1, 2, 4]}": {"[\"10.0.0.12_10.0.0.42\", [1, 3, 4]]": [5, -295.0069432081704, []], "[\"10.0.0.13_10.0.0.43\", [1, 3, 4]]": [0, -Infinity, []], "[\"10.0.0.11_10.0.0.41\", [1, 3, 4]]": [1, -335.68739971981114, []], "[\"NoTrans\", []]": [0, -Infinity, []]}}