{"{\"10.0.0.11_10.0.0.41\": [1, 3, 4], \"10.0.0.12_10.0.0.42\": [1, 3, 4], \"10.0.0.13_10.0.0.43\": [1, 3, 4]}": {"[\"10.0.0.13_10.0.0.43\", [1, 2, 4]]": [2, -161.307561289788, []], "[\"10.0.0.12_10.0.0.42\", [1, 2, 4]]": [2, -193.7747333090502, []], "[\"10.0.0.11_10.0.0.41\", [1, 2, 4]]": [6, -171.88223075515285, []], "[\"NoTrans\", []]": [2, -198.7221549714218, []]}, "{\"10.0.0.11_10.0.0.41\": [1, 2, 4], \"10.0.0.12_10.0.0.42\": [1, 3, 4], \"10.0.0.13_10.0.0.43\": [1, 3, 4]}": {"[\"10.0.0.13_10.0.0.43\", [1, 2, 4]]": [4, -224.91915861305267, []], "[\"10.0.0.12_10.0.0.42\", [1, 2, 4]]": [3, -229.161880011098, []], "[\"10.0.0.11_10.0.0.41\", [1, 3, 4]]": [5, -217.1755229294037, []], "[\"NoTrans\", []]": [787, -142.02856428831763, []]}, "{\"10.0.0.11_10.0.0.41\": [1, 3, 4], \"10.0.0.12_10.0.0.42\": [1, 2, 4], \"10.0.0.13_10.0.0.43\": [1, 3, 4]}": {"[\"10.0.0.13_10.0.0.43\", [1, 2, 4]]": [3, -216.62781791470667, []], "[\"10.0.0.12_10.0.0.42\", [1, 3, 4]]": [2, -186.35094236708454, []], "[\"10.0.0.11_10.0.0.41\", [1, 2, 4]]": [2, -215.11744692169142, []], "[\"NoTrans\", []]": [2, -188.9879428440705, []]}, "{\"10.0.0.11_10.0.0.41\": [1, 2, 4], \"10.0.0.12_10.0.0.42\": [1, 2, 4], \"10.0.0.13_10.0.0.43\": [1, 3, 4]}": {"[\"10.0.0.13_10.0.0.43\", [1, 2, 4]]": [2, -185.1055562511864, []], "[\"10.0.0.12_10.0.0.42\", [1, 3, 4]]": [3, -183.16235332580783, []], "[\"10.0.0.11_10.0.0.41\", [1, 3, 4]]": [2, -188.53147173678317, []], "[\"NoTrans\", []]": [2, -222.63705924363495, []]}, "{\"10.0.0.11_10.0.0.41\": [1, 3, 4], \"10.0.0.12_10.0.0.42\": [1, 3, 4], \"10.0.0.13_10.0.0.43\": [1, 2, 4]}": {"[\"10.0.0.13_10.0.0.43\", [1, 3, 4]]": [3, -207.74466435020295, []], "[\"10.0.0.12_10.0.0.42\", [1, 2, 4]]": [3, -192.9088191402237, []], "[\"10.0.0.11_10.0.0.41\", [1, 2, 4]]": [3, -237.52678549535105, []], "[\"NoTrans\", []]": [3, -207.66556570957368, []]}, "{\"10.0.0.11_10.0.0.41\": [1, 2, 4], \"10.0.0.12_10.0.0.42\": [1, 3, 4], \"10.0.0.13_10.0.0.43\": [1, 2, 4]}": {"[\"10.0.0.13_10.0.0.43\", [1, 3, 4]]": [4, -199.92774293931777, []], "[\"10.0.0.12_10.0.0.42\", [1, 2, 4]]": [2, -216.4933208638597, []], "[\"10.0.0.11_10.0.0.41\", [1, 3, 4]]": [4, -207.55788576990628, []], "[\"NoTrans\", []]": [3, -234.38899875713992, []]}, "{\"10.0.0.11_10.0.0.41\": [1, 3, 4], \"10.0.0.12_10.0.0.42\": [1, 2, 4], \"10.0.0.13_10.0.0.43\": [1, 2, 4]}": {"[\"10.0.0.13_10.0.0.43\", [1, 3, 4]]": [3, -205.44321118097565, []], "[\"10.0.0.12_10.0.0.42\", [1, 3, 4]]": [3, -200.9600386240606, []], "[\"10.0.0.11_10.0.0.41\", [1, 2, 4]]": [2, -183.78519743892173, []], "[\"NoTrans\", []]": [2, -189.88185480470696, []]}, "{\"10.0.0.11_10.0.0.41\": [1, 2, 4], \"10.0.0.12_10.0.0.42\": [1, 2, 4], \"10.0.0.13_10.0.0.43\": [1, 2, 4]}": {"[\"10.0.0.13_10.0.0.43\", [1, 3, 4]]": [2, -191.82995299860283, []], "[\"10.0.0.12_10.0.0.42\", [1, 3, 4]]": [3, -217.72198749264572, []], "[\"10.0.0.11_10.0.0.41\", [1, 3, 4]]": [2, -212.99359872689433, []], "[\"NoTrans\", []]": [1, -150.33816852341428, []]}}