{"{\"10.0.0.11_10.0.0.41\": [1, 3, 4], \"10.0.0.12_10.0.0.42\": [1, 3, 4], \"10.0.0.13_10.0.0.43\": [1, 3, 4]}": {"[\"10.0.0.12_10.0.0.42\", [1, 2, 4]]": [11, -280.30128811334185, []], "[\"10.0.0.11_10.0.0.41\", [1, 2, 4]]": [21, -172.90294522021057, []], "[\"10.0.0.13_10.0.0.43\", [1, 2, 4]]": [19, -285.320488929424, []], "[\"NoTrans\", []]": [25, -241.02904494709452, []]}, "{\"10.0.0.11_10.0.0.41\": [1, 3, 4], \"10.0.0.12_10.0.0.42\": [1, 3, 4], \"10.0.0.13_10.0.0.43\": [1, 2, 4]}": {"[\"10.0.0.12_10.0.0.42\", [1, 2, 4]]": [16, -328.40672510594305, []], "[\"10.0.0.11_10.0.0.41\", [1, 2, 4]]": [15, -282.6764951424249, []], "[\"10.0.0.13_10.0.0.43\", [1, 3, 4]]": [15, -249.97080171158237, []], "[\"NoTrans\", []]": [20, -286.2993342681955, []]}, "{\"10.0.0.11_10.0.0.41\": [1, 2, 4], \"10.0.0.12_10.0.0.42\": [1, 3, 4], \"10.0.0.13_10.0.0.43\": [1, 3, 4]}": {"[\"10.0.0.12_10.0.0.42\", [1, 2, 4]]": [17, -282.0769384070956, []], "[\"10.0.0.11_10.0.0.41\", [1, 3, 4]]": [23, -244.74969105079404, []], "[\"10.0.0.13_10.0.0.43\", [1, 2, 4]]": [16, -279.4892229816747, []], "[\"NoTrans\", []]": [36, -170.89900479135926, []]}, "{\"10.0.0.11_10.0.0.41\": [1, 2, 4], \"10.0.0.12_10.0.0.42\": [1, 3, 4], \"10.0.0.13_10.0.0.43\": [1, 2, 4]}": {"[\"10.0.0.12_10.0.0.42\", [1, 2, 4]]": [16, -351.6460222927701, []], "[\"10.0.0.11_10.0.0.41\", [1, 3, 4]]": [17, -283.98648853662866, []], "[\"10.0.0.13_10.0.0.43\", [1, 3, 4]]": [20, -222.22140006184839, []], "[\"NoTrans\", []]": [20, -268.27054682636884, []]}, "{\"10.0.0.11_10.0.0.41\": [1, 3, 4], \"10.0.0.12_10.0.0.42\": [1, 2, 4], \"10.0.0.13_10.0.0.43\": [1, 3, 4]}": {"[\"10.0.0.12_10.0.0.42\", [1, 3, 4]]": [12, -243.22983897447918, []], "[\"10.0.0.11_10.0.0.41\", [1, 2, 4]]": [9, -278.86107560654955, []], "[\"10.0.0.13_10.0.0.43\", [1, 2, 4]]": [15, -331.6918031112299, []], "[\"NoTrans\", []]": [20, -280.60213342826233, []]}, "{\"10.0.0.11_10.0.0.41\": [1, 3, 4], \"10.0.0.12_10.0.0.42\": [1, 2, 4], \"10.0.0.13_10.0.0.43\": [1, 2, 4]}": {"[\"10.0.0.12_10.0.0.42\", [1, 3, 4]]": [10, -286.0080972855782, []], "[\"10.0.0.11_10.0.0.41\", [1, 2, 4]]": [20, -348.42590547353626, []], "[\"10.0.0.13_10.0.0.43\", [1, 3, 4]]": [13, -283.8107005305619, []], "[\"NoTrans\", []]": [15, -334.0366180088956, []]}, "{\"10.0.0.11_10.0.0.41\": [1, 2, 4], \"10.0.0.12_10.0.0.42\": [1, 2, 4], \"10.0.0.13_10.0.0.43\": [1, 3, 4]}": {"[\"10.0.0.12_10.0.0.42\", [1, 3, 4]]": [15, -215.57673938832767, []], "[\"10.0.0.11_10.0.0.41\", [1, 3, 4]]": [12, -280.7142566136487, []], "[\"10.0.0.13_10.0.0.43\", [1, 2, 4]]": [11, -334.083883285437, []], "[\"NoTrans\", []]": [14, -276.0356183694811, []]}, "{\"10.0.0.11_10.0.0.41\": [1, 2, 4], \"10.0.0.12_10.0.0.42\": [1, 2, 4], \"10.0.0.13_10.0.0.43\": [1, 2, 4]}": {"[\"10.0.0.12_10.0.0.42\", [1, 3, 4]]": [22, -280.60332756980443, []], "[\"10.0.0.11_10.0.0.41\", [1, 3, 4]]": [12, -331.3225562321516, []], "[\"10.0.0.13_10.0.0.43\", [1, 3, 4]]": [13, -278.449888219486, []], "[\"NoTrans\", []]": [20, -343.7196353284561, []]}}