{"{\"10.0.0.11_10.0.0.41\": [1, 3, 4], \"10.0.0.12_10.0.0.42\": [1, 3, 4], \"10.0.0.13_10.0.0.43\": [1, 3, 4]}": {"[\"10.0.0.12_10.0.0.42\", [1, 2, 4]]": [13, -294.7726498224636, []], "[\"10.0.0.13_10.0.0.43\", [1, 2, 4]]": [13, -284.90187602738916, []], "[\"10.0.0.11_10.0.0.41\", [1, 2, 4]]": [12, -192.2833414584187, []], "[\"NoTrans\", []]": [15, -258.1559464547781, []]}, "{\"10.0.0.11_10.0.0.41\": [1, 2, 4], \"10.0.0.12_10.0.0.42\": [1, 3, 4], \"10.0.0.13_10.0.0.43\": [1, 3, 4]}": {"[\"10.0.0.12_10.0.0.42\", [1, 2, 4]]": [13, -294.4859330031378, []], "[\"10.0.0.13_10.0.0.43\", [1, 2, 4]]": [14, -290.2737635928193, []], "[\"10.0.0.11_10.0.0.41\", [1, 3, 4]]": [9, -250.54846735690109, []], "[\"NoTrans\", []]": [16, -191.92382835864646, []]}, "{\"10.0.0.11_10.0.0.41\": [1, 3, 4], \"10.0.0.12_10.0.0.42\": [1, 3, 4], \"10.0.0.13_10.0.0.43\": [1, 2, 4]}": {"[\"10.0.0.12_10.0.0.42\", [1, 2, 4]]": [23, -333.8947227423846, []], "[\"10.0.0.13_10.0.0.43\", [1, 3, 4]]": [11, -257.4910349564847, []], "[\"10.0.0.11_10.0.0.41\", [1, 2, 4]]": [15, -288.9716342267515, []], "[\"NoTrans\", []]": [18, -293.43451157779606, []]}, "{\"10.0.0.11_10.0.0.41\": [1, 2, 4], \"10.0.0.12_10.0.0.42\": [1, 3, 4], \"10.0.0.13_10.0.0.43\": [1, 2, 4]}": {"[\"10.0.0.12_10.0.0.42\", [1, 2, 4]]": [12, -352.76880694649554, []], "[\"10.0.0.13_10.0.0.43\", [1, 3, 4]]": [13, -231.40037860345248, []], "[\"10.0.0.11_10.0.0.41\", [1, 3, 4]]": [18, -289.2511191719648, []], "[\"NoTrans\", []]": [12, -285.61185462598445, []]}, "{\"10.0.0.11_10.0.0.41\": [1, 3, 4], \"10.0.0.12_10.0.0.42\": [1, 2, 4], \"10.0.0.13_10.0.0.43\": [1, 3, 4]}": {"[\"10.0.0.12_10.0.0.42\", [1, 3, 4]]": [18, -258.08965731701295, []], "[\"10.0.0.13_10.0.0.43\", [1, 2, 4]]": [21, -329.61149075028123, []], "[\"10.0.0.11_10.0.0.41\", [1, 2, 4]]": [18, -278.71410898701896, []], "[\"NoTrans\", []]": [11, -290.1017616568734, []]}, "{\"10.0.0.11_10.0.0.41\": [1, 2, 4], \"10.0.0.12_10.0.0.42\": [1, 2, 4], \"10.0.0.13_10.0.0.43\": [1, 3, 4]}": {"[\"10.0.0.12_10.0.0.42\", [1, 3, 4]]": [12, -229.16975907438024, []], "[\"10.0.0.13_10.0.0.43\", [1, 2, 4]]": [16, -343.39406911023315, []], "[\"10.0.0.11_10.0.0.41\", [1, 3, 4]]": [21, -283.4988655413175, []], "[\"NoTrans\", []]": [19, -288.1553138465525, []]}, "{\"10.0.0.11_10.0.0.41\": [1, 3, 4], \"10.0.0.12_10.0.0.42\": [1, 2, 4], \"10.0.0.13_10.0.0.43\": [1, 2, 4]}": {"[\"10.0.0.12_10.0.0.42\", [1, 3, 4]]": [18, -283.4754953685215, []], "[\"10.0.0.13_10.0.0.43\", [1, 3, 4]]": [23, -289.3412520204567, []], "[\"10.0.0.11_10.0.0.41\", [1, 2, 4]]": [25, -345.3792644874346, []], "[\"NoTrans\", []]": [20, -330.40166746441463, []]}, "{\"10.0.0.11_10.0.0.41\": [1, 2, 4], \"10.0.0.12_10.0.0.42\": [1, 2, 4], \"10.0.0.13_10.0.0.43\": [1, 2, 4]}": {"[\"10.0.0.12_10.0.0.42\", [1, 3, 4]]": [14, -289.8809448700573, []], "[\"10.0.0.13_10.0.0.43\", [1, 3, 4]]": [17, -286.93347515923085, []], "[\"10.0.0.11_10.0.0.41\", [1, 3, 4]]": [22, -321.538798578381, []], "[\"NoTrans\", []]": [26, -353.1631058260519, []]}}