{"{\"10.0.0.11_10.0.0.41\": [1, 3, 4], \"10.0.0.12_10.0.0.42\": [1, 3, 4], \"10.0.0.13_10.0.0.43\": [1, 3, 4]}": {"[\"10.0.0.11_10.0.0.41\", [1, 2, 4]]": [75, -148.59821323258507, []], "[\"10.0.0.13_10.0.0.43\", [1, 2, 4]]": [10, -253.24023253420714, []], "[\"10.0.0.12_10.0.0.42\", [1, 2, 4]]": [2, -247.53895077080136, []], "[\"NoTrans\", []]": [3, -338.72977686195713, []]}, "{\"10.0.0.11_10.0.0.41\": [1, 3, 4], \"10.0.0.12_10.0.0.42\": [1, 2, 4], \"10.0.0.13_10.0.0.43\": [1, 3, 4]}": {"[\"10.0.0.11_10.0.0.41\", [1, 2, 4]]": [5, -364.65956852238253, []], "[\"10.0.0.13_10.0.0.43\", [1, 2, 4]]": [0, -Infinity, []], "[\"10.0.0.12_10.0.0.42\", [1, 3, 4]]": [13, -213.7151353673535, []], "[\"NoTrans\", []]": [2, -238.00934125146003, []]}, "{\"10.0.0.11_10.0.0.41\": [1, 3, 4], \"10.0.0.12_10.0.0.42\": [1, 3, 4], \"10.0.0.13_10.0.0.43\": [1, 2, 4]}": {"[\"10.0.0.11_10.0.0.41\", [1, 2, 4]]": [10, -316.77832601366237, []], "[\"10.0.0.13_10.0.0.43\", [1, 3, 4]]": [20, -216.5908909041067, []], "[\"10.0.0.12_10.0.0.42\", [1, 2, 4]]": [4, -347.5446494231182, []], "[\"NoTrans\", []]": [21, -352.6114988601655, []]}, "{\"10.0.0.11_10.0.0.41\": [1, 3, 4], \"10.0.0.12_10.0.0.42\": [1, 2, 4], \"10.0.0.13_10.0.0.43\": [1, 2, 4]}": {"[\"10.0.0.11_10.0.0.41\", [1, 2, 4]]": [8, -342.9859246770848, []], "[\"10.0.0.13_10.0.0.43\", [1, 3, 4]]": [4, -262.35531382025664, []], "[\"10.0.0.12_10.0.0.42\", [1, 3, 4]]": [0, -Infinity, []], "[\"NoTrans\", []]": [24, -359.5201183840687, []]}, "{\"10.0.0.11_10.0.0.41\": [1, 2, 4], \"10.0.0.12_10.0.0.42\": [1, 3, 4], \"10.0.0.13_10.0.0.43\": [1, 3, 4]}": {"[\"10.0.0.11_10.0.0.41\", [1, 3, 4]]": [54, -219.67575179222902, []], "[\"10.0.0.13_10.0.0.43\", [1, 2, 4]]": [12, -314.70495940598755, []], "[\"10.0.0.12_10.0.0.42\", [1, 2, 4]]": [18, -252.5573104566157, []], "[\"NoTrans\", []]": [261, -122.78021698099965, []]}, "{\"10.0.0.11_10.0.0.41\": [1, 2, 4], \"10.0.0.12_10.0.0.42\": [1, 2, 4], \"10.0.0.13_10.0.0.43\": [1, 3, 4]}": {"[\"10.0.0.11_10.0.0.41\", [1, 3, 4]]": [13, -255.35191853352293, []], "[\"10.0.0.13_10.0.0.43\", [1, 2, 4]]": [1, -321.03604044122056, []], "[\"10.0.0.12_10.0.0.42\", [1, 3, 4]]": [9, -169.6808141990433, []], "[\"NoTrans\", []]": [1, -254.49583579217966, []]}, "{\"10.0.0.11_10.0.0.41\": [1, 2, 4], \"10.0.0.12_10.0.0.42\": [1, 3, 4], \"10.0.0.13_10.0.0.43\": [1, 2, 4]}": {"[\"10.0.0.11_10.0.0.41\", [1, 3, 4]]": [24, -248.79022912126433, []], "[\"10.0.0.13_10.0.0.43\", [1, 3, 4]]": [0, -Infinity, []], "[\"10.0.0.12_10.0.0.42\", [1, 2, 4]]": [2, -369.77798653633727, []], "[\"NoTrans\", []]": [0, -Infinity, []]}, "{\"10.0.0.11_10.0.0.41\": [1, 2, 4], \"10.0.0.12_10.0.0.42\": [1, 2, 4], \"10.0.0.13_10.0.0.43\": [1, 2, 4]}": {"[\"10.0.0.11_10.0.0.41\", [1, 3, 4]]": [7, -372.8039895151057, []], "[\"10.0.0.13_10.0.0.43\", [1, 3, 4]]": [0, -Infinity, []], "[\"10.0.0.12_10.0.0.42\", [1, 3, 4]]": [4, -342.4999773431682, []], "[\"NoTrans\", []]": [4, -329.715441378494, []]}}