{"{\"10.0.0.11_10.0.0.41\": [1, 3, 4], \"10.0.0.12_10.0.0.42\": [1, 3, 4], \"10.0.0.13_10.0.0.43\": [1, 3, 4]}": {"[\"10.0.0.13_10.0.0.43\", [1, 2, 4]]": [1, -150.1161751147182, []], "[\"10.0.0.12_10.0.0.42\", [1, 2, 4]]": [1, -190.80036544799805, []], "[\"10.0.0.11_10.0.0.41\", [1, 2, 4]]": [2, -106.10671812419415, []], "[\"NoTrans\", []]": [1, -192.14409255981445, []]}, "{\"10.0.0.11_10.0.0.41\": [1, 2, 4], \"10.0.0.12_10.0.0.42\": [1, 3, 4], \"10.0.0.13_10.0.0.43\": [1, 3, 4]}": {"[\"10.0.0.13_10.0.0.43\", [1, 2, 4]]": [1, -172.63265291257375, []], "[\"10.0.0.12_10.0.0.42\", [1, 2, 4]]": [1, -174.4655304291187, []], "[\"10.0.0.11_10.0.0.41\", [1, 3, 4]]": [1, -169.04098891198947, []], "[\"NoTrans\", []]": [660, -117.1569913642229, []]}, "{\"10.0.0.11_10.0.0.41\": [1, 3, 4], \"10.0.0.12_10.0.0.42\": [1, 2, 4], \"10.0.0.13_10.0.0.43\": [1, 3, 4]}": {"[\"10.0.0.13_10.0.0.43\", [1, 2, 4]]": [0, -100, []], "[\"10.0.0.12_10.0.0.42\", [1, 3, 4]]": [1, -164.47637939453125, []], "[\"10.0.0.11_10.0.0.41\", [1, 2, 4]]": [1, -190.7885398864746, []], "[\"NoTrans\", []]": [0, -100, []]}, "{\"10.0.0.11_10.0.0.41\": [1, 2, 4], \"10.0.0.12_10.0.0.42\": [1, 2, 4], \"10.0.0.13_10.0.0.43\": [1, 3, 4]}": {"[\"10.0.0.13_10.0.0.43\", [1, 2, 4]]": [1, -193.15307998657227, []], "[\"10.0.0.12_10.0.0.42\", [1, 3, 4]]": [1, -135.85182300773857, []], "[\"10.0.0.11_10.0.0.41\", [1, 3, 4]]": [1, -150.65769856818488, []], "[\"NoTrans\", []]": [1, -174.98236924557153, []]}, "{\"10.0.0.11_10.0.0.41\": [1, 3, 4], \"10.0.0.12_10.0.0.42\": [1, 3, 4], \"10.0.0.13_10.0.0.43\": [1, 2, 4]}": {"[\"10.0.0.13_10.0.0.43\", [1, 3, 4]]": [1, -165.66446685791016, []], "[\"10.0.0.12_10.0.0.42\", [1, 2, 4]]": [1, -174.8828552766015, []], "[\"10.0.0.11_10.0.0.41\", [1, 2, 4]]": [1, -175.45889101827007, []], "[\"NoTrans\", []]": [1, -150.80866284086696, []]}, "{\"10.0.0.11_10.0.0.41\": [1, 2, 4], \"10.0.0.12_10.0.0.42\": [1, 3, 4], \"10.0.0.13_10.0.0.43\": [1, 2, 4]}": {"[\"10.0.0.13_10.0.0.43\", [1, 3, 4]]": [1, -139.0680081569294, []], "[\"10.0.0.12_10.0.0.42\", [1, 2, 4]]": [1, -192.27569961547852, []], "[\"10.0.0.11_10.0.0.41\", [1, 3, 4]]": [1, -150.62393098955226, []], "[\"NoTrans\", []]": [1, -170.36694940623983, []]}, "{\"10.0.0.11_10.0.0.41\": [1, 3, 4], \"10.0.0.12_10.0.0.42\": [1, 2, 4], \"10.0.0.13_10.0.0.43\": [1, 2, 4]}": {"[\"10.0.0.13_10.0.0.43\", [1, 3, 4]]": [0, -100, []], "[\"10.0.0.12_10.0.0.42\", [1, 3, 4]]": [1, -152.40238942433524, []], "[\"10.0.0.11_10.0.0.41\", [1, 2, 4]]": [1, -194.27021408081055, []], "[\"NoTrans\", []]": [0, -100, []]}, "{\"10.0.0.11_10.0.0.41\": [1, 2, 4], \"10.0.0.12_10.0.0.42\": [1, 2, 4], \"10.0.0.13_10.0.0.43\": [1, 2, 4]}": {"[\"10.0.0.13_10.0.0.43\", [1, 3, 4]]": [1, -170.09661299439654, []], "[\"10.0.0.12_10.0.0.42\", [1, 3, 4]]": [1, -171.56836809822636, []], "[\"10.0.0.11_10.0.0.41\", [1, 3, 4]]": [1, -170.1561747755557, []], "[\"NoTrans\", []]": [1, -188.90140914916992, []]}}