{"{\"10.0.0.11_10.0.0.41\": [1, 3, 4], \"10.0.0.12_10.0.0.42\": [1, 3, 4], \"10.0.0.13_10.0.0.43\": [1, 3, 4]}": {"[\"10.0.0.11_10.0.0.41\", [1, 2, 4]]": [9, -200.57155342448922, []], "[\"10.0.0.12_10.0.0.42\", [1, 2, 4]]": [4, -227.06495993728618, []], "[\"10.0.0.13_10.0.0.43\", [1, 2, 4]]": [4, -234.46570644680338, []], "[\"NoTrans\", []]": [3, -211.50302887994616, []]}, "{\"10.0.0.11_10.0.0.41\": [1, 3, 4], \"10.0.0.12_10.0.0.42\": [1, 3, 4], \"10.0.0.13_10.0.0.43\": [1, 2, 4]}": {"[\"10.0.0.11_10.0.0.41\", [1, 2, 4]]": [3, -231.52814540398126, []], "[\"10.0.0.12_10.0.0.42\", [1, 2, 4]]": [3, -215.2195130870786, []], "[\"10.0.0.13_10.0.0.43\", [1, 3, 4]]": [4, -229.04303654785951, []], "[\"NoTrans\", []]": [3, -214.34208792048724, []]}, "{\"10.0.0.11_10.0.0.41\": [1, 3, 4], \"10.0.0.12_10.0.0.42\": [1, 2, 4], \"10.0.0.13_10.0.0.43\": [1, 3, 4]}": {"[\"10.0.0.11_10.0.0.41\", [1, 2, 4]]": [4, -255.9731785985121, []], "[\"10.0.0.12_10.0.0.42\", [1, 3, 4]]": [4, -235.17205250371072, []], "[\"10.0.0.13_10.0.0.43\", [1, 2, 4]]": [3, -257.80223484503296, []], "[\"NoTrans\", []]": [4, -247.27475639818798, []]}, "{\"10.0.0.11_10.0.0.41\": [1, 3, 4], \"10.0.0.12_10.0.0.42\": [1, 2, 4], \"10.0.0.13_10.0.0.43\": [1, 2, 4]}": {"[\"10.0.0.11_10.0.0.41\", [1, 2, 4]]": [2, -217.59539267190888, []], "[\"10.0.0.12_10.0.0.42\", [1, 3, 4]]": [3, -210.84096095036662, []], "[\"10.0.0.13_10.0.0.43\", [1, 3, 4]]": [3, -243.1534644467597, []], "[\"NoTrans\", []]": [2, -210.86901531912824, []]}, "{\"10.0.0.11_10.0.0.41\": [1, 2, 4], \"10.0.0.12_10.0.0.42\": [1, 3, 4], \"10.0.0.13_10.0.0.43\": [1, 3, 4]}": {"[\"10.0.0.11_10.0.0.41\", [1, 3, 4]]": [8, -254.48597300015174, []], "[\"10.0.0.12_10.0.0.42\", [1, 2, 4]]": [5, -275.76983365034397, []], "[\"10.0.0.13_10.0.0.43\", [1, 2, 4]]": [5, -260.4085847941737, []], "[\"NoTrans\", []]": [770, -152.08862538061774, []]}, "{\"10.0.0.11_10.0.0.41\": [1, 2, 4], \"10.0.0.12_10.0.0.42\": [1, 3, 4], \"10.0.0.13_10.0.0.43\": [1, 2, 4]}": {"[\"10.0.0.11_10.0.0.41\", [1, 3, 4]]": [3, -206.86728475946288, []], "[\"10.0.0.12_10.0.0.42\", [1, 2, 4]]": [2, -244.57789305660816, []], "[\"10.0.0.13_10.0.0.43\", [1, 3, 4]]": [5, -223.36859293909828, []], "[\"NoTrans\", []]": [2, -213.73726878983825, []]}, "{\"10.0.0.11_10.0.0.41\": [1, 2, 4], \"10.0.0.12_10.0.0.42\": [1, 2, 4], \"10.0.0.13_10.0.0.43\": [1, 3, 4]}": {"[\"10.0.0.11_10.0.0.41\", [1, 3, 4]]": [4, -250.629826101939, []], "[\"10.0.0.12_10.0.0.42\", [1, 3, 4]]": [5, -216.33083181512188, []], "[\"10.0.0.13_10.0.0.43\", [1, 2, 4]]": [2, -247.3348596533934, []], "[\"NoTrans\", []]": [3, -254.8133202864636, []]}, "{\"10.0.0.11_10.0.0.41\": [1, 2, 4], \"10.0.0.12_10.0.0.42\": [1, 2, 4], \"10.0.0.13_10.0.0.43\": [1, 2, 4]}": {"[\"10.0.0.11_10.0.0.41\", [1, 3, 4]]": [2, -194.6286515258815, []], "[\"10.0.0.12_10.0.0.42\", [1, 3, 4]]": [2, -236.43579952727544, []], "[\"10.0.0.13_10.0.0.43\", [1, 3, 4]]": [2, -227.7018982095399, []], "[\"NoTrans\", []]": [1, -200.50249716409638, []]}}