{"{\"10.0.0.11_10.0.0.41\": [1, 3, 4], \"10.0.0.12_10.0.0.42\": [1, 3, 4], \"10.0.0.13_10.0.0.43\": [1, 3, 4]}": {"[\"10.0.0.13_10.0.0.43\", [1, 2, 4]]": [1, -172.27051506178663, []], "[\"10.0.0.12_10.0.0.42\", [1, 2, 4]]": [1, -149.18838339340013, []], "[\"10.0.0.11_10.0.0.41\", [1, 2, 4]]": [2, -107.93950087051765, []], "[\"NoTrans\", []]": [1, -166.15398788452148, []]}, "{\"10.0.0.11_10.0.0.41\": [1, 2, 4], \"10.0.0.12_10.0.0.42\": [1, 3, 4], \"10.0.0.13_10.0.0.43\": [1, 3, 4]}": {"[\"10.0.0.13_10.0.0.43\", [1, 2, 4]]": [1, -172.58311036943059, []], "[\"10.0.0.12_10.0.0.42\", [1, 2, 4]]": [1, -170.36477231157568, []], "[\"10.0.0.11_10.0.0.41\", [1, 3, 4]]": [1, -168.41524505615234, []], "[\"NoTrans\", []]": [671, -142.32619869614967, []]}, "{\"10.0.0.11_10.0.0.41\": [1, 3, 4], \"10.0.0.12_10.0.0.42\": [1, 2, 4], \"10.0.0.13_10.0.0.43\": [1, 3, 4]}": {"[\"10.0.0.13_10.0.0.43\", [1, 2, 4]]": [0, -100, []], "[\"10.0.0.12_10.0.0.42\", [1, 3, 4]]": [1, -166.67993927001953, []], "[\"10.0.0.11_10.0.0.41\", [1, 2, 4]]": [1, -172.17744869407346, []], "[\"NoTrans\", []]": [1, -155.03199302013485, []]}, "{\"10.0.0.11_10.0.0.41\": [1, 2, 4], \"10.0.0.12_10.0.0.42\": [1, 2, 4], \"10.0.0.13_10.0.0.43\": [1, 3, 4]}": {"[\"10.0.0.13_10.0.0.43\", [1, 2, 4]]": [0, -100, []], "[\"10.0.0.12_10.0.0.42\", [1, 3, 4]]": [1, -141.5931929072132, []], "[\"10.0.0.11_10.0.0.41\", [1, 3, 4]]": [1, -154.83502790631124, []], "[\"NoTrans\", []]": [1, -171.87090636299706, []]}, "{\"10.0.0.11_10.0.0.41\": [1, 3, 4], \"10.0.0.12_10.0.0.42\": [1, 3, 4], \"10.0.0.13_10.0.0.43\": [1, 2, 4]}": {"[\"10.0.0.13_10.0.0.43\", [1, 3, 4]]": [1, -168.45806503295898, []], "[\"10.0.0.12_10.0.0.42\", [1, 2, 4]]": [1, -174.01732193452466, []], "[\"10.0.0.11_10.0.0.41\", [1, 2, 4]]": [1, -175.2545956448406, []], "[\"NoTrans\", []]": [1, -174.16797813363513, []]}, "{\"10.0.0.11_10.0.0.41\": [1, 2, 4], \"10.0.0.12_10.0.0.42\": [1, 3, 4], \"10.0.0.13_10.0.0.43\": [1, 2, 4]}": {"[\"10.0.0.13_10.0.0.43\", [1, 3, 4]]": [1, -140.28879424463935, []], "[\"10.0.0.12_10.0.0.42\", [1, 2, 4]]": [0, -100, []], "[\"10.0.0.11_10.0.0.41\", [1, 3, 4]]": [1, -152.45364097657438, []], "[\"NoTrans\", []]": [0, -100, []]}, "{\"10.0.0.11_10.0.0.41\": [1, 3, 4], \"10.0.0.12_10.0.0.42\": [1, 2, 4], \"10.0.0.13_10.0.0.43\": [1, 2, 4]}": {"[\"10.0.0.13_10.0.0.43\", [1, 3, 4]]": [0, -100, []], "[\"10.0.0.12_10.0.0.42\", [1, 3, 4]]": [1, -152.74473287142305, []], "[\"10.0.0.11_10.0.0.41\", [1, 2, 4]]": [0, -100, []], "[\"NoTrans\", []]": [0, -100, []]}, "{\"10.0.0.11_10.0.0.41\": [1, 2, 4], \"10.0.0.12_10.0.0.42\": [1, 2, 4], \"10.0.0.13_10.0.0.43\": [1, 2, 4]}": {"[\"10.0.0.13_10.0.0.43\", [1, 3, 4]]": [0, -100, []], "[\"10.0.0.12_10.0.0.42\", [1, 3, 4]]": [0, -100, []], "[\"10.0.0.11_10.0.0.41\", [1, 3, 4]]": [0, -100, []], "[\"NoTrans\", []]": [0, -100, []]}}