{"{\"10.0.0.11_10.0.0.41\": [1, 3, 4], \"10.0.0.12_10.0.0.42\": [1, 3, 4], \"10.0.0.13_10.0.0.43\": [1, 3, 4]}": {"[\"10.0.0.12_10.0.0.42\", [1, 2, 4]]": [1, -195.4288109420101, []], "[\"10.0.0.13_10.0.0.43\", [1, 2, 4]]": [1, -206.89826698351646, []], "[\"10.0.0.11_10.0.0.41\", [1, 2, 4]]": [1, -136.7340881669307, []], "[\"NoTrans\", []]": [1, -221.20393524169924, []]}, "{\"10.0.0.11_10.0.0.41\": [1, 2, 4], \"10.0.0.12_10.0.0.42\": [1, 3, 4], \"10.0.0.13_10.0.0.43\": [1, 3, 4]}": {"[\"10.0.0.12_10.0.0.42\", [1, 2, 4]]": [0, -140, []], "[\"10.0.0.13_10.0.0.43\", [1, 2, 4]]": [76, -139.20965061957966, []], "[\"10.0.0.11_10.0.0.41\", [1, 3, 4]]": [1, -225.04628906250002, []], "[\"NoTrans\", []]": [1, -140.7003654180932, []]}, "{\"10.0.0.11_10.0.0.41\": [1, 3, 4], \"10.0.0.12_10.0.0.42\": [1, 3, 4], \"10.0.0.13_10.0.0.43\": [1, 2, 4]}": {"[\"10.0.0.12_10.0.0.42\", [1, 2, 4]]": [1, -172.80803569893243, []], "[\"10.0.0.13_10.0.0.43\", [1, 3, 4]]": [1, -224.25950775146487, []], "[\"10.0.0.11_10.0.0.41\", [1, 2, 4]]": [2, -137.70440608236717, []], "[\"NoTrans\", []]": [1, -202.5931604262192, []]}, "{\"10.0.0.11_10.0.0.41\": [1, 2, 4], \"10.0.0.12_10.0.0.42\": [1, 3, 4], \"10.0.0.13_10.0.0.43\": [1, 2, 4]}": {"[\"10.0.0.12_10.0.0.42\", [1, 2, 4]]": [1, -200.65625915527343, []], "[\"10.0.0.13_10.0.0.43\", [1, 3, 4]]": [76, -141.2237723864725, []], "[\"10.0.0.11_10.0.0.41\", [1, 3, 4]]": [1, -206.42652480266852, []], "[\"NoTrans\", []]": [0, -140, []]}, "{\"10.0.0.11_10.0.0.41\": [1, 3, 4], \"10.0.0.12_10.0.0.42\": [1, 2, 4], \"10.0.0.13_10.0.0.43\": [1, 3, 4]}": {"[\"10.0.0.12_10.0.0.42\", [1, 3, 4]]": [1, -221.2749839782715, []], "[\"10.0.0.13_10.0.0.43\", [1, 2, 4]]": [1, -158.58849014703554, []], "[\"10.0.0.11_10.0.0.41\", [1, 2, 4]]": [0, -140, []], "[\"NoTrans\", []]": [0, -140, []]}, "{\"10.0.0.11_10.0.0.41\": [1, 2, 4], \"10.0.0.12_10.0.0.42\": [1, 2, 4], \"10.0.0.13_10.0.0.43\": [1, 3, 4]}": {"[\"10.0.0.12_10.0.0.42\", [1, 3, 4]]": [0, -140, []], "[\"10.0.0.13_10.0.0.43\", [1, 2, 4]]": [0, -140, []], "[\"10.0.0.11_10.0.0.41\", [1, 3, 4]]": [0, -140, []], "[\"NoTrans\", []]": [0, -140, []]}, "{\"10.0.0.11_10.0.0.41\": [1, 3, 4], \"10.0.0.12_10.0.0.42\": [1, 2, 4], \"10.0.0.13_10.0.0.43\": [1, 2, 4]}": {"[\"10.0.0.12_10.0.0.42\", [1, 3, 4]]": [1, -203.92159112908172, []], "[\"10.0.0.13_10.0.0.43\", [1, 3, 4]]": [1, -170.0205929415725, []], "[\"10.0.0.11_10.0.0.41\", [1, 2, 4]]": [1, -200.18061880755323, []], "[\"NoTrans\", []]": [616, -133.6974597012306, []]}, "{\"10.0.0.11_10.0.0.41\": [1, 2, 4], \"10.0.0.12_10.0.0.42\": [1, 2, 4], \"10.0.0.13_10.0.0.43\": [1, 2, 4]}": {"[\"10.0.0.12_10.0.0.42\", [1, 3, 4]]": [0, -140, []], "[\"10.0.0.13_10.0.0.43\", [1, 3, 4]]": [0, -140, []], "[\"10.0.0.11_10.0.0.41\", [1, 3, 4]]": [2, -139.1725071103028, []], "[\"NoTrans\", []]": [0, -140, []]}}