{"{\"10.0.0.11_10.0.0.41\": [1, 3, 4], \"10.0.0.12_10.0.0.42\": [1, 3, 4], \"10.0.0.13_10.0.0.43\": [1, 3, 4]}": {"[\"10.0.0.11_10.0.0.41\", [1, 2, 4]]": [4, -175.33924487673372, []], "[\"10.0.0.12_10.0.0.42\", [1, 2, 4]]": [3, -232.86739889247292, []], "[\"10.0.0.13_10.0.0.43\", [1, 2, 4]]": [2, -236.55780059759226, []], "[\"NoTrans\", []]": [2, -244.32039106526844, []]}, "{\"10.0.0.11_10.0.0.41\": [1, 3, 4], \"10.0.0.12_10.0.0.42\": [1, 3, 4], \"10.0.0.13_10.0.0.43\": [1, 2, 4]}": {"[\"10.0.0.11_10.0.0.41\", [1, 2, 4]]": [2, -259.00694564379484, []], "[\"10.0.0.12_10.0.0.42\", [1, 2, 4]]": [2, -218.22500869544996, []], "[\"10.0.0.13_10.0.0.43\", [1, 3, 4]]": [2, -242.17302692021693, []], "[\"NoTrans\", []]": [2, -225.8752313004776, []]}, "{\"10.0.0.11_10.0.0.41\": [1, 3, 4], \"10.0.0.12_10.0.0.42\": [1, 2, 4], \"10.0.0.13_10.0.0.43\": [1, 3, 4]}": {"[\"10.0.0.11_10.0.0.41\", [1, 2, 4]]": [2, -249.3255758107434, []], "[\"10.0.0.12_10.0.0.42\", [1, 3, 4]]": [3, -248.40872152529698, []], "[\"10.0.0.13_10.0.0.43\", [1, 2, 4]]": [2, -248.07169257105596, []], "[\"NoTrans\", []]": [3, -262.5637265502918, []]}, "{\"10.0.0.11_10.0.0.41\": [1, 3, 4], \"10.0.0.12_10.0.0.42\": [1, 2, 4], \"10.0.0.13_10.0.0.43\": [1, 2, 4]}": {"[\"10.0.0.11_10.0.0.41\", [1, 2, 4]]": [2, -283.59751492381156, []], "[\"10.0.0.12_10.0.0.42\", [1, 3, 4]]": [2, -235.50035968637658, []], "[\"10.0.0.13_10.0.0.43\", [1, 3, 4]]": [2, -251.49400468744363, []], "[\"NoTrans\", []]": [1, -206.20129624560116, []]}, "{\"10.0.0.11_10.0.0.41\": [1, 2, 4], \"10.0.0.12_10.0.0.42\": [1, 3, 4], \"10.0.0.13_10.0.0.43\": [1, 3, 4]}": {"[\"10.0.0.11_10.0.0.41\", [1, 3, 4]]": [4, -252.79391096779833, []], "[\"10.0.0.12_10.0.0.42\", [1, 2, 4]]": [1, -225.25600204467776, []], "[\"10.0.0.13_10.0.0.43\", [1, 2, 4]]": [4, -286.2120187785808, []], "[\"NoTrans\", []]": [607, -141.24512553157135, []]}, "{\"10.0.0.11_10.0.0.41\": [1, 2, 4], \"10.0.0.12_10.0.0.42\": [1, 3, 4], \"10.0.0.13_10.0.0.43\": [1, 2, 4]}": {"[\"10.0.0.11_10.0.0.41\", [1, 3, 4]]": [2, -227.13503134523947, []], "[\"10.0.0.12_10.0.0.42\", [1, 2, 4]]": [2, -279.33130512540515, []], "[\"10.0.0.13_10.0.0.43\", [1, 3, 4]]": [3, -229.99973392216438, []], "[\"NoTrans\", []]": [2, -251.8543081687934, []]}, "{\"10.0.0.11_10.0.0.41\": [1, 2, 4], \"10.0.0.12_10.0.0.42\": [1, 2, 4], \"10.0.0.13_10.0.0.43\": [1, 3, 4]}": {"[\"10.0.0.11_10.0.0.41\", [1, 3, 4]]": [2, -239.91643142178327, []], "[\"10.0.0.12_10.0.0.42\", [1, 3, 4]]": [2, -221.92753003628394, []], "[\"10.0.0.13_10.0.0.43\", [1, 2, 4]]": [1, -224.03310546875002, []], "[\"NoTrans\", []]": [2, -248.80676305381127, []]}, "{\"10.0.0.11_10.0.0.41\": [1, 2, 4], \"10.0.0.12_10.0.0.42\": [1, 2, 4], \"10.0.0.13_10.0.0.43\": [1, 2, 4]}": {"[\"10.0.0.11_10.0.0.41\", [1, 3, 4]]": [2, -246.7012734131071, []], "[\"10.0.0.12_10.0.0.42\", [1, 3, 4]]": [1, -237.94514664597637, []], "[\"10.0.0.13_10.0.0.43\", [1, 3, 4]]": [2, -216.7611666681926, []], "[\"NoTrans\", []]": [1, -225.2265335083008, []]}}