{"{\"10.0.0.11_10.0.0.41\": [1, 3, 4], \"10.0.0.12_10.0.0.42\": [1, 3, 4], \"10.0.0.13_10.0.0.43\": [1, 3, 4]}": {"[\"10.0.0.12_10.0.0.42\", [1, 2, 4]]": [16, -279.3301020064344, []], "[\"10.0.0.13_10.0.0.43\", [1, 2, 4]]": [12, -277.8251581630178, []], "[\"10.0.0.11_10.0.0.41\", [1, 2, 4]]": [31, -171.1479027428071, []], "[\"NoTrans\", []]": [17, -236.16012274320187, []]}, "{\"10.0.0.11_10.0.0.41\": [1, 2, 4], \"10.0.0.12_10.0.0.42\": [1, 3, 4], \"10.0.0.13_10.0.0.43\": [1, 3, 4]}": {"[\"10.0.0.12_10.0.0.42\", [1, 2, 4]]": [27, -277.9635556281832, []], "[\"10.0.0.13_10.0.0.43\", [1, 2, 4]]": [27, -276.2403600750425, []], "[\"10.0.0.11_10.0.0.41\", [1, 3, 4]]": [27, -227.53255492735923, []], "[\"NoTrans\", []]": [64, -174.32459650301973, []]}, "{\"10.0.0.11_10.0.0.41\": [1, 3, 4], \"10.0.0.12_10.0.0.42\": [1, 3, 4], \"10.0.0.13_10.0.0.43\": [1, 2, 4]}": {"[\"10.0.0.12_10.0.0.42\", [1, 2, 4]]": [15, -322.43705490025746, []], "[\"10.0.0.13_10.0.0.43\", [1, 3, 4]]": [20, -240.87810852629465, []], "[\"10.0.0.11_10.0.0.41\", [1, 2, 4]]": [9, -268.6634436408404, []], "[\"NoTrans\", []]": [20, -277.03581264773146, []]}, "{\"10.0.0.11_10.0.0.41\": [1, 2, 4], \"10.0.0.12_10.0.0.42\": [1, 3, 4], \"10.0.0.13_10.0.0.43\": [1, 2, 4]}": {"[\"10.0.0.12_10.0.0.42\", [1, 2, 4]]": [11, -347.8048203060975, []], "[\"10.0.0.13_10.0.0.43\", [1, 3, 4]]": [22, -212.06198384904482, []], "[\"10.0.0.11_10.0.0.41\", [1, 3, 4]]": [15, -277.2007249609708, []], "[\"NoTrans\", []]": [12, -261.466371946432, []]}, "{\"10.0.0.11_10.0.0.41\": [1, 3, 4], \"10.0.0.12_10.0.0.42\": [1, 2, 4], \"10.0.0.13_10.0.0.43\": [1, 3, 4]}": {"[\"10.0.0.12_10.0.0.42\", [1, 3, 4]]": [12, -227.9125966490577, []], "[\"10.0.0.13_10.0.0.43\", [1, 2, 4]]": [13, -321.56673887247194, []], "[\"10.0.0.11_10.0.0.41\", [1, 2, 4]]": [13, -266.0972567792254, []], "[\"NoTrans\", []]": [20, -276.66181056056115, []]}, "{\"10.0.0.11_10.0.0.41\": [1, 2, 4], \"10.0.0.12_10.0.0.42\": [1, 2, 4], \"10.0.0.13_10.0.0.43\": [1, 3, 4]}": {"[\"10.0.0.12_10.0.0.42\", [1, 3, 4]]": [29, -213.223024046954, []], "[\"10.0.0.13_10.0.0.43\", [1, 2, 4]]": [11, -349.5369042522932, []], "[\"10.0.0.11_10.0.0.41\", [1, 3, 4]]": [11, -276.93133101220883, []], "[\"NoTrans\", []]": [9, -271.90712081733665, []]}, "{\"10.0.0.11_10.0.0.41\": [1, 3, 4], \"10.0.0.12_10.0.0.42\": [1, 2, 4], \"10.0.0.13_10.0.0.43\": [1, 2, 4]}": {"[\"10.0.0.12_10.0.0.42\", [1, 3, 4]]": [17, -277.4455336527926, []], "[\"10.0.0.13_10.0.0.43\", [1, 3, 4]]": [11, -266.27669920899916, []], "[\"10.0.0.11_10.0.0.41\", [1, 2, 4]]": [10, -349.92518571061373, []], "[\"NoTrans\", []]": [13, -322.4615975139028, []]}, "{\"10.0.0.11_10.0.0.41\": [1, 2, 4], \"10.0.0.12_10.0.0.42\": [1, 2, 4], \"10.0.0.13_10.0.0.43\": [1, 2, 4]}": {"[\"10.0.0.12_10.0.0.42\", [1, 3, 4]]": [12, -262.1439028367728, []], "[\"10.0.0.13_10.0.0.43\", [1, 3, 4]]": [11, -271.34548223437974, []], "[\"10.0.0.11_10.0.0.41\", [1, 3, 4]]": [10, -322.12558443991026, []], "[\"NoTrans\", []]": [8, -347.6403323517306, []]}}