{"{\"10.0.0.11_10.0.0.41\": [1, 3, 4], \"10.0.0.12_10.0.0.42\": [1, 3, 4], \"10.0.0.13_10.0.0.43\": [1, 3, 4]}": {"[\"10.0.0.12_10.0.0.42\", [1, 2, 4]]": [4, -260.4708054857975, []], "[\"10.0.0.13_10.0.0.43\", [1, 2, 4]]": [2, -255.77179430621194, []], "[\"10.0.0.11_10.0.0.41\", [1, 2, 4]]": [45, -128.34674657196595, []], "[\"NoTrans\", []]": [3, -233.50121141869434, []]}, "{\"10.0.0.11_10.0.0.41\": [1, 2, 4], \"10.0.0.12_10.0.0.42\": [1, 3, 4], \"10.0.0.13_10.0.0.43\": [1, 3, 4]}": {"[\"10.0.0.12_10.0.0.42\", [1, 2, 4]]": [16, -296.93468285466895, []], "[\"10.0.0.13_10.0.0.43\", [1, 2, 4]]": [19, -303.4254663245097, []], "[\"10.0.0.11_10.0.0.41\", [1, 3, 4]]": [35, -225.04564851899642, []], "[\"NoTrans\", []]": [381, -126.59079133713429, []]}, "{\"10.0.0.11_10.0.0.41\": [1, 3, 4], \"10.0.0.12_10.0.0.42\": [1, 3, 4], \"10.0.0.13_10.0.0.43\": [1, 2, 4]}": {"[\"10.0.0.12_10.0.0.42\", [1, 2, 4]]": [3, -294.38598522655263, []], "[\"10.0.0.13_10.0.0.43\", [1, 3, 4]]": [5, -221.32997865028307, []], "[\"10.0.0.11_10.0.0.41\", [1, 2, 4]]": [3, -270.02364119746017, []], "[\"NoTrans\", []]": [4, -267.0601474304243, []]}, "{\"10.0.0.11_10.0.0.41\": [1, 2, 4], \"10.0.0.12_10.0.0.42\": [1, 3, 4], \"10.0.0.13_10.0.0.43\": [1, 2, 4]}": {"[\"10.0.0.12_10.0.0.42\", [1, 2, 4]]": [6, -353.55910673475415, []], "[\"10.0.0.13_10.0.0.43\", [1, 3, 4]]": [14, -241.81928399723287, []], "[\"10.0.0.11_10.0.0.41\", [1, 3, 4]]": [5, -269.1591699207522, []], "[\"NoTrans\", []]": [6, -285.4088532015527, []]}, "{\"10.0.0.11_10.0.0.41\": [1, 3, 4], \"10.0.0.12_10.0.0.42\": [1, 2, 4], \"10.0.0.13_10.0.0.43\": [1, 3, 4]}": {"[\"10.0.0.12_10.0.0.42\", [1, 3, 4]]": [11, -264.0536242718951, []], "[\"10.0.0.13_10.0.0.43\", [1, 2, 4]]": [4, -304.67043078856426, []], "[\"10.0.0.11_10.0.0.41\", [1, 2, 4]]": [3, -265.9663105754735, []], "[\"NoTrans\", []]": [7, -291.2933975233316, []]}, "{\"10.0.0.11_10.0.0.41\": [1, 2, 4], \"10.0.0.12_10.0.0.42\": [1, 2, 4], \"10.0.0.13_10.0.0.43\": [1, 3, 4]}": {"[\"10.0.0.12_10.0.0.42\", [1, 3, 4]]": [12, -239.39733904226972, []], "[\"10.0.0.13_10.0.0.43\", [1, 2, 4]]": [5, -347.56692796169875, []], "[\"10.0.0.11_10.0.0.41\", [1, 3, 4]]": [6, -254.36358823586963, []], "[\"NoTrans\", []]": [6, -293.1763623663516, []]}, "{\"10.0.0.11_10.0.0.41\": [1, 3, 4], \"10.0.0.12_10.0.0.42\": [1, 2, 4], \"10.0.0.13_10.0.0.43\": [1, 2, 4]}": {"[\"10.0.0.12_10.0.0.42\", [1, 3, 4]]": [3, -262.6243315957904, []], "[\"10.0.0.13_10.0.0.43\", [1, 3, 4]]": [8, -298.1673725429885, []], "[\"10.0.0.11_10.0.0.41\", [1, 2, 4]]": [1, -266.6241725186125, []], "[\"NoTrans\", []]": [2, -244.1198354959625, []]}, "{\"10.0.0.11_10.0.0.41\": [1, 2, 4], \"10.0.0.12_10.0.0.42\": [1, 2, 4], \"10.0.0.13_10.0.0.43\": [1, 2, 4]}": {"[\"10.0.0.12_10.0.0.42\", [1, 3, 4]]": [3, -278.4436545030834, []], "[\"10.0.0.13_10.0.0.43\", [1, 3, 4]]": [4, -287.4464409525686, []], "[\"10.0.0.11_10.0.0.41\", [1, 3, 4]]": [5, -301.6932985774403, []], "[\"NoTrans\", []]": [3, -339.0330426734665, []]}}