{"{\"10.0.0.11_10.0.0.41\": [1, 3, 4], \"10.0.0.12_10.0.0.42\": [1, 3, 4], \"10.0.0.13_10.0.0.43\": [1, 3, 4]}": {"[\"10.0.0.12_10.0.0.42\", [1, 2, 4]]": [0, -140, []], "[\"10.0.0.11_10.0.0.41\", [1, 2, 4]]": [2, -151.32798954924988, []], "[\"10.0.0.13_10.0.0.43\", [1, 2, 4]]": [0, -140, []], "[\"NoTrans\", []]": [1, -201.45744094848632, []]}, "{\"10.0.0.11_10.0.0.41\": [1, 3, 4], \"10.0.0.12_10.0.0.42\": [1, 3, 4], \"10.0.0.13_10.0.0.43\": [1, 2, 4]}": {"[\"10.0.0.12_10.0.0.42\", [1, 2, 4]]": [0, -140, []], "[\"10.0.0.11_10.0.0.41\", [1, 2, 4]]": [2, -151.32798954924988, []], "[\"10.0.0.13_10.0.0.43\", [1, 3, 4]]": [0, -140, []], "[\"NoTrans\", []]": [1, -201.45744094848632, []]}, "{\"10.0.0.11_10.0.0.41\": [1, 2, 4], \"10.0.0.12_10.0.0.42\": [1, 3, 4], \"10.0.0.13_10.0.0.43\": [1, 3, 4]}": {"[\"10.0.0.12_10.0.0.42\", [1, 2, 4]]": [1, -224.65966949462893, []], "[\"10.0.0.11_10.0.0.41\", [1, 3, 4]]": [1, -203.0215092282549, []], "[\"10.0.0.13_10.0.0.43\", [1, 2, 4]]": [1, -207.09290073113587, []], "[\"NoTrans\", []]": [785, -135.1343131687396, []]}, "{\"10.0.0.11_10.0.0.41\": [1, 2, 4], \"10.0.0.12_10.0.0.42\": [1, 3, 4], \"10.0.0.13_10.0.0.43\": [1, 2, 4]}": {"[\"10.0.0.12_10.0.0.42\", [1, 2, 4]]": [1, -224.65966949462893, []], "[\"10.0.0.11_10.0.0.41\", [1, 3, 4]]": [1, -203.0215092282549, []], "[\"10.0.0.13_10.0.0.43\", [1, 3, 4]]": [1, -175.14256136587068, []], "[\"NoTrans\", []]": [785, -135.1343131687396, []]}, "{\"10.0.0.11_10.0.0.41\": [1, 3, 4], \"10.0.0.12_10.0.0.42\": [1, 2, 4], \"10.0.0.13_10.0.0.43\": [1, 3, 4]}": {"[\"10.0.0.12_10.0.0.42\", [1, 3, 4]]": [1, -202.2769332885742, []], "[\"10.0.0.11_10.0.0.41\", [1, 2, 4]]": [0, -140, []], "[\"10.0.0.13_10.0.0.43\", [1, 2, 4]]": [0, -140, []], "[\"NoTrans\", []]": [0, -140, []]}, "{\"10.0.0.11_10.0.0.41\": [1, 3, 4], \"10.0.0.12_10.0.0.42\": [1, 2, 4], \"10.0.0.13_10.0.0.43\": [1, 2, 4]}": {"[\"10.0.0.12_10.0.0.42\", [1, 3, 4]]": [1, -202.2769332885742, []], "[\"10.0.0.11_10.0.0.41\", [1, 2, 4]]": [0, -140, []], "[\"10.0.0.13_10.0.0.43\", [1, 3, 4]]": [0, -140, []], "[\"NoTrans\", []]": [0, -140, []]}, "{\"10.0.0.11_10.0.0.41\": [1, 2, 4], \"10.0.0.12_10.0.0.42\": [1, 2, 4], \"10.0.0.13_10.0.0.43\": [1, 3, 4]}": {"[\"10.0.0.12_10.0.0.42\", [1, 3, 4]]": [1, -179.30085526792683, []], "[\"10.0.0.11_10.0.0.41\", [1, 3, 4]]": [0, -140, []], "[\"10.0.0.13_10.0.0.43\", [1, 2, 4]]": [0, -140, []], "[\"NoTrans\", []]": [1, -225.5455375671387, []]}, "{\"10.0.0.11_10.0.0.41\": [1, 2, 4], \"10.0.0.12_10.0.0.42\": [1, 2, 4], \"10.0.0.13_10.0.0.43\": [1, 2, 4]}": {"[\"10.0.0.12_10.0.0.42\", [1, 3, 4]]": [1, -179.30085526792683, []], "[\"10.0.0.11_10.0.0.41\", [1, 3, 4]]": [0, -140, []], "[\"10.0.0.13_10.0.0.43\", [1, 3, 4]]": [0, -140, []], "[\"NoTrans\", []]": [1, -225.5455375671387, []]}}