{"{\"10.0.0.11_10.0.0.41\": [1, 3, 4], \"10.0.0.12_10.0.0.42\": [1, 3, 4], \"10.0.0.13_10.0.0.43\": [1, 3, 4]}": {"[\"10.0.0.12_10.0.0.42\", [1, 2, 4]]": [12, -278.52577887639836, []], "[\"10.0.0.13_10.0.0.43\", [1, 2, 4]]": [22, -280.0833749138075, []], "[\"10.0.0.11_10.0.0.41\", [1, 2, 4]]": [36, -161.83177306770645, []], "[\"NoTrans\", []]": [17, -234.56588640057475, []]}, "{\"10.0.0.11_10.0.0.41\": [1, 2, 4], \"10.0.0.12_10.0.0.42\": [1, 3, 4], \"10.0.0.13_10.0.0.43\": [1, 3, 4]}": {"[\"10.0.0.12_10.0.0.42\", [1, 2, 4]]": [27, -269.9461001634036, []], "[\"10.0.0.13_10.0.0.43\", [1, 2, 4]]": [18, -277.94526836794347, []], "[\"10.0.0.11_10.0.0.41\", [1, 3, 4]]": [30, -237.98385420766266, []], "[\"NoTrans\", []]": [47, -179.85352365469808, []]}, "{\"10.0.0.11_10.0.0.41\": [1, 3, 4], \"10.0.0.12_10.0.0.42\": [1, 3, 4], \"10.0.0.13_10.0.0.43\": [1, 2, 4]}": {"[\"10.0.0.12_10.0.0.42\", [1, 2, 4]]": [14, -336.1397800156176, []], "[\"10.0.0.13_10.0.0.43\", [1, 3, 4]]": [22, -239.98687596029617, []], "[\"10.0.0.11_10.0.0.41\", [1, 2, 4]]": [14, -281.60163686844726, []], "[\"NoTrans\", []]": [16, -278.4042733878457, []]}, "{\"10.0.0.11_10.0.0.41\": [1, 2, 4], \"10.0.0.12_10.0.0.42\": [1, 3, 4], \"10.0.0.13_10.0.0.43\": [1, 2, 4]}": {"[\"10.0.0.12_10.0.0.42\", [1, 2, 4]]": [18, -349.43577046907285, []], "[\"10.0.0.13_10.0.0.43\", [1, 3, 4]]": [17, -210.46091528441136, []], "[\"10.0.0.11_10.0.0.41\", [1, 3, 4]]": [14, -282.95915210685797, []], "[\"NoTrans\", []]": [13, -276.43968926131805, []]}, "{\"10.0.0.11_10.0.0.41\": [1, 3, 4], \"10.0.0.12_10.0.0.42\": [1, 2, 4], \"10.0.0.13_10.0.0.43\": [1, 3, 4]}": {"[\"10.0.0.12_10.0.0.42\", [1, 3, 4]]": [18, -234.8703632540386, []], "[\"10.0.0.13_10.0.0.43\", [1, 2, 4]]": [14, -333.3459642689176, []], "[\"10.0.0.11_10.0.0.41\", [1, 2, 4]]": [12, -276.5276631650067, []], "[\"NoTrans\", []]": [8, -277.2743379679297, []]}, "{\"10.0.0.11_10.0.0.41\": [1, 2, 4], \"10.0.0.12_10.0.0.42\": [1, 2, 4], \"10.0.0.13_10.0.0.43\": [1, 3, 4]}": {"[\"10.0.0.12_10.0.0.42\", [1, 3, 4]]": [22, -199.7041749245302, []], "[\"10.0.0.13_10.0.0.43\", [1, 2, 4]]": [11, -343.15412561327184, []], "[\"10.0.0.11_10.0.0.41\", [1, 3, 4]]": [18, -275.9221713064231, []], "[\"NoTrans\", []]": [12, -274.4582113558955, []]}, "{\"10.0.0.11_10.0.0.41\": [1, 3, 4], \"10.0.0.12_10.0.0.42\": [1, 2, 4], \"10.0.0.13_10.0.0.43\": [1, 2, 4]}": {"[\"10.0.0.12_10.0.0.42\", [1, 3, 4]]": [14, -279.26445271709497, []], "[\"10.0.0.13_10.0.0.43\", [1, 3, 4]]": [14, -283.87501220807474, []], "[\"10.0.0.11_10.0.0.41\", [1, 2, 4]]": [11, -351.58416925477144, []], "[\"NoTrans\", []]": [14, -332.74073464027066, []]}, "{\"10.0.0.11_10.0.0.41\": [1, 2, 4], \"10.0.0.12_10.0.0.42\": [1, 2, 4], \"10.0.0.13_10.0.0.43\": [1, 2, 4]}": {"[\"10.0.0.12_10.0.0.42\", [1, 3, 4]]": [16, -279.66651330843627, []], "[\"10.0.0.13_10.0.0.43\", [1, 3, 4]]": [13, -271.3554699624652, []], "[\"10.0.0.11_10.0.0.41\", [1, 3, 4]]": [11, -330.44934728430644, []], "[\"NoTrans\", []]": [12, -347.12748314876694, []]}}