{"{\"10.0.0.11_10.0.0.41\": [1, 3, 4], \"10.0.0.12_10.0.0.42\": [1, 3, 4], \"10.0.0.13_10.0.0.43\": [1, 3, 4]}": {"[\"10.0.0.12_10.0.0.42\", [1, 2, 4]]": [8, -262.3164286901706, []], "[\"10.0.0.13_10.0.0.43\", [1, 2, 4]]": [4, -268.57169424279914, []], "[\"10.0.0.11_10.0.0.41\", [1, 2, 4]]": [45, -129.11250804154858, []], "[\"NoTrans\", []]": [5, -220.6809131673777, []]}, "{\"10.0.0.11_10.0.0.41\": [1, 2, 4], \"10.0.0.12_10.0.0.42\": [1, 3, 4], \"10.0.0.13_10.0.0.43\": [1, 3, 4]}": {"[\"10.0.0.12_10.0.0.42\", [1, 2, 4]]": [20, -278.9394566041589, []], "[\"10.0.0.13_10.0.0.43\", [1, 2, 4]]": [19, -277.48520413093655, []], "[\"10.0.0.11_10.0.0.41\", [1, 3, 4]]": [35, -206.3023112652502, []], "[\"NoTrans\", []]": [311, -126.74783512099205, []]}, "{\"10.0.0.11_10.0.0.41\": [1, 3, 4], \"10.0.0.12_10.0.0.42\": [1, 3, 4], \"10.0.0.13_10.0.0.43\": [1, 2, 4]}": {"[\"10.0.0.12_10.0.0.42\", [1, 2, 4]]": [6, -302.85077943503154, []], "[\"10.0.0.13_10.0.0.43\", [1, 3, 4]]": [12, -233.84233850359172, []], "[\"10.0.0.11_10.0.0.41\", [1, 2, 4]]": [5, -268.7740067052215, []], "[\"NoTrans\", []]": [11, -271.3323941337287, []]}, "{\"10.0.0.11_10.0.0.41\": [1, 2, 4], \"10.0.0.12_10.0.0.42\": [1, 3, 4], \"10.0.0.13_10.0.0.43\": [1, 2, 4]}": {"[\"10.0.0.12_10.0.0.42\", [1, 2, 4]]": [4, -336.27706360977555, []], "[\"10.0.0.13_10.0.0.43\", [1, 3, 4]]": [12, -185.1450126933299, []], "[\"10.0.0.11_10.0.0.41\", [1, 3, 4]]": [12, -266.8319359274522, []], "[\"NoTrans\", []]": [9, -276.3556373257686, []]}, "{\"10.0.0.11_10.0.0.41\": [1, 3, 4], \"10.0.0.12_10.0.0.42\": [1, 2, 4], \"10.0.0.13_10.0.0.43\": [1, 3, 4]}": {"[\"10.0.0.12_10.0.0.42\", [1, 3, 4]]": [10, -217.88885332625364, []], "[\"10.0.0.13_10.0.0.43\", [1, 2, 4]]": [6, -315.6316864088326, []], "[\"10.0.0.11_10.0.0.41\", [1, 2, 4]]": [5, -263.275245218861, []], "[\"NoTrans\", []]": [9, -274.99769589505615, []]}, "{\"10.0.0.11_10.0.0.41\": [1, 2, 4], \"10.0.0.12_10.0.0.42\": [1, 2, 4], \"10.0.0.13_10.0.0.43\": [1, 3, 4]}": {"[\"10.0.0.12_10.0.0.42\", [1, 3, 4]]": [17, -201.61961502177624, []], "[\"10.0.0.13_10.0.0.43\", [1, 2, 4]]": [4, -331.6803139888892, []], "[\"10.0.0.11_10.0.0.41\", [1, 3, 4]]": [8, -262.3516332315228, []], "[\"NoTrans\", []]": [6, -275.1256464746442, []]}, "{\"10.0.0.11_10.0.0.41\": [1, 3, 4], \"10.0.0.12_10.0.0.42\": [1, 2, 4], \"10.0.0.13_10.0.0.43\": [1, 2, 4]}": {"[\"10.0.0.12_10.0.0.42\", [1, 3, 4]]": [7, -268.0827959870003, []], "[\"10.0.0.13_10.0.0.43\", [1, 3, 4]]": [5, -275.1328553292641, []], "[\"10.0.0.11_10.0.0.41\", [1, 2, 4]]": [3, -296.79438497431715, []], "[\"NoTrans\", []]": [2, -258.40162115055955, []]}, "{\"10.0.0.11_10.0.0.41\": [1, 2, 4], \"10.0.0.12_10.0.0.42\": [1, 2, 4], \"10.0.0.13_10.0.0.43\": [1, 2, 4]}": {"[\"10.0.0.12_10.0.0.42\", [1, 3, 4]]": [4, -270.84634197089144, []], "[\"10.0.0.13_10.0.0.43\", [1, 3, 4]]": [4, -258.1521884245918, []], "[\"10.0.0.11_10.0.0.41\", [1, 3, 4]]": [3, -262.0275788929905, []], "[\"NoTrans\", []]": [5, -332.02391439124256, []]}}