{"{\"10.0.0.11_10.0.0.41\": [1, 3, 4], \"10.0.0.12_10.0.0.42\": [1, 3, 4], \"10.0.0.13_10.0.0.43\": [1, 3, 4]}": {"[\"10.0.0.13_10.0.0.43\", [1, 2, 4]]": [15, -399.94387497040924, []], "[\"10.0.0.11_10.0.0.41\", [1, 2, 4]]": [8, -411.7619717582627, []], "[\"10.0.0.12_10.0.0.42\", [1, 2, 4]]": [15, -410.61293027870107, []], "[\"NoTrans\", []]": [10, -417.67873984749144, []]}, "{\"10.0.0.11_10.0.0.41\": [1, 3, 4], \"10.0.0.12_10.0.0.42\": [1, 2, 4], \"10.0.0.13_10.0.0.43\": [1, 3, 4]}": {"[\"10.0.0.13_10.0.0.43\", [1, 2, 4]]": [15, -421.044400716001, []], "[\"10.0.0.11_10.0.0.41\", [1, 2, 4]]": [14, -426.7293448746155, []], "[\"10.0.0.12_10.0.0.42\", [1, 3, 4]]": [15, -416.54368756541777, []], "[\"NoTrans\", []]": [35, -413.9392482678134, []]}, "{\"10.0.0.11_10.0.0.41\": [1, 2, 4], \"10.0.0.12_10.0.0.42\": [1, 3, 4], \"10.0.0.13_10.0.0.43\": [1, 3, 4]}": {"[\"10.0.0.13_10.0.0.43\", [1, 2, 4]]": [8, -410.903674453506, []], "[\"10.0.0.11_10.0.0.41\", [1, 3, 4]]": [10, -419.47703542824325, []], "[\"10.0.0.12_10.0.0.42\", [1, 2, 4]]": [10, -422.50078186884383, []], "[\"NoTrans\", []]": [8, -433.8813638374272, []]}, "{\"10.0.0.11_10.0.0.41\": [1, 2, 4], \"10.0.0.12_10.0.0.42\": [1, 2, 4], \"10.0.0.13_10.0.0.43\": [1, 3, 4]}": {"[\"10.0.0.13_10.0.0.43\", [1, 2, 4]]": [7, -443.15861689107703, []], "[\"10.0.0.11_10.0.0.41\", [1, 3, 4]]": [13, -408.42819167970623, []], "[\"10.0.0.12_10.0.0.42\", [1, 3, 4]]": [11, -426.02747429547054, []], "[\"NoTrans\", []]": [8, -420.5348079908708, []]}, "{\"10.0.0.11_10.0.0.41\": [1, 3, 4], \"10.0.0.12_10.0.0.42\": [1, 3, 4], \"10.0.0.13_10.0.0.43\": [1, 2, 4]}": {"[\"10.0.0.13_10.0.0.43\", [1, 3, 4]]": [13, -418.6323790540044, []], "[\"10.0.0.11_10.0.0.41\", [1, 2, 4]]": [15, -420.10044463916194, []], "[\"10.0.0.12_10.0.0.42\", [1, 2, 4]]": [16, -418.4519933243622, []], "[\"NoTrans\", []]": [42, -407.8738483200549, []]}, "{\"10.0.0.11_10.0.0.41\": [1, 3, 4], \"10.0.0.12_10.0.0.42\": [1, 2, 4], \"10.0.0.13_10.0.0.43\": [1, 2, 4]}": {"[\"10.0.0.13_10.0.0.43\", [1, 3, 4]]": [17, -411.4579735963943, []], "[\"10.0.0.11_10.0.0.41\", [1, 2, 4]]": [6, -434.6291646530716, []], "[\"10.0.0.12_10.0.0.42\", [1, 3, 4]]": [15, -401.28690216649096, []], "[\"NoTrans\", []]": [8, -418.7063139759651, []]}, "{\"10.0.0.11_10.0.0.41\": [1, 2, 4], \"10.0.0.12_10.0.0.42\": [1, 3, 4], \"10.0.0.13_10.0.0.43\": [1, 2, 4]}": {"[\"10.0.0.13_10.0.0.43\", [1, 3, 4]]": [9, -404.8162843048407, []], "[\"10.0.0.11_10.0.0.41\", [1, 3, 4]]": [14, -401.80748691580425, []], "[\"10.0.0.12_10.0.0.42\", [1, 2, 4]]": [7, -444.252713854347, []], "[\"NoTrans\", []]": [7, -410.22077234211883, []]}, "{\"10.0.0.11_10.0.0.41\": [1, 2, 4], \"10.0.0.12_10.0.0.42\": [1, 2, 4], \"10.0.0.13_10.0.0.43\": [1, 2, 4]}": {"[\"10.0.0.13_10.0.0.43\", [1, 3, 4]]": [7, -426.8949351974408, []], "[\"10.0.0.11_10.0.0.41\", [1, 3, 4]]": [7, -418.43119516614354, []], "[\"10.0.0.12_10.0.0.42\", [1, 3, 4]]": [7, -412.61033175390855, []], "[\"NoTrans\", []]": [6, -428.2206169915352, []]}}