{"{\"10.0.0.11_10.0.0.41\": [1, 3, 4], \"10.0.0.12_10.0.0.42\": [1, 3, 4], \"10.0.0.13_10.0.0.43\": [1, 3, 4]}": {"[\"10.0.0.12_10.0.0.42\", [1, 2, 4]]": [17, -416.9946955081128, []], "[\"10.0.0.13_10.0.0.43\", [1, 2, 4]]": [16, -418.84461056606585, []], "[\"10.0.0.11_10.0.0.41\", [1, 2, 4]]": [11, -415.8429544926636, []], "[\"NoTrans\", []]": [9, -426.8358086470696, []]}, "{\"10.0.0.11_10.0.0.41\": [1, 2, 4], \"10.0.0.12_10.0.0.42\": [1, 3, 4], \"10.0.0.13_10.0.0.43\": [1, 3, 4]}": {"[\"10.0.0.12_10.0.0.42\", [1, 2, 4]]": [8, -415.153391513863, []], "[\"10.0.0.13_10.0.0.43\", [1, 2, 4]]": [13, -422.24327572707887, []], "[\"10.0.0.11_10.0.0.41\", [1, 3, 4]]": [11, -418.2415512693712, []], "[\"NoTrans\", []]": [9, -431.02558933970664, []]}, "{\"10.0.0.11_10.0.0.41\": [1, 3, 4], \"10.0.0.12_10.0.0.42\": [1, 3, 4], \"10.0.0.13_10.0.0.43\": [1, 2, 4]}": {"[\"10.0.0.12_10.0.0.42\", [1, 2, 4]]": [17, -434.4875346469179, []], "[\"10.0.0.13_10.0.0.43\", [1, 3, 4]]": [17, -429.723941493488, []], "[\"10.0.0.11_10.0.0.41\", [1, 2, 4]]": [18, -438.5194457643071, []], "[\"NoTrans\", []]": [41, -418.6315818963127, []]}, "{\"10.0.0.11_10.0.0.41\": [1, 2, 4], \"10.0.0.12_10.0.0.42\": [1, 3, 4], \"10.0.0.13_10.0.0.43\": [1, 2, 4]}": {"[\"10.0.0.12_10.0.0.42\", [1, 2, 4]]": [7, -424.73443614501593, []], "[\"10.0.0.13_10.0.0.43\", [1, 3, 4]]": [12, -427.6728115381671, []], "[\"10.0.0.11_10.0.0.41\", [1, 3, 4]]": [18, -419.0686412105167, []], "[\"NoTrans\", []]": [8, -420.3999152127853, []]}, "{\"10.0.0.11_10.0.0.41\": [1, 3, 4], \"10.0.0.12_10.0.0.42\": [1, 2, 4], \"10.0.0.13_10.0.0.43\": [1, 3, 4]}": {"[\"10.0.0.12_10.0.0.42\", [1, 3, 4]]": [16, -430.0983381766103, []], "[\"10.0.0.13_10.0.0.43\", [1, 2, 4]]": [13, -435.03392161702243, []], "[\"10.0.0.11_10.0.0.41\", [1, 2, 4]]": [12, -423.6748215215244, []], "[\"NoTrans\", []]": [33, -415.94988874193416, []]}, "{\"10.0.0.11_10.0.0.41\": [1, 2, 4], \"10.0.0.12_10.0.0.42\": [1, 2, 4], \"10.0.0.13_10.0.0.43\": [1, 3, 4]}": {"[\"10.0.0.12_10.0.0.42\", [1, 3, 4]]": [9, -420.91522287949675, []], "[\"10.0.0.13_10.0.0.43\", [1, 2, 4]]": [6, -440.9121914195303, []], "[\"10.0.0.11_10.0.0.41\", [1, 3, 4]]": [12, -400.83903937954784, []], "[\"NoTrans\", []]": [7, -410.54534749779435, []]}, "{\"10.0.0.11_10.0.0.41\": [1, 3, 4], \"10.0.0.12_10.0.0.42\": [1, 2, 4], \"10.0.0.13_10.0.0.43\": [1, 2, 4]}": {"[\"10.0.0.12_10.0.0.42\", [1, 3, 4]]": [18, -420.36247156199187, []], "[\"10.0.0.13_10.0.0.43\", [1, 3, 4]]": [13, -412.0868677563158, []], "[\"10.0.0.11_10.0.0.41\", [1, 2, 4]]": [7, -432.16578366928735, []], "[\"NoTrans\", []]": [10, -429.80440686871293, []]}, "{\"10.0.0.11_10.0.0.41\": [1, 2, 4], \"10.0.0.12_10.0.0.42\": [1, 2, 4], \"10.0.0.13_10.0.0.43\": [1, 2, 4]}": {"[\"10.0.0.12_10.0.0.42\", [1, 3, 4]]": [6, -427.0449140477879, []], "[\"10.0.0.13_10.0.0.43\", [1, 3, 4]]": [6, -405.6622097399935, []], "[\"10.0.0.11_10.0.0.41\", [1, 3, 4]]": [8, -421.52295938307753, []], "[\"NoTrans\", []]": [5, -428.60023707516024, []]}}