{"{\"10.0.0.11_10.0.0.41\": [1, 3, 4], \"10.0.0.12_10.0.0.42\": [1, 3, 4], \"10.0.0.13_10.0.0.43\": [1, 3, 4]}": {"[\"10.0.0.13_10.0.0.43\", [1, 2, 4]]": [3, -220.02080837249497, []], "[\"10.0.0.12_10.0.0.42\", [1, 2, 4]]": [2, -207.0888300038955, []], "[\"10.0.0.11_10.0.0.41\", [1, 2, 4]]": [5, -177.74968026061254, []], "[\"NoTrans\", []]": [2, -203.16066534544066, []]}, "{\"10.0.0.11_10.0.0.41\": [1, 2, 4], \"10.0.0.12_10.0.0.42\": [1, 3, 4], \"10.0.0.13_10.0.0.43\": [1, 3, 4]}": {"[\"10.0.0.13_10.0.0.43\", [1, 2, 4]]": [4, -231.03061770344289, []], "[\"10.0.0.12_10.0.0.42\", [1, 2, 4]]": [3, -236.464080707138, []], "[\"10.0.0.11_10.0.0.41\", [1, 3, 4]]": [4, -219.29597339458033, []], "[\"NoTrans\", []]": [782, -125.31010814647395, []]}, "{\"10.0.0.11_10.0.0.41\": [1, 3, 4], \"10.0.0.12_10.0.0.42\": [1, 2, 4], \"10.0.0.13_10.0.0.43\": [1, 3, 4]}": {"[\"10.0.0.13_10.0.0.43\", [1, 2, 4]]": [3, -242.17279459861467, []], "[\"10.0.0.12_10.0.0.42\", [1, 3, 4]]": [2, -189.9512758251425, []], "[\"10.0.0.11_10.0.0.41\", [1, 2, 4]]": [2, -217.05297293071723, []], "[\"NoTrans\", []]": [2, -190.4248419025367, []]}, "{\"10.0.0.11_10.0.0.41\": [1, 2, 4], \"10.0.0.12_10.0.0.42\": [1, 2, 4], \"10.0.0.13_10.0.0.43\": [1, 3, 4]}": {"[\"10.0.0.13_10.0.0.43\", [1, 2, 4]]": [2, -216.27014372681444, []], "[\"10.0.0.12_10.0.0.42\", [1, 3, 4]]": [3, -198.94481144608358, []], "[\"10.0.0.11_10.0.0.41\", [1, 3, 4]]": [2, -191.4124095724998, []], "[\"NoTrans\", []]": [2, -227.295680732809, []]}, "{\"10.0.0.11_10.0.0.41\": [1, 3, 4], \"10.0.0.12_10.0.0.42\": [1, 3, 4], \"10.0.0.13_10.0.0.43\": [1, 2, 4]}": {"[\"10.0.0.13_10.0.0.43\", [1, 3, 4]]": [4, -221.51887685348595, []], "[\"10.0.0.12_10.0.0.42\", [1, 2, 4]]": [4, -225.0128001064791, []], "[\"10.0.0.11_10.0.0.41\", [1, 2, 4]]": [3, -215.25445895923534, []], "[\"NoTrans\", []]": [4, -239.95041458524892, []]}, "{\"10.0.0.11_10.0.0.41\": [1, 2, 4], \"10.0.0.12_10.0.0.42\": [1, 3, 4], \"10.0.0.13_10.0.0.43\": [1, 2, 4]}": {"[\"10.0.0.13_10.0.0.43\", [1, 3, 4]]": [4, -183.87508172398955, []], "[\"10.0.0.12_10.0.0.42\", [1, 2, 4]]": [3, -235.2944209601721, []], "[\"10.0.0.11_10.0.0.41\", [1, 3, 4]]": [3, -206.20469216909498, []], "[\"NoTrans\", []]": [3, -211.9800536265866, []]}, "{\"10.0.0.11_10.0.0.41\": [1, 3, 4], \"10.0.0.12_10.0.0.42\": [1, 2, 4], \"10.0.0.13_10.0.0.43\": [1, 2, 4]}": {"[\"10.0.0.13_10.0.0.43\", [1, 3, 4]]": [3, -217.02906198540734, []], "[\"10.0.0.12_10.0.0.42\", [1, 3, 4]]": [4, -239.3634284748165, []], "[\"10.0.0.11_10.0.0.41\", [1, 2, 4]]": [2, -207.78603155526937, []], "[\"NoTrans\", []]": [3, -246.50658256983198, []]}, "{\"10.0.0.11_10.0.0.41\": [1, 2, 4], \"10.0.0.12_10.0.0.42\": [1, 2, 4], \"10.0.0.13_10.0.0.43\": [1, 2, 4]}": {"[\"10.0.0.13_10.0.0.43\", [1, 3, 4]]": [2, -188.13894400242947, []], "[\"10.0.0.12_10.0.0.42\", [1, 3, 4]]": [3, -228.1687331183366, []], "[\"10.0.0.11_10.0.0.41\", [1, 3, 4]]": [2, -201.44034020234707, []], "[\"NoTrans\", []]": [2, -236.56726336739865, []]}}