{"{\"10.0.0.11_10.0.0.41\": [1, 3, 4], \"10.0.0.12_10.0.0.42\": [1, 3, 4], \"10.0.0.13_10.0.0.43\": [1, 3, 4]}": {"[\"10.0.0.12_10.0.0.42\", [1, 2, 4]]": [11, -335.0175261834369, []], "[\"10.0.0.13_10.0.0.43\", [1, 2, 4]]": [8, -373.2413957741928, []], "[\"10.0.0.11_10.0.0.41\", [1, 2, 4]]": [44, -280.98557828869906, []], "[\"NoTrans\", []]": [10, -331.6601370080722, []]}, "{\"10.0.0.11_10.0.0.41\": [1, 2, 4], \"10.0.0.12_10.0.0.42\": [1, 3, 4], \"10.0.0.13_10.0.0.43\": [1, 3, 4]}": {"[\"10.0.0.12_10.0.0.42\", [1, 2, 4]]": [35, -396.8357680253778, []], "[\"10.0.0.13_10.0.0.43\", [1, 2, 4]]": [35, -392.92140264066757, []], "[\"10.0.0.11_10.0.0.41\", [1, 3, 4]]": [30, -340.12745030452425, []], "[\"NoTrans\", []]": [211, -328.0125411421409, []]}, "{\"10.0.0.11_10.0.0.41\": [1, 3, 4], \"10.0.0.12_10.0.0.42\": [1, 3, 4], \"10.0.0.13_10.0.0.43\": [1, 2, 4]}": {"[\"10.0.0.12_10.0.0.42\", [1, 2, 4]]": [9, -418.44169985876005, []], "[\"10.0.0.13_10.0.0.43\", [1, 3, 4]]": [21, -336.6318186718491, []], "[\"10.0.0.11_10.0.0.41\", [1, 2, 4]]": [4, -376.9130731800814, []], "[\"NoTrans\", []]": [8, -402.9133576704973, []]}, "{\"10.0.0.11_10.0.0.41\": [1, 2, 4], \"10.0.0.12_10.0.0.42\": [1, 3, 4], \"10.0.0.13_10.0.0.43\": [1, 2, 4]}": {"[\"10.0.0.12_10.0.0.42\", [1, 2, 4]]": [16, -423.50097709639044, []], "[\"10.0.0.13_10.0.0.43\", [1, 3, 4]]": [15, -335.63191739275385, []], "[\"10.0.0.11_10.0.0.41\", [1, 3, 4]]": [15, -372.1104984277616, []], "[\"NoTrans\", []]": [22, -370.5682291789742, []]}, "{\"10.0.0.11_10.0.0.41\": [1, 3, 4], \"10.0.0.12_10.0.0.42\": [1, 2, 4], \"10.0.0.13_10.0.0.43\": [1, 3, 4]}": {"[\"10.0.0.12_10.0.0.42\", [1, 3, 4]]": [12, -386.38231440883914, []], "[\"10.0.0.13_10.0.0.43\", [1, 2, 4]]": [0, -Infinity, []], "[\"10.0.0.11_10.0.0.41\", [1, 2, 4]]": [5, -402.91600129425785, []], "[\"NoTrans\", []]": [0, -Infinity, []]}, "{\"10.0.0.11_10.0.0.41\": [1, 2, 4], \"10.0.0.12_10.0.0.42\": [1, 2, 4], \"10.0.0.13_10.0.0.43\": [1, 3, 4]}": {"[\"10.0.0.12_10.0.0.42\", [1, 3, 4]]": [42, -369.7153933881415, []], "[\"10.0.0.13_10.0.0.43\", [1, 2, 4]]": [6, -387.05254580927146, []], "[\"10.0.0.11_10.0.0.41\", [1, 3, 4]]": [6, -355.3810623038663, []], "[\"NoTrans\", []]": [6, -363.29716018097866, []]}, "{\"10.0.0.11_10.0.0.41\": [1, 3, 4], \"10.0.0.12_10.0.0.42\": [1, 2, 4], \"10.0.0.13_10.0.0.43\": [1, 2, 4]}": {"[\"10.0.0.12_10.0.0.42\", [1, 3, 4]]": [11, -359.6688571188653, []], "[\"10.0.0.13_10.0.0.43\", [1, 3, 4]]": [0, -Infinity, []], "[\"10.0.0.11_10.0.0.41\", [1, 2, 4]]": [0, -Infinity, []], "[\"NoTrans\", []]": [0, -Infinity, []]}, "{\"10.0.0.11_10.0.0.41\": [1, 2, 4], \"10.0.0.12_10.0.0.42\": [1, 2, 4], \"10.0.0.13_10.0.0.43\": [1, 2, 4]}": {"[\"10.0.0.12_10.0.0.42\", [1, 3, 4]]": [7, -411.74862955685177, []], "[\"10.0.0.13_10.0.0.43\", [1, 3, 4]]": [14, -365.85097982696817, []], "[\"10.0.0.11_10.0.0.41\", [1, 3, 4]]": [2, -377.66227713718837, []], "[\"NoTrans\", []]": [8, -399.65755214685055, []]}}