{"{\"10.0.0.11_10.0.0.41\": [1, 3, 4], \"10.0.0.12_10.0.0.42\": [1, 3, 4], \"10.0.0.13_10.0.0.43\": [1, 3, 4]}": {"[\"10.0.0.13_10.0.0.43\", [1, 2, 4]]": [2, -142.76675123114347, []], "[\"10.0.0.12_10.0.0.42\", [1, 2, 4]]": [1, -190.22508412581993, []], "[\"10.0.0.11_10.0.0.41\", [1, 2, 4]]": [1, -142.24440503293317, []], "[\"NoTrans\", []]": [1, -201.99196767313484, []]}, "{\"10.0.0.11_10.0.0.41\": [1, 2, 4], \"10.0.0.12_10.0.0.42\": [1, 3, 4], \"10.0.0.13_10.0.0.43\": [1, 3, 4]}": {"[\"10.0.0.13_10.0.0.43\", [1, 2, 4]]": [1, -208.08287205251804, []], "[\"10.0.0.12_10.0.0.42\", [1, 2, 4]]": [37, -208.968846188541, []], "[\"10.0.0.11_10.0.0.41\", [1, 3, 4]]": [1, -202.9729248046875, []], "[\"NoTrans\", []]": [403, -142.06533914374418, []]}, "{\"10.0.0.11_10.0.0.41\": [1, 3, 4], \"10.0.0.12_10.0.0.42\": [1, 2, 4], \"10.0.0.13_10.0.0.43\": [1, 3, 4]}": {"[\"10.0.0.13_10.0.0.43\", [1, 2, 4]]": [1, -240.19568594137803, []], "[\"10.0.0.12_10.0.0.42\", [1, 3, 4]]": [1, -205.67229222757823, []], "[\"10.0.0.11_10.0.0.41\", [1, 2, 4]]": [2, -140.4201127998342, []], "[\"NoTrans\", []]": [0, -140, []]}, "{\"10.0.0.11_10.0.0.41\": [1, 2, 4], \"10.0.0.12_10.0.0.42\": [1, 2, 4], \"10.0.0.13_10.0.0.43\": [1, 3, 4]}": {"[\"10.0.0.13_10.0.0.43\", [1, 2, 4]]": [1, -220.8777786254883, []], "[\"10.0.0.12_10.0.0.42\", [1, 3, 4]]": [38, -185.36976809529773, []], "[\"10.0.0.11_10.0.0.41\", [1, 3, 4]]": [1, -184.18503194888802, []], "[\"NoTrans\", []]": [1, -170.78185115089045, []]}, "{\"10.0.0.11_10.0.0.41\": [1, 3, 4], \"10.0.0.12_10.0.0.42\": [1, 3, 4], \"10.0.0.13_10.0.0.43\": [1, 2, 4]}": {"[\"10.0.0.13_10.0.0.43\", [1, 3, 4]]": [2, -213.68606138130664, []], "[\"10.0.0.12_10.0.0.42\", [1, 2, 4]]": [11, -224.43511718211602, []], "[\"10.0.0.11_10.0.0.41\", [1, 2, 4]]": [1, -204.58918176026037, []], "[\"NoTrans\", []]": [7, -229.59175475574114, []]}, "{\"10.0.0.11_10.0.0.41\": [1, 2, 4], \"10.0.0.12_10.0.0.42\": [1, 3, 4], \"10.0.0.13_10.0.0.43\": [1, 2, 4]}": {"[\"10.0.0.13_10.0.0.43\", [1, 3, 4]]": [1, -177.22432049498698, []], "[\"10.0.0.12_10.0.0.42\", [1, 2, 4]]": [1, -224.1884590148926, []], "[\"10.0.0.11_10.0.0.41\", [1, 3, 4]]": [1, -140.25985640810026, []], "[\"NoTrans\", []]": [1, -206.51577912541848, []]}, "{\"10.0.0.11_10.0.0.41\": [1, 3, 4], \"10.0.0.12_10.0.0.42\": [1, 2, 4], \"10.0.0.13_10.0.0.43\": [1, 2, 4]}": {"[\"10.0.0.13_10.0.0.43\", [1, 3, 4]]": [2, -194.528172490855, []], "[\"10.0.0.12_10.0.0.42\", [1, 3, 4]]": [11, -202.2564723533108, []], "[\"10.0.0.11_10.0.0.41\", [1, 2, 4]]": [1, -223.99779755643715, []], "[\"NoTrans\", []]": [250, -235.0378392355107, []]}, "{\"10.0.0.11_10.0.0.41\": [1, 2, 4], \"10.0.0.12_10.0.0.42\": [1, 2, 4], \"10.0.0.13_10.0.0.43\": [1, 2, 4]}": {"[\"10.0.0.13_10.0.0.43\", [1, 3, 4]]": [1, -196.44009255563893, []], "[\"10.0.0.12_10.0.0.42\", [1, 3, 4]]": [1, -205.62398629393923, []], "[\"10.0.0.11_10.0.0.41\", [1, 3, 4]]": [2, -137.43641327560326, []], "[\"NoTrans\", []]": [1, -225.77887970975746, []]}}