{"{\"10.0.0.11_10.0.0.41\": [1, 3, 4], \"10.0.0.12_10.0.0.42\": [1, 3, 4], \"10.0.0.13_10.0.0.43\": [1, 3, 4]}": {"[\"10.0.0.12_10.0.0.42\", [1, 2, 4]]": [15, -283.37815163829634, []], "[\"10.0.0.11_10.0.0.41\", [1, 2, 4]]": [15, -183.7840402984412, []], "[\"10.0.0.13_10.0.0.43\", [1, 2, 4]]": [11, -278.1627442085709, []], "[\"NoTrans\", []]": [20, -251.56948907280915, []]}, "{\"10.0.0.11_10.0.0.41\": [1, 3, 4], \"10.0.0.12_10.0.0.42\": [1, 3, 4], \"10.0.0.13_10.0.0.43\": [1, 2, 4]}": {"[\"10.0.0.12_10.0.0.42\", [1, 2, 4]]": [18, -318.35780838442275, []], "[\"10.0.0.11_10.0.0.41\", [1, 2, 4]]": [13, -285.0912302283535, []], "[\"10.0.0.13_10.0.0.43\", [1, 3, 4]]": [18, -254.53310299430962, []], "[\"NoTrans\", []]": [19, -290.2965357479791, []]}, "{\"10.0.0.11_10.0.0.41\": [1, 2, 4], \"10.0.0.12_10.0.0.42\": [1, 3, 4], \"10.0.0.13_10.0.0.43\": [1, 3, 4]}": {"[\"10.0.0.12_10.0.0.42\", [1, 2, 4]]": [19, -278.73238118558476, []], "[\"10.0.0.11_10.0.0.41\", [1, 3, 4]]": [16, -249.68720342712155, []], "[\"10.0.0.13_10.0.0.43\", [1, 2, 4]]": [12, -279.4158026794497, []], "[\"NoTrans\", []]": [14, -184.3362936712919, []]}, "{\"10.0.0.11_10.0.0.41\": [1, 2, 4], \"10.0.0.12_10.0.0.42\": [1, 3, 4], \"10.0.0.13_10.0.0.43\": [1, 2, 4]}": {"[\"10.0.0.12_10.0.0.42\", [1, 2, 4]]": [18, -345.1032903397594, []], "[\"10.0.0.11_10.0.0.41\", [1, 3, 4]]": [16, -287.5675447205977, []], "[\"10.0.0.13_10.0.0.43\", [1, 3, 4]]": [13, -217.89659047486995, []], "[\"NoTrans\", []]": [19, -285.7909572542402, []]}, "{\"10.0.0.11_10.0.0.41\": [1, 3, 4], \"10.0.0.12_10.0.0.42\": [1, 2, 4], \"10.0.0.13_10.0.0.43\": [1, 3, 4]}": {"[\"10.0.0.12_10.0.0.42\", [1, 3, 4]]": [7, -247.45205799078008, []], "[\"10.0.0.11_10.0.0.41\", [1, 2, 4]]": [18, -281.9654328965615, []], "[\"10.0.0.13_10.0.0.43\", [1, 2, 4]]": [21, -322.548892916728, []], "[\"NoTrans\", []]": [12, -281.42397457495866, []]}, "{\"10.0.0.11_10.0.0.41\": [1, 3, 4], \"10.0.0.12_10.0.0.42\": [1, 2, 4], \"10.0.0.13_10.0.0.43\": [1, 2, 4]}": {"[\"10.0.0.12_10.0.0.42\", [1, 3, 4]]": [22, -286.89369588343993, []], "[\"10.0.0.11_10.0.0.41\", [1, 2, 4]]": [20, -349.82358483193997, []], "[\"10.0.0.13_10.0.0.43\", [1, 3, 4]]": [15, -281.9167050074159, []], "[\"NoTrans\", []]": [14, -318.07480245888564, []]}, "{\"10.0.0.11_10.0.0.41\": [1, 2, 4], \"10.0.0.12_10.0.0.42\": [1, 2, 4], \"10.0.0.13_10.0.0.43\": [1, 3, 4]}": {"[\"10.0.0.12_10.0.0.42\", [1, 3, 4]]": [19, -214.86121835914176, []], "[\"10.0.0.11_10.0.0.41\", [1, 3, 4]]": [17, -266.3856172090135, []], "[\"10.0.0.13_10.0.0.43\", [1, 2, 4]]": [18, -352.2318728874222, []], "[\"NoTrans\", []]": [24, -284.1438399426342, []]}, "{\"10.0.0.11_10.0.0.41\": [1, 2, 4], \"10.0.0.12_10.0.0.42\": [1, 2, 4], \"10.0.0.13_10.0.0.43\": [1, 2, 4]}": {"[\"10.0.0.12_10.0.0.42\", [1, 3, 4]]": [22, -283.83911403216814, []], "[\"10.0.0.11_10.0.0.41\", [1, 3, 4]]": [18, -320.1341357018599, []], "[\"10.0.0.13_10.0.0.43\", [1, 3, 4]]": [16, -273.3310012593796, []], "[\"NoTrans\", []]": [15, -353.1620202981957, []]}}