{"{\"10.0.0.11_10.0.0.41\": [1, 3, 4], \"10.0.0.12_10.0.0.42\": [1, 3, 4], \"10.0.0.13_10.0.0.43\": [1, 3, 4]}": {"[\"10.0.0.12_10.0.0.42\", [1, 2, 4]]": [0, -140, []], "[\"10.0.0.13_10.0.0.43\", [1, 2, 4]]": [1, -214.6390049977286, []], "[\"10.0.0.11_10.0.0.41\", [1, 2, 4]]": [2, -136.17504927596178, []], "[\"NoTrans\", []]": [1, -200.0507765401195, []]}, "{\"10.0.0.11_10.0.0.41\": [1, 2, 4], \"10.0.0.12_10.0.0.42\": [1, 3, 4], \"10.0.0.13_10.0.0.43\": [1, 3, 4]}": {"[\"10.0.0.12_10.0.0.42\", [1, 2, 4]]": [1, -204.06793145854888, []], "[\"10.0.0.13_10.0.0.43\", [1, 2, 4]]": [1, -203.48343111607193, []], "[\"10.0.0.11_10.0.0.41\", [1, 3, 4]]": [1, -199.28582916259765, []], "[\"NoTrans\", []]": [656, -126.6285036502122, []]}, "{\"10.0.0.11_10.0.0.41\": [1, 3, 4], \"10.0.0.12_10.0.0.42\": [1, 3, 4], \"10.0.0.13_10.0.0.43\": [1, 2, 4]}": {"[\"10.0.0.12_10.0.0.42\", [1, 2, 4]]": [2, -216.9387220370797, []], "[\"10.0.0.13_10.0.0.43\", [1, 3, 4]]": [1, -198.23021227009997, []], "[\"10.0.0.11_10.0.0.41\", [1, 2, 4]]": [1, -199.40216200405567, []], "[\"NoTrans\", []]": [2, -225.01643843038227, []]}, "{\"10.0.0.11_10.0.0.41\": [1, 2, 4], \"10.0.0.12_10.0.0.42\": [1, 3, 4], \"10.0.0.13_10.0.0.43\": [1, 2, 4]}": {"[\"10.0.0.12_10.0.0.42\", [1, 2, 4]]": [1, -205.8137087868346, []], "[\"10.0.0.13_10.0.0.43\", [1, 3, 4]]": [1, -161.4755225899731, []], "[\"10.0.0.11_10.0.0.41\", [1, 3, 4]]": [1, -184.97004077879356, []], "[\"NoTrans\", []]": [1, -201.38655977357786, []]}, "{\"10.0.0.11_10.0.0.41\": [1, 3, 4], \"10.0.0.12_10.0.0.42\": [1, 2, 4], \"10.0.0.13_10.0.0.43\": [1, 3, 4]}": {"[\"10.0.0.12_10.0.0.42\", [1, 3, 4]]": [1, -196.32639223225817, []], "[\"10.0.0.13_10.0.0.43\", [1, 2, 4]]": [1, -204.09123132154662, []], "[\"10.0.0.11_10.0.0.41\", [1, 2, 4]]": [1, -199.026001547044, []], "[\"NoTrans\", []]": [0, -140, []]}, "{\"10.0.0.11_10.0.0.41\": [1, 2, 4], \"10.0.0.12_10.0.0.42\": [1, 2, 4], \"10.0.0.13_10.0.0.43\": [1, 3, 4]}": {"[\"10.0.0.12_10.0.0.42\", [1, 3, 4]]": [1, -165.7754217109451, []], "[\"10.0.0.13_10.0.0.43\", [1, 2, 4]]": [1, -219.7068572998047, []], "[\"10.0.0.11_10.0.0.41\", [1, 3, 4]]": [1, -182.61824762194308, []], "[\"NoTrans\", []]": [1, -202.99099822416622, []]}, "{\"10.0.0.11_10.0.0.41\": [1, 3, 4], \"10.0.0.12_10.0.0.42\": [1, 2, 4], \"10.0.0.13_10.0.0.43\": [1, 2, 4]}": {"[\"10.0.0.12_10.0.0.42\", [1, 3, 4]]": [1, -186.58867344853434, []], "[\"10.0.0.13_10.0.0.43\", [1, 3, 4]]": [2, -194.84594585537425, []], "[\"10.0.0.11_10.0.0.41\", [1, 2, 4]]": [1, -220.37080535888674, []], "[\"NoTrans\", []]": [1, -203.8265888858473, []]}, "{\"10.0.0.11_10.0.0.41\": [1, 2, 4], \"10.0.0.12_10.0.0.42\": [1, 2, 4], \"10.0.0.13_10.0.0.43\": [1, 2, 4]}": {"[\"10.0.0.12_10.0.0.42\", [1, 3, 4]]": [1, -174.6300829656819, []], "[\"10.0.0.13_10.0.0.43\", [1, 3, 4]]": [1, -203.92183366295166, []], "[\"10.0.0.11_10.0.0.41\", [1, 3, 4]]": [1, -197.03648673276038, []], "[\"NoTrans\", []]": [0, -140, []]}}