{"{\"10.0.0.11_10.0.0.41\": [1, 3, 4], \"10.0.0.12_10.0.0.42\": [1, 3, 4], \"10.0.0.13_10.0.0.43\": [1, 3, 4]}": {"[\"10.0.0.13_10.0.0.43\", [1, 2, 4]]": [10, -160.130424575108, []], "[\"10.0.0.12_10.0.0.42\", [1, 2, 4]]": [10, -158.31028851492806, []], "[\"10.0.0.11_10.0.0.41\", [1, 2, 4]]": [11, -131.67789985295263, []], "[\"NoTrans\", []]": [9, -178.09567911688106, []]}, "{\"10.0.0.11_10.0.0.41\": [1, 2, 4], \"10.0.0.12_10.0.0.42\": [1, 3, 4], \"10.0.0.13_10.0.0.43\": [1, 3, 4]}": {"[\"10.0.0.13_10.0.0.43\", [1, 2, 4]]": [12, -177.71274531858273, []], "[\"10.0.0.12_10.0.0.42\", [1, 2, 4]]": [12, -176.894843967927, []], "[\"10.0.0.11_10.0.0.41\", [1, 3, 4]]": [10, -180.7402812382312, []], "[\"NoTrans\", []]": [369, -138.13203556579074, []]}, "{\"10.0.0.11_10.0.0.41\": [1, 3, 4], \"10.0.0.12_10.0.0.42\": [1, 2, 4], \"10.0.0.13_10.0.0.43\": [1, 3, 4]}": {"[\"10.0.0.13_10.0.0.43\", [1, 2, 4]]": [14, -177.27093568010596, []], "[\"10.0.0.12_10.0.0.42\", [1, 3, 4]]": [11, -180.39690179794457, []], "[\"10.0.0.11_10.0.0.41\", [1, 2, 4]]": [12, -180.32609194605737, []], "[\"NoTrans\", []]": [12, -165.25307136314973, []]}, "{\"10.0.0.11_10.0.0.41\": [1, 2, 4], \"10.0.0.12_10.0.0.42\": [1, 2, 4], \"10.0.0.13_10.0.0.43\": [1, 3, 4]}": {"[\"10.0.0.13_10.0.0.43\", [1, 2, 4]]": [15, -193.36385501557774, []], "[\"10.0.0.12_10.0.0.42\", [1, 3, 4]]": [12, -146.1527379777814, []], "[\"10.0.0.11_10.0.0.41\", [1, 3, 4]]": [14, -161.79302653383425, []], "[\"NoTrans\", []]": [17, -179.75634645573928, []]}, "{\"10.0.0.11_10.0.0.41\": [1, 3, 4], \"10.0.0.12_10.0.0.42\": [1, 3, 4], \"10.0.0.13_10.0.0.43\": [1, 2, 4]}": {"[\"10.0.0.13_10.0.0.43\", [1, 3, 4]]": [10, -176.63790509073772, []], "[\"10.0.0.12_10.0.0.42\", [1, 2, 4]]": [13, -174.27723926468784, []], "[\"10.0.0.11_10.0.0.41\", [1, 2, 4]]": [13, -176.59003139416222, []], "[\"NoTrans\", []]": [11, -160.3823965148201, []]}, "{\"10.0.0.11_10.0.0.41\": [1, 2, 4], \"10.0.0.12_10.0.0.42\": [1, 3, 4], \"10.0.0.13_10.0.0.43\": [1, 2, 4]}": {"[\"10.0.0.13_10.0.0.43\", [1, 3, 4]]": [12, -152.46400741305646, []], "[\"10.0.0.12_10.0.0.42\", [1, 2, 4]]": [16, -192.1606401969225, []], "[\"10.0.0.11_10.0.0.41\", [1, 3, 4]]": [13, -161.47683521339846, []], "[\"NoTrans\", []]": [15, -175.4199539695345, []]}, "{\"10.0.0.11_10.0.0.41\": [1, 3, 4], \"10.0.0.12_10.0.0.42\": [1, 2, 4], \"10.0.0.13_10.0.0.43\": [1, 2, 4]}": {"[\"10.0.0.13_10.0.0.43\", [1, 3, 4]]": [13, -161.67603440543957, []], "[\"10.0.0.12_10.0.0.42\", [1, 3, 4]]": [13, -159.7610353394007, []], "[\"10.0.0.11_10.0.0.41\", [1, 2, 4]]": [18, -195.22360505662078, []], "[\"NoTrans\", []]": [14, -178.39933239386906, []]}, "{\"10.0.0.11_10.0.0.41\": [1, 2, 4], \"10.0.0.12_10.0.0.42\": [1, 2, 4], \"10.0.0.13_10.0.0.43\": [1, 2, 4]}": {"[\"10.0.0.13_10.0.0.43\", [1, 3, 4]]": [17, -177.31595523028554, []], "[\"10.0.0.12_10.0.0.42\", [1, 3, 4]]": [16, -175.29785672808674, []], "[\"10.0.0.11_10.0.0.41\", [1, 3, 4]]": [17, -177.23408360276574, []], "[\"NoTrans\", []]": [19, -108.56183081045354, []]}}