{"{\"10.0.0.11_10.0.0.41\": [1, 3, 4], \"10.0.0.12_10.0.0.42\": [1, 3, 4], \"10.0.0.13_10.0.0.43\": [1, 3, 4]}": {"[\"10.0.0.11_10.0.0.41\", [1, 2, 4]]": [39, -146.80210937344415, []], "[\"10.0.0.13_10.0.0.43\", [1, 2, 4]]": [5, -246.5118472104585, []], "[\"10.0.0.12_10.0.0.42\", [1, 2, 4]]": [1, -339.0103273086663, []], "[\"NoTrans\", []]": [5, -214.7625530085102, []]}, "{\"10.0.0.11_10.0.0.41\": [1, 3, 4], \"10.0.0.12_10.0.0.42\": [1, 2, 4], \"10.0.0.13_10.0.0.43\": [1, 3, 4]}": {"[\"10.0.0.11_10.0.0.41\", [1, 2, 4]]": [15, -248.83699706190535, []], "[\"10.0.0.13_10.0.0.43\", [1, 2, 4]]": [0, -Infinity, []], "[\"10.0.0.12_10.0.0.42\", [1, 3, 4]]": [5, -211.58607503093722, []], "[\"NoTrans\", []]": [2, -236.79886356888474, []]}, "{\"10.0.0.11_10.0.0.41\": [1, 3, 4], \"10.0.0.12_10.0.0.42\": [1, 3, 4], \"10.0.0.13_10.0.0.43\": [1, 2, 4]}": {"[\"10.0.0.11_10.0.0.41\", [1, 2, 4]]": [9, -288.9786490507146, []], "[\"10.0.0.13_10.0.0.43\", [1, 3, 4]]": [3, -196.84141638062547, []], "[\"10.0.0.12_10.0.0.42\", [1, 2, 4]]": [8, -305.40682123857914, []], "[\"NoTrans\", []]": [15, -406.9439061431953, []]}, "{\"10.0.0.11_10.0.0.41\": [1, 3, 4], \"10.0.0.12_10.0.0.42\": [1, 2, 4], \"10.0.0.13_10.0.0.43\": [1, 2, 4]}": {"[\"10.0.0.11_10.0.0.41\", [1, 2, 4]]": [9, -407.83952014294005, []], "[\"10.0.0.13_10.0.0.43\", [1, 3, 4]]": [9, -248.22001582508094, []], "[\"10.0.0.12_10.0.0.42\", [1, 3, 4]]": [0, -Infinity, []], "[\"NoTrans\", []]": [4, -406.7736672660869, []]}, "{\"10.0.0.11_10.0.0.41\": [1, 2, 4], \"10.0.0.12_10.0.0.42\": [1, 3, 4], \"10.0.0.13_10.0.0.43\": [1, 3, 4]}": {"[\"10.0.0.11_10.0.0.41\", [1, 3, 4]]": [37, -195.9347194950068, []], "[\"10.0.0.13_10.0.0.43\", [1, 2, 4]]": [24, -243.16279982892004, []], "[\"10.0.0.12_10.0.0.42\", [1, 2, 4]]": [32, -232.66785055784115, []], "[\"NoTrans\", []]": [453, -149.7301525439277, []]}, "{\"10.0.0.11_10.0.0.41\": [1, 2, 4], \"10.0.0.12_10.0.0.42\": [1, 2, 4], \"10.0.0.13_10.0.0.43\": [1, 3, 4]}": {"[\"10.0.0.11_10.0.0.41\", [1, 3, 4]]": [10, -278.4350774846355, []], "[\"10.0.0.13_10.0.0.43\", [1, 2, 4]]": [13, -341.66689615256934, []], "[\"10.0.0.12_10.0.0.42\", [1, 3, 4]]": [32, -181.590450968627, []], "[\"NoTrans\", []]": [2, -243.95476910539608, []]}, "{\"10.0.0.11_10.0.0.41\": [1, 2, 4], \"10.0.0.12_10.0.0.42\": [1, 3, 4], \"10.0.0.13_10.0.0.43\": [1, 2, 4]}": {"[\"10.0.0.11_10.0.0.41\", [1, 3, 4]]": [15, -250.5714394766863, []], "[\"10.0.0.13_10.0.0.43\", [1, 3, 4]]": [23, -182.24809178732033, []], "[\"10.0.0.12_10.0.0.42\", [1, 2, 4]]": [4, -338.272960819636, []], "[\"NoTrans\", []]": [3, -254.32437069805707, []]}, "{\"10.0.0.11_10.0.0.41\": [1, 2, 4], \"10.0.0.12_10.0.0.42\": [1, 2, 4], \"10.0.0.13_10.0.0.43\": [1, 2, 4]}": {"[\"10.0.0.11_10.0.0.41\", [1, 3, 4]]": [10, -287.43377264116634, []], "[\"10.0.0.13_10.0.0.43\", [1, 3, 4]]": [7, -412.0634692495341, []], "[\"10.0.0.12_10.0.0.42\", [1, 3, 4]]": [9, -262.0756835240252, []], "[\"NoTrans\", []]": [0, -Infinity, []]}}