{"{\"10.0.0.11_10.0.0.41\": [1, 3, 4], \"10.0.0.12_10.0.0.42\": [1, 3, 4], \"10.0.0.13_10.0.0.43\": [1, 3, 4]}": {"[\"10.0.0.13_10.0.0.43\", [1, 2, 4]]": [9, -187.74422488124895, []], "[\"10.0.0.12_10.0.0.42\", [1, 2, 4]]": [8, -154.21633340798962, []], "[\"10.0.0.11_10.0.0.41\", [1, 2, 4]]": [10, -108.55140798555979, []], "[\"NoTrans\", []]": [7, -165.82291555907238, []]}, "{\"10.0.0.11_10.0.0.41\": [1, 2, 4], \"10.0.0.12_10.0.0.42\": [1, 3, 4], \"10.0.0.13_10.0.0.43\": [1, 3, 4]}": {"[\"10.0.0.13_10.0.0.43\", [1, 2, 4]]": [11, -170.01329384295877, []], "[\"10.0.0.12_10.0.0.42\", [1, 2, 4]]": [12, -174.35161637574112, []], "[\"10.0.0.11_10.0.0.41\", [1, 3, 4]]": [8, -167.1812206665237, []], "[\"NoTrans\", []]": [361, -141.03483519739956, []]}, "{\"10.0.0.11_10.0.0.41\": [1, 3, 4], \"10.0.0.12_10.0.0.42\": [1, 2, 4], \"10.0.0.13_10.0.0.43\": [1, 3, 4]}": {"[\"10.0.0.13_10.0.0.43\", [1, 2, 4]]": [12, -206.19383491307994, []], "[\"10.0.0.12_10.0.0.42\", [1, 3, 4]]": [9, -166.17313770898684, []], "[\"10.0.0.11_10.0.0.41\", [1, 2, 4]]": [12, -174.48054679607253, []], "[\"NoTrans\", []]": [10, -153.73820550215078, []]}, "{\"10.0.0.11_10.0.0.41\": [1, 2, 4], \"10.0.0.12_10.0.0.42\": [1, 2, 4], \"10.0.0.13_10.0.0.43\": [1, 3, 4]}": {"[\"10.0.0.13_10.0.0.43\", [1, 2, 4]]": [20, -192.01150349943345, []], "[\"10.0.0.12_10.0.0.42\", [1, 3, 4]]": [11, -139.01734277465957, []], "[\"10.0.0.11_10.0.0.41\", [1, 3, 4]]": [13, -157.6061197126725, []], "[\"NoTrans\", []]": [12, -172.2767259485952, []]}, "{\"10.0.0.11_10.0.0.41\": [1, 3, 4], \"10.0.0.12_10.0.0.42\": [1, 3, 4], \"10.0.0.13_10.0.0.43\": [1, 2, 4]}": {"[\"10.0.0.13_10.0.0.43\", [1, 3, 4]]": [10, -191.06790990314227, []], "[\"10.0.0.12_10.0.0.42\", [1, 2, 4]]": [11, -171.89040972837, []], "[\"10.0.0.11_10.0.0.41\", [1, 2, 4]]": [11, -173.80116836936193, []], "[\"NoTrans\", []]": [11, -197.80324810629318, []]}, "{\"10.0.0.11_10.0.0.41\": [1, 2, 4], \"10.0.0.12_10.0.0.42\": [1, 3, 4], \"10.0.0.13_10.0.0.43\": [1, 2, 4]}": {"[\"10.0.0.13_10.0.0.43\", [1, 3, 4]]": [11, -142.49129571158036, []], "[\"10.0.0.12_10.0.0.42\", [1, 2, 4]]": [17, -228.74927807980987, []], "[\"10.0.0.11_10.0.0.41\", [1, 3, 4]]": [11, -156.00337419315113, []], "[\"NoTrans\", []]": [13, -101.61969856375258, []]}, "{\"10.0.0.11_10.0.0.41\": [1, 3, 4], \"10.0.0.12_10.0.0.42\": [1, 2, 4], \"10.0.0.13_10.0.0.43\": [1, 2, 4]}": {"[\"10.0.0.13_10.0.0.43\", [1, 3, 4]]": [12, -156.5433274097769, []], "[\"10.0.0.12_10.0.0.42\", [1, 3, 4]]": [12, -167.01108564236299, []], "[\"10.0.0.11_10.0.0.41\", [1, 2, 4]]": [18, -188.39920278794466, []], "[\"NoTrans\", []]": [13, -174.4401703326939, []]}, "{\"10.0.0.11_10.0.0.41\": [1, 2, 4], \"10.0.0.12_10.0.0.42\": [1, 2, 4], \"10.0.0.13_10.0.0.43\": [1, 2, 4]}": {"[\"10.0.0.13_10.0.0.43\", [1, 3, 4]]": [20, -167.8576757898387, []], "[\"10.0.0.12_10.0.0.42\", [1, 3, 4]]": [17, -168.270810472868, []], "[\"10.0.0.11_10.0.0.41\", [1, 3, 4]]": [19, -184.59173697997898, []], "[\"NoTrans\", []]": [45, -186.72085655345026, []]}}