{"{\"10.0.0.11_10.0.0.41\": [1, 3, 4], \"10.0.0.12_10.0.0.42\": [1, 3, 4], \"10.0.0.13_10.0.0.43\": [1, 3, 4]}": {"[\"10.0.0.12_10.0.0.42\", [1, 2, 4]]": [17, -307.15336319938615, []], "[\"10.0.0.13_10.0.0.43\", [1, 2, 4]]": [17, -303.8006904804654, []], "[\"10.0.0.11_10.0.0.41\", [1, 2, 4]]": [16, -220.16882545823776, []], "[\"NoTrans\", []]": [17, -274.60953045457575, []]}, "{\"10.0.0.11_10.0.0.41\": [1, 2, 4], \"10.0.0.12_10.0.0.42\": [1, 3, 4], \"10.0.0.13_10.0.0.43\": [1, 3, 4]}": {"[\"10.0.0.12_10.0.0.42\", [1, 2, 4]]": [18, -319.0387621147327, []], "[\"10.0.0.13_10.0.0.43\", [1, 2, 4]]": [16, -318.53767586800444, []], "[\"10.0.0.11_10.0.0.41\", [1, 3, 4]]": [17, -279.72372084180074, []], "[\"NoTrans\", []]": [10, -224.02497339823614, []]}, "{\"10.0.0.11_10.0.0.41\": [1, 3, 4], \"10.0.0.12_10.0.0.42\": [1, 3, 4], \"10.0.0.13_10.0.0.43\": [1, 2, 4]}": {"[\"10.0.0.12_10.0.0.42\", [1, 2, 4]]": [13, -345.7385660890421, []], "[\"10.0.0.13_10.0.0.43\", [1, 3, 4]]": [17, -277.5855271941616, []], "[\"10.0.0.11_10.0.0.41\", [1, 2, 4]]": [16, -320.40926918545404, []], "[\"NoTrans\", []]": [21, -301.35492724940417, []]}, "{\"10.0.0.11_10.0.0.41\": [1, 2, 4], \"10.0.0.12_10.0.0.42\": [1, 3, 4], \"10.0.0.13_10.0.0.43\": [1, 2, 4]}": {"[\"10.0.0.12_10.0.0.42\", [1, 2, 4]]": [12, -380.79727898008235, []], "[\"10.0.0.13_10.0.0.43\", [1, 3, 4]]": [19, -265.7263402978227, []], "[\"10.0.0.11_10.0.0.41\", [1, 3, 4]]": [16, -305.34951525963226, []], "[\"NoTrans\", []]": [13, -316.82794883976106, []]}, "{\"10.0.0.11_10.0.0.41\": [1, 3, 4], \"10.0.0.12_10.0.0.42\": [1, 2, 4], \"10.0.0.13_10.0.0.43\": [1, 3, 4]}": {"[\"10.0.0.12_10.0.0.42\", [1, 3, 4]]": [16, -282.03423870915134, []], "[\"10.0.0.13_10.0.0.43\", [1, 2, 4]]": [16, -351.5764383127109, []], "[\"10.0.0.11_10.0.0.41\", [1, 2, 4]]": [19, -319.4999924250057, []], "[\"NoTrans\", []]": [26, -308.6751602674883, []]}, "{\"10.0.0.11_10.0.0.41\": [1, 2, 4], \"10.0.0.12_10.0.0.42\": [1, 2, 4], \"10.0.0.13_10.0.0.43\": [1, 3, 4]}": {"[\"10.0.0.12_10.0.0.42\", [1, 3, 4]]": [16, -252.00666152732066, []], "[\"10.0.0.13_10.0.0.43\", [1, 2, 4]]": [16, -377.72703145543625, []], "[\"10.0.0.11_10.0.0.41\", [1, 3, 4]]": [24, -309.8510647179095, []], "[\"NoTrans\", []]": [14, -319.05493038482234, []]}, "{\"10.0.0.11_10.0.0.41\": [1, 3, 4], \"10.0.0.12_10.0.0.42\": [1, 2, 4], \"10.0.0.13_10.0.0.43\": [1, 2, 4]}": {"[\"10.0.0.12_10.0.0.42\", [1, 3, 4]]": [13, -303.7267599684329, []], "[\"10.0.0.13_10.0.0.43\", [1, 3, 4]]": [10, -305.2314534288774, []], "[\"10.0.0.11_10.0.0.41\", [1, 2, 4]]": [15, -382.70149284101575, []], "[\"NoTrans\", []]": [13, -348.02825104620615, []]}, "{\"10.0.0.11_10.0.0.41\": [1, 2, 4], \"10.0.0.12_10.0.0.42\": [1, 2, 4], \"10.0.0.13_10.0.0.43\": [1, 2, 4]}": {"[\"10.0.0.12_10.0.0.42\", [1, 3, 4]]": [15, -316.1509531829433, []], "[\"10.0.0.13_10.0.0.43\", [1, 3, 4]]": [19, -314.54450889559973, []], "[\"10.0.0.11_10.0.0.41\", [1, 3, 4]]": [9, -344.4715540957172, []], "[\"NoTrans\", []]": [19, -380.19321702646795, []]}}