{"{\"10.0.0.11_10.0.0.41\": [1, 3, 4], \"10.0.0.12_10.0.0.42\": [1, 3, 4], \"10.0.0.13_10.0.0.43\": [1, 3, 4]}": {"[\"10.0.0.11_10.0.0.41\", [1, 2, 4]]": [37, -137.33715150107955, []], "[\"10.0.0.13_10.0.0.43\", [1, 2, 4]]": [11, -280.3160877422085, []], "[\"10.0.0.12_10.0.0.42\", [1, 2, 4]]": [16, -271.7517323067811, []], "[\"NoTrans\", []]": [17, -240.82636551605216, []]}, "{\"10.0.0.11_10.0.0.41\": [1, 3, 4], \"10.0.0.12_10.0.0.42\": [1, 2, 4], \"10.0.0.13_10.0.0.43\": [1, 3, 4]}": {"[\"10.0.0.11_10.0.0.41\", [1, 2, 4]]": [21, -273.2138656960045, []], "[\"10.0.0.13_10.0.0.43\", [1, 2, 4]]": [10, -334.156401279918, []], "[\"10.0.0.12_10.0.0.42\", [1, 3, 4]]": [20, -221.3071201550445, []], "[\"NoTrans\", []]": [7, -279.0465595684555, []]}, "{\"10.0.0.11_10.0.0.41\": [1, 3, 4], \"10.0.0.12_10.0.0.42\": [1, 3, 4], \"10.0.0.13_10.0.0.43\": [1, 2, 4]}": {"[\"10.0.0.11_10.0.0.41\", [1, 2, 4]]": [8, -279.32038144386826, []], "[\"10.0.0.13_10.0.0.43\", [1, 3, 4]]": [14, -220.604768163458, []], "[\"10.0.0.12_10.0.0.42\", [1, 2, 4]]": [10, -329.4387321477396, []], "[\"NoTrans\", []]": [14, -278.9320116010133, []]}, "{\"10.0.0.11_10.0.0.41\": [1, 3, 4], \"10.0.0.12_10.0.0.42\": [1, 2, 4], \"10.0.0.13_10.0.0.43\": [1, 2, 4]}": {"[\"10.0.0.11_10.0.0.41\", [1, 2, 4]]": [13, -349.6821327654922, []], "[\"10.0.0.13_10.0.0.43\", [1, 3, 4]]": [10, -280.9886555253548, []], "[\"10.0.0.12_10.0.0.42\", [1, 3, 4]]": [11, -282.06299697510144, []], "[\"NoTrans\", []]": [8, -343.305234002053, []]}, "{\"10.0.0.11_10.0.0.41\": [1, 2, 4], \"10.0.0.12_10.0.0.42\": [1, 3, 4], \"10.0.0.13_10.0.0.43\": [1, 3, 4]}": {"[\"10.0.0.11_10.0.0.41\", [1, 3, 4]]": [30, -220.7135520933738, []], "[\"10.0.0.13_10.0.0.43\", [1, 2, 4]]": [17, -277.8680154606272, []], "[\"10.0.0.12_10.0.0.42\", [1, 2, 4]]": [29, -270.704310552352, []], "[\"NoTrans\", []]": [76, -136.69438757397936, []]}, "{\"10.0.0.11_10.0.0.41\": [1, 2, 4], \"10.0.0.12_10.0.0.42\": [1, 2, 4], \"10.0.0.13_10.0.0.43\": [1, 3, 4]}": {"[\"10.0.0.11_10.0.0.41\", [1, 3, 4]]": [25, -275.81330774568784, []], "[\"10.0.0.13_10.0.0.43\", [1, 2, 4]]": [9, -348.1676730016718, []], "[\"10.0.0.12_10.0.0.42\", [1, 3, 4]]": [26, -202.78472041803047, []], "[\"NoTrans\", []]": [26, -272.7791845338282, []]}, "{\"10.0.0.11_10.0.0.41\": [1, 2, 4], \"10.0.0.12_10.0.0.42\": [1, 3, 4], \"10.0.0.13_10.0.0.43\": [1, 2, 4]}": {"[\"10.0.0.11_10.0.0.41\", [1, 3, 4]]": [10, -266.90709477991464, []], "[\"10.0.0.13_10.0.0.43\", [1, 3, 4]]": [13, -211.524256993134, []], "[\"10.0.0.12_10.0.0.42\", [1, 2, 4]]": [8, -348.1016023834794, []], "[\"NoTrans\", []]": [10, -276.2323635563008, []]}, "{\"10.0.0.11_10.0.0.41\": [1, 2, 4], \"10.0.0.12_10.0.0.42\": [1, 2, 4], \"10.0.0.13_10.0.0.43\": [1, 2, 4]}": {"[\"10.0.0.11_10.0.0.41\", [1, 3, 4]]": [14, -330.76088615884817, []], "[\"10.0.0.13_10.0.0.43\", [1, 3, 4]]": [10, -273.5417230171575, []], "[\"10.0.0.12_10.0.0.42\", [1, 3, 4]]": [6, -271.49293121791686, []], "[\"NoTrans\", []]": [10, -349.6957441278099, []]}}