{"{\"10.0.0.11_10.0.0.41\": [1, 3, 4], \"10.0.0.12_10.0.0.42\": [1, 3, 4], \"10.0.0.13_10.0.0.43\": [1, 3, 4]}": {"[\"10.0.0.11_10.0.0.41\", [1, 2, 4]]": [56, -150.00342335641818, []], "[\"10.0.0.13_10.0.0.43\", [1, 2, 4]]": [8, -297.04366542281554, []], "[\"10.0.0.12_10.0.0.42\", [1, 2, 4]]": [6, -316.4760992517769, []], "[\"NoTrans\", []]": [5, -244.2783295544977, []]}, "{\"10.0.0.11_10.0.0.41\": [1, 3, 4], \"10.0.0.12_10.0.0.42\": [1, 2, 4], \"10.0.0.13_10.0.0.43\": [1, 3, 4]}": {"[\"10.0.0.11_10.0.0.41\", [1, 2, 4]]": [14, -357.06308254582495, []], "[\"10.0.0.13_10.0.0.43\", [1, 2, 4]]": [1, -435.79115911102855, []], "[\"10.0.0.12_10.0.0.42\", [1, 3, 4]]": [2, -233.57953604639079, []], "[\"NoTrans\", []]": [0, -Infinity, []]}, "{\"10.0.0.11_10.0.0.41\": [1, 3, 4], \"10.0.0.12_10.0.0.42\": [1, 3, 4], \"10.0.0.13_10.0.0.43\": [1, 2, 4]}": {"[\"10.0.0.11_10.0.0.41\", [1, 2, 4]]": [11, -253.60238354630016, []], "[\"10.0.0.13_10.0.0.43\", [1, 3, 4]]": [4, -341.4468422458525, []], "[\"10.0.0.12_10.0.0.42\", [1, 2, 4]]": [0, -Infinity, []], "[\"NoTrans\", []]": [8, -338.37861221419814, []]}, "{\"10.0.0.11_10.0.0.41\": [1, 3, 4], \"10.0.0.12_10.0.0.42\": [1, 2, 4], \"10.0.0.13_10.0.0.43\": [1, 2, 4]}": {"[\"10.0.0.11_10.0.0.41\", [1, 2, 4]]": [12, -413.8077989183688, []], "[\"10.0.0.13_10.0.0.43\", [1, 3, 4]]": [0, -Infinity, []], "[\"10.0.0.12_10.0.0.42\", [1, 3, 4]]": [0, -Infinity, []], "[\"NoTrans\", []]": [0, -Infinity, []]}, "{\"10.0.0.11_10.0.0.41\": [1, 2, 4], \"10.0.0.12_10.0.0.42\": [1, 3, 4], \"10.0.0.13_10.0.0.43\": [1, 3, 4]}": {"[\"10.0.0.11_10.0.0.41\", [1, 3, 4]]": [63, -230.44648652110192, []], "[\"10.0.0.13_10.0.0.43\", [1, 2, 4]]": [29, -256.3396615065306, []], "[\"10.0.0.12_10.0.0.42\", [1, 2, 4]]": [36, -259.34549962103716, []], "[\"NoTrans\", []]": [399, -147.77592325820888, []]}, "{\"10.0.0.11_10.0.0.41\": [1, 2, 4], \"10.0.0.12_10.0.0.42\": [1, 2, 4], \"10.0.0.13_10.0.0.43\": [1, 3, 4]}": {"[\"10.0.0.11_10.0.0.41\", [1, 3, 4]]": [11, -322.6649381414398, []], "[\"10.0.0.13_10.0.0.43\", [1, 2, 4]]": [7, -335.29245842354044, []], "[\"10.0.0.12_10.0.0.42\", [1, 3, 4]]": [44, -202.0440889765555, []], "[\"NoTrans\", []]": [9, -381.80338790244076, []]}, "{\"10.0.0.11_10.0.0.41\": [1, 2, 4], \"10.0.0.12_10.0.0.42\": [1, 3, 4], \"10.0.0.13_10.0.0.43\": [1, 2, 4]}": {"[\"10.0.0.11_10.0.0.41\", [1, 3, 4]]": [7, -328.04337971700187, []], "[\"10.0.0.13_10.0.0.43\", [1, 3, 4]]": [29, -195.62905449440393, []], "[\"10.0.0.12_10.0.0.42\", [1, 2, 4]]": [4, -369.5433452651533, []], "[\"NoTrans\", []]": [4, -335.40699767486717, []]}, "{\"10.0.0.11_10.0.0.41\": [1, 2, 4], \"10.0.0.12_10.0.0.42\": [1, 2, 4], \"10.0.0.13_10.0.0.43\": [1, 2, 4]}": {"[\"10.0.0.11_10.0.0.41\", [1, 3, 4]]": [11, -531.5031338621468, []], "[\"10.0.0.13_10.0.0.43\", [1, 3, 4]]": [12, -239.46966720951542, []], "[\"10.0.0.12_10.0.0.42\", [1, 3, 4]]": [0, -Infinity, []], "[\"NoTrans\", []]": [3, -433.96264534952775, []]}}