{"{\"10.0.0.11_10.0.0.41\": [1, 3, 4], \"10.0.0.12_10.0.0.42\": [1, 3, 4], \"10.0.0.13_10.0.0.43\": [1, 3, 4]}": {"[\"10.0.0.13_10.0.0.43\", [1, 2, 4]]": [1, -185.94123299691228, []], "[\"10.0.0.12_10.0.0.42\", [1, 2, 4]]": [1, -186.5182927849929, []], "[\"10.0.0.11_10.0.0.41\", [1, 2, 4]]": [2, -148.40443209891203, []], "[\"NoTrans\", []]": [1, -199.8907933533879, []]}, "{\"10.0.0.11_10.0.0.41\": [1, 2, 4], \"10.0.0.12_10.0.0.42\": [1, 3, 4], \"10.0.0.13_10.0.0.43\": [1, 3, 4]}": {"[\"10.0.0.13_10.0.0.43\", [1, 2, 4]]": [1, -188.1188987172657, []], "[\"10.0.0.12_10.0.0.42\", [1, 2, 4]]": [1, -208.23134243812092, []], "[\"10.0.0.11_10.0.0.41\", [1, 3, 4]]": [1, -200.76688537597656, []], "[\"NoTrans\", []]": [648, -139.65603717779223, []]}, "{\"10.0.0.11_10.0.0.41\": [1, 3, 4], \"10.0.0.12_10.0.0.42\": [1, 2, 4], \"10.0.0.13_10.0.0.43\": [1, 3, 4]}": {"[\"10.0.0.13_10.0.0.43\", [1, 2, 4]]": [1, -205.29671429221798, []], "[\"10.0.0.12_10.0.0.42\", [1, 3, 4]]": [2, -214.0167503846379, []], "[\"10.0.0.11_10.0.0.41\", [1, 2, 4]]": [1, -203.19273017021047, []], "[\"NoTrans\", []]": [2, -223.60601824641014, []]}, "{\"10.0.0.11_10.0.0.41\": [1, 2, 4], \"10.0.0.12_10.0.0.42\": [1, 2, 4], \"10.0.0.13_10.0.0.43\": [1, 3, 4]}": {"[\"10.0.0.13_10.0.0.43\", [1, 2, 4]]": [1, -223.774373626709, []], "[\"10.0.0.12_10.0.0.42\", [1, 3, 4]]": [1, -202.70942459106445, []], "[\"10.0.0.11_10.0.0.41\", [1, 3, 4]]": [2, -224.31828223035419, []], "[\"NoTrans\", []]": [1, -207.20422245928614, []]}, "{\"10.0.0.11_10.0.0.41\": [1, 3, 4], \"10.0.0.12_10.0.0.42\": [1, 3, 4], \"10.0.0.13_10.0.0.43\": [1, 2, 4]}": {"[\"10.0.0.13_10.0.0.43\", [1, 3, 4]]": [1, -202.41483459472656, []], "[\"10.0.0.12_10.0.0.42\", [1, 2, 4]]": [1, -206.33767209319853, []], "[\"10.0.0.11_10.0.0.41\", [1, 2, 4]]": [1, -204.86497380119846, []], "[\"NoTrans\", []]": [1, -186.1434817567281, []]}, "{\"10.0.0.11_10.0.0.41\": [1, 2, 4], \"10.0.0.12_10.0.0.42\": [1, 3, 4], \"10.0.0.13_10.0.0.43\": [1, 2, 4]}": {"[\"10.0.0.13_10.0.0.43\", [1, 3, 4]]": [1, -172.62578819185526, []], "[\"10.0.0.12_10.0.0.42\", [1, 2, 4]]": [1, -223.50610504150393, []], "[\"10.0.0.11_10.0.0.41\", [1, 3, 4]]": [1, -185.0722560962225, []], "[\"NoTrans\", []]": [1, -184.27892822445645, []]}, "{\"10.0.0.11_10.0.0.41\": [1, 3, 4], \"10.0.0.12_10.0.0.42\": [1, 2, 4], \"10.0.0.13_10.0.0.43\": [1, 2, 4]}": {"[\"10.0.0.13_10.0.0.43\", [1, 3, 4]]": [1, -185.27275431593836, []], "[\"10.0.0.12_10.0.0.42\", [1, 3, 4]]": [1, -185.73856014137468, []], "[\"10.0.0.11_10.0.0.41\", [1, 2, 4]]": [1, -261.2506485595703, []], "[\"NoTrans\", []]": [1, -202.59184074305796, []]}, "{\"10.0.0.11_10.0.0.41\": [1, 2, 4], \"10.0.0.12_10.0.0.42\": [1, 2, 4], \"10.0.0.13_10.0.0.43\": [1, 2, 4]}": {"[\"10.0.0.13_10.0.0.43\", [1, 3, 4]]": [2, -246.18224810266946, []], "[\"10.0.0.12_10.0.0.42\", [1, 3, 4]]": [1, -203.05024826992098, []], "[\"10.0.0.11_10.0.0.41\", [1, 3, 4]]": [1, -204.43517069624477, []], "[\"NoTrans\", []]": [1, -227.33911285400393, []]}}