{"{\"10.0.0.11_10.0.0.41\": [1, 3, 4], \"10.0.0.12_10.0.0.42\": [1, 3, 4], \"10.0.0.13_10.0.0.43\": [1, 3, 4]}": {"[\"10.0.0.11_10.0.0.41\", [1, 2, 4]]": [19, -170.29142897798823, []], "[\"10.0.0.12_10.0.0.42\", [1, 2, 4]]": [17, -275.77506694196217, []], "[\"10.0.0.13_10.0.0.43\", [1, 2, 4]]": [15, -253.26854590788017, []], "[\"NoTrans\", []]": [10, -232.98996049050538, []]}, "{\"10.0.0.11_10.0.0.41\": [1, 3, 4], \"10.0.0.12_10.0.0.42\": [1, 3, 4], \"10.0.0.13_10.0.0.43\": [1, 2, 4]}": {"[\"10.0.0.11_10.0.0.41\", [1, 2, 4]]": [15, -274.6498373716776, []], "[\"10.0.0.12_10.0.0.42\", [1, 2, 4]]": [18, -306.96891531241096, []], "[\"10.0.0.13_10.0.0.43\", [1, 3, 4]]": [12, -232.72996003321387, []], "[\"NoTrans\", []]": [13, -254.31775172498976, []]}, "{\"10.0.0.11_10.0.0.41\": [1, 3, 4], \"10.0.0.12_10.0.0.42\": [1, 2, 4], \"10.0.0.13_10.0.0.43\": [1, 3, 4]}": {"[\"10.0.0.11_10.0.0.41\", [1, 2, 4]]": [19, -268.79324227931005, []], "[\"10.0.0.12_10.0.0.42\", [1, 3, 4]]": [21, -238.02540498113248, []], "[\"10.0.0.13_10.0.0.43\", [1, 2, 4]]": [14, -315.1513435269063, []], "[\"NoTrans\", []]": [14, -274.9956274295603, []]}, "{\"10.0.0.11_10.0.0.41\": [1, 3, 4], \"10.0.0.12_10.0.0.42\": [1, 2, 4], \"10.0.0.13_10.0.0.43\": [1, 2, 4]}": {"[\"10.0.0.11_10.0.0.41\", [1, 2, 4]]": [15, -343.5284045318748, []], "[\"10.0.0.12_10.0.0.42\", [1, 3, 4]]": [19, -263.85829922459334, []], "[\"10.0.0.13_10.0.0.43\", [1, 3, 4]]": [16, -275.6984756270303, []], "[\"NoTrans\", []]": [21, -316.1085341090283, []]}, "{\"10.0.0.11_10.0.0.41\": [1, 2, 4], \"10.0.0.12_10.0.0.42\": [1, 3, 4], \"10.0.0.13_10.0.0.43\": [1, 3, 4]}": {"[\"10.0.0.11_10.0.0.41\", [1, 3, 4]]": [18, -238.45316934154545, []], "[\"10.0.0.12_10.0.0.42\", [1, 2, 4]]": [12, -274.7014409003252, []], "[\"10.0.0.13_10.0.0.43\", [1, 2, 4]]": [16, -274.15632060877755, []], "[\"NoTrans\", []]": [22, -192.44447319658673, []]}, "{\"10.0.0.11_10.0.0.41\": [1, 2, 4], \"10.0.0.12_10.0.0.42\": [1, 3, 4], \"10.0.0.13_10.0.0.43\": [1, 2, 4]}": {"[\"10.0.0.11_10.0.0.41\", [1, 3, 4]]": [11, -264.8638103920167, []], "[\"10.0.0.12_10.0.0.42\", [1, 2, 4]]": [18, -344.8220835975343, []], "[\"10.0.0.13_10.0.0.43\", [1, 3, 4]]": [17, -211.52511799308795, []], "[\"NoTrans\", []]": [10, -274.06128574948553, []]}, "{\"10.0.0.11_10.0.0.41\": [1, 2, 4], \"10.0.0.12_10.0.0.42\": [1, 2, 4], \"10.0.0.13_10.0.0.43\": [1, 3, 4]}": {"[\"10.0.0.11_10.0.0.41\", [1, 3, 4]]": [22, -274.29540000230537, []], "[\"10.0.0.12_10.0.0.42\", [1, 3, 4]]": [10, -213.3877697074611, []], "[\"10.0.0.13_10.0.0.43\", [1, 2, 4]]": [14, -346.2416705195518, []], "[\"NoTrans\", []]": [10, -272.55314354617997, []]}, "{\"10.0.0.11_10.0.0.41\": [1, 2, 4], \"10.0.0.12_10.0.0.42\": [1, 2, 4], \"10.0.0.13_10.0.0.43\": [1, 2, 4]}": {"[\"10.0.0.11_10.0.0.41\", [1, 3, 4]]": [18, -314.91169300674073, []], "[\"10.0.0.12_10.0.0.42\", [1, 3, 4]]": [15, -272.81802082628667, []], "[\"10.0.0.13_10.0.0.43\", [1, 3, 4]]": [14, -275.9695580602331, []], "[\"NoTrans\", []]": [13, -344.89160151889183, []]}}