{"{\"10.0.0.11_10.0.0.41\": [1, 3, 4], \"10.0.0.12_10.0.0.42\": [1, 3, 4], \"10.0.0.13_10.0.0.43\": [1, 3, 4]}": {"[\"10.0.0.13_10.0.0.43\", [1, 2, 4]]": [3, -238.9874740135461, []], "[\"10.0.0.12_10.0.0.42\", [1, 2, 4]]": [2, -236.0998315003646, []], "[\"10.0.0.11_10.0.0.41\", [1, 2, 4]]": [1, -226.11564407348635, []], "[\"NoTrans\", []]": [1, -200.6458641052246, []]}, "{\"10.0.0.11_10.0.0.41\": [1, 2, 4], \"10.0.0.12_10.0.0.42\": [1, 3, 4], \"10.0.0.13_10.0.0.43\": [1, 3, 4]}": {"[\"10.0.0.13_10.0.0.43\", [1, 2, 4]]": [1, -203.54611238252085, []], "[\"10.0.0.12_10.0.0.42\", [1, 2, 4]]": [1, -224.6502281188965, []], "[\"10.0.0.11_10.0.0.41\", [1, 3, 4]]": [1, -227.51995629962929, []], "[\"NoTrans\", []]": [636, -120.54867544493538, []]}, "{\"10.0.0.11_10.0.0.41\": [1, 3, 4], \"10.0.0.12_10.0.0.42\": [1, 2, 4], \"10.0.0.13_10.0.0.43\": [1, 3, 4]}": {"[\"10.0.0.13_10.0.0.43\", [1, 2, 4]]": [1, -205.23617464730722, []], "[\"10.0.0.12_10.0.0.42\", [1, 3, 4]]": [2, -247.46627671924233, []], "[\"10.0.0.11_10.0.0.41\", [1, 2, 4]]": [2, -239.02530345564415, []], "[\"NoTrans\", []]": [2, -240.0930456303664, []]}, "{\"10.0.0.11_10.0.0.41\": [1, 2, 4], \"10.0.0.12_10.0.0.42\": [1, 2, 4], \"10.0.0.13_10.0.0.43\": [1, 3, 4]}": {"[\"10.0.0.13_10.0.0.43\", [1, 2, 4]]": [1, -221.94207916259768, []], "[\"10.0.0.12_10.0.0.42\", [1, 3, 4]]": [2, -190.15625052892338, []], "[\"10.0.0.11_10.0.0.41\", [1, 3, 4]]": [1, -203.01651405198248, []], "[\"NoTrans\", []]": [1, -225.8903861999512, []]}, "{\"10.0.0.11_10.0.0.41\": [1, 3, 4], \"10.0.0.12_10.0.0.42\": [1, 3, 4], \"10.0.0.13_10.0.0.43\": [1, 2, 4]}": {"[\"10.0.0.13_10.0.0.43\", [1, 3, 4]]": [2, -243.30345045235416, []], "[\"10.0.0.12_10.0.0.42\", [1, 2, 4]]": [2, -219.90749899749565, []], "[\"10.0.0.11_10.0.0.41\", [1, 2, 4]]": [1, -205.31600640037618, []], "[\"NoTrans\", []]": [2, -227.2974329394438, []]}, "{\"10.0.0.11_10.0.0.41\": [1, 2, 4], \"10.0.0.12_10.0.0.42\": [1, 3, 4], \"10.0.0.13_10.0.0.43\": [1, 2, 4]}": {"[\"10.0.0.13_10.0.0.43\", [1, 3, 4]]": [1, -173.16966967370277, []], "[\"10.0.0.12_10.0.0.42\", [1, 2, 4]]": [1, -222.6229072570801, []], "[\"10.0.0.11_10.0.0.41\", [1, 3, 4]]": [1, -186.10354512081116, []], "[\"NoTrans\", []]": [1, -203.8238244659321, []]}, "{\"10.0.0.11_10.0.0.41\": [1, 3, 4], \"10.0.0.12_10.0.0.42\": [1, 2, 4], \"10.0.0.13_10.0.0.43\": [1, 2, 4]}": {"[\"10.0.0.13_10.0.0.43\", [1, 3, 4]]": [2, -232.56161487703642, []], "[\"10.0.0.12_10.0.0.42\", [1, 3, 4]]": [1, -186.95739589244695, []], "[\"10.0.0.11_10.0.0.41\", [1, 2, 4]]": [1, -221.96916351318362, []], "[\"NoTrans\", []]": [1, -203.97107907921293, []]}, "{\"10.0.0.11_10.0.0.41\": [1, 2, 4], \"10.0.0.12_10.0.0.42\": [1, 2, 4], \"10.0.0.13_10.0.0.43\": [1, 2, 4]}": {"[\"10.0.0.13_10.0.0.43\", [1, 3, 4]]": [1, -202.9702080108163, []], "[\"10.0.0.12_10.0.0.42\", [1, 3, 4]]": [1, -203.26419846291034, []], "[\"10.0.0.11_10.0.0.41\", [1, 3, 4]]": [1, -231.3545491198488, []], "[\"NoTrans\", []]": [1, -223.28809509277346, []]}}