{"{\"10.0.0.11_10.0.0.41\": [1, 3, 4], \"10.0.0.12_10.0.0.42\": [1, 3, 4], \"10.0.0.13_10.0.0.43\": [1, 3, 4]}": {"[\"10.0.0.12_10.0.0.42\", [1, 2, 4]]": [22, -385.27552045862166, []], "[\"10.0.0.13_10.0.0.43\", [1, 2, 4]]": [16, -383.5675943438766, []], "[\"10.0.0.11_10.0.0.41\", [1, 2, 4]]": [27, -138.30357737952852, []], "[\"NoTrans\", []]": [9, -263.1438100496548, []]}, "{\"10.0.0.11_10.0.0.41\": [1, 2, 4], \"10.0.0.12_10.0.0.42\": [1, 3, 4], \"10.0.0.13_10.0.0.43\": [1, 3, 4]}": {"[\"10.0.0.12_10.0.0.42\", [1, 2, 4]]": [19, -280.6137549397733, []], "[\"10.0.0.13_10.0.0.43\", [1, 2, 4]]": [5, -422.7537000272536, []], "[\"10.0.0.11_10.0.0.41\", [1, 3, 4]]": [31, -223.99404375822365, []], "[\"NoTrans\", []]": [35, -156.93082927814606, []]}, "{\"10.0.0.11_10.0.0.41\": [1, 3, 4], \"10.0.0.12_10.0.0.42\": [1, 3, 4], \"10.0.0.13_10.0.0.43\": [1, 2, 4]}": {"[\"10.0.0.12_10.0.0.42\", [1, 2, 4]]": [22, -444.70993499655356, []], "[\"10.0.0.13_10.0.0.43\", [1, 3, 4]]": [20, -362.5489494573701, []], "[\"10.0.0.11_10.0.0.41\", [1, 2, 4]]": [10, -494.8830317752505, []], "[\"NoTrans\", []]": [60, -430.6988798020601, []]}, "{\"10.0.0.11_10.0.0.41\": [1, 2, 4], \"10.0.0.12_10.0.0.42\": [1, 3, 4], \"10.0.0.13_10.0.0.43\": [1, 2, 4]}": {"[\"10.0.0.12_10.0.0.42\", [1, 2, 4]]": [20, -362.5492912390002, []], "[\"10.0.0.13_10.0.0.43\", [1, 3, 4]]": [0, -Infinity, []], "[\"10.0.0.11_10.0.0.41\", [1, 3, 4]]": [0, -Infinity, []], "[\"NoTrans\", []]": [0, -Infinity, []]}, "{\"10.0.0.11_10.0.0.41\": [1, 3, 4], \"10.0.0.12_10.0.0.42\": [1, 2, 4], \"10.0.0.13_10.0.0.43\": [1, 3, 4]}": {"[\"10.0.0.12_10.0.0.42\", [1, 3, 4]]": [14, -277.8424240132219, []], "[\"10.0.0.13_10.0.0.43\", [1, 2, 4]]": [18, -444.06349487628967, []], "[\"10.0.0.11_10.0.0.41\", [1, 2, 4]]": [14, -436.63903279544195, []], "[\"NoTrans\", []]": [59, -421.00817642969173, []]}, "{\"10.0.0.11_10.0.0.41\": [1, 2, 4], \"10.0.0.12_10.0.0.42\": [1, 2, 4], \"10.0.0.13_10.0.0.43\": [1, 3, 4]}": {"[\"10.0.0.12_10.0.0.42\", [1, 3, 4]]": [28, -181.16209762119712, []], "[\"10.0.0.13_10.0.0.43\", [1, 2, 4]]": [6, -448.59969371553075, []], "[\"10.0.0.11_10.0.0.41\", [1, 3, 4]]": [14, -375.77324543903956, []], "[\"NoTrans\", []]": [9, -304.5192118255877, []]}, "{\"10.0.0.11_10.0.0.41\": [1, 3, 4], \"10.0.0.12_10.0.0.42\": [1, 2, 4], \"10.0.0.13_10.0.0.43\": [1, 2, 4]}": {"[\"10.0.0.12_10.0.0.42\", [1, 3, 4]]": [37, -422.2203408984199, []], "[\"10.0.0.13_10.0.0.43\", [1, 3, 4]]": [9, -418.84775625548457, []], "[\"10.0.0.11_10.0.0.41\", [1, 2, 4]]": [4, -467.72289000299253, []], "[\"NoTrans\", []]": [7, -440.15603959113344, []]}, "{\"10.0.0.11_10.0.0.41\": [1, 2, 4], \"10.0.0.12_10.0.0.42\": [1, 2, 4], \"10.0.0.13_10.0.0.43\": [1, 2, 4]}": {"[\"10.0.0.12_10.0.0.42\", [1, 3, 4]]": [5, -473.54830319555776, []], "[\"10.0.0.13_10.0.0.43\", [1, 3, 4]]": [15, -275.0962228807761, []], "[\"10.0.0.11_10.0.0.41\", [1, 3, 4]]": [10, -440.0471219333787, []], "[\"NoTrans\", []]": [0, -Infinity, []]}}