{"{\"10.0.0.11_10.0.0.41\": [1, 3, 4], \"10.0.0.12_10.0.0.42\": [1, 3, 4], \"10.0.0.13_10.0.0.43\": [1, 3, 4]}": {"[\"10.0.0.12_10.0.0.42\", [1, 2, 4]]": [37, -362.33481551666904, []], "[\"10.0.0.13_10.0.0.43\", [1, 2, 4]]": [15, -362.0338209036442, []], "[\"10.0.0.11_10.0.0.41\", [1, 2, 4]]": [45, -313.27524988569377, []], "[\"NoTrans\", []]": [23, -354.7867159257829, []]}, "{\"10.0.0.11_10.0.0.41\": [1, 2, 4], \"10.0.0.12_10.0.0.42\": [1, 3, 4], \"10.0.0.13_10.0.0.43\": [1, 3, 4]}": {"[\"10.0.0.12_10.0.0.42\", [1, 2, 4]]": [11, -399.26314149128274, []], "[\"10.0.0.13_10.0.0.43\", [1, 2, 4]]": [21, -386.6895424025548, []], "[\"10.0.0.11_10.0.0.41\", [1, 3, 4]]": [51, -353.81902552464254, []], "[\"NoTrans\", []]": [0, -Infinity, []]}, "{\"10.0.0.11_10.0.0.41\": [1, 3, 4], \"10.0.0.12_10.0.0.42\": [1, 3, 4], \"10.0.0.13_10.0.0.43\": [1, 2, 4]}": {"[\"10.0.0.12_10.0.0.42\", [1, 2, 4]]": [22, -397.68008040325833, []], "[\"10.0.0.13_10.0.0.43\", [1, 3, 4]]": [16, -346.5987754784051, []], "[\"10.0.0.11_10.0.0.41\", [1, 2, 4]]": [10, -384.7048602752376, []], "[\"NoTrans\", []]": [15, -361.5926191819126, []]}, "{\"10.0.0.11_10.0.0.41\": [1, 2, 4], \"10.0.0.12_10.0.0.42\": [1, 3, 4], \"10.0.0.13_10.0.0.43\": [1, 2, 4]}": {"[\"10.0.0.12_10.0.0.42\", [1, 2, 4]]": [9, -440.1883347056004, []], "[\"10.0.0.13_10.0.0.43\", [1, 3, 4]]": [38, -349.06185981206744, []], "[\"10.0.0.11_10.0.0.41\", [1, 3, 4]]": [0, -Infinity, []], "[\"NoTrans\", []]": [7, -387.3951365140845, []]}, "{\"10.0.0.11_10.0.0.41\": [1, 3, 4], \"10.0.0.12_10.0.0.42\": [1, 2, 4], \"10.0.0.13_10.0.0.43\": [1, 3, 4]}": {"[\"10.0.0.12_10.0.0.42\", [1, 3, 4]]": [30, -346.89971244143334, []], "[\"10.0.0.13_10.0.0.43\", [1, 2, 4]]": [27, -398.56500257020724, []], "[\"10.0.0.11_10.0.0.41\", [1, 2, 4]]": [3, -396.30619650985335, []], "[\"NoTrans\", []]": [23, -363.6164865764146, []]}, "{\"10.0.0.11_10.0.0.41\": [1, 2, 4], \"10.0.0.12_10.0.0.42\": [1, 2, 4], \"10.0.0.13_10.0.0.43\": [1, 3, 4]}": {"[\"10.0.0.12_10.0.0.42\", [1, 3, 4]]": [0, -Infinity, []], "[\"10.0.0.13_10.0.0.43\", [1, 2, 4]]": [0, -Infinity, []], "[\"10.0.0.11_10.0.0.41\", [1, 3, 4]]": [23, -361.47768044088457, []], "[\"NoTrans\", []]": [19, -400.8535263986095, []]}, "{\"10.0.0.11_10.0.0.41\": [1, 3, 4], \"10.0.0.12_10.0.0.42\": [1, 2, 4], \"10.0.0.13_10.0.0.43\": [1, 2, 4]}": {"[\"10.0.0.12_10.0.0.42\", [1, 3, 4]]": [33, -363.4600535574802, []], "[\"10.0.0.13_10.0.0.43\", [1, 3, 4]]": [0, -Infinity, []], "[\"10.0.0.11_10.0.0.41\", [1, 2, 4]]": [23, -439.66278020272716, []], "[\"NoTrans\", []]": [0, -Infinity, []]}, "{\"10.0.0.11_10.0.0.41\": [1, 2, 4], \"10.0.0.12_10.0.0.42\": [1, 2, 4], \"10.0.0.13_10.0.0.43\": [1, 2, 4]}": {"[\"10.0.0.12_10.0.0.42\", [1, 3, 4]]": [16, -386.3051210806536, []], "[\"10.0.0.13_10.0.0.43\", [1, 3, 4]]": [9, -398.01726530264153, []], "[\"10.0.0.11_10.0.0.41\", [1, 3, 4]]": [7, -397.5078635164728, []], "[\"NoTrans\", []]": [4, -437.9758256261516, []]}}