{"{\"10.0.0.11_10.0.0.41\": [1, 3, 4], \"10.0.0.12_10.0.0.42\": [1, 3, 4], \"10.0.0.13_10.0.0.43\": [1, 3, 4]}": {"[\"10.0.0.12_10.0.0.42\", [1, 2, 4]]": [1, -140.40720172212303, []], "[\"10.0.0.11_10.0.0.41\", [1, 2, 4]]": [1, -206.50777792600962, []], "[\"10.0.0.13_10.0.0.43\", [1, 2, 4]]": [1, -140.94210438377732, []], "[\"NoTrans\", []]": [1, -229.6285987854004, []]}, "{\"10.0.0.11_10.0.0.41\": [1, 3, 4], \"10.0.0.12_10.0.0.42\": [1, 3, 4], \"10.0.0.13_10.0.0.43\": [1, 2, 4]}": {"[\"10.0.0.12_10.0.0.42\", [1, 2, 4]]": [0, -140, []], "[\"10.0.0.11_10.0.0.41\", [1, 2, 4]]": [4, -183.69528685983283, []], "[\"10.0.0.13_10.0.0.43\", [1, 3, 4]]": [1, -226.51666412353518, []], "[\"NoTrans\", []]": [1, -206.50593615762574, []]}, "{\"10.0.0.11_10.0.0.41\": [1, 2, 4], \"10.0.0.12_10.0.0.42\": [1, 3, 4], \"10.0.0.13_10.0.0.43\": [1, 3, 4]}": {"[\"10.0.0.12_10.0.0.42\", [1, 2, 4]]": [1, -225.75977770017622, []], "[\"10.0.0.11_10.0.0.41\", [1, 3, 4]]": [1, -226.04964981079104, []], "[\"10.0.0.13_10.0.0.43\", [1, 2, 4]]": [2, -227.89668845580152, []], "[\"NoTrans\", []]": [1, -204.27069538229097, []]}, "{\"10.0.0.11_10.0.0.41\": [1, 2, 4], \"10.0.0.12_10.0.0.42\": [1, 3, 4], \"10.0.0.13_10.0.0.43\": [1, 2, 4]}": {"[\"10.0.0.12_10.0.0.42\", [1, 2, 4]]": [5, -210.22209877252465, []], "[\"10.0.0.11_10.0.0.41\", [1, 3, 4]]": [1, -210.11107857120206, []], "[\"10.0.0.13_10.0.0.43\", [1, 3, 4]]": [1, -234.2145999102882, []], "[\"NoTrans\", []]": [2, -226.3536846147116, []]}, "{\"10.0.0.11_10.0.0.41\": [1, 3, 4], \"10.0.0.12_10.0.0.42\": [1, 2, 4], \"10.0.0.13_10.0.0.43\": [1, 3, 4]}": {"[\"10.0.0.12_10.0.0.42\", [1, 3, 4]]": [1, -225.04781494140627, []], "[\"10.0.0.11_10.0.0.41\", [1, 2, 4]]": [6, -186.52982331207696, []], "[\"10.0.0.13_10.0.0.43\", [1, 2, 4]]": [2, -178.61596521482156, []], "[\"NoTrans\", []]": [1, -146.39149050862082, []]}, "{\"10.0.0.11_10.0.0.41\": [1, 3, 4], \"10.0.0.12_10.0.0.42\": [1, 2, 4], \"10.0.0.13_10.0.0.43\": [1, 2, 4]}": {"[\"10.0.0.12_10.0.0.42\", [1, 3, 4]]": [3, -202.91217614381395, []], "[\"10.0.0.11_10.0.0.41\", [1, 2, 4]]": [1, -200.21002615853712, []], "[\"10.0.0.13_10.0.0.43\", [1, 3, 4]]": [1, -207.19729313247257, []], "[\"NoTrans\", []]": [361, -131.25959622411992, []]}, "{\"10.0.0.11_10.0.0.41\": [1, 2, 4], \"10.0.0.12_10.0.0.42\": [1, 2, 4], \"10.0.0.13_10.0.0.43\": [1, 3, 4]}": {"[\"10.0.0.12_10.0.0.42\", [1, 3, 4]]": [2, -222.77065241054962, []], "[\"10.0.0.11_10.0.0.41\", [1, 3, 4]]": [7, -204.62262710399793, []], "[\"10.0.0.13_10.0.0.43\", [1, 2, 4]]": [55, -209.83049832236355, []], "[\"NoTrans\", []]": [258, -227.7389343029103, []]}, "{\"10.0.0.11_10.0.0.41\": [1, 2, 4], \"10.0.0.12_10.0.0.42\": [1, 2, 4], \"10.0.0.13_10.0.0.43\": [1, 2, 4]}": {"[\"10.0.0.12_10.0.0.42\", [1, 3, 4]]": [1, -181.7770115086543, []], "[\"10.0.0.11_10.0.0.41\", [1, 3, 4]]": [4, -134.7320581022621, []], "[\"10.0.0.13_10.0.0.43\", [1, 3, 4]]": [57, -188.87749011204815, []], "[\"NoTrans\", []]": [1, -198.51955184936523, []]}}