{"{\"10.0.0.11_10.0.0.41\": [1, 3, 4], \"10.0.0.12_10.0.0.42\": [1, 3, 4], \"10.0.0.13_10.0.0.43\": [1, 3, 4]}": {"[\"10.0.0.13_10.0.0.43\", [1, 2, 4]]": [3, -277.52498489293487, []], "[\"10.0.0.12_10.0.0.42\", [1, 2, 4]]": [4, -281.5649261894345, []], "[\"10.0.0.11_10.0.0.41\", [1, 2, 4]]": [12, -144.745469072093, []], "[\"NoTrans\", []]": [3, -268.8315077073721, []]}, "{\"10.0.0.11_10.0.0.41\": [1, 2, 4], \"10.0.0.12_10.0.0.42\": [1, 3, 4], \"10.0.0.13_10.0.0.43\": [1, 3, 4]}": {"[\"10.0.0.13_10.0.0.43\", [1, 2, 4]]": [11, -298.1269229240289, []], "[\"10.0.0.12_10.0.0.42\", [1, 2, 4]]": [6, -275.7174250783335, []], "[\"10.0.0.11_10.0.0.41\", [1, 3, 4]]": [9, -218.96666404325362, []], "[\"NoTrans\", []]": [494, -120.52381037090765, []]}, "{\"10.0.0.11_10.0.0.41\": [1, 3, 4], \"10.0.0.12_10.0.0.42\": [1, 2, 4], \"10.0.0.13_10.0.0.43\": [1, 3, 4]}": {"[\"10.0.0.13_10.0.0.43\", [1, 2, 4]]": [5, -291.13615547709907, []], "[\"10.0.0.12_10.0.0.42\", [1, 3, 4]]": [5, -231.2872865373515, []], "[\"10.0.0.11_10.0.0.41\", [1, 2, 4]]": [4, -276.5807060156972, []], "[\"NoTrans\", []]": [4, -280.44851175817024, []]}, "{\"10.0.0.11_10.0.0.41\": [1, 2, 4], \"10.0.0.12_10.0.0.42\": [1, 2, 4], \"10.0.0.13_10.0.0.43\": [1, 3, 4]}": {"[\"10.0.0.13_10.0.0.43\", [1, 2, 4]]": [2, -305.0431534785534, []], "[\"10.0.0.12_10.0.0.42\", [1, 3, 4]]": [7, -231.72570136232736, []], "[\"10.0.0.11_10.0.0.41\", [1, 3, 4]]": [4, -274.09347146832056, []], "[\"NoTrans\", []]": [3, -267.6606549706702, []]}, "{\"10.0.0.11_10.0.0.41\": [1, 3, 4], \"10.0.0.12_10.0.0.42\": [1, 3, 4], \"10.0.0.13_10.0.0.43\": [1, 2, 4]}": {"[\"10.0.0.13_10.0.0.43\", [1, 3, 4]]": [5, -270.21388093178365, []], "[\"10.0.0.12_10.0.0.42\", [1, 2, 4]]": [2, -268.78883888340556, []], "[\"10.0.0.11_10.0.0.41\", [1, 2, 4]]": [5, -299.1724998943791, []], "[\"NoTrans\", []]": [3, -257.2530029935628, []]}, "{\"10.0.0.11_10.0.0.41\": [1, 2, 4], \"10.0.0.12_10.0.0.42\": [1, 3, 4], \"10.0.0.13_10.0.0.43\": [1, 2, 4]}": {"[\"10.0.0.13_10.0.0.43\", [1, 3, 4]]": [8, -185.2073138439915, []], "[\"10.0.0.12_10.0.0.42\", [1, 2, 4]]": [4, -328.96486753939445, []], "[\"10.0.0.11_10.0.0.41\", [1, 3, 4]]": [7, -293.18418468565955, []], "[\"NoTrans\", []]": [4, -295.76238964399994, []]}, "{\"10.0.0.11_10.0.0.41\": [1, 3, 4], \"10.0.0.12_10.0.0.42\": [1, 2, 4], \"10.0.0.13_10.0.0.43\": [1, 2, 4]}": {"[\"10.0.0.13_10.0.0.43\", [1, 3, 4]]": [6, -286.59254040925964, []], "[\"10.0.0.12_10.0.0.42\", [1, 3, 4]]": [2, -225.79556400480647, []], "[\"10.0.0.11_10.0.0.41\", [1, 2, 4]]": [2, -280.5796646722199, []], "[\"NoTrans\", []]": [2, -250.2636587543151, []]}, "{\"10.0.0.11_10.0.0.41\": [1, 2, 4], \"10.0.0.12_10.0.0.42\": [1, 2, 4], \"10.0.0.13_10.0.0.43\": [1, 2, 4]}": {"[\"10.0.0.13_10.0.0.43\", [1, 3, 4]]": [3, -268.93133979333845, []], "[\"10.0.0.12_10.0.0.42\", [1, 3, 4]]": [2, -254.0570680168078, []], "[\"10.0.0.11_10.0.0.41\", [1, 3, 4]]": [3, -284.68419930525096, []], "[\"NoTrans\", []]": [3, -326.29988169713454, []]}}