{"{\"10.0.0.11_10.0.0.41\": [1, 3, 4], \"10.0.0.12_10.0.0.42\": [1, 3, 4], \"10.0.0.13_10.0.0.43\": [1, 3, 4]}": {"[\"10.0.0.12_10.0.0.42\", [1, 2, 4]]": [17, -273.91672840868, []], "[\"10.0.0.11_10.0.0.41\", [1, 2, 4]]": [14, -170.91412053417983, []], "[\"10.0.0.13_10.0.0.43\", [1, 2, 4]]": [8, -291.1865166516883, []], "[\"NoTrans\", []]": [19, -244.09678008290234, []]}, "{\"10.0.0.11_10.0.0.41\": [1, 3, 4], \"10.0.0.12_10.0.0.42\": [1, 3, 4], \"10.0.0.13_10.0.0.43\": [1, 2, 4]}": {"[\"10.0.0.12_10.0.0.42\", [1, 2, 4]]": [11, -331.9152138173571, []], "[\"10.0.0.11_10.0.0.41\", [1, 2, 4]]": [22, -303.98142142838026, []], "[\"10.0.0.13_10.0.0.43\", [1, 3, 4]]": [10, -257.52010331196396, []], "[\"NoTrans\", []]": [13, -292.46018369083504, []]}, "{\"10.0.0.11_10.0.0.41\": [1, 2, 4], \"10.0.0.12_10.0.0.42\": [1, 3, 4], \"10.0.0.13_10.0.0.43\": [1, 3, 4]}": {"[\"10.0.0.12_10.0.0.42\", [1, 2, 4]]": [29, -279.1359229881724, []], "[\"10.0.0.11_10.0.0.41\", [1, 3, 4]]": [16, -247.3509499528735, []], "[\"10.0.0.13_10.0.0.43\", [1, 2, 4]]": [15, -300.3916423129723, []], "[\"NoTrans\", []]": [25, -172.9707392288341, []]}, "{\"10.0.0.11_10.0.0.41\": [1, 2, 4], \"10.0.0.12_10.0.0.42\": [1, 3, 4], \"10.0.0.13_10.0.0.43\": [1, 2, 4]}": {"[\"10.0.0.12_10.0.0.42\", [1, 2, 4]]": [14, -361.56198458811406, []], "[\"10.0.0.11_10.0.0.41\", [1, 3, 4]]": [17, -289.50402235047187, []], "[\"10.0.0.13_10.0.0.43\", [1, 3, 4]]": [19, -216.29983593096904, []], "[\"NoTrans\", []]": [17, -301.52383664210527, []]}, "{\"10.0.0.11_10.0.0.41\": [1, 3, 4], \"10.0.0.12_10.0.0.42\": [1, 2, 4], \"10.0.0.13_10.0.0.43\": [1, 3, 4]}": {"[\"10.0.0.12_10.0.0.42\", [1, 3, 4]]": [13, -240.3658225465639, []], "[\"10.0.0.11_10.0.0.41\", [1, 2, 4]]": [20, -278.3324548390457, []], "[\"10.0.0.13_10.0.0.43\", [1, 2, 4]]": [17, -332.0453857615691, []], "[\"NoTrans\", []]": [18, -275.69652076114585, []]}, "{\"10.0.0.11_10.0.0.41\": [1, 3, 4], \"10.0.0.12_10.0.0.42\": [1, 2, 4], \"10.0.0.13_10.0.0.43\": [1, 2, 4]}": {"[\"10.0.0.12_10.0.0.42\", [1, 3, 4]]": [18, -293.01668955366864, []], "[\"10.0.0.11_10.0.0.41\", [1, 2, 4]]": [14, -368.7436873000423, []], "[\"10.0.0.13_10.0.0.43\", [1, 3, 4]]": [15, -279.1781657374554, []], "[\"NoTrans\", []]": [19, -339.9141173011943, []]}, "{\"10.0.0.11_10.0.0.41\": [1, 2, 4], \"10.0.0.12_10.0.0.42\": [1, 2, 4], \"10.0.0.13_10.0.0.43\": [1, 3, 4]}": {"[\"10.0.0.12_10.0.0.42\", [1, 3, 4]]": [27, -210.65234474568632, []], "[\"10.0.0.11_10.0.0.41\", [1, 3, 4]]": [17, -294.729880145153, []], "[\"10.0.0.13_10.0.0.43\", [1, 2, 4]]": [16, -363.8054551782011, []], "[\"NoTrans\", []]": [20, -295.1267892788267, []]}, "{\"10.0.0.11_10.0.0.41\": [1, 2, 4], \"10.0.0.12_10.0.0.42\": [1, 2, 4], \"10.0.0.13_10.0.0.43\": [1, 2, 4]}": {"[\"10.0.0.12_10.0.0.42\", [1, 3, 4]]": [13, -296.58152138805826, []], "[\"10.0.0.11_10.0.0.41\", [1, 3, 4]]": [19, -337.0249443259306, []], "[\"10.0.0.13_10.0.0.43\", [1, 3, 4]]": [11, -294.187849637147, []], "[\"NoTrans\", []]": [13, -364.24994133528384, []]}}