{"{\"10.0.0.11_10.0.0.41\": [1, 3, 4], \"10.0.0.12_10.0.0.42\": [1, 3, 4], \"10.0.0.13_10.0.0.43\": [1, 3, 4]}": {"[\"10.0.0.13_10.0.0.43\", [1, 2, 4]]": [1, -150.9883971820522, []], "[\"10.0.0.12_10.0.0.42\", [1, 2, 4]]": [1, -154.17303620111062, []], "[\"10.0.0.11_10.0.0.41\", [1, 2, 4]]": [1, -120.86281927803161, []], "[\"NoTrans\", []]": [1, -169.1673126220703, []]}, "{\"10.0.0.11_10.0.0.41\": [1, 2, 4], \"10.0.0.12_10.0.0.42\": [1, 3, 4], \"10.0.0.13_10.0.0.43\": [1, 3, 4]}": {"[\"10.0.0.13_10.0.0.43\", [1, 2, 4]]": [1, -170.91987953958778, []], "[\"10.0.0.12_10.0.0.42\", [1, 2, 4]]": [1, -191.53440856933594, []], "[\"10.0.0.11_10.0.0.41\", [1, 3, 4]]": [1, -161.83727645874023, []], "[\"NoTrans\", []]": [669, -119.0579924119931, []]}, "{\"10.0.0.11_10.0.0.41\": [1, 3, 4], \"10.0.0.12_10.0.0.42\": [1, 2, 4], \"10.0.0.13_10.0.0.43\": [1, 3, 4]}": {"[\"10.0.0.13_10.0.0.43\", [1, 2, 4]]": [0, -100, []], "[\"10.0.0.12_10.0.0.42\", [1, 3, 4]]": [1, -164.2988052368164, []], "[\"10.0.0.11_10.0.0.41\", [1, 2, 4]]": [0, -100, []], "[\"NoTrans\", []]": [0, -100, []]}, "{\"10.0.0.11_10.0.0.41\": [1, 2, 4], \"10.0.0.12_10.0.0.42\": [1, 2, 4], \"10.0.0.13_10.0.0.43\": [1, 3, 4]}": {"[\"10.0.0.13_10.0.0.43\", [1, 2, 4]]": [0, -100, []], "[\"10.0.0.12_10.0.0.42\", [1, 3, 4]]": [1, -173.22362857717667, []], "[\"10.0.0.11_10.0.0.41\", [1, 3, 4]]": [0, -100, []], "[\"NoTrans\", []]": [0, -100, []]}, "{\"10.0.0.11_10.0.0.41\": [1, 3, 4], \"10.0.0.12_10.0.0.42\": [1, 3, 4], \"10.0.0.13_10.0.0.43\": [1, 2, 4]}": {"[\"10.0.0.13_10.0.0.43\", [1, 3, 4]]": [1, -165.31208419799805, []], "[\"10.0.0.12_10.0.0.42\", [1, 2, 4]]": [1, -173.21493879575308, []], "[\"10.0.0.11_10.0.0.41\", [1, 2, 4]]": [1, -175.76600521556253, []], "[\"NoTrans\", []]": [1, -148.96665286582166, []]}, "{\"10.0.0.11_10.0.0.41\": [1, 2, 4], \"10.0.0.12_10.0.0.42\": [1, 3, 4], \"10.0.0.13_10.0.0.43\": [1, 2, 4]}": {"[\"10.0.0.13_10.0.0.43\", [1, 3, 4]]": [1, -138.02468506943688, []], "[\"10.0.0.12_10.0.0.42\", [1, 2, 4]]": [1, -190.58340454101562, []], "[\"10.0.0.11_10.0.0.41\", [1, 3, 4]]": [1, -154.00953855006824, []], "[\"NoTrans\", []]": [1, -175.069268249811, []]}, "{\"10.0.0.11_10.0.0.41\": [1, 3, 4], \"10.0.0.12_10.0.0.42\": [1, 2, 4], \"10.0.0.13_10.0.0.43\": [1, 2, 4]}": {"[\"10.0.0.13_10.0.0.43\", [1, 3, 4]]": [0, -100, []], "[\"10.0.0.12_10.0.0.42\", [1, 3, 4]]": [1, -150.0560823994312, []], "[\"10.0.0.11_10.0.0.41\", [1, 2, 4]]": [0, -100, []], "[\"NoTrans\", []]": [1, -174.5573043614911, []]}, "{\"10.0.0.11_10.0.0.41\": [1, 2, 4], \"10.0.0.12_10.0.0.42\": [1, 2, 4], \"10.0.0.13_10.0.0.43\": [1, 2, 4]}": {"[\"10.0.0.13_10.0.0.43\", [1, 3, 4]]": [0, -100, []], "[\"10.0.0.12_10.0.0.42\", [1, 3, 4]]": [1, -171.65010096649183, []], "[\"10.0.0.11_10.0.0.41\", [1, 3, 4]]": [0, -100, []], "[\"NoTrans\", []]": [1, -193.04083251953125, []]}}