{"{\"10.0.0.11_10.0.0.41\": [1, 3, 4], \"10.0.0.12_10.0.0.42\": [1, 3, 4], \"10.0.0.13_10.0.0.43\": [1, 3, 4]}": {"[\"10.0.0.11_10.0.0.41\", [1, 2, 4]]": [7, -190.78342042041487, []], "[\"10.0.0.12_10.0.0.42\", [1, 2, 4]]": [3, -204.71672269941214, []], "[\"10.0.0.13_10.0.0.43\", [1, 2, 4]]": [3, -233.5128151710104, []], "[\"NoTrans\", []]": [3, -220.66325056374308, []]}, "{\"10.0.0.11_10.0.0.41\": [1, 3, 4], \"10.0.0.12_10.0.0.42\": [1, 3, 4], \"10.0.0.13_10.0.0.43\": [1, 2, 4]}": {"[\"10.0.0.11_10.0.0.41\", [1, 2, 4]]": [3, -237.69694125453935, []], "[\"10.0.0.12_10.0.0.42\", [1, 2, 4]]": [3, -236.2615583506444, []], "[\"10.0.0.13_10.0.0.43\", [1, 3, 4]]": [4, -236.8519231100737, []], "[\"NoTrans\", []]": [4, -240.80336918965386, []]}, "{\"10.0.0.11_10.0.0.41\": [1, 3, 4], \"10.0.0.12_10.0.0.42\": [1, 2, 4], \"10.0.0.13_10.0.0.43\": [1, 3, 4]}": {"[\"10.0.0.11_10.0.0.41\", [1, 2, 4]]": [3, -245.963046595303, []], "[\"10.0.0.12_10.0.0.42\", [1, 3, 4]]": [3, -192.64795104133293, []], "[\"10.0.0.13_10.0.0.43\", [1, 2, 4]]": [3, -202.59695438786977, []], "[\"NoTrans\", []]": [3, -205.54629084241674, []]}, "{\"10.0.0.11_10.0.0.41\": [1, 3, 4], \"10.0.0.12_10.0.0.42\": [1, 2, 4], \"10.0.0.13_10.0.0.43\": [1, 2, 4]}": {"[\"10.0.0.11_10.0.0.41\", [1, 2, 4]]": [2, -215.7611811633418, []], "[\"10.0.0.12_10.0.0.42\", [1, 3, 4]]": [4, -213.5742860803088, []], "[\"10.0.0.13_10.0.0.43\", [1, 3, 4]]": [3, -198.13059757880808, []], "[\"NoTrans\", []]": [3, -244.29611152194335, []]}, "{\"10.0.0.11_10.0.0.41\": [1, 2, 4], \"10.0.0.12_10.0.0.42\": [1, 3, 4], \"10.0.0.13_10.0.0.43\": [1, 3, 4]}": {"[\"10.0.0.11_10.0.0.41\", [1, 3, 4]]": [6, -228.65105808397206, []], "[\"10.0.0.12_10.0.0.42\", [1, 2, 4]]": [4, -253.2958519640486, []], "[\"10.0.0.13_10.0.0.43\", [1, 2, 4]]": [4, -226.9430817910304, []], "[\"NoTrans\", []]": [771, -142.97147963921475, []]}, "{\"10.0.0.11_10.0.0.41\": [1, 2, 4], \"10.0.0.12_10.0.0.42\": [1, 3, 4], \"10.0.0.13_10.0.0.43\": [1, 2, 4]}": {"[\"10.0.0.11_10.0.0.41\", [1, 3, 4]]": [3, -211.91356151556263, []], "[\"10.0.0.12_10.0.0.42\", [1, 2, 4]]": [2, -241.9893781925262, []], "[\"10.0.0.13_10.0.0.43\", [1, 3, 4]]": [4, -207.15360553566197, []], "[\"NoTrans\", []]": [2, -203.06662051749808, []]}, "{\"10.0.0.11_10.0.0.41\": [1, 2, 4], \"10.0.0.12_10.0.0.42\": [1, 2, 4], \"10.0.0.13_10.0.0.43\": [1, 3, 4]}": {"[\"10.0.0.11_10.0.0.41\", [1, 3, 4]]": [3, -211.83331552261143, []], "[\"10.0.0.12_10.0.0.42\", [1, 3, 4]]": [4, -219.79633973796535, []], "[\"10.0.0.13_10.0.0.43\", [1, 2, 4]]": [2, -242.75754327479225, []], "[\"NoTrans\", []]": [2, -216.5759232908482, []]}, "{\"10.0.0.11_10.0.0.41\": [1, 2, 4], \"10.0.0.12_10.0.0.42\": [1, 2, 4], \"10.0.0.13_10.0.0.43\": [1, 2, 4]}": {"[\"10.0.0.11_10.0.0.41\", [1, 3, 4]]": [2, -191.2631700030837, []], "[\"10.0.0.12_10.0.0.42\", [1, 3, 4]]": [2, -238.8634175853972, []], "[\"10.0.0.13_10.0.0.43\", [1, 3, 4]]": [2, -222.76188446153532, []], "[\"NoTrans\", []]": [1, -197.20435743287305, []]}}