{"{\"10.0.0.11_10.0.0.41\": [1, 3, 4], \"10.0.0.12_10.0.0.42\": [1, 3, 4], \"10.0.0.13_10.0.0.43\": [1, 3, 4]}": {"[\"10.0.0.12_10.0.0.42\", [1, 2, 4]]": [16, -290.527380951048, []], "[\"10.0.0.11_10.0.0.41\", [1, 2, 4]]": [17, -165.30862084737663, []], "[\"10.0.0.13_10.0.0.43\", [1, 2, 4]]": [19, -289.28717934282804, []], "[\"NoTrans\", []]": [29, -261.74966269035656, []]}, "{\"10.0.0.11_10.0.0.41\": [1, 3, 4], \"10.0.0.12_10.0.0.42\": [1, 3, 4], \"10.0.0.13_10.0.0.43\": [1, 2, 4]}": {"[\"10.0.0.12_10.0.0.42\", [1, 2, 4]]": [12, -335.4526856725286, []], "[\"10.0.0.11_10.0.0.41\", [1, 2, 4]]": [16, -304.10532300351434, []], "[\"10.0.0.13_10.0.0.43\", [1, 3, 4]]": [19, -263.39234559851985, []], "[\"NoTrans\", []]": [11, -291.8931930121818, []]}, "{\"10.0.0.11_10.0.0.41\": [1, 2, 4], \"10.0.0.12_10.0.0.42\": [1, 3, 4], \"10.0.0.13_10.0.0.43\": [1, 3, 4]}": {"[\"10.0.0.12_10.0.0.42\", [1, 2, 4]]": [21, -303.5472042496664, []], "[\"10.0.0.11_10.0.0.41\", [1, 3, 4]]": [17, -238.14401973708357, []], "[\"10.0.0.13_10.0.0.43\", [1, 2, 4]]": [18, -306.74250159082925, []], "[\"NoTrans\", []]": [21, -171.931281082511, []]}, "{\"10.0.0.11_10.0.0.41\": [1, 2, 4], \"10.0.0.12_10.0.0.42\": [1, 3, 4], \"10.0.0.13_10.0.0.43\": [1, 2, 4]}": {"[\"10.0.0.12_10.0.0.42\", [1, 2, 4]]": [15, -365.54130487622047, []], "[\"10.0.0.11_10.0.0.41\", [1, 3, 4]]": [14, -290.7258754323196, []], "[\"10.0.0.13_10.0.0.43\", [1, 3, 4]]": [18, -249.44627091580557, []], "[\"NoTrans\", []]": [7, -307.2902208671647, []]}, "{\"10.0.0.11_10.0.0.41\": [1, 3, 4], \"10.0.0.12_10.0.0.42\": [1, 2, 4], \"10.0.0.13_10.0.0.43\": [1, 3, 4]}": {"[\"10.0.0.12_10.0.0.42\", [1, 3, 4]]": [16, -261.1324217399321, []], "[\"10.0.0.11_10.0.0.41\", [1, 2, 4]]": [22, -302.9850842391076, []], "[\"10.0.0.13_10.0.0.43\", [1, 2, 4]]": [12, -333.60468602030073, []], "[\"NoTrans\", []]": [15, -292.2813730466511, []]}, "{\"10.0.0.11_10.0.0.41\": [1, 3, 4], \"10.0.0.12_10.0.0.42\": [1, 2, 4], \"10.0.0.13_10.0.0.43\": [1, 2, 4]}": {"[\"10.0.0.12_10.0.0.42\", [1, 3, 4]]": [14, -286.83570911042096, []], "[\"10.0.0.11_10.0.0.41\", [1, 2, 4]]": [18, -366.52295949313424, []], "[\"10.0.0.13_10.0.0.43\", [1, 3, 4]]": [15, -290.7096150560351, []], "[\"NoTrans\", []]": [12, -333.60351529038013, []]}, "{\"10.0.0.11_10.0.0.41\": [1, 2, 4], \"10.0.0.12_10.0.0.42\": [1, 2, 4], \"10.0.0.13_10.0.0.43\": [1, 3, 4]}": {"[\"10.0.0.12_10.0.0.42\", [1, 3, 4]]": [21, -210.03955628815504, []], "[\"10.0.0.11_10.0.0.41\", [1, 3, 4]]": [20, -290.2374277110804, []], "[\"10.0.0.13_10.0.0.43\", [1, 2, 4]]": [21, -370.2574028697003, []], "[\"NoTrans\", []]": [15, -294.9145291748423, []]}, "{\"10.0.0.11_10.0.0.41\": [1, 2, 4], \"10.0.0.12_10.0.0.42\": [1, 2, 4], \"10.0.0.13_10.0.0.43\": [1, 2, 4]}": {"[\"10.0.0.12_10.0.0.42\", [1, 3, 4]]": [13, -302.7242850220387, []], "[\"10.0.0.11_10.0.0.41\", [1, 3, 4]]": [22, -332.7615745626312, []], "[\"10.0.0.13_10.0.0.43\", [1, 3, 4]]": [19, -300.16138587715506, []], "[\"NoTrans\", []]": [13, -370.46683407801027, []]}}