{"{\"10.0.0.11_10.0.0.41\": [1, 3, 4], \"10.0.0.12_10.0.0.42\": [1, 3, 4], \"10.0.0.13_10.0.0.43\": [1, 3, 4]}": {"[\"10.0.0.13_10.0.0.43\", [1, 2, 4]]": [1, -150.9225700055144, []], "[\"10.0.0.12_10.0.0.42\", [1, 2, 4]]": [1, -149.87362407330681, []], "[\"10.0.0.11_10.0.0.41\", [1, 2, 4]]": [1, -102.73912502890893, []], "[\"NoTrans\", []]": [1, -166.6223373413086, []]}, "{\"10.0.0.11_10.0.0.41\": [1, 2, 4], \"10.0.0.12_10.0.0.42\": [1, 3, 4], \"10.0.0.13_10.0.0.43\": [1, 3, 4]}": {"[\"10.0.0.13_10.0.0.43\", [1, 2, 4]]": [1, -200.46981646409193, []], "[\"10.0.0.12_10.0.0.42\", [1, 2, 4]]": [1, -173.601040053907, []], "[\"10.0.0.11_10.0.0.41\", [1, 3, 4]]": [1, -165.31237030029297, []], "[\"NoTrans\", []]": [659, -119.28117413591917, []]}, "{\"10.0.0.11_10.0.0.41\": [1, 3, 4], \"10.0.0.12_10.0.0.42\": [1, 2, 4], \"10.0.0.13_10.0.0.43\": [1, 3, 4]}": {"[\"10.0.0.13_10.0.0.43\", [1, 2, 4]]": [0, -100, []], "[\"10.0.0.12_10.0.0.42\", [1, 3, 4]]": [1, -164.63383102416992, []], "[\"10.0.0.11_10.0.0.41\", [1, 2, 4]]": [1, -174.742906763512, []], "[\"NoTrans\", []]": [1, -151.40344914182467, []]}, "{\"10.0.0.11_10.0.0.41\": [1, 2, 4], \"10.0.0.12_10.0.0.42\": [1, 2, 4], \"10.0.0.13_10.0.0.43\": [1, 3, 4]}": {"[\"10.0.0.13_10.0.0.43\", [1, 2, 4]]": [1, -238.77926702601363, []], "[\"10.0.0.12_10.0.0.42\", [1, 3, 4]]": [1, -143.26352308679103, []], "[\"10.0.0.11_10.0.0.41\", [1, 3, 4]]": [1, -150.61029476405824, []], "[\"NoTrans\", []]": [1, -173.90417334336092, []]}, "{\"10.0.0.11_10.0.0.41\": [1, 3, 4], \"10.0.0.12_10.0.0.42\": [1, 3, 4], \"10.0.0.13_10.0.0.43\": [1, 2, 4]}": {"[\"10.0.0.13_10.0.0.43\", [1, 3, 4]]": [1, -166.965087890625, []], "[\"10.0.0.12_10.0.0.42\", [1, 2, 4]]": [0, -100, []], "[\"10.0.0.11_10.0.0.41\", [1, 2, 4]]": [1, -173.35291003585886, []], "[\"NoTrans\", []]": [1, -152.17229779058988, []]}, "{\"10.0.0.11_10.0.0.41\": [1, 2, 4], \"10.0.0.12_10.0.0.42\": [1, 3, 4], \"10.0.0.13_10.0.0.43\": [1, 2, 4]}": {"[\"10.0.0.13_10.0.0.43\", [1, 3, 4]]": [2, -149.58128525470238, []], "[\"10.0.0.12_10.0.0.42\", [1, 2, 4]]": [1, -197.2251739501953, []], "[\"10.0.0.11_10.0.0.41\", [1, 3, 4]]": [1, -153.11069702912368, []], "[\"NoTrans\", []]": [1, -174.3672758971768, []]}, "{\"10.0.0.11_10.0.0.41\": [1, 3, 4], \"10.0.0.12_10.0.0.42\": [1, 2, 4], \"10.0.0.13_10.0.0.43\": [1, 2, 4]}": {"[\"10.0.0.13_10.0.0.43\", [1, 3, 4]]": [0, -100, []], "[\"10.0.0.12_10.0.0.42\", [1, 3, 4]]": [0, -100, []], "[\"10.0.0.11_10.0.0.41\", [1, 2, 4]]": [1, -195.62939071655273, []], "[\"NoTrans\", []]": [1, -173.13321857128796, []]}, "{\"10.0.0.11_10.0.0.41\": [1, 2, 4], \"10.0.0.12_10.0.0.42\": [1, 2, 4], \"10.0.0.13_10.0.0.43\": [1, 2, 4]}": {"[\"10.0.0.13_10.0.0.43\", [1, 3, 4]]": [1, -172.41610590774567, []], "[\"10.0.0.12_10.0.0.42\", [1, 3, 4]]": [2, -184.93747115593504, []], "[\"10.0.0.11_10.0.0.41\", [1, 3, 4]]": [1, -174.4621787589785, []], "[\"NoTrans\", []]": [1, -191.3110580444336, []]}}