{"{\"10.0.0.11_10.0.0.41\": [1, 3, 4], \"10.0.0.12_10.0.0.42\": [1, 3, 4], \"10.0.0.13_10.0.0.43\": [1, 3, 4]}": {"[\"10.0.0.13_10.0.0.43\", [1, 2, 4]]": [16, -268.6023817147719, []], "[\"10.0.0.11_10.0.0.41\", [1, 2, 4]]": [27, -179.68370700016456, []], "[\"10.0.0.12_10.0.0.42\", [1, 2, 4]]": [12, -255.22911169147628, []], "[\"NoTrans\", []]": [30, -244.95017469742524, []]}, "{\"10.0.0.11_10.0.0.41\": [1, 3, 4], \"10.0.0.12_10.0.0.42\": [1, 2, 4], \"10.0.0.13_10.0.0.43\": [1, 3, 4]}": {"[\"10.0.0.13_10.0.0.43\", [1, 2, 4]]": [10, -307.36301570291124, []], "[\"10.0.0.11_10.0.0.41\", [1, 2, 4]]": [8, -270.2721553095568, []], "[\"10.0.0.12_10.0.0.42\", [1, 3, 4]]": [14, -243.2436108869067, []], "[\"NoTrans\", []]": [15, -274.73812673152685, []]}, "{\"10.0.0.11_10.0.0.41\": [1, 2, 4], \"10.0.0.12_10.0.0.42\": [1, 3, 4], \"10.0.0.13_10.0.0.43\": [1, 3, 4]}": {"[\"10.0.0.13_10.0.0.43\", [1, 2, 4]]": [23, -280.10128403513886, []], "[\"10.0.0.11_10.0.0.41\", [1, 3, 4]]": [23, -241.12560744146924, []], "[\"10.0.0.12_10.0.0.42\", [1, 2, 4]]": [15, -278.3827663140535, []], "[\"NoTrans\", []]": [23, -189.49359563203012, []]}, "{\"10.0.0.11_10.0.0.41\": [1, 2, 4], \"10.0.0.12_10.0.0.42\": [1, 2, 4], \"10.0.0.13_10.0.0.43\": [1, 3, 4]}": {"[\"10.0.0.13_10.0.0.43\", [1, 2, 4]]": [11, -313.1669130074773, []], "[\"10.0.0.11_10.0.0.41\", [1, 3, 4]]": [11, -275.59781886812254, []], "[\"10.0.0.12_10.0.0.42\", [1, 3, 4]]": [19, -219.24967855996113, []], "[\"NoTrans\", []]": [19, -275.95421538991246, []]}, "{\"10.0.0.11_10.0.0.41\": [1, 3, 4], \"10.0.0.12_10.0.0.42\": [1, 3, 4], \"10.0.0.13_10.0.0.43\": [1, 2, 4]}": {"[\"10.0.0.13_10.0.0.43\", [1, 3, 4]]": [18, -233.9944458502384, []], "[\"10.0.0.11_10.0.0.41\", [1, 2, 4]]": [14, -279.9199736366632, []], "[\"10.0.0.12_10.0.0.42\", [1, 2, 4]]": [13, -305.02778852241687, []], "[\"NoTrans\", []]": [20, -268.2622168432824, []]}, "{\"10.0.0.11_10.0.0.41\": [1, 3, 4], \"10.0.0.12_10.0.0.42\": [1, 2, 4], \"10.0.0.13_10.0.0.43\": [1, 2, 4]}": {"[\"10.0.0.13_10.0.0.43\", [1, 3, 4]]": [9, -257.2462534089706, []], "[\"10.0.0.11_10.0.0.41\", [1, 2, 4]]": [14, -317.0267190596662, []], "[\"10.0.0.12_10.0.0.42\", [1, 3, 4]]": [14, -250.14914373399995, []], "[\"NoTrans\", []]": [14, -300.92358947782924, []]}, "{\"10.0.0.11_10.0.0.41\": [1, 2, 4], \"10.0.0.12_10.0.0.42\": [1, 3, 4], \"10.0.0.13_10.0.0.43\": [1, 2, 4]}": {"[\"10.0.0.13_10.0.0.43\", [1, 3, 4]]": [15, -220.28242646873565, []], "[\"10.0.0.11_10.0.0.41\", [1, 3, 4]]": [16, -270.51467343475883, []], "[\"10.0.0.12_10.0.0.42\", [1, 2, 4]]": [22, -314.5836954368949, []], "[\"NoTrans\", []]": [23, -278.45874773971536, []]}, "{\"10.0.0.11_10.0.0.41\": [1, 2, 4], \"10.0.0.12_10.0.0.42\": [1, 2, 4], \"10.0.0.13_10.0.0.43\": [1, 2, 4]}": {"[\"10.0.0.13_10.0.0.43\", [1, 3, 4]]": [17, -271.1275990206247, []], "[\"10.0.0.11_10.0.0.41\", [1, 3, 4]]": [14, -303.23804267894127, []], "[\"10.0.0.12_10.0.0.42\", [1, 3, 4]]": [16, -271.03271911842893, []], "[\"NoTrans\", []]": [23, -313.38543817407367, []]}}