{"{\"10.0.0.11_10.0.0.41\": [1, 3, 4], \"10.0.0.12_10.0.0.42\": [1, 3, 4], \"10.0.0.13_10.0.0.43\": [1, 3, 4]}": {"[\"10.0.0.12_10.0.0.42\", [1, 2, 4]]": [1, -210.76212776522848, []], "[\"10.0.0.11_10.0.0.41\", [1, 2, 4]]": [2, -149.98116694226718, []], "[\"10.0.0.13_10.0.0.43\", [1, 2, 4]]": [1, -179.7185143023384, []], "[\"NoTrans\", []]": [1, -201.15989456176757, []]}, "{\"10.0.0.11_10.0.0.41\": [1, 3, 4], \"10.0.0.12_10.0.0.42\": [1, 3, 4], \"10.0.0.13_10.0.0.43\": [1, 2, 4]}": {"[\"10.0.0.12_10.0.0.42\", [1, 2, 4]]": [1, -233.04341066087693, []], "[\"10.0.0.11_10.0.0.41\", [1, 2, 4]]": [2, -219.60621075203264, []], "[\"10.0.0.13_10.0.0.43\", [1, 3, 4]]": [1, -201.49806747436523, []], "[\"NoTrans\", []]": [2, -222.78910536065882, []]}, "{\"10.0.0.11_10.0.0.41\": [1, 2, 4], \"10.0.0.12_10.0.0.42\": [1, 3, 4], \"10.0.0.13_10.0.0.43\": [1, 3, 4]}": {"[\"10.0.0.12_10.0.0.42\", [1, 2, 4]]": [1, -203.81418556611862, []], "[\"10.0.0.11_10.0.0.41\", [1, 3, 4]]": [1, -198.9131332397461, []], "[\"10.0.0.13_10.0.0.43\", [1, 2, 4]]": [2, -202.53542778793252, []], "[\"NoTrans\", []]": [362, -128.79164612595787, []]}, "{\"10.0.0.11_10.0.0.41\": [1, 2, 4], \"10.0.0.12_10.0.0.42\": [1, 3, 4], \"10.0.0.13_10.0.0.43\": [1, 2, 4]}": {"[\"10.0.0.12_10.0.0.42\", [1, 2, 4]]": [1, -217.49179836142184, []], "[\"10.0.0.11_10.0.0.41\", [1, 3, 4]]": [1, -184.66169878995416, []], "[\"10.0.0.13_10.0.0.43\", [1, 3, 4]]": [2, -179.88395531553806, []], "[\"NoTrans\", []]": [1, -206.1049822401444, []]}, "{\"10.0.0.11_10.0.0.41\": [1, 3, 4], \"10.0.0.12_10.0.0.42\": [1, 2, 4], \"10.0.0.13_10.0.0.43\": [1, 3, 4]}": {"[\"10.0.0.12_10.0.0.42\", [1, 3, 4]]": [2, -216.4481278988283, []], "[\"10.0.0.11_10.0.0.41\", [1, 2, 4]]": [1, -205.02437067588852, []], "[\"10.0.0.13_10.0.0.43\", [1, 2, 4]]": [1, -230.20487859031692, []], "[\"NoTrans\", []]": [2, -219.1444949529296, []]}, "{\"10.0.0.11_10.0.0.41\": [1, 3, 4], \"10.0.0.12_10.0.0.42\": [1, 2, 4], \"10.0.0.13_10.0.0.43\": [1, 2, 4]}": {"[\"10.0.0.12_10.0.0.42\", [1, 3, 4]]": [2, -192.7561858304246, []], "[\"10.0.0.11_10.0.0.41\", [1, 2, 4]]": [1, -221.84963362600485, []], "[\"10.0.0.13_10.0.0.43\", [1, 3, 4]]": [2, -194.10540937870533, []], "[\"NoTrans\", []]": [391, -233.41809497798565, []]}, "{\"10.0.0.11_10.0.0.41\": [1, 2, 4], \"10.0.0.12_10.0.0.42\": [1, 2, 4], \"10.0.0.13_10.0.0.43\": [1, 3, 4]}": {"[\"10.0.0.12_10.0.0.42\", [1, 3, 4]]": [1, -173.5060311885721, []], "[\"10.0.0.11_10.0.0.41\", [1, 3, 4]]": [1, -182.6716537640405, []], "[\"10.0.0.13_10.0.0.43\", [1, 2, 4]]": [1, -220.67569503784182, []], "[\"NoTrans\", []]": [0, -140, []]}, "{\"10.0.0.11_10.0.0.41\": [1, 2, 4], \"10.0.0.12_10.0.0.42\": [1, 2, 4], \"10.0.0.13_10.0.0.43\": [1, 2, 4]}": {"[\"10.0.0.12_10.0.0.42\", [1, 3, 4]]": [0, -140, []], "[\"10.0.0.11_10.0.0.41\", [1, 3, 4]]": [3, -201.39318399743146, []], "[\"10.0.0.13_10.0.0.43\", [1, 3, 4]]": [0, -140, []], "[\"NoTrans\", []]": [0, -140, []]}}