{"{\"10.0.0.11_10.0.0.41\": [1, 3, 4], \"10.0.0.12_10.0.0.42\": [1, 3, 4], \"10.0.0.13_10.0.0.43\": [1, 3, 4]}": {"[\"10.0.0.13_10.0.0.43\", [1, 2, 4]]": [1, -184.4746926814734, []], "[\"10.0.0.12_10.0.0.42\", [1, 2, 4]]": [1, -187.57542918192286, []], "[\"10.0.0.11_10.0.0.41\", [1, 2, 4]]": [3, -178.83097395515384, []], "[\"NoTrans\", []]": [1, -199.059903717041, []]}, "{\"10.0.0.11_10.0.0.41\": [1, 2, 4], \"10.0.0.12_10.0.0.42\": [1, 3, 4], \"10.0.0.13_10.0.0.43\": [1, 3, 4]}": {"[\"10.0.0.13_10.0.0.43\", [1, 2, 4]]": [1, -204.92028154303745, []], "[\"10.0.0.12_10.0.0.42\", [1, 2, 4]]": [1, -205.41039687829075, []], "[\"10.0.0.11_10.0.0.41\", [1, 3, 4]]": [2, -214.8891969189178, []], "[\"NoTrans\", []]": [646, -142.7827185438317, []]}, "{\"10.0.0.11_10.0.0.41\": [1, 3, 4], \"10.0.0.12_10.0.0.42\": [1, 2, 4], \"10.0.0.13_10.0.0.43\": [1, 3, 4]}": {"[\"10.0.0.13_10.0.0.43\", [1, 2, 4]]": [1, -231.99024240935205, []], "[\"10.0.0.12_10.0.0.42\", [1, 3, 4]]": [1, -203.2339203481795, []], "[\"10.0.0.11_10.0.0.41\", [1, 2, 4]]": [1, -205.95730058670767, []], "[\"NoTrans\", []]": [1, -187.62522045289273, []]}, "{\"10.0.0.11_10.0.0.41\": [1, 2, 4], \"10.0.0.12_10.0.0.42\": [1, 2, 4], \"10.0.0.13_10.0.0.43\": [1, 3, 4]}": {"[\"10.0.0.13_10.0.0.43\", [1, 2, 4]]": [1, -225.9828926086426, []], "[\"10.0.0.12_10.0.0.42\", [1, 3, 4]]": [1, -212.56145143719817, []], "[\"10.0.0.11_10.0.0.41\", [1, 3, 4]]": [1, -187.8256414945814, []], "[\"NoTrans\", []]": [1, -202.87116480493586, []]}, "{\"10.0.0.11_10.0.0.41\": [1, 3, 4], \"10.0.0.12_10.0.0.42\": [1, 3, 4], \"10.0.0.13_10.0.0.43\": [1, 2, 4]}": {"[\"10.0.0.13_10.0.0.43\", [1, 3, 4]]": [2, -214.88340103149415, []], "[\"10.0.0.12_10.0.0.42\", [1, 2, 4]]": [2, -218.7651498827006, []], "[\"10.0.0.11_10.0.0.41\", [1, 2, 4]]": [1, -205.50523707673614, []], "[\"NoTrans\", []]": [2, -226.02172285831617, []]}, "{\"10.0.0.11_10.0.0.41\": [1, 2, 4], \"10.0.0.12_10.0.0.42\": [1, 3, 4], \"10.0.0.13_10.0.0.43\": [1, 2, 4]}": {"[\"10.0.0.13_10.0.0.43\", [1, 3, 4]]": [1, -199.73157653808593, []], "[\"10.0.0.12_10.0.0.42\", [1, 2, 4]]": [1, -250.4683540864662, []], "[\"10.0.0.11_10.0.0.41\", [1, 3, 4]]": [2, -227.56556873281212, []], "[\"NoTrans\", []]": [1, -206.24332320547427, []]}, "{\"10.0.0.11_10.0.0.41\": [1, 3, 4], \"10.0.0.12_10.0.0.42\": [1, 2, 4], \"10.0.0.13_10.0.0.43\": [1, 2, 4]}": {"[\"10.0.0.13_10.0.0.43\", [1, 3, 4]]": [1, -185.92486393193886, []], "[\"10.0.0.12_10.0.0.42\", [1, 3, 4]]": [2, -234.99679036416194, []], "[\"10.0.0.11_10.0.0.41\", [1, 2, 4]]": [1, -223.43152770996096, []], "[\"NoTrans\", []]": [1, -202.2480960958149, []]}, "{\"10.0.0.11_10.0.0.41\": [1, 2, 4], \"10.0.0.12_10.0.0.42\": [1, 2, 4], \"10.0.0.13_10.0.0.43\": [1, 2, 4]}": {"[\"10.0.0.13_10.0.0.43\", [1, 3, 4]]": [1, -203.40247383539517, []], "[\"10.0.0.12_10.0.0.42\", [1, 3, 4]]": [2, -244.7549897980644, []], "[\"10.0.0.11_10.0.0.41\", [1, 3, 4]]": [1, -204.9013124952055, []], "[\"NoTrans\", []]": [2, -258.3889850345837, []]}}