{"{\"10.0.0.11_10.0.0.41\": [1, 3, 4], \"10.0.0.12_10.0.0.42\": [1, 3, 4], \"10.0.0.13_10.0.0.43\": [1, 3, 4]}": {"[\"10.0.0.12_10.0.0.42\", [1, 2, 4]]": [14, -282.33705294995065, []], "[\"10.0.0.11_10.0.0.41\", [1, 2, 4]]": [29, -173.5009283749106, []], "[\"10.0.0.13_10.0.0.43\", [1, 2, 4]]": [17, -274.49840827931666, []], "[\"NoTrans\", []]": [16, -244.77699970408656, []]}, "{\"10.0.0.11_10.0.0.41\": [1, 3, 4], \"10.0.0.12_10.0.0.42\": [1, 3, 4], \"10.0.0.13_10.0.0.43\": [1, 2, 4]}": {"[\"10.0.0.12_10.0.0.42\", [1, 2, 4]]": [18, -327.153748082238, []], "[\"10.0.0.11_10.0.0.41\", [1, 2, 4]]": [14, -280.0447513585568, []], "[\"10.0.0.13_10.0.0.43\", [1, 3, 4]]": [14, -242.4375842305574, []], "[\"NoTrans\", []]": [21, -278.08383892635453, []]}, "{\"10.0.0.11_10.0.0.41\": [1, 2, 4], \"10.0.0.12_10.0.0.42\": [1, 3, 4], \"10.0.0.13_10.0.0.43\": [1, 3, 4]}": {"[\"10.0.0.12_10.0.0.42\", [1, 2, 4]]": [21, -282.7847997229949, []], "[\"10.0.0.11_10.0.0.41\", [1, 3, 4]]": [28, -246.22610500307061, []], "[\"10.0.0.13_10.0.0.43\", [1, 2, 4]]": [21, -278.20850491405315, []], "[\"NoTrans\", []]": [34, -176.92170521800728, []]}, "{\"10.0.0.11_10.0.0.41\": [1, 2, 4], \"10.0.0.12_10.0.0.42\": [1, 3, 4], \"10.0.0.13_10.0.0.43\": [1, 2, 4]}": {"[\"10.0.0.12_10.0.0.42\", [1, 2, 4]]": [10, -351.5008725887705, []], "[\"10.0.0.11_10.0.0.41\", [1, 3, 4]]": [16, -275.8807448684995, []], "[\"10.0.0.13_10.0.0.43\", [1, 3, 4]]": [20, -207.92611827407606, []], "[\"NoTrans\", []]": [10, -265.9333828194459, []]}, "{\"10.0.0.11_10.0.0.41\": [1, 3, 4], \"10.0.0.12_10.0.0.42\": [1, 2, 4], \"10.0.0.13_10.0.0.43\": [1, 3, 4]}": {"[\"10.0.0.12_10.0.0.42\", [1, 3, 4]]": [18, -245.08006458598908, []], "[\"10.0.0.11_10.0.0.41\", [1, 2, 4]]": [14, -278.99338483542834, []], "[\"10.0.0.13_10.0.0.43\", [1, 2, 4]]": [12, -328.7653564909353, []], "[\"NoTrans\", []]": [11, -281.88005407314444, []]}, "{\"10.0.0.11_10.0.0.41\": [1, 3, 4], \"10.0.0.12_10.0.0.42\": [1, 2, 4], \"10.0.0.13_10.0.0.43\": [1, 2, 4]}": {"[\"10.0.0.12_10.0.0.42\", [1, 3, 4]]": [13, -277.78748633309937, []], "[\"10.0.0.11_10.0.0.41\", [1, 2, 4]]": [12, -347.18580564060613, []], "[\"10.0.0.13_10.0.0.43\", [1, 3, 4]]": [14, -282.4697804564029, []], "[\"NoTrans\", []]": [14, -326.68166560659023, []]}, "{\"10.0.0.11_10.0.0.41\": [1, 2, 4], \"10.0.0.12_10.0.0.42\": [1, 2, 4], \"10.0.0.13_10.0.0.43\": [1, 3, 4]}": {"[\"10.0.0.12_10.0.0.42\", [1, 3, 4]]": [22, -213.63339980115518, []], "[\"10.0.0.11_10.0.0.41\", [1, 3, 4]]": [16, -279.5096177904655, []], "[\"10.0.0.13_10.0.0.43\", [1, 2, 4]]": [17, -352.68324117178975, []], "[\"NoTrans\", []]": [25, -285.0483814199478, []]}, "{\"10.0.0.11_10.0.0.41\": [1, 2, 4], \"10.0.0.12_10.0.0.42\": [1, 2, 4], \"10.0.0.13_10.0.0.43\": [1, 2, 4]}": {"[\"10.0.0.12_10.0.0.42\", [1, 3, 4]]": [11, -276.5529207731981, []], "[\"10.0.0.11_10.0.0.41\", [1, 3, 4]]": [9, -327.46449392515456, []], "[\"10.0.0.13_10.0.0.43\", [1, 3, 4]]": [19, -277.27597196817266, []], "[\"NoTrans\", []]": [12, -351.12311440100495, []]}}