{"{\"10.0.0.11_10.0.0.41\": [1, 3, 4], \"10.0.0.12_10.0.0.42\": [1, 3, 4], \"10.0.0.13_10.0.0.43\": [1, 3, 4]}": {"[\"10.0.0.13_10.0.0.43\", [1, 2, 4]]": [2, -155.4225451842358, []], "[\"10.0.0.12_10.0.0.42\", [1, 2, 4]]": [2, -140.83701335630133, []], "[\"10.0.0.11_10.0.0.41\", [1, 2, 4]]": [4, -145.36680063760178, []], "[\"NoTrans\", []]": [2, -182.91539007380447, []]}, "{\"10.0.0.11_10.0.0.41\": [1, 2, 4], \"10.0.0.12_10.0.0.42\": [1, 3, 4], \"10.0.0.13_10.0.0.43\": [1, 3, 4]}": {"[\"10.0.0.13_10.0.0.43\", [1, 2, 4]]": [3, -196.37162266596846, []], "[\"10.0.0.12_10.0.0.42\", [1, 2, 4]]": [3, -195.6620692097362, []], "[\"10.0.0.11_10.0.0.41\", [1, 3, 4]]": [3, -192.8190344223329, []], "[\"NoTrans\", []]": [821, -126.47740370919978, []]}, "{\"10.0.0.11_10.0.0.41\": [1, 3, 4], \"10.0.0.12_10.0.0.42\": [1, 2, 4], \"10.0.0.13_10.0.0.43\": [1, 3, 4]}": {"[\"10.0.0.13_10.0.0.43\", [1, 2, 4]]": [2, -172.73652418874087, []], "[\"10.0.0.12_10.0.0.42\", [1, 3, 4]]": [3, -173.15847460760418, []], "[\"10.0.0.11_10.0.0.41\", [1, 2, 4]]": [2, -170.0760888441417, []], "[\"NoTrans\", []]": [2, -163.93743382221692, []]}, "{\"10.0.0.11_10.0.0.41\": [1, 2, 4], \"10.0.0.12_10.0.0.42\": [1, 2, 4], \"10.0.0.13_10.0.0.43\": [1, 3, 4]}": {"[\"10.0.0.13_10.0.0.43\", [1, 2, 4]]": [2, -210.9212531065809, []], "[\"10.0.0.12_10.0.0.42\", [1, 3, 4]]": [3, -144.20163186728013, []], "[\"10.0.0.11_10.0.0.41\", [1, 3, 4]]": [3, -167.76446101244292, []], "[\"NoTrans\", []]": [2, -178.76047720599826, []]}, "{\"10.0.0.11_10.0.0.41\": [1, 3, 4], \"10.0.0.12_10.0.0.42\": [1, 3, 4], \"10.0.0.13_10.0.0.43\": [1, 2, 4]}": {"[\"10.0.0.13_10.0.0.43\", [1, 3, 4]]": [2, -149.82792488048966, []], "[\"10.0.0.12_10.0.0.42\", [1, 2, 4]]": [1, -154.88640690013574, []], "[\"10.0.0.11_10.0.0.41\", [1, 2, 4]]": [1, -150.51123056152085, []], "[\"NoTrans\", []]": [1, -142.97186098474876, []]}, "{\"10.0.0.11_10.0.0.41\": [1, 2, 4], \"10.0.0.12_10.0.0.42\": [1, 3, 4], \"10.0.0.13_10.0.0.43\": [1, 2, 4]}": {"[\"10.0.0.13_10.0.0.43\", [1, 3, 4]]": [3, -166.460472759584, []], "[\"10.0.0.12_10.0.0.42\", [1, 2, 4]]": [1, -190.8250655150282, []], "[\"10.0.0.11_10.0.0.41\", [1, 3, 4]]": [1, -140.74216444588885, []], "[\"NoTrans\", []]": [1, -149.31311174081267, []]}, "{\"10.0.0.11_10.0.0.41\": [1, 3, 4], \"10.0.0.12_10.0.0.42\": [1, 2, 4], \"10.0.0.13_10.0.0.43\": [1, 2, 4]}": {"[\"10.0.0.13_10.0.0.43\", [1, 3, 4]]": [2, -161.92364322833197, []], "[\"10.0.0.12_10.0.0.42\", [1, 3, 4]]": [1, -142.39261839437128, []], "[\"10.0.0.11_10.0.0.41\", [1, 2, 4]]": [1, -192.99257650135633, []], "[\"NoTrans\", []]": [1, -156.52905849200667, []]}, "{\"10.0.0.11_10.0.0.41\": [1, 2, 4], \"10.0.0.12_10.0.0.42\": [1, 2, 4], \"10.0.0.13_10.0.0.43\": [1, 2, 4]}": {"[\"10.0.0.13_10.0.0.43\", [1, 3, 4]]": [2, -184.98442154503365, []], "[\"10.0.0.12_10.0.0.42\", [1, 3, 4]]": [1, -148.2637459822238, []], "[\"10.0.0.11_10.0.0.41\", [1, 3, 4]]": [1, -156.80953564530006, []], "[\"NoTrans\", []]": [1, -192.9838026976454, []]}}