{"{\"10.0.0.11_10.0.0.41\": [1, 3, 4], \"10.0.0.12_10.0.0.42\": [1, 3, 4], \"10.0.0.13_10.0.0.43\": [1, 3, 4]}": {"[\"10.0.0.13_10.0.0.43\", [1, 2, 4]]": [15, -290.02863032942884, []], "[\"10.0.0.11_10.0.0.41\", [1, 2, 4]]": [21, -192.1375757064635, []], "[\"10.0.0.12_10.0.0.42\", [1, 2, 4]]": [16, -286.49641898193516, []], "[\"NoTrans\", []]": [15, -254.54887413413616, []]}, "{\"10.0.0.11_10.0.0.41\": [1, 3, 4], \"10.0.0.12_10.0.0.42\": [1, 2, 4], \"10.0.0.13_10.0.0.43\": [1, 3, 4]}": {"[\"10.0.0.13_10.0.0.43\", [1, 2, 4]]": [8, -326.5378803310701, []], "[\"10.0.0.11_10.0.0.41\", [1, 2, 4]]": [19, -288.8709100962259, []], "[\"10.0.0.12_10.0.0.42\", [1, 3, 4]]": [16, -255.32253699171645, []], "[\"NoTrans\", []]": [17, -287.2016332582233, []]}, "{\"10.0.0.11_10.0.0.41\": [1, 2, 4], \"10.0.0.12_10.0.0.42\": [1, 3, 4], \"10.0.0.13_10.0.0.43\": [1, 3, 4]}": {"[\"10.0.0.13_10.0.0.43\", [1, 2, 4]]": [25, -293.60410200347644, []], "[\"10.0.0.11_10.0.0.41\", [1, 3, 4]]": [22, -258.1139878298925, []], "[\"10.0.0.12_10.0.0.42\", [1, 2, 4]]": [23, -284.2082550247211, []], "[\"NoTrans\", []]": [25, -205.6427139318037, []]}, "{\"10.0.0.11_10.0.0.41\": [1, 2, 4], \"10.0.0.12_10.0.0.42\": [1, 2, 4], \"10.0.0.13_10.0.0.43\": [1, 3, 4]}": {"[\"10.0.0.13_10.0.0.43\", [1, 2, 4]]": [16, -358.3661589053876, []], "[\"10.0.0.11_10.0.0.41\", [1, 3, 4]]": [19, -286.14964231188213, []], "[\"10.0.0.12_10.0.0.42\", [1, 3, 4]]": [27, -227.62102911032588, []], "[\"NoTrans\", []]": [28, -291.5890874527366, []]}, "{\"10.0.0.11_10.0.0.41\": [1, 3, 4], \"10.0.0.12_10.0.0.42\": [1, 3, 4], \"10.0.0.13_10.0.0.43\": [1, 2, 4]}": {"[\"10.0.0.13_10.0.0.43\", [1, 3, 4]]": [14, -255.92858480300407, []], "[\"10.0.0.11_10.0.0.41\", [1, 2, 4]]": [13, -287.0808653646828, []], "[\"10.0.0.12_10.0.0.42\", [1, 2, 4]]": [16, -328.3306798230162, []], "[\"NoTrans\", []]": [12, -257.9133230746944, []]}, "{\"10.0.0.11_10.0.0.41\": [1, 3, 4], \"10.0.0.12_10.0.0.42\": [1, 2, 4], \"10.0.0.13_10.0.0.43\": [1, 2, 4]}": {"[\"10.0.0.13_10.0.0.43\", [1, 3, 4]]": [9, -283.4134176274241, []], "[\"10.0.0.11_10.0.0.41\", [1, 2, 4]]": [11, -353.2687032273554, []], "[\"10.0.0.12_10.0.0.42\", [1, 3, 4]]": [8, -286.3102504160343, []], "[\"NoTrans\", []]": [7, -327.08494822008964, []]}, "{\"10.0.0.11_10.0.0.41\": [1, 2, 4], \"10.0.0.12_10.0.0.42\": [1, 3, 4], \"10.0.0.13_10.0.0.43\": [1, 2, 4]}": {"[\"10.0.0.13_10.0.0.43\", [1, 3, 4]]": [21, -237.74064166506938, []], "[\"10.0.0.11_10.0.0.41\", [1, 3, 4]]": [20, -287.1826506832186, []], "[\"10.0.0.12_10.0.0.42\", [1, 2, 4]]": [9, -359.891646061531, []], "[\"NoTrans\", []]": [17, -291.31095433586694, []]}, "{\"10.0.0.11_10.0.0.41\": [1, 2, 4], \"10.0.0.12_10.0.0.42\": [1, 2, 4], \"10.0.0.13_10.0.0.43\": [1, 2, 4]}": {"[\"10.0.0.13_10.0.0.43\", [1, 3, 4]]": [20, -291.7770818465639, []], "[\"10.0.0.11_10.0.0.41\", [1, 3, 4]]": [4, -325.15343548668625, []], "[\"10.0.0.12_10.0.0.42\", [1, 3, 4]]": [12, -293.4952758900092, []], "[\"NoTrans\", []]": [11, -356.75570474611214, []]}}