{"{\"10.0.0.11_10.0.0.41\": [1, 3, 4], \"10.0.0.12_10.0.0.42\": [1, 3, 4], \"10.0.0.13_10.0.0.43\": [1, 3, 4]}": {"[\"10.0.0.11_10.0.0.41\", [1, 2, 4]]": [1, -107.61880069668187, []], "[\"10.0.0.12_10.0.0.42\", [1, 2, 4]]": [1, -150.99196066769886, []], "[\"10.0.0.13_10.0.0.43\", [1, 2, 4]]": [1, -152.74187333679538, []], "[\"NoTrans\", []]": [1, -169.04657745361328, []]}, "{\"10.0.0.11_10.0.0.41\": [1, 3, 4], \"10.0.0.12_10.0.0.42\": [1, 3, 4], \"10.0.0.13_10.0.0.43\": [1, 2, 4]}": {"[\"10.0.0.11_10.0.0.41\", [1, 2, 4]]": [0, -100, []], "[\"10.0.0.12_10.0.0.42\", [1, 2, 4]]": [1, -173.0777213897045, []], "[\"10.0.0.13_10.0.0.43\", [1, 3, 4]]": [1, -164.52663803100586, []], "[\"NoTrans\", []]": [1, -152.5835838355002, []]}, "{\"10.0.0.11_10.0.0.41\": [1, 3, 4], \"10.0.0.12_10.0.0.42\": [1, 2, 4], \"10.0.0.13_10.0.0.43\": [1, 3, 4]}": {"[\"10.0.0.11_10.0.0.41\", [1, 2, 4]]": [1, -191.31091558615253, []], "[\"10.0.0.12_10.0.0.42\", [1, 3, 4]]": [1, -169.22214889526367, []], "[\"10.0.0.13_10.0.0.43\", [1, 2, 4]]": [1, -171.97210925088564, []], "[\"NoTrans\", []]": [1, -149.1992217013254, []]}, "{\"10.0.0.11_10.0.0.41\": [1, 3, 4], \"10.0.0.12_10.0.0.42\": [1, 2, 4], \"10.0.0.13_10.0.0.43\": [1, 2, 4]}": {"[\"10.0.0.11_10.0.0.41\", [1, 2, 4]]": [1, -195.60058975219727, []], "[\"10.0.0.12_10.0.0.42\", [1, 3, 4]]": [1, -150.43913861980997, []], "[\"10.0.0.13_10.0.0.43\", [1, 3, 4]]": [1, -152.92391420898235, []], "[\"NoTrans\", []]": [1, -173.83932579750436, []]}, "{\"10.0.0.11_10.0.0.41\": [1, 2, 4], \"10.0.0.12_10.0.0.42\": [1, 3, 4], \"10.0.0.13_10.0.0.43\": [1, 3, 4]}": {"[\"10.0.0.11_10.0.0.41\", [1, 3, 4]]": [1, -165.3457489013672, []], "[\"10.0.0.12_10.0.0.42\", [1, 2, 4]]": [1, -170.41466813491098, []], "[\"10.0.0.13_10.0.0.43\", [1, 2, 4]]": [1, -178.6659254216218, []], "[\"NoTrans\", []]": [662, -112.26374846680199, []]}, "{\"10.0.0.11_10.0.0.41\": [1, 2, 4], \"10.0.0.12_10.0.0.42\": [1, 3, 4], \"10.0.0.13_10.0.0.43\": [1, 2, 4]}": {"[\"10.0.0.11_10.0.0.41\", [1, 3, 4]]": [0, -100, []], "[\"10.0.0.12_10.0.0.42\", [1, 2, 4]]": [1, -200.39642715454102, []], "[\"10.0.0.13_10.0.0.43\", [1, 3, 4]]": [1, -144.2342574657403, []], "[\"NoTrans\", []]": [1, -174.909428397819, []]}, "{\"10.0.0.11_10.0.0.41\": [1, 2, 4], \"10.0.0.12_10.0.0.42\": [1, 2, 4], \"10.0.0.13_10.0.0.43\": [1, 3, 4]}": {"[\"10.0.0.11_10.0.0.41\", [1, 3, 4]]": [1, -151.21049083396693, []], "[\"10.0.0.12_10.0.0.42\", [1, 3, 4]]": [2, -144.04909650883914, []], "[\"10.0.0.13_10.0.0.43\", [1, 2, 4]]": [1, -191.70282745361328, []], "[\"NoTrans\", []]": [1, -171.87630331556863, []]}, "{\"10.0.0.11_10.0.0.41\": [1, 2, 4], \"10.0.0.12_10.0.0.42\": [1, 2, 4], \"10.0.0.13_10.0.0.43\": [1, 2, 4]}": {"[\"10.0.0.11_10.0.0.41\", [1, 3, 4]]": [1, -173.27148382603804, []], "[\"10.0.0.12_10.0.0.42\", [1, 3, 4]]": [1, -171.35768901029923, []], "[\"10.0.0.13_10.0.0.43\", [1, 3, 4]]": [1, -172.2818527606784, []], "[\"NoTrans\", []]": [0, -100, []]}}