{"{\"10.0.0.11_10.0.0.41\": [1, 3, 4], \"10.0.0.12_10.0.0.42\": [1, 3, 4], \"10.0.0.13_10.0.0.43\": [1, 3, 4]}": {"[\"10.0.0.12_10.0.0.42\", [1, 2, 4]]": [1, -194.52207603420305, []], "[\"10.0.0.11_10.0.0.41\", [1, 2, 4]]": [0, -140, []], "[\"10.0.0.13_10.0.0.43\", [1, 2, 4]]": [1, -207.01703800395802, []], "[\"NoTrans\", []]": [1, -228.5261512756348, []]}, "{\"10.0.0.11_10.0.0.41\": [1, 3, 4], \"10.0.0.12_10.0.0.42\": [1, 3, 4], \"10.0.0.13_10.0.0.43\": [1, 2, 4]}": {"[\"10.0.0.12_10.0.0.42\", [1, 2, 4]]": [1, -176.3022807288306, []], "[\"10.0.0.11_10.0.0.41\", [1, 2, 4]]": [1, -139.47110768430923, []], "[\"10.0.0.13_10.0.0.43\", [1, 3, 4]]": [1, -227.51106033325198, []], "[\"NoTrans\", []]": [1, -206.3779388396332, []]}, "{\"10.0.0.11_10.0.0.41\": [1, 2, 4], \"10.0.0.12_10.0.0.42\": [1, 3, 4], \"10.0.0.13_10.0.0.43\": [1, 3, 4]}": {"[\"10.0.0.12_10.0.0.42\", [1, 2, 4]]": [1, -187.76347980699487, []], "[\"10.0.0.11_10.0.0.41\", [1, 3, 4]]": [0, -140, []], "[\"10.0.0.13_10.0.0.43\", [1, 2, 4]]": [1, -185.7053350942785, []], "[\"NoTrans\", []]": [1, -209.6880999960787, []]}, "{\"10.0.0.11_10.0.0.41\": [1, 2, 4], \"10.0.0.12_10.0.0.42\": [1, 3, 4], \"10.0.0.13_10.0.0.43\": [1, 2, 4]}": {"[\"10.0.0.12_10.0.0.42\", [1, 2, 4]]": [1, -197.85448244413251, []], "[\"10.0.0.11_10.0.0.41\", [1, 3, 4]]": [1, -205.39155527057437, []], "[\"10.0.0.13_10.0.0.43\", [1, 3, 4]]": [1, -208.4653106178688, []], "[\"NoTrans\", []]": [283, -141.7095127162503, []]}, "{\"10.0.0.11_10.0.0.41\": [1, 3, 4], \"10.0.0.12_10.0.0.42\": [1, 2, 4], \"10.0.0.13_10.0.0.43\": [1, 3, 4]}": {"[\"10.0.0.12_10.0.0.42\", [1, 3, 4]]": [1, -228.0144096374512, []], "[\"10.0.0.11_10.0.0.41\", [1, 2, 4]]": [1, -189.31735371714166, []], "[\"10.0.0.13_10.0.0.43\", [1, 2, 4]]": [2, -175.59338800884476, []], "[\"NoTrans\", []]": [1, -208.18669278755706, []]}, "{\"10.0.0.11_10.0.0.41\": [1, 3, 4], \"10.0.0.12_10.0.0.42\": [1, 2, 4], \"10.0.0.13_10.0.0.43\": [1, 2, 4]}": {"[\"10.0.0.12_10.0.0.42\", [1, 3, 4]]": [1, -205.46041700062224, []], "[\"10.0.0.11_10.0.0.41\", [1, 2, 4]]": [1, -199.466455078125, []], "[\"10.0.0.13_10.0.0.43\", [1, 3, 4]]": [2, -209.34173867801854, []], "[\"NoTrans\", []]": [479, -133.90756352679543, []]}, "{\"10.0.0.11_10.0.0.41\": [1, 2, 4], \"10.0.0.12_10.0.0.42\": [1, 2, 4], \"10.0.0.13_10.0.0.43\": [1, 3, 4]}": {"[\"10.0.0.12_10.0.0.42\", [1, 3, 4]]": [1, -209.3681401411451, []], "[\"10.0.0.11_10.0.0.41\", [1, 3, 4]]": [1, -209.3523183290834, []], "[\"10.0.0.13_10.0.0.43\", [1, 2, 4]]": [1, -201.93713912963867, []], "[\"NoTrans\", []]": [0, -140, []]}, "{\"10.0.0.11_10.0.0.41\": [1, 2, 4], \"10.0.0.12_10.0.0.42\": [1, 2, 4], \"10.0.0.13_10.0.0.43\": [1, 2, 4]}": {"[\"10.0.0.12_10.0.0.42\", [1, 3, 4]]": [1, -141.32793228114, []], "[\"10.0.0.11_10.0.0.41\", [1, 3, 4]]": [2, -140.08083777535572, []], "[\"10.0.0.13_10.0.0.43\", [1, 3, 4]]": [1, -186.03662585661874, []], "[\"NoTrans\", []]": [1, -197.1863151550293, []]}}