{"{\"10.0.0.11_10.0.0.41\": [1, 3, 4], \"10.0.0.12_10.0.0.42\": [1, 3, 4], \"10.0.0.13_10.0.0.43\": [1, 3, 4]}": {"[\"10.0.0.13_10.0.0.43\", [1, 2, 4]]": [2, -163.47794192058348, []], "[\"10.0.0.12_10.0.0.42\", [1, 2, 4]]": [2, -136.74703777675103, []], "[\"10.0.0.11_10.0.0.41\", [1, 2, 4]]": [4, -152.0015145713597, []], "[\"NoTrans\", []]": [2, -189.47828726788975, []]}, "{\"10.0.0.11_10.0.0.41\": [1, 2, 4], \"10.0.0.12_10.0.0.42\": [1, 3, 4], \"10.0.0.13_10.0.0.43\": [1, 3, 4]}": {"[\"10.0.0.13_10.0.0.43\", [1, 2, 4]]": [2, -174.82635833542685, []], "[\"10.0.0.12_10.0.0.42\", [1, 2, 4]]": [3, -197.39528946884067, []], "[\"10.0.0.11_10.0.0.41\", [1, 3, 4]]": [4, -196.61657415148696, []], "[\"NoTrans\", []]": [827, -151.02658914510982, []]}, "{\"10.0.0.11_10.0.0.41\": [1, 3, 4], \"10.0.0.12_10.0.0.42\": [1, 2, 4], \"10.0.0.13_10.0.0.43\": [1, 3, 4]}": {"[\"10.0.0.13_10.0.0.43\", [1, 2, 4]]": [2, -176.5855779850532, []], "[\"10.0.0.12_10.0.0.42\", [1, 3, 4]]": [2, -154.45724040031254, []], "[\"10.0.0.11_10.0.0.41\", [1, 2, 4]]": [2, -205.39004029616214, []], "[\"NoTrans\", []]": [2, -170.02908691800883, []]}, "{\"10.0.0.11_10.0.0.41\": [1, 2, 4], \"10.0.0.12_10.0.0.42\": [1, 2, 4], \"10.0.0.13_10.0.0.43\": [1, 3, 4]}": {"[\"10.0.0.13_10.0.0.43\", [1, 2, 4]]": [2, -220.5232047426154, []], "[\"10.0.0.12_10.0.0.42\", [1, 3, 4]]": [3, -182.3632922682695, []], "[\"10.0.0.11_10.0.0.41\", [1, 3, 4]]": [2, -190.87875217981792, []], "[\"NoTrans\", []]": [1, -152.20582164707704, []]}, "{\"10.0.0.11_10.0.0.41\": [1, 3, 4], \"10.0.0.12_10.0.0.42\": [1, 3, 4], \"10.0.0.13_10.0.0.43\": [1, 2, 4]}": {"[\"10.0.0.13_10.0.0.43\", [1, 3, 4]]": [2, -150.6080925633686, []], "[\"10.0.0.12_10.0.0.42\", [1, 2, 4]]": [1, -161.77115526110174, []], "[\"10.0.0.11_10.0.0.41\", [1, 2, 4]]": [1, -156.97375604414233, []], "[\"NoTrans\", []]": [1, -149.14783769707492, []]}, "{\"10.0.0.11_10.0.0.41\": [1, 2, 4], \"10.0.0.12_10.0.0.42\": [1, 3, 4], \"10.0.0.13_10.0.0.43\": [1, 2, 4]}": {"[\"10.0.0.13_10.0.0.43\", [1, 3, 4]]": [2, -128.63714276497407, []], "[\"10.0.0.12_10.0.0.42\", [1, 2, 4]]": [1, -198.21004861468575, []], "[\"10.0.0.11_10.0.0.41\", [1, 3, 4]]": [1, -149.10193741630783, []], "[\"NoTrans\", []]": [1, -156.5149229378225, []]}, "{\"10.0.0.11_10.0.0.41\": [1, 3, 4], \"10.0.0.12_10.0.0.42\": [1, 2, 4], \"10.0.0.13_10.0.0.43\": [1, 2, 4]}": {"[\"10.0.0.13_10.0.0.43\", [1, 3, 4]]": [2, -167.69359666774034, []], "[\"10.0.0.12_10.0.0.42\", [1, 3, 4]]": [1, -148.50797434314364, []], "[\"10.0.0.11_10.0.0.41\", [1, 2, 4]]": [1, -197.3340987550666, []], "[\"NoTrans\", []]": [1, -163.27070007938414, []]}, "{\"10.0.0.11_10.0.0.41\": [1, 2, 4], \"10.0.0.12_10.0.0.42\": [1, 2, 4], \"10.0.0.13_10.0.0.43\": [1, 2, 4]}": {"[\"10.0.0.13_10.0.0.43\", [1, 3, 4]]": [2, -189.82450885507217, []], "[\"10.0.0.12_10.0.0.42\", [1, 3, 4]]": [1, -156.2176424706438, []], "[\"10.0.0.11_10.0.0.41\", [1, 3, 4]]": [1, -163.9064464967323, []], "[\"NoTrans\", []]": [1, -200.0994681703498, []]}}