{"{\"10.0.0.11_10.0.0.41\": [1, 3, 4], \"10.0.0.12_10.0.0.42\": [1, 3, 4], \"10.0.0.13_10.0.0.43\": [1, 3, 4]}": {"[\"10.0.0.13_10.0.0.43\", [1, 2, 4]]": [0, -140, []], "[\"10.0.0.12_10.0.0.42\", [1, 2, 4]]": [1, -185.40940376053487, []], "[\"10.0.0.11_10.0.0.41\", [1, 2, 4]]": [1, -144.65723026211904, []], "[\"NoTrans\", []]": [0, -140, []]}, "{\"10.0.0.11_10.0.0.41\": [1, 2, 4], \"10.0.0.12_10.0.0.42\": [1, 3, 4], \"10.0.0.13_10.0.0.43\": [1, 3, 4]}": {"[\"10.0.0.13_10.0.0.43\", [1, 2, 4]]": [1, -200.9943697828592, []], "[\"10.0.0.12_10.0.0.42\", [1, 2, 4]]": [1, -202.3063502458451, []], "[\"10.0.0.11_10.0.0.41\", [1, 3, 4]]": [1, -198.40902099609374, []], "[\"NoTrans\", []]": [864, -130.8768901072241, []]}, "{\"10.0.0.11_10.0.0.41\": [1, 3, 4], \"10.0.0.12_10.0.0.42\": [1, 2, 4], \"10.0.0.13_10.0.0.43\": [1, 3, 4]}": {"[\"10.0.0.13_10.0.0.43\", [1, 2, 4]]": [0, -140, []], "[\"10.0.0.12_10.0.0.42\", [1, 3, 4]]": [1, -199.7990966796875, []], "[\"10.0.0.11_10.0.0.41\", [1, 2, 4]]": [1, -202.57017032892517, []], "[\"NoTrans\", []]": [1, -185.25094510505645, []]}, "{\"10.0.0.11_10.0.0.41\": [1, 2, 4], \"10.0.0.12_10.0.0.42\": [1, 2, 4], \"10.0.0.13_10.0.0.43\": [1, 3, 4]}": {"[\"10.0.0.13_10.0.0.43\", [1, 2, 4]]": [1, -258.6983447494004, []], "[\"10.0.0.12_10.0.0.42\", [1, 3, 4]]": [1, -185.77123738548752, []], "[\"10.0.0.11_10.0.0.41\", [1, 3, 4]]": [1, -184.45406361296745, []], "[\"NoTrans\", []]": [0, -140, []]}, "{\"10.0.0.11_10.0.0.41\": [1, 3, 4], \"10.0.0.12_10.0.0.42\": [1, 3, 4], \"10.0.0.13_10.0.0.43\": [1, 2, 4]}": {"[\"10.0.0.13_10.0.0.43\", [1, 3, 4]]": [0, -140, []], "[\"10.0.0.12_10.0.0.42\", [1, 2, 4]]": [0, -140, []], "[\"10.0.0.11_10.0.0.41\", [1, 2, 4]]": [1, -222.39391648599306, []], "[\"NoTrans\", []]": [0, -140, []]}, "{\"10.0.0.11_10.0.0.41\": [1, 2, 4], \"10.0.0.12_10.0.0.42\": [1, 3, 4], \"10.0.0.13_10.0.0.43\": [1, 2, 4]}": {"[\"10.0.0.13_10.0.0.43\", [1, 3, 4]]": [2, -181.01942989948577, []], "[\"10.0.0.12_10.0.0.42\", [1, 2, 4]]": [1, -218.45411071777346, []], "[\"10.0.0.11_10.0.0.41\", [1, 3, 4]]": [1, -185.60336257325662, []], "[\"NoTrans\", []]": [1, -201.36885694222798, []]}, "{\"10.0.0.11_10.0.0.41\": [1, 3, 4], \"10.0.0.12_10.0.0.42\": [1, 2, 4], \"10.0.0.13_10.0.0.43\": [1, 2, 4]}": {"[\"10.0.0.13_10.0.0.43\", [1, 3, 4]]": [0, -140, []], "[\"10.0.0.12_10.0.0.42\", [1, 3, 4]]": [0, -140, []], "[\"10.0.0.11_10.0.0.41\", [1, 2, 4]]": [1, -219.19330368041994, []], "[\"NoTrans\", []]": [1, -202.1583188019866, []]}, "{\"10.0.0.11_10.0.0.41\": [1, 2, 4], \"10.0.0.12_10.0.0.42\": [1, 2, 4], \"10.0.0.13_10.0.0.43\": [1, 2, 4]}": {"[\"10.0.0.13_10.0.0.43\", [1, 3, 4]]": [1, -202.1673796678281, []], "[\"10.0.0.12_10.0.0.42\", [1, 3, 4]]": [2, -214.52690002021757, []], "[\"10.0.0.11_10.0.0.41\", [1, 3, 4]]": [1, -202.5249756377988, []], "[\"NoTrans\", []]": [1, -218.80458602905276, []]}}