{"{\"10.0.0.11_10.0.0.41\": [1, 3, 4], \"10.0.0.12_10.0.0.42\": [1, 3, 4], \"10.0.0.13_10.0.0.43\": [1, 3, 4]}": {"[\"10.0.0.12_10.0.0.42\", [1, 2, 4]]": [4, -116.44064033507692, []], "[\"10.0.0.13_10.0.0.43\", [1, 2, 4]]": [4, -116.16928085616361, []], "[\"10.0.0.11_10.0.0.41\", [1, 2, 4]]": [4, -129.33274459680158, []], "[\"NoTrans\", []]": [3, -119.77472128906251, []]}, "{\"10.0.0.11_10.0.0.41\": [1, 2, 4], \"10.0.0.12_10.0.0.42\": [1, 3, 4], \"10.0.0.13_10.0.0.43\": [1, 3, 4]}": {"[\"10.0.0.12_10.0.0.42\", [1, 2, 4]]": [6, -187.98656539897712, []], "[\"10.0.0.13_10.0.0.43\", [1, 2, 4]]": [9, -187.65100507889957, []], "[\"10.0.0.11_10.0.0.41\", [1, 3, 4]]": [4, -182.44719503436056, []], "[\"NoTrans\", []]": [372, -138.17844937388617, []]}, "{\"10.0.0.11_10.0.0.41\": [1, 3, 4], \"10.0.0.12_10.0.0.42\": [1, 3, 4], \"10.0.0.13_10.0.0.43\": [1, 2, 4]}": {"[\"10.0.0.12_10.0.0.42\", [1, 2, 4]]": [10, -182.99656891016286, []], "[\"10.0.0.13_10.0.0.43\", [1, 3, 4]]": [4, -121.06589441190418, []], "[\"10.0.0.11_10.0.0.41\", [1, 2, 4]]": [10, -208.48176468497988, []], "[\"NoTrans\", []]": [6, -170.43857804084215, []]}, "{\"10.0.0.11_10.0.0.41\": [1, 2, 4], \"10.0.0.12_10.0.0.42\": [1, 3, 4], \"10.0.0.13_10.0.0.43\": [1, 2, 4]}": {"[\"10.0.0.12_10.0.0.42\", [1, 2, 4]]": [25, -204.81539090040752, []], "[\"10.0.0.13_10.0.0.43\", [1, 3, 4]]": [8, -163.80406195273125, []], "[\"10.0.0.11_10.0.0.41\", [1, 3, 4]]": [9, -168.49275917644272, []], "[\"NoTrans\", []]": [37, -185.9042090619698, []]}, "{\"10.0.0.11_10.0.0.41\": [1, 3, 4], \"10.0.0.12_10.0.0.42\": [1, 2, 4], \"10.0.0.13_10.0.0.43\": [1, 3, 4]}": {"[\"10.0.0.12_10.0.0.42\", [1, 3, 4]]": [4, -118.43480855629356, []], "[\"10.0.0.13_10.0.0.43\", [1, 2, 4]]": [8, -186.35080508773032, []], "[\"10.0.0.11_10.0.0.41\", [1, 2, 4]]": [6, -184.6210070554993, []], "[\"NoTrans\", []]": [5, -166.9688386996146, []]}, "{\"10.0.0.11_10.0.0.41\": [1, 2, 4], \"10.0.0.12_10.0.0.42\": [1, 2, 4], \"10.0.0.13_10.0.0.43\": [1, 3, 4]}": {"[\"10.0.0.12_10.0.0.42\", [1, 3, 4]]": [8, -156.40082553885668, []], "[\"10.0.0.13_10.0.0.43\", [1, 2, 4]]": [23, -204.89857259068805, []], "[\"10.0.0.11_10.0.0.41\", [1, 3, 4]]": [7, -166.4854589164699, []], "[\"NoTrans\", []]": [14, -188.5652490397935, []]}, "{\"10.0.0.11_10.0.0.41\": [1, 3, 4], \"10.0.0.12_10.0.0.42\": [1, 2, 4], \"10.0.0.13_10.0.0.43\": [1, 2, 4]}": {"[\"10.0.0.12_10.0.0.42\", [1, 3, 4]]": [10, -169.75914280443905, []], "[\"10.0.0.13_10.0.0.43\", [1, 3, 4]]": [7, -167.2942995430969, []], "[\"10.0.0.11_10.0.0.41\", [1, 2, 4]]": [19, -207.04696403425277, []], "[\"NoTrans\", []]": [16, -119.06756574704733, []]}, "{\"10.0.0.11_10.0.0.41\": [1, 2, 4], \"10.0.0.12_10.0.0.42\": [1, 2, 4], \"10.0.0.13_10.0.0.43\": [1, 2, 4]}": {"[\"10.0.0.12_10.0.0.42\", [1, 3, 4]]": [23, -185.26071187188626, []], "[\"10.0.0.13_10.0.0.43\", [1, 3, 4]]": [26, -184.0659698437231, []], "[\"10.0.0.11_10.0.0.41\", [1, 3, 4]]": [18, -183.93433141541234, []], "[\"NoTrans\", []]": [73, -121.81965754839024, []]}}