{"{\"10.0.0.11_10.0.0.41\": [1, 3, 4], \"10.0.0.12_10.0.0.42\": [1, 3, 4], \"10.0.0.13_10.0.0.43\": [1, 3, 4]}": {"[\"10.0.0.11_10.0.0.41\", [1, 2, 4]]": [21, -186.34573505642868, []], "[\"10.0.0.12_10.0.0.42\", [1, 2, 4]]": [13, -271.6554388020617, []], "[\"10.0.0.13_10.0.0.43\", [1, 2, 4]]": [17, -274.3853164504236, []], "[\"NoTrans\", []]": [24, -241.80269716350097, []]}, "{\"10.0.0.11_10.0.0.41\": [1, 3, 4], \"10.0.0.12_10.0.0.42\": [1, 3, 4], \"10.0.0.13_10.0.0.43\": [1, 2, 4]}": {"[\"10.0.0.11_10.0.0.41\", [1, 2, 4]]": [17, -284.759267966536, []], "[\"10.0.0.12_10.0.0.42\", [1, 2, 4]]": [14, -317.9361592374278, []], "[\"10.0.0.13_10.0.0.43\", [1, 3, 4]]": [16, -242.15683997658056, []], "[\"NoTrans\", []]": [11, -278.1041036338864, []]}, "{\"10.0.0.11_10.0.0.41\": [1, 3, 4], \"10.0.0.12_10.0.0.42\": [1, 2, 4], \"10.0.0.13_10.0.0.43\": [1, 3, 4]}": {"[\"10.0.0.11_10.0.0.41\", [1, 2, 4]]": [10, -266.4516146948402, []], "[\"10.0.0.12_10.0.0.42\", [1, 3, 4]]": [12, -239.5380232586014, []], "[\"10.0.0.13_10.0.0.43\", [1, 2, 4]]": [9, -316.96986197293717, []], "[\"NoTrans\", []]": [10, -270.16346599178536, []]}, "{\"10.0.0.11_10.0.0.41\": [1, 3, 4], \"10.0.0.12_10.0.0.42\": [1, 2, 4], \"10.0.0.13_10.0.0.43\": [1, 2, 4]}": {"[\"10.0.0.11_10.0.0.41\", [1, 2, 4]]": [10, -338.02790945287506, []], "[\"10.0.0.12_10.0.0.42\", [1, 3, 4]]": [15, -277.37116144791213, []], "[\"10.0.0.13_10.0.0.43\", [1, 3, 4]]": [9, -267.5939982965144, []], "[\"NoTrans\", []]": [6, -291.8937906580427, []]}, "{\"10.0.0.11_10.0.0.41\": [1, 2, 4], \"10.0.0.12_10.0.0.42\": [1, 3, 4], \"10.0.0.13_10.0.0.43\": [1, 3, 4]}": {"[\"10.0.0.11_10.0.0.41\", [1, 3, 4]]": [23, -241.8262641510918, []], "[\"10.0.0.12_10.0.0.42\", [1, 2, 4]]": [20, -277.5620143512871, []], "[\"10.0.0.13_10.0.0.43\", [1, 2, 4]]": [24, -285.69193925404153, []], "[\"NoTrans\", []]": [29, -208.38247576720678, []]}, "{\"10.0.0.11_10.0.0.41\": [1, 2, 4], \"10.0.0.12_10.0.0.42\": [1, 3, 4], \"10.0.0.13_10.0.0.43\": [1, 2, 4]}": {"[\"10.0.0.11_10.0.0.41\", [1, 3, 4]]": [16, -273.1658932914608, []], "[\"10.0.0.12_10.0.0.42\", [1, 2, 4]]": [15, -333.31724289691965, []], "[\"10.0.0.13_10.0.0.43\", [1, 3, 4]]": [28, -229.98669701311843, []], "[\"NoTrans\", []]": [25, -282.0438850781002, []]}, "{\"10.0.0.11_10.0.0.41\": [1, 2, 4], \"10.0.0.12_10.0.0.42\": [1, 2, 4], \"10.0.0.13_10.0.0.43\": [1, 3, 4]}": {"[\"10.0.0.11_10.0.0.41\", [1, 3, 4]]": [8, -272.16086433310255, []], "[\"10.0.0.12_10.0.0.42\", [1, 3, 4]]": [18, -222.60084111006805, []], "[\"10.0.0.13_10.0.0.43\", [1, 2, 4]]": [20, -336.37663686604355, []], "[\"NoTrans\", []]": [17, -268.1113486036909, []]}, "{\"10.0.0.11_10.0.0.41\": [1, 2, 4], \"10.0.0.12_10.0.0.42\": [1, 2, 4], \"10.0.0.13_10.0.0.43\": [1, 2, 4]}": {"[\"10.0.0.11_10.0.0.41\", [1, 3, 4]]": [11, -313.84438546437565, []], "[\"10.0.0.12_10.0.0.42\", [1, 3, 4]]": [18, -284.6845772401262, []], "[\"10.0.0.13_10.0.0.43\", [1, 3, 4]]": [16, -269.4562975689296, []], "[\"NoTrans\", []]": [12, -330.207669571043, []]}}