{"{\"10.0.0.11_10.0.0.41\": [1, 3, 4], \"10.0.0.12_10.0.0.42\": [1, 3, 4], \"10.0.0.13_10.0.0.43\": [1, 3, 4]}": {"[\"10.0.0.12_10.0.0.42\", [1, 2, 4]]": [2, -120.94724489964423, []], "[\"10.0.0.13_10.0.0.43\", [1, 2, 4]]": [2, -130.0180733195701, []], "[\"10.0.0.11_10.0.0.41\", [1, 2, 4]]": [3, -110.01707672068603, []], "[\"NoTrans\", []]": [1, -84.92171527425451, []]}, "{\"10.0.0.11_10.0.0.41\": [1, 2, 4], \"10.0.0.12_10.0.0.42\": [1, 3, 4], \"10.0.0.13_10.0.0.43\": [1, 3, 4]}": {"[\"10.0.0.12_10.0.0.42\", [1, 2, 4]]": [2, -170.68690076735487, []], "[\"10.0.0.13_10.0.0.43\", [1, 2, 4]]": [2, -165.43741107022123, []], "[\"10.0.0.11_10.0.0.41\", [1, 3, 4]]": [3, -145.88448057897523, []], "[\"NoTrans\", []]": [638, -125.59858015477717, []]}, "{\"10.0.0.11_10.0.0.41\": [1, 3, 4], \"10.0.0.12_10.0.0.42\": [1, 3, 4], \"10.0.0.13_10.0.0.43\": [1, 2, 4]}": {"[\"10.0.0.12_10.0.0.42\", [1, 2, 4]]": [2, -173.36626210790706, []], "[\"10.0.0.13_10.0.0.43\", [1, 3, 4]]": [2, -135.25492124600845, []], "[\"10.0.0.11_10.0.0.41\", [1, 2, 4]]": [1, -152.28622166918086, []], "[\"NoTrans\", []]": [1, -116.85703250811446, []]}, "{\"10.0.0.11_10.0.0.41\": [1, 2, 4], \"10.0.0.12_10.0.0.42\": [1, 3, 4], \"10.0.0.13_10.0.0.43\": [1, 2, 4]}": {"[\"10.0.0.12_10.0.0.42\", [1, 2, 4]]": [2, -218.43812539418082, []], "[\"10.0.0.13_10.0.0.43\", [1, 3, 4]]": [2, -140.08551883515696, []], "[\"10.0.0.11_10.0.0.41\", [1, 3, 4]]": [1, -117.67037470652332, []], "[\"NoTrans\", []]": [1, -150.29788865488794, []]}, "{\"10.0.0.11_10.0.0.41\": [1, 3, 4], \"10.0.0.12_10.0.0.42\": [1, 2, 4], \"10.0.0.13_10.0.0.43\": [1, 3, 4]}": {"[\"10.0.0.12_10.0.0.42\", [1, 3, 4]]": [2, -133.44129212903337, []], "[\"10.0.0.13_10.0.0.43\", [1, 2, 4]]": [1, -159.84853700244713, []], "[\"10.0.0.11_10.0.0.41\", [1, 2, 4]]": [1, -155.22883545367745, []], "[\"NoTrans\", []]": [1, -114.37488230188663, []]}, "{\"10.0.0.11_10.0.0.41\": [1, 2, 4], \"10.0.0.12_10.0.0.42\": [1, 2, 4], \"10.0.0.13_10.0.0.43\": [1, 3, 4]}": {"[\"10.0.0.12_10.0.0.42\", [1, 3, 4]]": [2, -125.83116674502037, []], "[\"10.0.0.13_10.0.0.43\", [1, 2, 4]]": [1, -201.78281380970816, []], "[\"10.0.0.11_10.0.0.41\", [1, 3, 4]]": [1, -114.77431031578736, []], "[\"NoTrans\", []]": [1, -150.18186348167782, []]}, "{\"10.0.0.11_10.0.0.41\": [1, 3, 4], \"10.0.0.12_10.0.0.42\": [1, 2, 4], \"10.0.0.13_10.0.0.43\": [1, 2, 4]}": {"[\"10.0.0.12_10.0.0.42\", [1, 3, 4]]": [2, -139.8321609286205, []], "[\"10.0.0.13_10.0.0.43\", [1, 3, 4]]": [1, -116.70024342043696, []], "[\"10.0.0.11_10.0.0.41\", [1, 2, 4]]": [1, -199.1532476170812, []], "[\"NoTrans\", []]": [1, -157.7251776738821, []]}, "{\"10.0.0.11_10.0.0.41\": [1, 2, 4], \"10.0.0.12_10.0.0.42\": [1, 2, 4], \"10.0.0.13_10.0.0.43\": [1, 2, 4]}": {"[\"10.0.0.12_10.0.0.42\", [1, 3, 4]]": [2, -183.10764957434122, []], "[\"10.0.0.13_10.0.0.43\", [1, 3, 4]]": [1, -155.20704037755698, []], "[\"10.0.0.11_10.0.0.41\", [1, 3, 4]]": [1, -158.24212820370687, []], "[\"NoTrans\", []]": [1, -198.66153313954214, []]}}