{"{\"10.0.0.11_10.0.0.41\": [1, 3, 4], \"10.0.0.12_10.0.0.42\": [1, 3, 4], \"10.0.0.13_10.0.0.43\": [1, 3, 4]}": {"[\"10.0.0.11_10.0.0.41\", [1, 2, 4]]": [2, -126.52811183404688, []], "[\"10.0.0.13_10.0.0.43\", [1, 2, 4]]": [1, -151.26364698237927, []], "[\"10.0.0.12_10.0.0.42\", [1, 2, 4]]": [1, -151.6484111570715, []], "[\"NoTrans\", []]": [1, -165.05297088623047, []]}, "{\"10.0.0.11_10.0.0.41\": [1, 3, 4], \"10.0.0.12_10.0.0.42\": [1, 2, 4], \"10.0.0.13_10.0.0.43\": [1, 3, 4]}": {"[\"10.0.0.11_10.0.0.41\", [1, 2, 4]]": [1, -103.99451167810697, []], "[\"10.0.0.13_10.0.0.43\", [1, 2, 4]]": [1, -174.0181734687796, []], "[\"10.0.0.12_10.0.0.42\", [1, 3, 4]]": [1, -167.22429656982422, []], "[\"NoTrans\", []]": [1, -167.5052490234375, []]}, "{\"10.0.0.11_10.0.0.41\": [1, 3, 4], \"10.0.0.12_10.0.0.42\": [1, 3, 4], \"10.0.0.13_10.0.0.43\": [1, 2, 4]}": {"[\"10.0.0.11_10.0.0.41\", [1, 2, 4]]": [1, -173.9083226972478, []], "[\"10.0.0.13_10.0.0.43\", [1, 3, 4]]": [2, -178.6973960876465, []], "[\"10.0.0.12_10.0.0.42\", [1, 2, 4]]": [1, -175.69149545301815, []], "[\"NoTrans\", []]": [2, -195.89381928022155, []]}, "{\"10.0.0.11_10.0.0.41\": [1, 3, 4], \"10.0.0.12_10.0.0.42\": [1, 2, 4], \"10.0.0.13_10.0.0.43\": [1, 2, 4]}": {"[\"10.0.0.11_10.0.0.41\", [1, 2, 4]]": [1, -192.7782859802246, []], "[\"10.0.0.13_10.0.0.43\", [1, 3, 4]]": [1, -164.23662567138672, []], "[\"10.0.0.12_10.0.0.42\", [1, 3, 4]]": [2, -196.32574995108945, []], "[\"NoTrans\", []]": [1, -173.04257096271965, []]}, "{\"10.0.0.11_10.0.0.41\": [1, 2, 4], \"10.0.0.12_10.0.0.42\": [1, 3, 4], \"10.0.0.13_10.0.0.43\": [1, 3, 4]}": {"[\"10.0.0.11_10.0.0.41\", [1, 3, 4]]": [1, -168.51623916625977, []], "[\"10.0.0.13_10.0.0.43\", [1, 2, 4]]": [1, -174.4789300923002, []], "[\"10.0.0.12_10.0.0.42\", [1, 2, 4]]": [1, -171.51844413123018, []], "[\"NoTrans\", []]": [650, -110.06456485717739, []]}, "{\"10.0.0.11_10.0.0.41\": [1, 2, 4], \"10.0.0.12_10.0.0.42\": [1, 2, 4], \"10.0.0.13_10.0.0.43\": [1, 3, 4]}": {"[\"10.0.0.11_10.0.0.41\", [1, 3, 4]]": [1, -164.2922248840332, []], "[\"10.0.0.13_10.0.0.43\", [1, 2, 4]]": [1, -191.01980590820312, []], "[\"10.0.0.12_10.0.0.42\", [1, 3, 4]]": [1, -139.6931439037096, []], "[\"NoTrans\", []]": [1, -173.38197762639538, []]}, "{\"10.0.0.11_10.0.0.41\": [1, 2, 4], \"10.0.0.12_10.0.0.42\": [1, 3, 4], \"10.0.0.13_10.0.0.43\": [1, 2, 4]}": {"[\"10.0.0.11_10.0.0.41\", [1, 3, 4]]": [1, -151.34124547278407, []], "[\"10.0.0.13_10.0.0.43\", [1, 3, 4]]": [1, -140.10919358564269, []], "[\"10.0.0.12_10.0.0.42\", [1, 2, 4]]": [1, -192.1714630126953, []], "[\"NoTrans\", []]": [1, -173.82992906886005, []]}, "{\"10.0.0.11_10.0.0.41\": [1, 2, 4], \"10.0.0.12_10.0.0.42\": [1, 2, 4], \"10.0.0.13_10.0.0.43\": [1, 2, 4]}": {"[\"10.0.0.11_10.0.0.41\", [1, 3, 4]]": [1, -173.11275101591144, []], "[\"10.0.0.13_10.0.0.43\", [1, 3, 4]]": [1, -172.38590508231817, []], "[\"10.0.0.12_10.0.0.42\", [1, 3, 4]]": [1, -172.96386625155975, []], "[\"NoTrans\", []]": [1, -191.24992752075195, []]}}