{"{\"10.0.0.11_10.0.0.41\": [1, 3, 4], \"10.0.0.12_10.0.0.42\": [1, 3, 4], \"10.0.0.13_10.0.0.43\": [1, 3, 4]}": {"[\"10.0.0.11_10.0.0.41\", [1, 2, 4]]": [9, -145.97097239455437, []], "[\"10.0.0.12_10.0.0.42\", [1, 2, 4]]": [1, -185.95988653905084, []], "[\"10.0.0.13_10.0.0.43\", [1, 2, 4]]": [1, -184.84876003303302, []], "[\"NoTrans\", []]": [1, -203.01984558105468, []]}, "{\"10.0.0.11_10.0.0.41\": [1, 3, 4], \"10.0.0.12_10.0.0.42\": [1, 3, 4], \"10.0.0.13_10.0.0.43\": [1, 2, 4]}": {"[\"10.0.0.11_10.0.0.41\", [1, 2, 4]]": [1, -207.65297647609628, []], "[\"10.0.0.12_10.0.0.42\", [1, 2, 4]]": [0, -140, []], "[\"10.0.0.13_10.0.0.43\", [1, 3, 4]]": [1, -209.7497668536002, []], "[\"NoTrans\", []]": [1, -187.05883388868173, []]}, "{\"10.0.0.11_10.0.0.41\": [1, 3, 4], \"10.0.0.12_10.0.0.42\": [1, 2, 4], \"10.0.0.13_10.0.0.43\": [1, 3, 4]}": {"[\"10.0.0.11_10.0.0.41\", [1, 2, 4]]": [1, -204.13753257949418, []], "[\"10.0.0.12_10.0.0.42\", [1, 3, 4]]": [2, -215.97923659219364, []], "[\"10.0.0.13_10.0.0.43\", [1, 2, 4]]": [1, -208.2617741155753, []], "[\"NoTrans\", []]": [1, -184.23678544344466, []]}, "{\"10.0.0.11_10.0.0.41\": [1, 3, 4], \"10.0.0.12_10.0.0.42\": [1, 2, 4], \"10.0.0.13_10.0.0.43\": [1, 2, 4]}": {"[\"10.0.0.11_10.0.0.41\", [1, 2, 4]]": [1, -252.0888412842143, []], "[\"10.0.0.12_10.0.0.42\", [1, 3, 4]]": [0, -140, []], "[\"10.0.0.13_10.0.0.43\", [1, 3, 4]]": [1, -188.5460651065858, []], "[\"NoTrans\", []]": [0, -140, []]}, "{\"10.0.0.11_10.0.0.41\": [1, 2, 4], \"10.0.0.12_10.0.0.42\": [1, 3, 4], \"10.0.0.13_10.0.0.43\": [1, 3, 4]}": {"[\"10.0.0.11_10.0.0.41\", [1, 3, 4]]": [8, -222.44245924592545, []], "[\"10.0.0.12_10.0.0.42\", [1, 2, 4]]": [2, -251.62090070434493, []], "[\"10.0.0.13_10.0.0.43\", [1, 2, 4]]": [2, -241.73778792941542, []], "[\"NoTrans\", []]": [631, -134.85439341170368, []]}, "{\"10.0.0.11_10.0.0.41\": [1, 2, 4], \"10.0.0.12_10.0.0.42\": [1, 3, 4], \"10.0.0.13_10.0.0.43\": [1, 2, 4]}": {"[\"10.0.0.11_10.0.0.41\", [1, 3, 4]]": [1, -189.97338618043105, []], "[\"10.0.0.12_10.0.0.42\", [1, 2, 4]]": [1, -223.96882781982424, []], "[\"10.0.0.13_10.0.0.43\", [1, 3, 4]]": [2, -186.3649070707583, []], "[\"NoTrans\", []]": [1, -206.08989155238464, []]}, "{\"10.0.0.11_10.0.0.41\": [1, 2, 4], \"10.0.0.12_10.0.0.42\": [1, 2, 4], \"10.0.0.13_10.0.0.43\": [1, 3, 4]}": {"[\"10.0.0.11_10.0.0.41\", [1, 3, 4]]": [2, -227.4505494042702, []], "[\"10.0.0.12_10.0.0.42\", [1, 3, 4]]": [2, -195.8193011385258, []], "[\"10.0.0.13_10.0.0.43\", [1, 2, 4]]": [1, -222.8102088928223, []], "[\"NoTrans\", []]": [2, -251.40353909144102, []]}, "{\"10.0.0.11_10.0.0.41\": [1, 2, 4], \"10.0.0.12_10.0.0.42\": [1, 2, 4], \"10.0.0.13_10.0.0.43\": [1, 2, 4]}": {"[\"10.0.0.11_10.0.0.41\", [1, 3, 4]]": [1, -202.8543410211533, []], "[\"10.0.0.12_10.0.0.42\", [1, 3, 4]]": [1, -187.2577977753227, []], "[\"10.0.0.13_10.0.0.43\", [1, 3, 4]]": [2, -217.66806152216722, []], "[\"NoTrans\", []]": [1, -221.9376922607422, []]}}