{"{\"10.0.0.11_10.0.0.41\": [1, 3, 4], \"10.0.0.12_10.0.0.42\": [1, 3, 4], \"10.0.0.13_10.0.0.43\": [1, 3, 4]}": {"[\"10.0.0.13_10.0.0.43\", [1, 2, 4]]": [10, -304.8054885886834, []], "[\"10.0.0.12_10.0.0.42\", [1, 2, 4]]": [7, -304.1119141944162, []], "[\"10.0.0.11_10.0.0.41\", [1, 2, 4]]": [48, -134.05249171661617, []], "[\"NoTrans\", []]": [3, -216.34162490248656, []]}, "{\"10.0.0.11_10.0.0.41\": [1, 2, 4], \"10.0.0.12_10.0.0.42\": [1, 3, 4], \"10.0.0.13_10.0.0.43\": [1, 3, 4]}": {"[\"10.0.0.13_10.0.0.43\", [1, 2, 4]]": [42, -255.6213021037224, []], "[\"10.0.0.12_10.0.0.42\", [1, 2, 4]]": [11, -292.63447395242133, []], "[\"10.0.0.11_10.0.0.41\", [1, 3, 4]]": [30, -210.63197221264537, []], "[\"NoTrans\", []]": [419, -131.53241332696422, []]}, "{\"10.0.0.11_10.0.0.41\": [1, 3, 4], \"10.0.0.12_10.0.0.42\": [1, 2, 4], \"10.0.0.13_10.0.0.43\": [1, 3, 4]}": {"[\"10.0.0.13_10.0.0.43\", [1, 2, 4]]": [16, -386.3900582970024, []], "[\"10.0.0.12_10.0.0.42\", [1, 3, 4]]": [8, -208.5119945136871, []], "[\"10.0.0.11_10.0.0.41\", [1, 2, 4]]": [0, -Infinity, []], "[\"NoTrans\", []]": [0, -Infinity, []]}, "{\"10.0.0.11_10.0.0.41\": [1, 2, 4], \"10.0.0.12_10.0.0.42\": [1, 2, 4], \"10.0.0.13_10.0.0.43\": [1, 3, 4]}": {"[\"10.0.0.13_10.0.0.43\", [1, 2, 4]]": [18, -318.19035754981434, []], "[\"10.0.0.12_10.0.0.42\", [1, 3, 4]]": [0, -Infinity, []], "[\"10.0.0.11_10.0.0.41\", [1, 3, 4]]": [2, -242.16100182923543, []], "[\"NoTrans\", []]": [0, -Infinity, []]}, "{\"10.0.0.11_10.0.0.41\": [1, 3, 4], \"10.0.0.12_10.0.0.42\": [1, 3, 4], \"10.0.0.13_10.0.0.43\": [1, 2, 4]}": {"[\"10.0.0.13_10.0.0.43\", [1, 3, 4]]": [27, -215.6854974336541, []], "[\"10.0.0.12_10.0.0.42\", [1, 2, 4]]": [10, -413.6816912684892, []], "[\"10.0.0.11_10.0.0.41\", [1, 2, 4]]": [0, -Infinity, []], "[\"NoTrans\", []]": [15, -403.87023634151916, []]}, "{\"10.0.0.11_10.0.0.41\": [1, 2, 4], \"10.0.0.12_10.0.0.42\": [1, 3, 4], \"10.0.0.13_10.0.0.43\": [1, 2, 4]}": {"[\"10.0.0.13_10.0.0.43\", [1, 3, 4]]": [35, -186.25653818580832, []], "[\"10.0.0.12_10.0.0.42\", [1, 2, 4]]": [3, -368.79475392999944, []], "[\"10.0.0.11_10.0.0.41\", [1, 3, 4]]": [13, -248.6094446553066, []], "[\"NoTrans\", []]": [0, -Infinity, []]}, "{\"10.0.0.11_10.0.0.41\": [1, 3, 4], \"10.0.0.12_10.0.0.42\": [1, 2, 4], \"10.0.0.13_10.0.0.43\": [1, 2, 4]}": {"[\"10.0.0.13_10.0.0.43\", [1, 3, 4]]": [15, -450.75665212591275, []], "[\"10.0.0.12_10.0.0.42\", [1, 3, 4]]": [14, -258.39992425618834, []], "[\"10.0.0.11_10.0.0.41\", [1, 2, 4]]": [0, -Infinity, []], "[\"NoTrans\", []]": [7, -445.3491389008183, []]}, "{\"10.0.0.11_10.0.0.41\": [1, 2, 4], \"10.0.0.12_10.0.0.42\": [1, 2, 4], \"10.0.0.13_10.0.0.43\": [1, 2, 4]}": {"[\"10.0.0.13_10.0.0.43\", [1, 3, 4]]": [9, -511.03282569581836, []], "[\"10.0.0.12_10.0.0.42\", [1, 3, 4]]": [9, -237.54270245681448, []], "[\"10.0.0.11_10.0.0.41\", [1, 3, 4]]": [3, -333.2631800743142, []], "[\"NoTrans\", []]": [7, -346.48438749190046, []]}}