{"{\"10.0.0.11_10.0.0.41\": [1, 3, 4], \"10.0.0.12_10.0.0.42\": [1, 3, 4], \"10.0.0.13_10.0.0.43\": [1, 3, 4]}": {"[\"10.0.0.12_10.0.0.42\", [1, 2, 4]]": [17, -410.7073575385405, []], "[\"10.0.0.13_10.0.0.43\", [1, 2, 4]]": [14, -407.376979826443, []], "[\"10.0.0.11_10.0.0.41\", [1, 2, 4]]": [9, -416.7153033507123, []], "[\"NoTrans\", []]": [9, -430.83625698635376, []]}, "{\"10.0.0.11_10.0.0.41\": [1, 2, 4], \"10.0.0.12_10.0.0.42\": [1, 3, 4], \"10.0.0.13_10.0.0.43\": [1, 3, 4]}": {"[\"10.0.0.12_10.0.0.42\", [1, 2, 4]]": [8, -423.84695972226757, []], "[\"10.0.0.13_10.0.0.43\", [1, 2, 4]]": [8, -408.45126752087185, []], "[\"10.0.0.11_10.0.0.41\", [1, 3, 4]]": [8, -422.33508245225346, []], "[\"NoTrans\", []]": [7, -426.5274030123499, []]}, "{\"10.0.0.11_10.0.0.41\": [1, 3, 4], \"10.0.0.12_10.0.0.42\": [1, 3, 4], \"10.0.0.13_10.0.0.43\": [1, 2, 4]}": {"[\"10.0.0.12_10.0.0.42\", [1, 2, 4]]": [14, -433.5240528160682, []], "[\"10.0.0.13_10.0.0.43\", [1, 3, 4]]": [15, -422.74890587152544, []], "[\"10.0.0.11_10.0.0.41\", [1, 2, 4]]": [11, -418.32078245374925, []], "[\"NoTrans\", []]": [24, -406.8196062642857, []]}, "{\"10.0.0.11_10.0.0.41\": [1, 2, 4], \"10.0.0.12_10.0.0.42\": [1, 3, 4], \"10.0.0.13_10.0.0.43\": [1, 2, 4]}": {"[\"10.0.0.12_10.0.0.42\", [1, 2, 4]]": [6, -411.2080537847843, []], "[\"10.0.0.13_10.0.0.43\", [1, 3, 4]]": [7, -424.9800427983787, []], "[\"10.0.0.11_10.0.0.41\", [1, 3, 4]]": [12, -408.0716549603124, []], "[\"NoTrans\", []]": [7, -406.3205826128837, []]}, "{\"10.0.0.11_10.0.0.41\": [1, 3, 4], \"10.0.0.12_10.0.0.42\": [1, 2, 4], \"10.0.0.13_10.0.0.43\": [1, 3, 4]}": {"[\"10.0.0.12_10.0.0.42\", [1, 3, 4]]": [17, -429.2638145422589, []], "[\"10.0.0.13_10.0.0.43\", [1, 2, 4]]": [17, -431.7808856820714, []], "[\"10.0.0.11_10.0.0.41\", [1, 2, 4]]": [16, -431.1652902276321, []], "[\"NoTrans\", []]": [39, -414.1959422622258, []]}, "{\"10.0.0.11_10.0.0.41\": [1, 2, 4], \"10.0.0.12_10.0.0.42\": [1, 2, 4], \"10.0.0.13_10.0.0.43\": [1, 3, 4]}": {"[\"10.0.0.12_10.0.0.42\", [1, 3, 4]]": [8, -429.0761233715174, []], "[\"10.0.0.13_10.0.0.43\", [1, 2, 4]]": [6, -421.80044480644386, []], "[\"10.0.0.11_10.0.0.41\", [1, 3, 4]]": [17, -412.4250475054121, []], "[\"NoTrans\", []]": [9, -424.9644122494, []]}, "{\"10.0.0.11_10.0.0.41\": [1, 3, 4], \"10.0.0.12_10.0.0.42\": [1, 2, 4], \"10.0.0.13_10.0.0.43\": [1, 2, 4]}": {"[\"10.0.0.12_10.0.0.42\", [1, 3, 4]]": [14, -411.0133131412982, []], "[\"10.0.0.13_10.0.0.43\", [1, 3, 4]]": [16, -411.7535023954145, []], "[\"10.0.0.11_10.0.0.41\", [1, 2, 4]]": [7, -411.75504958565483, []], "[\"NoTrans\", []]": [9, -418.9043321432453, []]}, "{\"10.0.0.11_10.0.0.41\": [1, 2, 4], \"10.0.0.12_10.0.0.42\": [1, 2, 4], \"10.0.0.13_10.0.0.43\": [1, 2, 4]}": {"[\"10.0.0.12_10.0.0.42\", [1, 3, 4]]": [6, -405.62153421767204, []], "[\"10.0.0.13_10.0.0.43\", [1, 3, 4]]": [7, -412.67566419447587, []], "[\"10.0.0.11_10.0.0.41\", [1, 3, 4]]": [6, -403.9224584578567, []], "[\"NoTrans\", []]": [5, -418.3273247401993, []]}}