{"{\"10.0.0.11_10.0.0.41\": [1, 3, 4], \"10.0.0.12_10.0.0.42\": [1, 3, 4], \"10.0.0.13_10.0.0.43\": [1, 3, 4]}": {"[\"10.0.0.12_10.0.0.42\", [1, 2, 4]]": [0, -140, []], "[\"10.0.0.11_10.0.0.41\", [1, 2, 4]]": [1, -143.16717857560087, []], "[\"10.0.0.13_10.0.0.43\", [1, 2, 4]]": [2, -185.1026424106144, []], "[\"NoTrans\", []]": [1, -200.28117904663085, []]}, "{\"10.0.0.11_10.0.0.41\": [1, 3, 4], \"10.0.0.12_10.0.0.42\": [1, 3, 4], \"10.0.0.13_10.0.0.43\": [1, 2, 4]}": {"[\"10.0.0.12_10.0.0.42\", [1, 2, 4]]": [1, -206.414683317764, []], "[\"10.0.0.11_10.0.0.41\", [1, 2, 4]]": [2, -202.02068154623467, []], "[\"10.0.0.13_10.0.0.43\", [1, 3, 4]]": [1, -202.6728988647461, []], "[\"NoTrans\", []]": [1, -189.25162880712884, []]}, "{\"10.0.0.11_10.0.0.41\": [1, 2, 4], \"10.0.0.12_10.0.0.42\": [1, 3, 4], \"10.0.0.13_10.0.0.43\": [1, 3, 4]}": {"[\"10.0.0.12_10.0.0.42\", [1, 2, 4]]": [154, -201.4039907634612, []], "[\"10.0.0.11_10.0.0.41\", [1, 3, 4]]": [1, -204.12601242065432, []], "[\"10.0.0.13_10.0.0.43\", [1, 2, 4]]": [1, -231.02083828165354, []], "[\"NoTrans\", []]": [362, -135.22493426731748, []]}, "{\"10.0.0.11_10.0.0.41\": [1, 2, 4], \"10.0.0.12_10.0.0.42\": [1, 3, 4], \"10.0.0.13_10.0.0.43\": [1, 2, 4]}": {"[\"10.0.0.12_10.0.0.42\", [1, 2, 4]]": [1, -224.37807530034667, []], "[\"10.0.0.11_10.0.0.41\", [1, 3, 4]]": [1, -185.28738463668373, []], "[\"10.0.0.13_10.0.0.43\", [1, 3, 4]]": [2, -193.4359404213075, []], "[\"NoTrans\", []]": [75, -190.87328365054861, []]}, "{\"10.0.0.11_10.0.0.41\": [1, 3, 4], \"10.0.0.12_10.0.0.42\": [1, 2, 4], \"10.0.0.13_10.0.0.43\": [1, 3, 4]}": {"[\"10.0.0.12_10.0.0.42\", [1, 3, 4]]": [1, -141.9096351623535, []], "[\"10.0.0.11_10.0.0.41\", [1, 2, 4]]": [0, -140, []], "[\"10.0.0.13_10.0.0.43\", [1, 2, 4]]": [1, -203.76177479431195, []], "[\"NoTrans\", []]": [1, -187.05499271489097, []]}, "{\"10.0.0.11_10.0.0.41\": [1, 3, 4], \"10.0.0.12_10.0.0.42\": [1, 2, 4], \"10.0.0.13_10.0.0.43\": [1, 2, 4]}": {"[\"10.0.0.12_10.0.0.42\", [1, 3, 4]]": [1, -186.83051058476698, []], "[\"10.0.0.11_10.0.0.41\", [1, 2, 4]]": [1, -221.20965728759768, []], "[\"10.0.0.13_10.0.0.43\", [1, 3, 4]]": [1, -140.8970291322844, []], "[\"NoTrans\", []]": [1, -205.7559876113482, []]}, "{\"10.0.0.11_10.0.0.41\": [1, 2, 4], \"10.0.0.12_10.0.0.42\": [1, 2, 4], \"10.0.0.13_10.0.0.43\": [1, 3, 4]}": {"[\"10.0.0.12_10.0.0.42\", [1, 3, 4]]": [154, -171.60812356436713, []], "[\"10.0.0.11_10.0.0.41\", [1, 3, 4]]": [1, -185.33025619915557, []], "[\"10.0.0.13_10.0.0.43\", [1, 2, 4]]": [1, -221.1458564758301, []], "[\"NoTrans\", []]": [0, -140, []]}, "{\"10.0.0.11_10.0.0.41\": [1, 2, 4], \"10.0.0.12_10.0.0.42\": [1, 2, 4], \"10.0.0.13_10.0.0.43\": [1, 2, 4]}": {"[\"10.0.0.12_10.0.0.42\", [1, 3, 4]]": [1, -202.84693377135036, []], "[\"10.0.0.11_10.0.0.41\", [1, 3, 4]]": [1, -205.63800890211343, []], "[\"10.0.0.13_10.0.0.43\", [1, 3, 4]]": [2, -205.5328853232847, []], "[\"NoTrans\", []]": [1, -228.10567626953127, []]}}