{"{\"10.0.0.11_10.0.0.41\": [1, 3, 4], \"10.0.0.12_10.0.0.42\": [1, 3, 4], \"10.0.0.13_10.0.0.43\": [1, 3, 4]}": {"[\"10.0.0.11_10.0.0.41\", [1, 2, 4]]": [2, -143.28077029778714, []], "[\"10.0.0.13_10.0.0.43\", [1, 2, 4]]": [1, -216.89591070299002, []], "[\"10.0.0.12_10.0.0.42\", [1, 2, 4]]": [1, -185.2467693696064, []], "[\"NoTrans\", []]": [1, -202.57028350830078, []]}, "{\"10.0.0.11_10.0.0.41\": [1, 3, 4], \"10.0.0.12_10.0.0.42\": [1, 2, 4], \"10.0.0.13_10.0.0.43\": [1, 3, 4]}": {"[\"10.0.0.11_10.0.0.41\", [1, 2, 4]]": [0, -140, []], "[\"10.0.0.13_10.0.0.43\", [1, 2, 4]]": [2, -232.7633486745562, []], "[\"10.0.0.12_10.0.0.42\", [1, 3, 4]]": [1, -203.71173629760742, []], "[\"NoTrans\", []]": [1, -187.42848206356175, []]}, "{\"10.0.0.11_10.0.0.41\": [1, 3, 4], \"10.0.0.12_10.0.0.42\": [1, 3, 4], \"10.0.0.13_10.0.0.43\": [1, 2, 4]}": {"[\"10.0.0.11_10.0.0.41\", [1, 2, 4]]": [1, -206.99078983149792, []], "[\"10.0.0.13_10.0.0.43\", [1, 3, 4]]": [2, -220.7210378140449, []], "[\"10.0.0.12_10.0.0.42\", [1, 2, 4]]": [1, -205.2812998621639, []], "[\"NoTrans\", []]": [2, -226.65780537454245, []]}, "{\"10.0.0.11_10.0.0.41\": [1, 3, 4], \"10.0.0.12_10.0.0.42\": [1, 2, 4], \"10.0.0.13_10.0.0.43\": [1, 2, 4]}": {"[\"10.0.0.11_10.0.0.41\", [1, 2, 4]]": [1, -223.10578097698203, []], "[\"10.0.0.13_10.0.0.43\", [1, 3, 4]]": [2, -196.57767307239374, []], "[\"10.0.0.12_10.0.0.42\", [1, 3, 4]]": [2, -195.7015890200693, []], "[\"NoTrans\", []]": [384, -194.35847429785645, []]}, "{\"10.0.0.11_10.0.0.41\": [1, 2, 4], \"10.0.0.12_10.0.0.42\": [1, 3, 4], \"10.0.0.13_10.0.0.43\": [1, 3, 4]}": {"[\"10.0.0.11_10.0.0.41\", [1, 3, 4]]": [1, -199.7162223815918, []], "[\"10.0.0.13_10.0.0.43\", [1, 2, 4]]": [1, -204.56867345100625, []], "[\"10.0.0.12_10.0.0.42\", [1, 2, 4]]": [1, -173.6953550955741, []], "[\"NoTrans\", []]": [373, -128.1634976451534, []]}, "{\"10.0.0.11_10.0.0.41\": [1, 2, 4], \"10.0.0.12_10.0.0.42\": [1, 2, 4], \"10.0.0.13_10.0.0.43\": [1, 3, 4]}": {"[\"10.0.0.11_10.0.0.41\", [1, 3, 4]]": [0, -140, []], "[\"10.0.0.13_10.0.0.43\", [1, 2, 4]]": [1, -223.25223693847659, []], "[\"10.0.0.12_10.0.0.42\", [1, 3, 4]]": [1, -157.81390527031482, []], "[\"NoTrans\", []]": [0, -140, []]}, "{\"10.0.0.11_10.0.0.41\": [1, 2, 4], \"10.0.0.12_10.0.0.42\": [1, 3, 4], \"10.0.0.13_10.0.0.43\": [1, 2, 4]}": {"[\"10.0.0.11_10.0.0.41\", [1, 3, 4]]": [1, -186.42265979844842, []], "[\"10.0.0.13_10.0.0.43\", [1, 3, 4]]": [1, -175.7329463288182, []], "[\"10.0.0.12_10.0.0.42\", [1, 2, 4]]": [1, -222.44647750854494, []], "[\"NoTrans\", []]": [1, -204.5173170844708, []]}, "{\"10.0.0.11_10.0.0.41\": [1, 2, 4], \"10.0.0.12_10.0.0.42\": [1, 2, 4], \"10.0.0.13_10.0.0.43\": [1, 2, 4]}": {"[\"10.0.0.11_10.0.0.41\", [1, 3, 4]]": [2, -230.29100786085735, []], "[\"10.0.0.13_10.0.0.43\", [1, 3, 4]]": [1, -191.79683053414766, []], "[\"10.0.0.12_10.0.0.42\", [1, 3, 4]]": [1, -204.58446484511813, []], "[\"NoTrans\", []]": [0, -140, []]}}