{"{\"10.0.0.11_10.0.0.41\": [1, 3, 4], \"10.0.0.12_10.0.0.42\": [1, 3, 4], \"10.0.0.13_10.0.0.43\": [1, 3, 4]}": {"[\"10.0.0.11_10.0.0.41\", [1, 2, 4]]": [6, -178.72817500979232, []], "[\"10.0.0.12_10.0.0.42\", [1, 2, 4]]": [2, -195.36753979234282, []], "[\"10.0.0.13_10.0.0.43\", [1, 2, 4]]": [3, -224.45257400358105, []], "[\"NoTrans\", []]": [3, -223.76168793962634, []]}, "{\"10.0.0.11_10.0.0.41\": [1, 3, 4], \"10.0.0.12_10.0.0.42\": [1, 3, 4], \"10.0.0.13_10.0.0.43\": [1, 2, 4]}": {"[\"10.0.0.11_10.0.0.41\", [1, 2, 4]]": [3, -225.5824663056443, []], "[\"10.0.0.12_10.0.0.42\", [1, 2, 4]]": [2, -224.06150916157395, []], "[\"10.0.0.13_10.0.0.43\", [1, 3, 4]]": [3, -229.45810365513915, []], "[\"NoTrans\", []]": [2, -191.50392594822887, []]}, "{\"10.0.0.11_10.0.0.41\": [1, 3, 4], \"10.0.0.12_10.0.0.42\": [1, 2, 4], \"10.0.0.13_10.0.0.43\": [1, 3, 4]}": {"[\"10.0.0.11_10.0.0.41\", [1, 2, 4]]": [3, -227.38612279660123, []], "[\"10.0.0.12_10.0.0.42\", [1, 3, 4]]": [3, -198.9458375497494, []], "[\"10.0.0.13_10.0.0.43\", [1, 2, 4]]": [2, -219.10797624068323, []], "[\"NoTrans\", []]": [2, -194.0728479665473, []]}, "{\"10.0.0.11_10.0.0.41\": [1, 3, 4], \"10.0.0.12_10.0.0.42\": [1, 2, 4], \"10.0.0.13_10.0.0.43\": [1, 2, 4]}": {"[\"10.0.0.11_10.0.0.41\", [1, 2, 4]]": [2, -216.93258669571514, []], "[\"10.0.0.12_10.0.0.42\", [1, 3, 4]]": [2, -191.40323242079754, []], "[\"10.0.0.13_10.0.0.43\", [1, 3, 4]]": [3, -217.1072399223001, []], "[\"NoTrans\", []]": [2, -235.38454599429645, []]}, "{\"10.0.0.11_10.0.0.41\": [1, 2, 4], \"10.0.0.12_10.0.0.42\": [1, 3, 4], \"10.0.0.13_10.0.0.43\": [1, 3, 4]}": {"[\"10.0.0.11_10.0.0.41\", [1, 3, 4]]": [5, -229.94018492129024, []], "[\"10.0.0.12_10.0.0.42\", [1, 2, 4]]": [4, -229.7983082751869, []], "[\"10.0.0.13_10.0.0.43\", [1, 2, 4]]": [4, -238.56378062900973, []], "[\"NoTrans\", []]": [785, -155.9533743292227, []]}, "{\"10.0.0.11_10.0.0.41\": [1, 2, 4], \"10.0.0.12_10.0.0.42\": [1, 3, 4], \"10.0.0.13_10.0.0.43\": [1, 2, 4]}": {"[\"10.0.0.11_10.0.0.41\", [1, 3, 4]]": [3, -213.5222621518449, []], "[\"10.0.0.12_10.0.0.42\", [1, 2, 4]]": [3, -223.4665716538766, []], "[\"10.0.0.13_10.0.0.43\", [1, 3, 4]]": [4, -185.87219121782502, []], "[\"NoTrans\", []]": [2, -188.22581215230383, []]}, "{\"10.0.0.11_10.0.0.41\": [1, 2, 4], \"10.0.0.12_10.0.0.42\": [1, 2, 4], \"10.0.0.13_10.0.0.43\": [1, 3, 4]}": {"[\"10.0.0.11_10.0.0.41\", [1, 3, 4]]": [3, -219.33183058500967, []], "[\"10.0.0.12_10.0.0.42\", [1, 3, 4]]": [4, -196.35346923835056, []], "[\"10.0.0.13_10.0.0.43\", [1, 2, 4]]": [2, -235.4229379250482, []], "[\"NoTrans\", []]": [2, -194.84743097800475, []]}, "{\"10.0.0.11_10.0.0.41\": [1, 2, 4], \"10.0.0.12_10.0.0.42\": [1, 2, 4], \"10.0.0.13_10.0.0.43\": [1, 2, 4]}": {"[\"10.0.0.11_10.0.0.41\", [1, 3, 4]]": [3, -240.61379614618176, []], "[\"10.0.0.12_10.0.0.42\", [1, 3, 4]]": [2, -216.14299021324723, []], "[\"10.0.0.13_10.0.0.43\", [1, 3, 4]]": [2, -215.46669859722624, []], "[\"NoTrans\", []]": [2, -232.19976669091733, []]}}