{"{\"10.0.0.11_10.0.0.41\": [1, 3, 4], \"10.0.0.12_10.0.0.42\": [1, 3, 4], \"10.0.0.13_10.0.0.43\": [1, 3, 4]}": {"[\"10.0.0.12_10.0.0.42\", [1, 2, 4]]": [0, -140, []], "[\"10.0.0.11_10.0.0.41\", [1, 2, 4]]": [0, -140, []], "[\"10.0.0.13_10.0.0.43\", [1, 2, 4]]": [1, -140.68252794003996, []], "[\"NoTrans\", []]": [1, -226.64684066772463, []]}, "{\"10.0.0.11_10.0.0.41\": [1, 3, 4], \"10.0.0.12_10.0.0.42\": [1, 3, 4], \"10.0.0.13_10.0.0.43\": [1, 2, 4]}": {"[\"10.0.0.12_10.0.0.42\", [1, 2, 4]]": [2, -175.02168641952068, []], "[\"10.0.0.11_10.0.0.41\", [1, 2, 4]]": [1, -185.5374691298022, []], "[\"10.0.0.13_10.0.0.43\", [1, 3, 4]]": [1, -228.12141189575198, []], "[\"NoTrans\", []]": [0, -140, []]}, "{\"10.0.0.11_10.0.0.41\": [1, 2, 4], \"10.0.0.12_10.0.0.42\": [1, 3, 4], \"10.0.0.13_10.0.0.43\": [1, 3, 4]}": {"[\"10.0.0.12_10.0.0.42\", [1, 2, 4]]": [2, -204.27003277440951, []], "[\"10.0.0.11_10.0.0.41\", [1, 3, 4]]": [0, -140, []], "[\"10.0.0.13_10.0.0.43\", [1, 2, 4]]": [0, -140, []], "[\"NoTrans\", []]": [0, -140, []]}, "{\"10.0.0.11_10.0.0.41\": [1, 2, 4], \"10.0.0.12_10.0.0.42\": [1, 3, 4], \"10.0.0.13_10.0.0.43\": [1, 2, 4]}": {"[\"10.0.0.12_10.0.0.42\", [1, 2, 4]]": [1, -199.3538362740533, []], "[\"10.0.0.11_10.0.0.41\", [1, 3, 4]]": [2, -209.22087270448253, []], "[\"10.0.0.13_10.0.0.43\", [1, 3, 4]]": [1, -206.42687159120072, []], "[\"NoTrans\", []]": [1, -184.27505197347563, []]}, "{\"10.0.0.11_10.0.0.41\": [1, 3, 4], \"10.0.0.12_10.0.0.42\": [1, 2, 4], \"10.0.0.13_10.0.0.43\": [1, 3, 4]}": {"[\"10.0.0.12_10.0.0.42\", [1, 3, 4]]": [0, -140, []], "[\"10.0.0.11_10.0.0.41\", [1, 2, 4]]": [1, -183.40040375264192, []], "[\"10.0.0.13_10.0.0.43\", [1, 2, 4]]": [2, -175.24724950402708, []], "[\"NoTrans\", []]": [0, -140, []]}, "{\"10.0.0.11_10.0.0.41\": [1, 3, 4], \"10.0.0.12_10.0.0.42\": [1, 2, 4], \"10.0.0.13_10.0.0.43\": [1, 2, 4]}": {"[\"10.0.0.12_10.0.0.42\", [1, 3, 4]]": [1, -205.64123280685465, []], "[\"10.0.0.11_10.0.0.41\", [1, 2, 4]]": [7, -200.62352267447181, []], "[\"10.0.0.13_10.0.0.43\", [1, 3, 4]]": [2, -207.44171705704488, []], "[\"NoTrans\", []]": [373, -124.12722349891253, []]}, "{\"10.0.0.11_10.0.0.41\": [1, 2, 4], \"10.0.0.12_10.0.0.42\": [1, 2, 4], \"10.0.0.13_10.0.0.43\": [1, 3, 4]}": {"[\"10.0.0.12_10.0.0.42\", [1, 3, 4]]": [1, -206.51364694624513, []], "[\"10.0.0.11_10.0.0.41\", [1, 3, 4]]": [1, -204.5016308227768, []], "[\"10.0.0.13_10.0.0.43\", [1, 2, 4]]": [60, -210.12446941938964, []], "[\"NoTrans\", []]": [128, -211.71862697470237, []]}, "{\"10.0.0.11_10.0.0.41\": [1, 2, 4], \"10.0.0.12_10.0.0.42\": [1, 2, 4], \"10.0.0.13_10.0.0.43\": [1, 2, 4]}": {"[\"10.0.0.12_10.0.0.42\", [1, 3, 4]]": [3, -184.46075541997152, []], "[\"10.0.0.11_10.0.0.41\", [1, 3, 4]]": [7, -152.17240908032048, []], "[\"10.0.0.13_10.0.0.43\", [1, 3, 4]]": [59, -183.59259020829748, []], "[\"NoTrans\", []]": [130, -142.84593515039998, []]}}