{"{\"10.0.0.11_10.0.0.41\": [1, 3, 4], \"10.0.0.12_10.0.0.42\": [1, 3, 4], \"10.0.0.13_10.0.0.43\": [1, 3, 4]}": {"[\"10.0.0.11_10.0.0.41\", [1, 2, 4]]": [9, -217.36097783517556, []], "[\"10.0.0.12_10.0.0.42\", [1, 2, 4]]": [2, -220.97787521070492, []], "[\"10.0.0.13_10.0.0.43\", [1, 2, 4]]": [2, -250.91563282197168, []], "[\"NoTrans\", []]": [2, -254.52146871948247, []]}, "{\"10.0.0.11_10.0.0.41\": [1, 3, 4], \"10.0.0.12_10.0.0.42\": [1, 3, 4], \"10.0.0.13_10.0.0.43\": [1, 2, 4]}": {"[\"10.0.0.11_10.0.0.41\", [1, 2, 4]]": [3, -282.60136220996066, []], "[\"10.0.0.12_10.0.0.42\", [1, 2, 4]]": [3, -265.18651103058613, []], "[\"10.0.0.13_10.0.0.43\", [1, 3, 4]]": [4, -243.64902423879465, []], "[\"NoTrans\", []]": [5, -278.7268905428876, []]}, "{\"10.0.0.11_10.0.0.41\": [1, 3, 4], \"10.0.0.12_10.0.0.42\": [1, 2, 4], \"10.0.0.13_10.0.0.43\": [1, 3, 4]}": {"[\"10.0.0.11_10.0.0.41\", [1, 2, 4]]": [2, -245.9294584394344, []], "[\"10.0.0.12_10.0.0.42\", [1, 3, 4]]": [3, -222.52956029193615, []], "[\"10.0.0.13_10.0.0.43\", [1, 2, 4]]": [2, -260.9891176111229, []], "[\"NoTrans\", []]": [3, -239.49035152612035, []]}, "{\"10.0.0.11_10.0.0.41\": [1, 3, 4], \"10.0.0.12_10.0.0.42\": [1, 2, 4], \"10.0.0.13_10.0.0.43\": [1, 2, 4]}": {"[\"10.0.0.11_10.0.0.41\", [1, 2, 4]]": [2, -287.7177391248572, []], "[\"10.0.0.12_10.0.0.42\", [1, 3, 4]]": [4, -278.06398406765845, []], "[\"10.0.0.13_10.0.0.43\", [1, 3, 4]]": [2, -233.4153102949936, []], "[\"NoTrans\", []]": [2, -263.1152649797327, []]}, "{\"10.0.0.11_10.0.0.41\": [1, 2, 4], \"10.0.0.12_10.0.0.42\": [1, 3, 4], \"10.0.0.13_10.0.0.43\": [1, 3, 4]}": {"[\"10.0.0.11_10.0.0.41\", [1, 3, 4]]": [6, -265.99499008795914, []], "[\"10.0.0.12_10.0.0.42\", [1, 2, 4]]": [6, -254.1388764838929, []], "[\"10.0.0.13_10.0.0.43\", [1, 2, 4]]": [6, -280.7515147954991, []], "[\"NoTrans\", []]": [558, -137.03433307629123, []]}, "{\"10.0.0.11_10.0.0.41\": [1, 2, 4], \"10.0.0.12_10.0.0.42\": [1, 3, 4], \"10.0.0.13_10.0.0.43\": [1, 2, 4]}": {"[\"10.0.0.11_10.0.0.41\", [1, 3, 4]]": [4, -245.50011616973674, []], "[\"10.0.0.12_10.0.0.42\", [1, 2, 4]]": [3, -291.355342376709, []], "[\"10.0.0.13_10.0.0.43\", [1, 3, 4]]": [4, -213.89769687920185, []], "[\"NoTrans\", []]": [2, -256.1188740227697, []]}, "{\"10.0.0.11_10.0.0.41\": [1, 2, 4], \"10.0.0.12_10.0.0.42\": [1, 2, 4], \"10.0.0.13_10.0.0.43\": [1, 3, 4]}": {"[\"10.0.0.11_10.0.0.41\", [1, 3, 4]]": [2, -234.719388425739, []], "[\"10.0.0.12_10.0.0.42\", [1, 3, 4]]": [6, -206.29709829347163, []], "[\"10.0.0.13_10.0.0.43\", [1, 2, 4]]": [2, -280.41492735909327, []], "[\"NoTrans\", []]": [2, -249.28594181841984, []]}, "{\"10.0.0.11_10.0.0.41\": [1, 2, 4], \"10.0.0.12_10.0.0.42\": [1, 2, 4], \"10.0.0.13_10.0.0.43\": [1, 2, 4]}": {"[\"10.0.0.11_10.0.0.41\", [1, 3, 4]]": [3, -266.0146632869849, []], "[\"10.0.0.12_10.0.0.42\", [1, 3, 4]]": [2, -247.69508823608493, []], "[\"10.0.0.13_10.0.0.43\", [1, 3, 4]]": [2, -247.25697537546125, []], "[\"NoTrans\", []]": [2, -289.1458888854981, []]}}