{"{\"10.0.0.11_10.0.0.41\": [1, 3, 4], \"10.0.0.12_10.0.0.42\": [1, 3, 4], \"10.0.0.13_10.0.0.43\": [1, 3, 4]}": {"[\"10.0.0.13_10.0.0.43\", [1, 2, 4]]": [3, -256.5257845451992, []], "[\"10.0.0.12_10.0.0.42\", [1, 2, 4]]": [4, -270.95951119628154, []], "[\"10.0.0.11_10.0.0.41\", [1, 2, 4]]": [28, -164.75053121801562, []], "[\"NoTrans\", []]": [3, -236.77892808752077, []]}, "{\"10.0.0.11_10.0.0.41\": [1, 2, 4], \"10.0.0.12_10.0.0.42\": [1, 3, 4], \"10.0.0.13_10.0.0.43\": [1, 3, 4]}": {"[\"10.0.0.13_10.0.0.43\", [1, 2, 4]]": [12, -266.09181524149005, []], "[\"10.0.0.12_10.0.0.42\", [1, 2, 4]]": [11, -264.5162729140282, []], "[\"10.0.0.11_10.0.0.41\", [1, 3, 4]]": [27, -234.76407634885942, []], "[\"NoTrans\", []]": [485, -162.86370200299373, []]}, "{\"10.0.0.11_10.0.0.41\": [1, 3, 4], \"10.0.0.12_10.0.0.42\": [1, 2, 4], \"10.0.0.13_10.0.0.43\": [1, 3, 4]}": {"[\"10.0.0.13_10.0.0.43\", [1, 2, 4]]": [3, -254.2970978905, []], "[\"10.0.0.12_10.0.0.42\", [1, 3, 4]]": [5, -237.6648517706817, []], "[\"10.0.0.11_10.0.0.41\", [1, 2, 4]]": [3, -260.8457254173399, []], "[\"NoTrans\", []]": [3, -246.31623628751214, []]}, "{\"10.0.0.11_10.0.0.41\": [1, 2, 4], \"10.0.0.12_10.0.0.42\": [1, 2, 4], \"10.0.0.13_10.0.0.43\": [1, 3, 4]}": {"[\"10.0.0.13_10.0.0.43\", [1, 2, 4]]": [2, -281.2850798419181, []], "[\"10.0.0.12_10.0.0.42\", [1, 3, 4]]": [11, -191.6690959627484, []], "[\"10.0.0.11_10.0.0.41\", [1, 3, 4]]": [4, -270.7234969902036, []], "[\"NoTrans\", []]": [3, -265.7918457515181, []]}, "{\"10.0.0.11_10.0.0.41\": [1, 3, 4], \"10.0.0.12_10.0.0.42\": [1, 3, 4], \"10.0.0.13_10.0.0.43\": [1, 2, 4]}": {"[\"10.0.0.13_10.0.0.43\", [1, 3, 4]]": [3, -216.5203095223369, []], "[\"10.0.0.12_10.0.0.42\", [1, 2, 4]]": [2, -244.86428938908452, []], "[\"10.0.0.11_10.0.0.41\", [1, 2, 4]]": [4, -256.34971634632245, []], "[\"NoTrans\", []]": [2, -226.3543515520509, []]}, "{\"10.0.0.11_10.0.0.41\": [1, 2, 4], \"10.0.0.12_10.0.0.42\": [1, 3, 4], \"10.0.0.13_10.0.0.43\": [1, 2, 4]}": {"[\"10.0.0.13_10.0.0.43\", [1, 3, 4]]": [11, -193.48307137557424, []], "[\"10.0.0.12_10.0.0.42\", [1, 2, 4]]": [2, -278.8292286381598, []], "[\"10.0.0.11_10.0.0.41\", [1, 3, 4]]": [3, -245.9908623760984, []], "[\"NoTrans\", []]": [2, -254.88854519495132, []]}, "{\"10.0.0.11_10.0.0.41\": [1, 3, 4], \"10.0.0.12_10.0.0.42\": [1, 2, 4], \"10.0.0.13_10.0.0.43\": [1, 2, 4]}": {"[\"10.0.0.13_10.0.0.43\", [1, 3, 4]]": [3, -263.4284140981735, []], "[\"10.0.0.12_10.0.0.42\", [1, 3, 4]]": [2, -244.69955078238374, []], "[\"10.0.0.11_10.0.0.41\", [1, 2, 4]]": [3, -287.0441733207486, []], "[\"NoTrans\", []]": [2, -246.7180590050315, []]}, "{\"10.0.0.11_10.0.0.41\": [1, 2, 4], \"10.0.0.12_10.0.0.42\": [1, 2, 4], \"10.0.0.13_10.0.0.43\": [1, 2, 4]}": {"[\"10.0.0.13_10.0.0.43\", [1, 3, 4]]": [3, -264.28582329629546, []], "[\"10.0.0.12_10.0.0.42\", [1, 3, 4]]": [1, -203.38165217685574, []], "[\"10.0.0.11_10.0.0.41\", [1, 3, 4]]": [3, -277.2828884015332, []], "[\"NoTrans\", []]": [2, -203.77637067841079, []]}}