{"{\"10.0.0.11_10.0.0.41\": [1, 3, 4], \"10.0.0.12_10.0.0.42\": [1, 3, 4], \"10.0.0.13_10.0.0.43\": [1, 3, 4]}": {"[\"10.0.0.13_10.0.0.43\", [1, 2, 4]]": [0, -140, []], "[\"10.0.0.12_10.0.0.42\", [1, 2, 4]]": [0, -140, []], "[\"10.0.0.11_10.0.0.41\", [1, 2, 4]]": [1, -146.5007100154636, []], "[\"NoTrans\", []]": [1, -201.98434600830078, []]}, "{\"10.0.0.11_10.0.0.41\": [1, 2, 4], \"10.0.0.12_10.0.0.42\": [1, 3, 4], \"10.0.0.13_10.0.0.43\": [1, 3, 4]}": {"[\"10.0.0.13_10.0.0.43\", [1, 2, 4]]": [1, -204.96286081334915, []], "[\"10.0.0.12_10.0.0.42\", [1, 2, 4]]": [1, -225.48832862099925, []], "[\"10.0.0.11_10.0.0.41\", [1, 3, 4]]": [1, -198.2197166442871, []], "[\"NoTrans\", []]": [665, -126.63391323906392, []]}, "{\"10.0.0.11_10.0.0.41\": [1, 3, 4], \"10.0.0.12_10.0.0.42\": [1, 2, 4], \"10.0.0.13_10.0.0.43\": [1, 3, 4]}": {"[\"10.0.0.13_10.0.0.43\", [1, 2, 4]]": [1, -202.8274604982142, []], "[\"10.0.0.12_10.0.0.42\", [1, 3, 4]]": [0, -140, []], "[\"10.0.0.11_10.0.0.41\", [1, 2, 4]]": [1, -204.92244133332989, []], "[\"NoTrans\", []]": [1, -186.08862848691666, []]}, "{\"10.0.0.11_10.0.0.41\": [1, 2, 4], \"10.0.0.12_10.0.0.42\": [1, 2, 4], \"10.0.0.13_10.0.0.43\": [1, 3, 4]}": {"[\"10.0.0.13_10.0.0.43\", [1, 2, 4]]": [1, -223.40730438232424, []], "[\"10.0.0.12_10.0.0.42\", [1, 3, 4]]": [2, -191.6336344438256, []], "[\"10.0.0.11_10.0.0.41\", [1, 3, 4]]": [1, -185.05349687356306, []], "[\"NoTrans\", []]": [1, -203.2066984496842, []]}, "{\"10.0.0.11_10.0.0.41\": [1, 3, 4], \"10.0.0.12_10.0.0.42\": [1, 3, 4], \"10.0.0.13_10.0.0.43\": [1, 2, 4]}": {"[\"10.0.0.13_10.0.0.43\", [1, 3, 4]]": [0, -140, []], "[\"10.0.0.12_10.0.0.42\", [1, 2, 4]]": [1, -209.93753621888334, []], "[\"10.0.0.11_10.0.0.41\", [1, 2, 4]]": [1, -207.40693656033153, []], "[\"NoTrans\", []]": [0, -140, []]}, "{\"10.0.0.11_10.0.0.41\": [1, 2, 4], \"10.0.0.12_10.0.0.42\": [1, 3, 4], \"10.0.0.13_10.0.0.43\": [1, 2, 4]}": {"[\"10.0.0.13_10.0.0.43\", [1, 3, 4]]": [1, -175.35211681547963, []], "[\"10.0.0.12_10.0.0.42\", [1, 2, 4]]": [1, -222.58638153076174, []], "[\"10.0.0.11_10.0.0.41\", [1, 3, 4]]": [1, -188.87995387629843, []], "[\"NoTrans\", []]": [0, -140, []]}, "{\"10.0.0.11_10.0.0.41\": [1, 3, 4], \"10.0.0.12_10.0.0.42\": [1, 2, 4], \"10.0.0.13_10.0.0.43\": [1, 2, 4]}": {"[\"10.0.0.13_10.0.0.43\", [1, 3, 4]]": [1, -187.91070387620135, []], "[\"10.0.0.12_10.0.0.42\", [1, 3, 4]]": [1, -187.88378130540193, []], "[\"10.0.0.11_10.0.0.41\", [1, 2, 4]]": [1, -221.916520690918, []], "[\"NoTrans\", []]": [1, -208.5274605414303, []]}, "{\"10.0.0.11_10.0.0.41\": [1, 2, 4], \"10.0.0.12_10.0.0.42\": [1, 2, 4], \"10.0.0.13_10.0.0.43\": [1, 2, 4]}": {"[\"10.0.0.13_10.0.0.43\", [1, 3, 4]]": [1, -203.84412331231565, []], "[\"10.0.0.12_10.0.0.42\", [1, 3, 4]]": [1, -202.5641244441693, []], "[\"10.0.0.11_10.0.0.41\", [1, 3, 4]]": [1, -204.59808972299896, []], "[\"NoTrans\", []]": [1, -224.93976364135744, []]}}