{"{\"10.0.0.11_10.0.0.41\": [1, 3, 4], \"10.0.0.12_10.0.0.42\": [1, 3, 4], \"10.0.0.13_10.0.0.43\": [1, 3, 4]}": {"[\"10.0.0.13_10.0.0.43\", [1, 2, 4]]": [1, -151.69178448966397, []], "[\"10.0.0.12_10.0.0.42\", [1, 2, 4]]": [1, -150.04485687342805, []], "[\"10.0.0.11_10.0.0.41\", [1, 2, 4]]": [2, -120.02333058917489, []], "[\"NoTrans\", []]": [1, -164.09929656982422, []]}, "{\"10.0.0.11_10.0.0.41\": [1, 2, 4], \"10.0.0.12_10.0.0.42\": [1, 3, 4], \"10.0.0.13_10.0.0.43\": [1, 3, 4]}": {"[\"10.0.0.13_10.0.0.43\", [1, 2, 4]]": [1, -175.0155013075373, []], "[\"10.0.0.12_10.0.0.42\", [1, 2, 4]]": [1, -171.4518215245269, []], "[\"10.0.0.11_10.0.0.41\", [1, 3, 4]]": [1, -167.3963394165039, []], "[\"NoTrans\", []]": [646, -117.81755735389264, []]}, "{\"10.0.0.11_10.0.0.41\": [1, 3, 4], \"10.0.0.12_10.0.0.42\": [1, 2, 4], \"10.0.0.13_10.0.0.43\": [1, 3, 4]}": {"[\"10.0.0.13_10.0.0.43\", [1, 2, 4]]": [1, -172.7770894454444, []], "[\"10.0.0.12_10.0.0.42\", [1, 3, 4]]": [2, -181.27917448953002, []], "[\"10.0.0.11_10.0.0.41\", [1, 2, 4]]": [1, -175.2751708329539, []], "[\"NoTrans\", []]": [2, -198.27404072918665, []]}, "{\"10.0.0.11_10.0.0.41\": [1, 2, 4], \"10.0.0.12_10.0.0.42\": [1, 2, 4], \"10.0.0.13_10.0.0.43\": [1, 3, 4]}": {"[\"10.0.0.13_10.0.0.43\", [1, 2, 4]]": [1, -194.68058013916016, []], "[\"10.0.0.12_10.0.0.42\", [1, 3, 4]]": [1, -140.013727088449, []], "[\"10.0.0.11_10.0.0.41\", [1, 3, 4]]": [1, -151.5114163483882, []], "[\"NoTrans\", []]": [1, -176.10935421522652, []]}, "{\"10.0.0.11_10.0.0.41\": [1, 3, 4], \"10.0.0.12_10.0.0.42\": [1, 3, 4], \"10.0.0.13_10.0.0.43\": [1, 2, 4]}": {"[\"10.0.0.13_10.0.0.43\", [1, 3, 4]]": [1, -166.34167098999023, []], "[\"10.0.0.12_10.0.0.42\", [1, 2, 4]]": [1, -208.70801750016022, []], "[\"10.0.0.11_10.0.0.41\", [1, 2, 4]]": [1, -174.7059916319431, []], "[\"NoTrans\", []]": [1, -150.5166698117917, []]}, "{\"10.0.0.11_10.0.0.41\": [1, 2, 4], \"10.0.0.12_10.0.0.42\": [1, 3, 4], \"10.0.0.13_10.0.0.43\": [1, 2, 4]}": {"[\"10.0.0.13_10.0.0.43\", [1, 3, 4]]": [1, -141.5126457874498, []], "[\"10.0.0.12_10.0.0.42\", [1, 2, 4]]": [1, -193.51757431030273, []], "[\"10.0.0.11_10.0.0.41\", [1, 3, 4]]": [1, -152.94624154655713, []], "[\"NoTrans\", []]": [1, -171.78782998519, []]}, "{\"10.0.0.11_10.0.0.41\": [1, 3, 4], \"10.0.0.12_10.0.0.42\": [1, 2, 4], \"10.0.0.13_10.0.0.43\": [1, 2, 4]}": {"[\"10.0.0.13_10.0.0.43\", [1, 3, 4]]": [2, -199.14381707451994, []], "[\"10.0.0.12_10.0.0.42\", [1, 3, 4]]": [1, -152.24572260674555, []], "[\"10.0.0.11_10.0.0.41\", [1, 2, 4]]": [1, -193.85116958618164, []], "[\"NoTrans\", []]": [1, -172.20708165628787, []]}, "{\"10.0.0.11_10.0.0.41\": [1, 2, 4], \"10.0.0.12_10.0.0.42\": [1, 2, 4], \"10.0.0.13_10.0.0.43\": [1, 2, 4]}": {"[\"10.0.0.13_10.0.0.43\", [1, 3, 4]]": [1, -172.78416806990396, []], "[\"10.0.0.12_10.0.0.42\", [1, 3, 4]]": [1, -170.0802424405702, []], "[\"10.0.0.11_10.0.0.41\", [1, 3, 4]]": [2, -181.63745977687256, []], "[\"NoTrans\", []]": [1, -193.6660614013672, []]}}