{"{\"10.0.0.11_10.0.0.41\": [1, 3, 4], \"10.0.0.12_10.0.0.42\": [1, 3, 4], \"10.0.0.13_10.0.0.43\": [1, 3, 4]}": {"[\"10.0.0.13_10.0.0.43\", [1, 2, 4]]": [10, -151.7051554944306, []], "[\"10.0.0.12_10.0.0.42\", [1, 2, 4]]": [8, -104.49907806338227, []], "[\"10.0.0.11_10.0.0.41\", [1, 2, 4]]": [10, -124.2140827338389, []], "[\"NoTrans\", []]": [8, -170.0300198703708, []]}, "{\"10.0.0.11_10.0.0.41\": [1, 2, 4], \"10.0.0.12_10.0.0.42\": [1, 3, 4], \"10.0.0.13_10.0.0.43\": [1, 3, 4]}": {"[\"10.0.0.13_10.0.0.43\", [1, 2, 4]]": [12, -172.88808746660732, []], "[\"10.0.0.12_10.0.0.42\", [1, 2, 4]]": [12, -169.47228457328072, []], "[\"10.0.0.11_10.0.0.41\", [1, 3, 4]]": [10, -169.90994770218046, []], "[\"NoTrans\", []]": [382, -124.16158743988582, []]}, "{\"10.0.0.11_10.0.0.41\": [1, 3, 4], \"10.0.0.12_10.0.0.42\": [1, 2, 4], \"10.0.0.13_10.0.0.43\": [1, 3, 4]}": {"[\"10.0.0.13_10.0.0.43\", [1, 2, 4]]": [11, -103.22525136454031, []], "[\"10.0.0.12_10.0.0.42\", [1, 3, 4]]": [9, -107.2145788262992, []], "[\"10.0.0.11_10.0.0.41\", [1, 2, 4]]": [10, -104.40543212576412, []], "[\"NoTrans\", []]": [9, -105.5924632403996, []]}, "{\"10.0.0.11_10.0.0.41\": [1, 2, 4], \"10.0.0.12_10.0.0.42\": [1, 2, 4], \"10.0.0.13_10.0.0.43\": [1, 3, 4]}": {"[\"10.0.0.13_10.0.0.43\", [1, 2, 4]]": [16, -188.25372157429766, []], "[\"10.0.0.12_10.0.0.42\", [1, 3, 4]]": [11, -142.09860460908882, []], "[\"10.0.0.11_10.0.0.41\", [1, 3, 4]]": [11, -106.7271810743087, []], "[\"NoTrans\", []]": [13, -103.18235532154428, []]}, "{\"10.0.0.11_10.0.0.41\": [1, 3, 4], \"10.0.0.12_10.0.0.42\": [1, 3, 4], \"10.0.0.13_10.0.0.43\": [1, 2, 4]}": {"[\"10.0.0.13_10.0.0.43\", [1, 3, 4]]": [9, -164.1780633299567, []], "[\"10.0.0.12_10.0.0.42\", [1, 2, 4]]": [11, -104.41805097864444, []], "[\"10.0.0.11_10.0.0.41\", [1, 2, 4]]": [13, -172.55860853127513, []], "[\"NoTrans\", []]": [9, -104.80389204176021, []]}, "{\"10.0.0.11_10.0.0.41\": [1, 2, 4], \"10.0.0.12_10.0.0.42\": [1, 3, 4], \"10.0.0.13_10.0.0.43\": [1, 2, 4]}": {"[\"10.0.0.13_10.0.0.43\", [1, 3, 4]]": [14, -153.20242324531057, []], "[\"10.0.0.12_10.0.0.42\", [1, 2, 4]]": [21, -190.9225906512073, []], "[\"10.0.0.11_10.0.0.41\", [1, 3, 4]]": [12, -151.9642670119555, []], "[\"NoTrans\", []]": [19, -172.92848888123606, []]}, "{\"10.0.0.11_10.0.0.41\": [1, 3, 4], \"10.0.0.12_10.0.0.42\": [1, 2, 4], \"10.0.0.13_10.0.0.43\": [1, 2, 4]}": {"[\"10.0.0.13_10.0.0.43\", [1, 3, 4]]": [11, -107.33389491358989, []], "[\"10.0.0.12_10.0.0.42\", [1, 3, 4]]": [11, -106.9282553860771, []], "[\"10.0.0.11_10.0.0.41\", [1, 2, 4]]": [19, -192.4182775478963, []], "[\"NoTrans\", []]": [13, -174.1227229804333, []]}, "{\"10.0.0.11_10.0.0.41\": [1, 2, 4], \"10.0.0.12_10.0.0.42\": [1, 2, 4], \"10.0.0.13_10.0.0.43\": [1, 2, 4]}": {"[\"10.0.0.13_10.0.0.43\", [1, 3, 4]]": [16, -171.1205932813176, []], "[\"10.0.0.12_10.0.0.42\", [1, 3, 4]]": [21, -195.76701455770973, []], "[\"10.0.0.11_10.0.0.41\", [1, 3, 4]]": [19, -175.58945422625365, []], "[\"NoTrans\", []]": [21, -101.73800288350286, []]}}