{"{\"10.0.0.11_10.0.0.41\": [1, 3, 4], \"10.0.0.12_10.0.0.42\": [1, 3, 4], \"10.0.0.13_10.0.0.43\": [1, 3, 4]}": {"[\"10.0.0.13_10.0.0.43\", [1, 2, 4]]": [2, -180.10682581250853, []], "[\"10.0.0.11_10.0.0.41\", [1, 2, 4]]": [6, -156.84909014692542, []], "[\"10.0.0.12_10.0.0.42\", [1, 2, 4]]": [3, -193.3820351958313, []], "[\"NoTrans\", []]": [2, -173.79731944130884, []]}, "{\"10.0.0.11_10.0.0.41\": [1, 3, 4], \"10.0.0.12_10.0.0.42\": [1, 2, 4], \"10.0.0.13_10.0.0.43\": [1, 3, 4]}": {"[\"10.0.0.13_10.0.0.43\", [1, 2, 4]]": [2, -178.49305047806573, []], "[\"10.0.0.11_10.0.0.41\", [1, 2, 4]]": [3, -214.70032935271593, []], "[\"10.0.0.12_10.0.0.42\", [1, 3, 4]]": [2, -181.93971592529113, []], "[\"NoTrans\", []]": [3, -200.69143630289068, []]}, "{\"10.0.0.11_10.0.0.41\": [1, 2, 4], \"10.0.0.12_10.0.0.42\": [1, 3, 4], \"10.0.0.13_10.0.0.43\": [1, 3, 4]}": {"[\"10.0.0.13_10.0.0.43\", [1, 2, 4]]": [3, -191.4243308892141, []], "[\"10.0.0.11_10.0.0.41\", [1, 3, 4]]": [5, -203.6205674612317, []], "[\"10.0.0.12_10.0.0.42\", [1, 2, 4]]": [3, -188.11739199173155, []], "[\"NoTrans\", []]": [598, -102.26963403142743, []]}, "{\"10.0.0.11_10.0.0.41\": [1, 2, 4], \"10.0.0.12_10.0.0.42\": [1, 2, 4], \"10.0.0.13_10.0.0.43\": [1, 3, 4]}": {"[\"10.0.0.13_10.0.0.43\", [1, 2, 4]]": [2, -215.93374335647025, []], "[\"10.0.0.11_10.0.0.41\", [1, 3, 4]]": [2, -162.4026062874256, []], "[\"10.0.0.12_10.0.0.42\", [1, 3, 4]]": [3, -186.54161455317737, []], "[\"NoTrans\", []]": [2, -207.78394224076567, []]}, "{\"10.0.0.11_10.0.0.41\": [1, 3, 4], \"10.0.0.12_10.0.0.42\": [1, 3, 4], \"10.0.0.13_10.0.0.43\": [1, 2, 4]}": {"[\"10.0.0.13_10.0.0.43\", [1, 3, 4]]": [3, -180.82661573916707, []], "[\"10.0.0.11_10.0.0.41\", [1, 2, 4]]": [2, -192.4785869753798, []], "[\"10.0.0.12_10.0.0.42\", [1, 2, 4]]": [2, -192.59669367338432, []], "[\"NoTrans\", []]": [2, -160.94998345670456, []]}, "{\"10.0.0.11_10.0.0.41\": [1, 3, 4], \"10.0.0.12_10.0.0.42\": [1, 2, 4], \"10.0.0.13_10.0.0.43\": [1, 2, 4]}": {"[\"10.0.0.13_10.0.0.43\", [1, 3, 4]]": [2, -142.32675060370335, []], "[\"10.0.0.11_10.0.0.41\", [1, 2, 4]]": [1, -199.65445893987692, []], "[\"10.0.0.12_10.0.0.42\", [1, 3, 4]]": [2, -141.56864096131756, []], "[\"NoTrans\", []]": [1, -162.87660902181918, []]}, "{\"10.0.0.11_10.0.0.41\": [1, 2, 4], \"10.0.0.12_10.0.0.42\": [1, 3, 4], \"10.0.0.13_10.0.0.43\": [1, 2, 4]}": {"[\"10.0.0.13_10.0.0.43\", [1, 3, 4]]": [3, -176.0071582305243, []], "[\"10.0.0.11_10.0.0.41\", [1, 3, 4]]": [3, -198.66303387204496, []], "[\"10.0.0.12_10.0.0.42\", [1, 2, 4]]": [1, -199.98452562078512, []], "[\"NoTrans\", []]": [2, -201.47343563685328, []]}, "{\"10.0.0.11_10.0.0.41\": [1, 2, 4], \"10.0.0.12_10.0.0.42\": [1, 2, 4], \"10.0.0.13_10.0.0.43\": [1, 2, 4]}": {"[\"10.0.0.13_10.0.0.43\", [1, 3, 4]]": [1, -147.84362008771356, []], "[\"10.0.0.11_10.0.0.41\", [1, 3, 4]]": [1, -161.75064995710792, []], "[\"10.0.0.12_10.0.0.42\", [1, 3, 4]]": [2, -204.10368024479152, []], "[\"NoTrans\", []]": [1, -195.31080329299368, []]}}