{"{\"10.0.0.11_10.0.0.41\": [1, 3, 4], \"10.0.0.12_10.0.0.42\": [1, 3, 4], \"10.0.0.13_10.0.0.43\": [1, 3, 4]}": {"[\"10.0.0.11_10.0.0.41\", [1, 2, 4]]": [5, -146.28766198078353, []], "[\"10.0.0.12_10.0.0.42\", [1, 2, 4]]": [1, -155.19776452026665, []], "[\"10.0.0.13_10.0.0.43\", [1, 2, 4]]": [2, -177.0994995856537, []], "[\"NoTrans\", []]": [2, -195.36821700902453, []]}, "{\"10.0.0.11_10.0.0.41\": [1, 3, 4], \"10.0.0.12_10.0.0.42\": [1, 3, 4], \"10.0.0.13_10.0.0.43\": [1, 2, 4]}": {"[\"10.0.0.11_10.0.0.41\", [1, 2, 4]]": [3, -186.5717378667526, []], "[\"10.0.0.12_10.0.0.42\", [1, 2, 4]]": [2, -171.11438221067468, []], "[\"10.0.0.13_10.0.0.43\", [1, 3, 4]]": [3, -184.55917345687553, []], "[\"NoTrans\", []]": [3, -188.49691350008652, []]}, "{\"10.0.0.11_10.0.0.41\": [1, 3, 4], \"10.0.0.12_10.0.0.42\": [1, 2, 4], \"10.0.0.13_10.0.0.43\": [1, 3, 4]}": {"[\"10.0.0.11_10.0.0.41\", [1, 2, 4]]": [1, -135.52535908289747, []], "[\"10.0.0.12_10.0.0.42\", [1, 3, 4]]": [2, -197.99730636449328, []], "[\"10.0.0.13_10.0.0.43\", [1, 2, 4]]": [2, -162.4876756450353, []], "[\"NoTrans\", []]": [1, -134.19631505583672, []]}, "{\"10.0.0.11_10.0.0.41\": [1, 3, 4], \"10.0.0.12_10.0.0.42\": [1, 2, 4], \"10.0.0.13_10.0.0.43\": [1, 2, 4]}": {"[\"10.0.0.11_10.0.0.41\", [1, 2, 4]]": [2, -171.21762085212123, []], "[\"10.0.0.12_10.0.0.42\", [1, 3, 4]]": [3, -181.94384116111954, []], "[\"10.0.0.13_10.0.0.43\", [1, 3, 4]]": [2, -185.73518832813645, []], "[\"NoTrans\", []]": [2, -175.55750089461617, []]}, "{\"10.0.0.11_10.0.0.41\": [1, 2, 4], \"10.0.0.12_10.0.0.42\": [1, 3, 4], \"10.0.0.13_10.0.0.43\": [1, 3, 4]}": {"[\"10.0.0.11_10.0.0.41\", [1, 3, 4]]": [3, -191.9764857509439, []], "[\"10.0.0.12_10.0.0.42\", [1, 2, 4]]": [3, -200.44713368478688, []], "[\"10.0.0.13_10.0.0.43\", [1, 2, 4]]": [2, -188.2546904137675, []], "[\"NoTrans\", []]": [611, -145.51939242740954, []]}, "{\"10.0.0.11_10.0.0.41\": [1, 2, 4], \"10.0.0.12_10.0.0.42\": [1, 3, 4], \"10.0.0.13_10.0.0.43\": [1, 2, 4]}": {"[\"10.0.0.11_10.0.0.41\", [1, 3, 4]]": [3, -198.0025368680126, []], "[\"10.0.0.12_10.0.0.42\", [1, 2, 4]]": [2, -180.51605598519058, []], "[\"10.0.0.13_10.0.0.43\", [1, 3, 4]]": [2, -163.70804096658085, []], "[\"NoTrans\", []]": [1, -142.8274096192831, []]}, "{\"10.0.0.11_10.0.0.41\": [1, 2, 4], \"10.0.0.12_10.0.0.42\": [1, 2, 4], \"10.0.0.13_10.0.0.43\": [1, 3, 4]}": {"[\"10.0.0.11_10.0.0.41\", [1, 3, 4]]": [2, -149.90598610807422, []], "[\"10.0.0.12_10.0.0.42\", [1, 3, 4]]": [2, -123.07236993765683, []], "[\"10.0.0.13_10.0.0.43\", [1, 2, 4]]": [2, -209.50010758285725, []], "[\"NoTrans\", []]": [1, -123.59525030613446, []]}, "{\"10.0.0.11_10.0.0.41\": [1, 2, 4], \"10.0.0.12_10.0.0.42\": [1, 2, 4], \"10.0.0.13_10.0.0.43\": [1, 2, 4]}": {"[\"10.0.0.11_10.0.0.41\", [1, 3, 4]]": [3, -209.78396341135812, []], "[\"10.0.0.12_10.0.0.42\", [1, 3, 4]]": [2, -147.7970198755501, []], "[\"10.0.0.13_10.0.0.43\", [1, 3, 4]]": [2, -140.82598164140467, []], "[\"NoTrans\", []]": [1, -124.2491019511342, []]}}