{"{\"10.0.0.11_10.0.0.41\": [1, 3, 4], \"10.0.0.12_10.0.0.42\": [1, 3, 4], \"10.0.0.13_10.0.0.43\": [1, 3, 4]}": {"[\"10.0.0.13_10.0.0.43\", [1, 2, 4]]": [2, -159.19937025643836, []], "[\"10.0.0.11_10.0.0.41\", [1, 2, 4]]": [3, -131.01499517246873, []], "[\"10.0.0.12_10.0.0.42\", [1, 2, 4]]": [1, -145.00346168494556, []], "[\"NoTrans\", []]": [1, -134.84248491175472, []]}, "{\"10.0.0.11_10.0.0.41\": [1, 3, 4], \"10.0.0.12_10.0.0.42\": [1, 2, 4], \"10.0.0.13_10.0.0.43\": [1, 3, 4]}": {"[\"10.0.0.13_10.0.0.43\", [1, 2, 4]]": [2, -183.5515977336268, []], "[\"10.0.0.11_10.0.0.41\", [1, 2, 4]]": [1, -140.50863485440036, []], "[\"10.0.0.12_10.0.0.42\", [1, 3, 4]]": [1, -137.7084669674188, []], "[\"NoTrans\", []]": [1, -142.59092147466168, []]}, "{\"10.0.0.11_10.0.0.41\": [1, 2, 4], \"10.0.0.12_10.0.0.42\": [1, 3, 4], \"10.0.0.13_10.0.0.43\": [1, 3, 4]}": {"[\"10.0.0.13_10.0.0.43\", [1, 2, 4]]": [3, -192.4927940529066, []], "[\"10.0.0.11_10.0.0.41\", [1, 3, 4]]": [2, -179.8113939568508, []], "[\"10.0.0.12_10.0.0.42\", [1, 2, 4]]": [2, -199.08177280079312, []], "[\"NoTrans\", []]": [622, -125.06542769795158, []]}, "{\"10.0.0.11_10.0.0.41\": [1, 2, 4], \"10.0.0.12_10.0.0.42\": [1, 2, 4], \"10.0.0.13_10.0.0.43\": [1, 3, 4]}": {"[\"10.0.0.13_10.0.0.43\", [1, 2, 4]]": [2, -176.74798217019958, []], "[\"10.0.0.11_10.0.0.41\", [1, 3, 4]]": [1, -146.5393429518196, []], "[\"10.0.0.12_10.0.0.42\", [1, 3, 4]]": [2, -163.86725965919905, []], "[\"NoTrans\", []]": [1, -141.6888134927726, []]}, "{\"10.0.0.11_10.0.0.41\": [1, 3, 4], \"10.0.0.12_10.0.0.42\": [1, 3, 4], \"10.0.0.13_10.0.0.43\": [1, 2, 4]}": {"[\"10.0.0.13_10.0.0.43\", [1, 3, 4]]": [3, -180.0089566929187, []], "[\"10.0.0.11_10.0.0.41\", [1, 2, 4]]": [2, -152.36134169075297, []], "[\"10.0.0.12_10.0.0.42\", [1, 2, 4]]": [2, -193.87092363004052, []], "[\"NoTrans\", []]": [2, -158.44922215959713, []]}, "{\"10.0.0.11_10.0.0.41\": [1, 3, 4], \"10.0.0.12_10.0.0.42\": [1, 2, 4], \"10.0.0.13_10.0.0.43\": [1, 2, 4]}": {"[\"10.0.0.13_10.0.0.43\", [1, 3, 4]]": [2, -159.05932964689669, []], "[\"10.0.0.11_10.0.0.41\", [1, 2, 4]]": [1, -146.9037199804097, []], "[\"10.0.0.12_10.0.0.42\", [1, 3, 4]]": [3, -187.96066368734097, []], "[\"NoTrans\", []]": [2, -192.62367477487032, []]}, "{\"10.0.0.11_10.0.0.41\": [1, 2, 4], \"10.0.0.12_10.0.0.42\": [1, 3, 4], \"10.0.0.13_10.0.0.43\": [1, 2, 4]}": {"[\"10.0.0.13_10.0.0.43\", [1, 3, 4]]": [3, -173.7656466441786, []], "[\"10.0.0.11_10.0.0.41\", [1, 3, 4]]": [2, -159.65552811791895, []], "[\"10.0.0.12_10.0.0.42\", [1, 2, 4]]": [1, -141.82616718499955, []], "[\"NoTrans\", []]": [2, -188.70334021850843, []]}, "{\"10.0.0.11_10.0.0.41\": [1, 2, 4], \"10.0.0.12_10.0.0.42\": [1, 2, 4], \"10.0.0.13_10.0.0.43\": [1, 2, 4]}": {"[\"10.0.0.13_10.0.0.43\", [1, 3, 4]]": [2, -152.1537811266997, []], "[\"10.0.0.11_10.0.0.41\", [1, 3, 4]]": [2, -142.78202853108775, []], "[\"10.0.0.12_10.0.0.42\", [1, 3, 4]]": [1, -85.579213915068, []], "[\"NoTrans\", []]": [1, -144.25813205926713, []]}}