{"{\"10.0.0.11_10.0.0.41\": [1, 3, 4], \"10.0.0.12_10.0.0.42\": [1, 3, 4], \"10.0.0.13_10.0.0.43\": [1, 3, 4]}": {"[\"10.0.0.12_10.0.0.42\", [1, 2, 4]]": [17, -291.6989649990848, []], "[\"10.0.0.11_10.0.0.41\", [1, 2, 4]]": [18, -194.785255780349, []], "[\"10.0.0.13_10.0.0.43\", [1, 2, 4]]": [22, -293.28505565575387, []], "[\"NoTrans\", []]": [15, -259.95302778764477, []]}, "{\"10.0.0.11_10.0.0.41\": [1, 3, 4], \"10.0.0.12_10.0.0.42\": [1, 3, 4], \"10.0.0.13_10.0.0.43\": [1, 2, 4]}": {"[\"10.0.0.12_10.0.0.42\", [1, 2, 4]]": [20, -344.43592111479217, []], "[\"10.0.0.11_10.0.0.41\", [1, 2, 4]]": [18, -297.3510774746571, []], "[\"10.0.0.13_10.0.0.43\", [1, 3, 4]]": [20, -259.9013483720609, []], "[\"NoTrans\", []]": [23, -293.9259769363483, []]}, "{\"10.0.0.11_10.0.0.41\": [1, 2, 4], \"10.0.0.12_10.0.0.42\": [1, 3, 4], \"10.0.0.13_10.0.0.43\": [1, 3, 4]}": {"[\"10.0.0.12_10.0.0.42\", [1, 2, 4]]": [14, -275.30674309063147, []], "[\"10.0.0.11_10.0.0.41\", [1, 3, 4]]": [23, -261.41255158386576, []], "[\"10.0.0.13_10.0.0.43\", [1, 2, 4]]": [17, -307.7944633952672, []], "[\"NoTrans\", []]": [18, -217.7462795904655, []]}, "{\"10.0.0.11_10.0.0.41\": [1, 2, 4], \"10.0.0.12_10.0.0.42\": [1, 3, 4], \"10.0.0.13_10.0.0.43\": [1, 2, 4]}": {"[\"10.0.0.12_10.0.0.42\", [1, 2, 4]]": [20, -361.8911914458402, []], "[\"10.0.0.11_10.0.0.41\", [1, 3, 4]]": [12, -289.00090718420773, []], "[\"10.0.0.13_10.0.0.43\", [1, 3, 4]]": [17, -251.15606930604528, []], "[\"NoTrans\", []]": [20, -308.55202063249556, []]}, "{\"10.0.0.11_10.0.0.41\": [1, 3, 4], \"10.0.0.12_10.0.0.42\": [1, 2, 4], \"10.0.0.13_10.0.0.43\": [1, 3, 4]}": {"[\"10.0.0.12_10.0.0.42\", [1, 3, 4]]": [14, -262.12292390344226, []], "[\"10.0.0.11_10.0.0.41\", [1, 2, 4]]": [15, -299.8691063543491, []], "[\"10.0.0.13_10.0.0.43\", [1, 2, 4]]": [18, -345.4246207316444, []], "[\"NoTrans\", []]": [15, -293.41702693850107, []]}, "{\"10.0.0.11_10.0.0.41\": [1, 3, 4], \"10.0.0.12_10.0.0.42\": [1, 2, 4], \"10.0.0.13_10.0.0.43\": [1, 2, 4]}": {"[\"10.0.0.12_10.0.0.42\", [1, 3, 4]]": [24, -292.869854062924, []], "[\"10.0.0.11_10.0.0.41\", [1, 2, 4]]": [15, -368.5253334536175, []], "[\"10.0.0.13_10.0.0.43\", [1, 3, 4]]": [12, -296.19273361131013, []], "[\"NoTrans\", []]": [16, -345.8061030862409, []]}, "{\"10.0.0.11_10.0.0.41\": [1, 2, 4], \"10.0.0.12_10.0.0.42\": [1, 2, 4], \"10.0.0.13_10.0.0.43\": [1, 3, 4]}": {"[\"10.0.0.12_10.0.0.42\", [1, 3, 4]]": [19, -236.1515040066569, []], "[\"10.0.0.11_10.0.0.41\", [1, 3, 4]]": [18, -292.8553307733881, []], "[\"10.0.0.13_10.0.0.43\", [1, 2, 4]]": [8, -372.2205791588123, []], "[\"NoTrans\", []]": [10, -292.2598689951892, []]}, "{\"10.0.0.11_10.0.0.41\": [1, 2, 4], \"10.0.0.12_10.0.0.42\": [1, 2, 4], \"10.0.0.13_10.0.0.43\": [1, 2, 4]}": {"[\"10.0.0.12_10.0.0.42\", [1, 3, 4]]": [15, -297.76378016295655, []], "[\"10.0.0.11_10.0.0.41\", [1, 3, 4]]": [13, -340.5927440161787, []], "[\"10.0.0.13_10.0.0.43\", [1, 3, 4]]": [16, -298.78616444896267, []], "[\"NoTrans\", []]": [17, -367.39135220506756, []]}}