{"{\"10.0.0.11_10.0.0.41\": [1, 3, 4], \"10.0.0.12_10.0.0.42\": [1, 3, 4], \"10.0.0.13_10.0.0.43\": [1, 3, 4]}": {"[\"10.0.0.11_10.0.0.41\", [1, 2, 4]]": [21, -183.05046129515605, []], "[\"10.0.0.12_10.0.0.42\", [1, 2, 4]]": [18, -280.02275143217236, []], "[\"10.0.0.13_10.0.0.43\", [1, 2, 4]]": [21, -276.73513305682064, []], "[\"NoTrans\", []]": [21, -246.09647771259142, []]}, "{\"10.0.0.11_10.0.0.41\": [1, 3, 4], \"10.0.0.12_10.0.0.42\": [1, 3, 4], \"10.0.0.13_10.0.0.43\": [1, 2, 4]}": {"[\"10.0.0.11_10.0.0.41\", [1, 2, 4]]": [22, -273.7111218449399, []], "[\"10.0.0.12_10.0.0.42\", [1, 2, 4]]": [18, -322.39413721144706, []], "[\"10.0.0.13_10.0.0.43\", [1, 3, 4]]": [18, -240.61826536021778, []], "[\"NoTrans\", []]": [27, -275.10835638230526, []]}, "{\"10.0.0.11_10.0.0.41\": [1, 3, 4], \"10.0.0.12_10.0.0.42\": [1, 2, 4], \"10.0.0.13_10.0.0.43\": [1, 3, 4]}": {"[\"10.0.0.11_10.0.0.41\", [1, 2, 4]]": [7, -273.3016855906485, []], "[\"10.0.0.12_10.0.0.42\", [1, 3, 4]]": [21, -246.6263497330162, []], "[\"10.0.0.13_10.0.0.43\", [1, 2, 4]]": [11, -322.7026996558238, []], "[\"NoTrans\", []]": [9, -279.99196954859167, []]}, "{\"10.0.0.11_10.0.0.41\": [1, 3, 4], \"10.0.0.12_10.0.0.42\": [1, 2, 4], \"10.0.0.13_10.0.0.43\": [1, 2, 4]}": {"[\"10.0.0.11_10.0.0.41\", [1, 2, 4]]": [19, -342.9568130113573, []], "[\"10.0.0.12_10.0.0.42\", [1, 3, 4]]": [22, -274.30365139927824, []], "[\"10.0.0.13_10.0.0.43\", [1, 3, 4]]": [8, -274.8440654389352, []], "[\"NoTrans\", []]": [17, -321.8696227626901, []]}, "{\"10.0.0.11_10.0.0.41\": [1, 2, 4], \"10.0.0.12_10.0.0.42\": [1, 3, 4], \"10.0.0.13_10.0.0.43\": [1, 3, 4]}": {"[\"10.0.0.11_10.0.0.41\", [1, 3, 4]]": [21, -245.67556041413732, []], "[\"10.0.0.12_10.0.0.42\", [1, 2, 4]]": [18, -270.3139351066867, []], "[\"10.0.0.13_10.0.0.43\", [1, 2, 4]]": [21, -275.3774155247451, []], "[\"NoTrans\", []]": [25, -179.35161525698402, []]}, "{\"10.0.0.11_10.0.0.41\": [1, 2, 4], \"10.0.0.12_10.0.0.42\": [1, 3, 4], \"10.0.0.13_10.0.0.43\": [1, 2, 4]}": {"[\"10.0.0.11_10.0.0.41\", [1, 3, 4]]": [15, -275.39456272001746, []], "[\"10.0.0.12_10.0.0.42\", [1, 2, 4]]": [12, -344.54682068993577, []], "[\"10.0.0.13_10.0.0.43\", [1, 3, 4]]": [28, -209.98119267945688, []], "[\"NoTrans\", []]": [26, -273.4757612841493, []]}, "{\"10.0.0.11_10.0.0.41\": [1, 2, 4], \"10.0.0.12_10.0.0.42\": [1, 2, 4], \"10.0.0.13_10.0.0.43\": [1, 3, 4]}": {"[\"10.0.0.11_10.0.0.41\", [1, 3, 4]]": [13, -277.75752456800626, []], "[\"10.0.0.12_10.0.0.42\", [1, 3, 4]]": [12, -208.75187820085827, []], "[\"10.0.0.13_10.0.0.43\", [1, 2, 4]]": [10, -342.3059707227025, []], "[\"NoTrans\", []]": [16, -268.96684189636113, []]}, "{\"10.0.0.11_10.0.0.41\": [1, 2, 4], \"10.0.0.12_10.0.0.42\": [1, 2, 4], \"10.0.0.13_10.0.0.43\": [1, 2, 4]}": {"[\"10.0.0.11_10.0.0.41\", [1, 3, 4]]": [20, -324.5259115964407, []], "[\"10.0.0.12_10.0.0.42\", [1, 3, 4]]": [12, -273.03212185057845, []], "[\"10.0.0.13_10.0.0.43\", [1, 3, 4]]": [9, -270.087206566098, []], "[\"NoTrans\", []]": [3, -341.0336203651027, []]}}