{"{\"10.0.0.11_10.0.0.41\": [1, 3, 4], \"10.0.0.12_10.0.0.42\": [1, 3, 4], \"10.0.0.13_10.0.0.43\": [1, 3, 4]}": {"[\"10.0.0.12_10.0.0.42\", [1, 2, 4]]": [21, -301.42554733352557, []], "[\"10.0.0.13_10.0.0.43\", [1, 2, 4]]": [16, -293.7759544233369, []], "[\"10.0.0.11_10.0.0.41\", [1, 2, 4]]": [24, -205.21736307134282, []], "[\"NoTrans\", []]": [25, -269.4989431280932, []]}, "{\"10.0.0.11_10.0.0.41\": [1, 2, 4], \"10.0.0.12_10.0.0.42\": [1, 3, 4], \"10.0.0.13_10.0.0.43\": [1, 3, 4]}": {"[\"10.0.0.12_10.0.0.42\", [1, 2, 4]]": [22, -308.25042260344225, []], "[\"10.0.0.13_10.0.0.43\", [1, 2, 4]]": [22, -304.8795001473086, []], "[\"10.0.0.11_10.0.0.41\", [1, 3, 4]]": [25, -270.5926113569971, []], "[\"NoTrans\", []]": [24, -233.1337124856212, []]}, "{\"10.0.0.11_10.0.0.41\": [1, 3, 4], \"10.0.0.12_10.0.0.42\": [1, 3, 4], \"10.0.0.13_10.0.0.43\": [1, 2, 4]}": {"[\"10.0.0.12_10.0.0.42\", [1, 2, 4]]": [10, -334.3417436848609, []], "[\"10.0.0.13_10.0.0.43\", [1, 3, 4]]": [16, -266.40108100268685, []], "[\"10.0.0.11_10.0.0.41\", [1, 2, 4]]": [17, -307.9472777940273, []], "[\"NoTrans\", []]": [19, -285.1153280382501, []]}, "{\"10.0.0.11_10.0.0.41\": [1, 2, 4], \"10.0.0.12_10.0.0.42\": [1, 3, 4], \"10.0.0.13_10.0.0.43\": [1, 2, 4]}": {"[\"10.0.0.12_10.0.0.42\", [1, 2, 4]]": [12, -368.53154557675816, []], "[\"10.0.0.13_10.0.0.43\", [1, 3, 4]]": [28, -248.61418769421422, []], "[\"10.0.0.11_10.0.0.41\", [1, 3, 4]]": [13, -286.1060289216748, []], "[\"NoTrans\", []]": [11, -305.65722224678655, []]}, "{\"10.0.0.11_10.0.0.41\": [1, 3, 4], \"10.0.0.12_10.0.0.42\": [1, 2, 4], \"10.0.0.13_10.0.0.43\": [1, 3, 4]}": {"[\"10.0.0.12_10.0.0.42\", [1, 3, 4]]": [20, -271.26698354514593, []], "[\"10.0.0.13_10.0.0.43\", [1, 2, 4]]": [16, -334.60954718142114, []], "[\"10.0.0.11_10.0.0.41\", [1, 2, 4]]": [17, -312.1025023379396, []], "[\"NoTrans\", []]": [19, -302.36478334588446, []]}, "{\"10.0.0.11_10.0.0.41\": [1, 2, 4], \"10.0.0.12_10.0.0.42\": [1, 2, 4], \"10.0.0.13_10.0.0.43\": [1, 3, 4]}": {"[\"10.0.0.12_10.0.0.42\", [1, 3, 4]]": [17, -252.68358707911577, []], "[\"10.0.0.13_10.0.0.43\", [1, 2, 4]]": [15, -368.48250509387094, []], "[\"10.0.0.11_10.0.0.41\", [1, 3, 4]]": [20, -303.22212672033055, []], "[\"NoTrans\", []]": [17, -310.08483254775376, []]}, "{\"10.0.0.11_10.0.0.41\": [1, 3, 4], \"10.0.0.12_10.0.0.42\": [1, 2, 4], \"10.0.0.13_10.0.0.43\": [1, 2, 4]}": {"[\"10.0.0.12_10.0.0.42\", [1, 3, 4]]": [14, -294.49566209881806, []], "[\"10.0.0.13_10.0.0.43\", [1, 3, 4]]": [13, -294.4203264361897, []], "[\"10.0.0.11_10.0.0.41\", [1, 2, 4]]": [10, -356.85568670094653, []], "[\"NoTrans\", []]": [14, -334.3124673528911, []]}, "{\"10.0.0.11_10.0.0.41\": [1, 2, 4], \"10.0.0.12_10.0.0.42\": [1, 2, 4], \"10.0.0.13_10.0.0.43\": [1, 2, 4]}": {"[\"10.0.0.12_10.0.0.42\", [1, 3, 4]]": [13, -304.2220989174277, []], "[\"10.0.0.13_10.0.0.43\", [1, 3, 4]]": [13, -298.24416379856024, []], "[\"10.0.0.11_10.0.0.41\", [1, 3, 4]]": [11, -333.76331584191774, []], "[\"NoTrans\", []]": [6, -358.55595359009476, []]}}