{"{\"10.0.0.11_10.0.0.41\": [1, 3, 4], \"10.0.0.12_10.0.0.42\": [1, 3, 4], \"10.0.0.13_10.0.0.43\": [1, 3, 4]}": {"[\"10.0.0.13_10.0.0.43\", [1, 2, 4]]": [1, -181.80713922993294, []], "[\"10.0.0.11_10.0.0.41\", [1, 2, 4]]": [1, -139.89471138946683, []], "[\"10.0.0.12_10.0.0.42\", [1, 2, 4]]": [1, -182.85407601849457, []], "[\"NoTrans\", []]": [1, -191.86223754882812, []]}, "{\"10.0.0.11_10.0.0.41\": [1, 3, 4], \"10.0.0.12_10.0.0.42\": [1, 2, 4], \"10.0.0.13_10.0.0.43\": [1, 3, 4]}": {"[\"10.0.0.13_10.0.0.43\", [1, 2, 4]]": [1, -200.61685324344876, []], "[\"10.0.0.11_10.0.0.41\", [1, 2, 4]]": [1, -199.86581712835255, []], "[\"10.0.0.12_10.0.0.42\", [1, 3, 4]]": [1, -198.29267272949218, []], "[\"NoTrans\", []]": [1, -182.28518778463572, []]}, "{\"10.0.0.11_10.0.0.41\": [1, 2, 4], \"10.0.0.12_10.0.0.42\": [1, 3, 4], \"10.0.0.13_10.0.0.43\": [1, 3, 4]}": {"[\"10.0.0.13_10.0.0.43\", [1, 2, 4]]": [1, -200.26901202925336, []], "[\"10.0.0.11_10.0.0.41\", [1, 3, 4]]": [1, -197.69729385375976, []], "[\"10.0.0.12_10.0.0.42\", [1, 2, 4]]": [1, -200.20964303326377, []], "[\"NoTrans\", []]": [752, -120.06279296005744, []]}, "{\"10.0.0.11_10.0.0.41\": [1, 2, 4], \"10.0.0.12_10.0.0.42\": [1, 2, 4], \"10.0.0.13_10.0.0.43\": [1, 3, 4]}": {"[\"10.0.0.13_10.0.0.43\", [1, 2, 4]]": [1, -218.51810226440432, []], "[\"10.0.0.11_10.0.0.41\", [1, 3, 4]]": [1, -184.2438086910866, []], "[\"10.0.0.12_10.0.0.42\", [1, 3, 4]]": [2, -177.83442942278305, []], "[\"NoTrans\", []]": [1, -200.44972631025897, []]}, "{\"10.0.0.11_10.0.0.41\": [1, 3, 4], \"10.0.0.12_10.0.0.42\": [1, 3, 4], \"10.0.0.13_10.0.0.43\": [1, 2, 4]}": {"[\"10.0.0.13_10.0.0.43\", [1, 3, 4]]": [1, -197.02667007446288, []], "[\"10.0.0.11_10.0.0.41\", [1, 2, 4]]": [1, -200.39852399951747, []], "[\"10.0.0.12_10.0.0.42\", [1, 2, 4]]": [1, -202.21254698006788, []], "[\"NoTrans\", []]": [1, -184.25859452953733, []]}, "{\"10.0.0.11_10.0.0.41\": [1, 3, 4], \"10.0.0.12_10.0.0.42\": [1, 2, 4], \"10.0.0.13_10.0.0.43\": [1, 2, 4]}": {"[\"10.0.0.13_10.0.0.43\", [1, 3, 4]]": [1, -182.99574625835112, []], "[\"10.0.0.11_10.0.0.41\", [1, 2, 4]]": [1, -217.4332977294922, []], "[\"10.0.0.12_10.0.0.42\", [1, 3, 4]]": [1, -183.11941229914174, []], "[\"NoTrans\", []]": [1, -201.4303259411753, []]}, "{\"10.0.0.11_10.0.0.41\": [1, 2, 4], \"10.0.0.12_10.0.0.42\": [1, 3, 4], \"10.0.0.13_10.0.0.43\": [1, 2, 4]}": {"[\"10.0.0.13_10.0.0.43\", [1, 3, 4]]": [1, -171.23150898534473, []], "[\"10.0.0.11_10.0.0.41\", [1, 3, 4]]": [1, -180.76367392755353, []], "[\"10.0.0.12_10.0.0.42\", [1, 2, 4]]": [1, -219.02574310302737, []], "[\"NoTrans\", []]": [1, -201.41562352516797, []]}, "{\"10.0.0.11_10.0.0.41\": [1, 2, 4], \"10.0.0.12_10.0.0.42\": [1, 2, 4], \"10.0.0.13_10.0.0.43\": [1, 2, 4]}": {"[\"10.0.0.13_10.0.0.43\", [1, 3, 4]]": [1, -220.54040726808228, []], "[\"10.0.0.11_10.0.0.41\", [1, 3, 4]]": [1, -198.56867000837707, []], "[\"10.0.0.12_10.0.0.42\", [1, 3, 4]]": [1, -204.22720501868002, []], "[\"NoTrans\", []]": [0, -140, []]}}