{"{\"10.0.0.11_10.0.0.41\": [1, 3, 4], \"10.0.0.12_10.0.0.42\": [1, 3, 4], \"10.0.0.13_10.0.0.43\": [1, 3, 4]}": {"[\"10.0.0.12_10.0.0.42\", [1, 2, 4]]": [0, -140, []], "[\"10.0.0.13_10.0.0.43\", [1, 2, 4]]": [1, -186.65977732573674, []], "[\"10.0.0.11_10.0.0.41\", [1, 2, 4]]": [2, -152.90935577437165, []], "[\"NoTrans\", []]": [0, -140, []]}, "{\"10.0.0.11_10.0.0.41\": [1, 2, 4], \"10.0.0.12_10.0.0.42\": [1, 3, 4], \"10.0.0.13_10.0.0.43\": [1, 3, 4]}": {"[\"10.0.0.12_10.0.0.42\", [1, 2, 4]]": [1, -204.88674248125096, []], "[\"10.0.0.13_10.0.0.43\", [1, 2, 4]]": [1, -204.6643860840719, []], "[\"10.0.0.11_10.0.0.41\", [1, 3, 4]]": [1, -199.41534229153976, []], "[\"NoTrans\", []]": [664, -129.96131094892453, []]}, "{\"10.0.0.11_10.0.0.41\": [1, 3, 4], \"10.0.0.12_10.0.0.42\": [1, 3, 4], \"10.0.0.13_10.0.0.43\": [1, 2, 4]}": {"[\"10.0.0.12_10.0.0.42\", [1, 2, 4]]": [1, -205.79503071439095, []], "[\"10.0.0.13_10.0.0.43\", [1, 3, 4]]": [2, -200.42376961161838, []], "[\"10.0.0.11_10.0.0.41\", [1, 2, 4]]": [1, -206.57307401510775, []], "[\"NoTrans\", []]": [0, -140, []]}, "{\"10.0.0.11_10.0.0.41\": [1, 2, 4], \"10.0.0.12_10.0.0.42\": [1, 3, 4], \"10.0.0.13_10.0.0.43\": [1, 2, 4]}": {"[\"10.0.0.12_10.0.0.42\", [1, 2, 4]]": [1, -227.34645614624026, []], "[\"10.0.0.13_10.0.0.43\", [1, 3, 4]]": [1, -177.51820239990505, []], "[\"10.0.0.11_10.0.0.41\", [1, 3, 4]]": [1, -187.27409747511118, []], "[\"NoTrans\", []]": [1, -208.44133278232175, []]}, "{\"10.0.0.11_10.0.0.41\": [1, 3, 4], \"10.0.0.12_10.0.0.42\": [1, 2, 4], \"10.0.0.13_10.0.0.43\": [1, 3, 4]}": {"[\"10.0.0.12_10.0.0.42\", [1, 3, 4]]": [0, -140, []], "[\"10.0.0.13_10.0.0.43\", [1, 2, 4]]": [0, -140, []], "[\"10.0.0.11_10.0.0.41\", [1, 2, 4]]": [0, -140, []], "[\"NoTrans\", []]": [0, -140, []]}, "{\"10.0.0.11_10.0.0.41\": [1, 2, 4], \"10.0.0.12_10.0.0.42\": [1, 2, 4], \"10.0.0.13_10.0.0.43\": [1, 3, 4]}": {"[\"10.0.0.12_10.0.0.42\", [1, 3, 4]]": [1, -176.3282088031267, []], "[\"10.0.0.13_10.0.0.43\", [1, 2, 4]]": [1, -224.02261505126955, []], "[\"10.0.0.11_10.0.0.41\", [1, 3, 4]]": [0, -140, []], "[\"NoTrans\", []]": [1, -206.8926227193959, []]}, "{\"10.0.0.11_10.0.0.41\": [1, 3, 4], \"10.0.0.12_10.0.0.42\": [1, 2, 4], \"10.0.0.13_10.0.0.43\": [1, 2, 4]}": {"[\"10.0.0.12_10.0.0.42\", [1, 3, 4]]": [1, -187.94359964399183, []], "[\"10.0.0.13_10.0.0.43\", [1, 3, 4]]": [0, -140, []], "[\"10.0.0.11_10.0.0.41\", [1, 2, 4]]": [1, -223.09459457397463, []], "[\"NoTrans\", []]": [0, -140, []]}, "{\"10.0.0.11_10.0.0.41\": [1, 2, 4], \"10.0.0.12_10.0.0.42\": [1, 2, 4], \"10.0.0.13_10.0.0.43\": [1, 2, 4]}": {"[\"10.0.0.12_10.0.0.42\", [1, 3, 4]]": [1, -203.19183958620164, []], "[\"10.0.0.13_10.0.0.43\", [1, 3, 4]]": [1, -204.29262488241898, []], "[\"10.0.0.11_10.0.0.41\", [1, 3, 4]]": [1, -203.13656598290368, []], "[\"NoTrans\", []]": [1, -224.29708251953127, []]}}