{"{\"10.0.0.11_10.0.0.41\": [1, 3, 4], \"10.0.0.12_10.0.0.42\": [1, 3, 4], \"10.0.0.13_10.0.0.43\": [1, 3, 4]}": {"[\"10.0.0.13_10.0.0.43\", [1, 2, 4]]": [1, -184.8038219921384, []], "[\"10.0.0.12_10.0.0.42\", [1, 2, 4]]": [1, -184.4679946643626, []], "[\"10.0.0.11_10.0.0.41\", [1, 2, 4]]": [2, -142.1615659042218, []], "[\"NoTrans\", []]": [0, -140, []]}, "{\"10.0.0.11_10.0.0.41\": [1, 2, 4], \"10.0.0.12_10.0.0.42\": [1, 3, 4], \"10.0.0.13_10.0.0.43\": [1, 3, 4]}": {"[\"10.0.0.13_10.0.0.43\", [1, 2, 4]]": [1, -202.2016816247821, []], "[\"10.0.0.12_10.0.0.42\", [1, 2, 4]]": [1, -203.00443126617296, []], "[\"10.0.0.11_10.0.0.41\", [1, 3, 4]]": [1, -198.6861587524414, []], "[\"NoTrans\", []]": [856, -136.3875302164996, []]}, "{\"10.0.0.11_10.0.0.41\": [1, 3, 4], \"10.0.0.12_10.0.0.42\": [1, 2, 4], \"10.0.0.13_10.0.0.43\": [1, 3, 4]}": {"[\"10.0.0.13_10.0.0.43\", [1, 2, 4]]": [1, -200.16797648168162, []], "[\"10.0.0.12_10.0.0.42\", [1, 3, 4]]": [1, -200.51975161559594, []], "[\"10.0.0.11_10.0.0.41\", [1, 2, 4]]": [1, -200.36367560952104, []], "[\"NoTrans\", []]": [1, -186.1014416570215, []]}, "{\"10.0.0.11_10.0.0.41\": [1, 2, 4], \"10.0.0.12_10.0.0.42\": [1, 2, 4], \"10.0.0.13_10.0.0.43\": [1, 3, 4]}": {"[\"10.0.0.13_10.0.0.43\", [1, 2, 4]]": [1, -217.38122711181643, []], "[\"10.0.0.12_10.0.0.42\", [1, 3, 4]]": [1, -179.8449363933965, []], "[\"10.0.0.11_10.0.0.41\", [1, 3, 4]]": [1, -183.96699944087686, []], "[\"NoTrans\", []]": [1, -203.43162010921736, []]}, "{\"10.0.0.11_10.0.0.41\": [1, 3, 4], \"10.0.0.12_10.0.0.42\": [1, 3, 4], \"10.0.0.13_10.0.0.43\": [1, 2, 4]}": {"[\"10.0.0.13_10.0.0.43\", [1, 3, 4]]": [2, -210.02959930419922, []], "[\"10.0.0.12_10.0.0.42\", [1, 2, 4]]": [1, -201.34092136761006, []], "[\"10.0.0.11_10.0.0.41\", [1, 2, 4]]": [1, -201.4480561794555, []], "[\"NoTrans\", []]": [3, -235.0501424837808, []]}, "{\"10.0.0.11_10.0.0.41\": [1, 2, 4], \"10.0.0.12_10.0.0.42\": [1, 3, 4], \"10.0.0.13_10.0.0.43\": [1, 2, 4]}": {"[\"10.0.0.13_10.0.0.43\", [1, 3, 4]]": [1, -176.37823321370874, []], "[\"10.0.0.12_10.0.0.42\", [1, 2, 4]]": [1, -218.50732574462893, []], "[\"10.0.0.11_10.0.0.41\", [1, 3, 4]]": [1, -214.16869208328345, []], "[\"NoTrans\", []]": [2, -215.98424881490635, []]}, "{\"10.0.0.11_10.0.0.41\": [1, 3, 4], \"10.0.0.12_10.0.0.42\": [1, 2, 4], \"10.0.0.13_10.0.0.43\": [1, 2, 4]}": {"[\"10.0.0.13_10.0.0.43\", [1, 3, 4]]": [1, -184.72753220251838, []], "[\"10.0.0.12_10.0.0.42\", [1, 3, 4]]": [1, -185.84187427339972, []], "[\"10.0.0.11_10.0.0.41\", [1, 2, 4]]": [1, -219.28724060058596, []], "[\"NoTrans\", []]": [0, -140, []]}, "{\"10.0.0.11_10.0.0.41\": [1, 2, 4], \"10.0.0.12_10.0.0.42\": [1, 2, 4], \"10.0.0.13_10.0.0.43\": [1, 2, 4]}": {"[\"10.0.0.13_10.0.0.43\", [1, 3, 4]]": [1, -202.08193192374372, []], "[\"10.0.0.12_10.0.0.42\", [1, 3, 4]]": [1, -199.01766917080062, []], "[\"10.0.0.11_10.0.0.41\", [1, 3, 4]]": [1, -201.26221204911226, []], "[\"NoTrans\", []]": [1, -219.49056396484377, []]}}