{"{\"10.0.0.11_10.0.0.41\": [1, 3, 4], \"10.0.0.12_10.0.0.42\": [1, 3, 4], \"10.0.0.13_10.0.0.43\": [1, 3, 4]}": {"[\"10.0.0.12_10.0.0.42\", [1, 2, 4]]": [0, -140, []], "[\"10.0.0.11_10.0.0.41\", [1, 2, 4]]": [1, -210.12655801573231, []], "[\"10.0.0.13_10.0.0.43\", [1, 2, 4]]": [1, -229.84833529121977, []], "[\"NoTrans\", []]": [1, -230.14281997680666, []]}, "{\"10.0.0.11_10.0.0.41\": [1, 3, 4], \"10.0.0.12_10.0.0.42\": [1, 3, 4], \"10.0.0.13_10.0.0.43\": [1, 2, 4]}": {"[\"10.0.0.12_10.0.0.42\", [1, 2, 4]]": [2, -180.48757314623643, []], "[\"10.0.0.11_10.0.0.41\", [1, 2, 4]]": [1, -186.01192252841844, []], "[\"10.0.0.13_10.0.0.43\", [1, 3, 4]]": [1, -227.2444129943848, []], "[\"NoTrans\", []]": [1, -208.96037020951013, []]}, "{\"10.0.0.11_10.0.0.41\": [1, 2, 4], \"10.0.0.12_10.0.0.42\": [1, 3, 4], \"10.0.0.13_10.0.0.43\": [1, 3, 4]}": {"[\"10.0.0.12_10.0.0.42\", [1, 2, 4]]": [1, -188.45414509058583, []], "[\"10.0.0.11_10.0.0.41\", [1, 3, 4]]": [1, -231.53394470214846, []], "[\"10.0.0.13_10.0.0.43\", [1, 2, 4]]": [1, -184.87762801390136, []], "[\"NoTrans\", []]": [1, -207.92531683798222, []]}, "{\"10.0.0.11_10.0.0.41\": [1, 2, 4], \"10.0.0.12_10.0.0.42\": [1, 3, 4], \"10.0.0.13_10.0.0.43\": [1, 2, 4]}": {"[\"10.0.0.12_10.0.0.42\", [1, 2, 4]]": [1, -201.03830108642578, []], "[\"10.0.0.11_10.0.0.41\", [1, 3, 4]]": [2, -222.23009379441874, []], "[\"10.0.0.13_10.0.0.43\", [1, 3, 4]]": [1, -207.97261564366158, []], "[\"NoTrans\", []]": [2, -223.16500613991832, []]}, "{\"10.0.0.11_10.0.0.41\": [1, 3, 4], \"10.0.0.12_10.0.0.42\": [1, 2, 4], \"10.0.0.13_10.0.0.43\": [1, 3, 4]}": {"[\"10.0.0.12_10.0.0.42\", [1, 3, 4]]": [0, -140, []], "[\"10.0.0.11_10.0.0.41\", [1, 2, 4]]": [1, -186.25754473247426, []], "[\"10.0.0.13_10.0.0.43\", [1, 2, 4]]": [1, -174.87389399531693, []], "[\"NoTrans\", []]": [0, -140, []]}, "{\"10.0.0.11_10.0.0.41\": [1, 3, 4], \"10.0.0.12_10.0.0.42\": [1, 2, 4], \"10.0.0.13_10.0.0.43\": [1, 2, 4]}": {"[\"10.0.0.12_10.0.0.42\", [1, 3, 4]]": [1, -209.63063844325882, []], "[\"10.0.0.11_10.0.0.41\", [1, 2, 4]]": [1, -199.92421875, []], "[\"10.0.0.13_10.0.0.43\", [1, 3, 4]]": [1, -206.84116152942465, []], "[\"NoTrans\", []]": [357, -149.95355525472579, []]}, "{\"10.0.0.11_10.0.0.41\": [1, 2, 4], \"10.0.0.12_10.0.0.42\": [1, 2, 4], \"10.0.0.13_10.0.0.43\": [1, 3, 4]}": {"[\"10.0.0.12_10.0.0.42\", [1, 3, 4]]": [1, -204.15593641838194, []], "[\"10.0.0.11_10.0.0.41\", [1, 3, 4]]": [1, -208.95743528264268, []], "[\"10.0.0.13_10.0.0.43\", [1, 2, 4]]": [1, -198.2821823120117, []], "[\"NoTrans\", []]": [1, -184.4550759763952, []]}, "{\"10.0.0.11_10.0.0.41\": [1, 2, 4], \"10.0.0.12_10.0.0.42\": [1, 2, 4], \"10.0.0.13_10.0.0.43\": [1, 2, 4]}": {"[\"10.0.0.12_10.0.0.42\", [1, 3, 4]]": [1, -185.88889036194323, []], "[\"10.0.0.11_10.0.0.41\", [1, 3, 4]]": [1, -137.8834396056355, []], "[\"10.0.0.13_10.0.0.43\", [1, 3, 4]]": [1, -186.27721506809138, []], "[\"NoTrans\", []]": [1, -198.78534088134765, []]}}