{"{\"10.0.0.11_10.0.0.41\": [1, 3, 4], \"10.0.0.12_10.0.0.42\": [1, 3, 4], \"10.0.0.13_10.0.0.43\": [1, 3, 4]}": {"[\"10.0.0.12_10.0.0.42\", [1, 2, 4]]": [6, -270.09830384054413, []], "[\"10.0.0.13_10.0.0.43\", [1, 2, 4]]": [7, -273.94853187255325, []], "[\"10.0.0.11_10.0.0.41\", [1, 2, 4]]": [33, -177.9387578208008, []], "[\"NoTrans\", []]": [13, -244.29528877460675, []]}, "{\"10.0.0.11_10.0.0.41\": [1, 2, 4], \"10.0.0.12_10.0.0.42\": [1, 3, 4], \"10.0.0.13_10.0.0.43\": [1, 3, 4]}": {"[\"10.0.0.12_10.0.0.42\", [1, 2, 4]]": [26, -276.9997450735954, []], "[\"10.0.0.13_10.0.0.43\", [1, 2, 4]]": [17, -271.44805956472055, []], "[\"10.0.0.11_10.0.0.41\", [1, 3, 4]]": [29, -242.05483532160616, []], "[\"NoTrans\", []]": [288, -159.629630676443, []]}, "{\"10.0.0.11_10.0.0.41\": [1, 3, 4], \"10.0.0.12_10.0.0.42\": [1, 3, 4], \"10.0.0.13_10.0.0.43\": [1, 2, 4]}": {"[\"10.0.0.12_10.0.0.42\", [1, 2, 4]]": [8, -327.29843916998544, []], "[\"10.0.0.13_10.0.0.43\", [1, 3, 4]]": [9, -231.45965670555307, []], "[\"10.0.0.11_10.0.0.41\", [1, 2, 4]]": [6, -264.0828266971805, []], "[\"NoTrans\", []]": [8, -273.39344624887235, []]}, "{\"10.0.0.11_10.0.0.41\": [1, 2, 4], \"10.0.0.12_10.0.0.42\": [1, 3, 4], \"10.0.0.13_10.0.0.43\": [1, 2, 4]}": {"[\"10.0.0.12_10.0.0.42\", [1, 2, 4]]": [3, -325.186228663156, []], "[\"10.0.0.13_10.0.0.43\", [1, 3, 4]]": [14, -195.95795157489133, []], "[\"10.0.0.11_10.0.0.41\", [1, 3, 4]]": [9, -281.51838177094896, []], "[\"NoTrans\", []]": [9, -273.3257009560582, []]}, "{\"10.0.0.11_10.0.0.41\": [1, 3, 4], \"10.0.0.12_10.0.0.42\": [1, 2, 4], \"10.0.0.13_10.0.0.43\": [1, 3, 4]}": {"[\"10.0.0.12_10.0.0.42\", [1, 3, 4]]": [8, -242.04775611702706, []], "[\"10.0.0.13_10.0.0.43\", [1, 2, 4]]": [7, -332.0002649564873, []], "[\"10.0.0.11_10.0.0.41\", [1, 2, 4]]": [6, -274.08646303289845, []], "[\"NoTrans\", []]": [9, -272.28736865013354, []]}, "{\"10.0.0.11_10.0.0.41\": [1, 2, 4], \"10.0.0.12_10.0.0.42\": [1, 2, 4], \"10.0.0.13_10.0.0.43\": [1, 3, 4]}": {"[\"10.0.0.12_10.0.0.42\", [1, 3, 4]]": [25, -211.5691151651108, []], "[\"10.0.0.13_10.0.0.43\", [1, 2, 4]]": [5, -350.7016863854288, []], "[\"10.0.0.11_10.0.0.41\", [1, 3, 4]]": [7, -270.96129471226857, []], "[\"NoTrans\", []]": [7, -268.45193895622884, []]}, "{\"10.0.0.11_10.0.0.41\": [1, 3, 4], \"10.0.0.12_10.0.0.42\": [1, 2, 4], \"10.0.0.13_10.0.0.43\": [1, 2, 4]}": {"[\"10.0.0.12_10.0.0.42\", [1, 3, 4]]": [8, -275.76134259860424, []], "[\"10.0.0.13_10.0.0.43\", [1, 3, 4]]": [8, -271.6150830809836, []], "[\"10.0.0.11_10.0.0.41\", [1, 2, 4]]": [3, -299.62336635496854, []], "[\"NoTrans\", []]": [5, -327.0051542152704, []]}, "{\"10.0.0.11_10.0.0.41\": [1, 2, 4], \"10.0.0.12_10.0.0.42\": [1, 2, 4], \"10.0.0.13_10.0.0.43\": [1, 2, 4]}": {"[\"10.0.0.12_10.0.0.42\", [1, 3, 4]]": [3, -279.29355996132733, []], "[\"10.0.0.13_10.0.0.43\", [1, 3, 4]]": [5, -270.1761744493671, []], "[\"10.0.0.11_10.0.0.41\", [1, 3, 4]]": [4, -336.4168009222181, []], "[\"NoTrans\", []]": [4, -308.27316923113324, []]}}