{"{\"10.0.0.11_10.0.0.41\": [1, 3, 4], \"10.0.0.12_10.0.0.42\": [1, 3, 4], \"10.0.0.13_10.0.0.43\": [1, 3, 4]}": {"[\"10.0.0.12_10.0.0.42\", [1, 2, 4]]": [26, -419.8550985621299, []], "[\"10.0.0.13_10.0.0.43\", [1, 2, 4]]": [26, -446.98938870092496, []], "[\"10.0.0.11_10.0.0.41\", [1, 2, 4]]": [32, -303.8117429616898, []], "[\"NoTrans\", []]": [13, -348.9009257273693, []]}, "{\"10.0.0.11_10.0.0.41\": [1, 2, 4], \"10.0.0.12_10.0.0.42\": [1, 3, 4], \"10.0.0.13_10.0.0.43\": [1, 3, 4]}": {"[\"10.0.0.12_10.0.0.42\", [1, 2, 4]]": [43, -417.6791238909785, []], "[\"10.0.0.13_10.0.0.43\", [1, 2, 4]]": [27, -436.09761744564827, []], "[\"10.0.0.11_10.0.0.41\", [1, 3, 4]]": [32, -394.8268622977447, []], "[\"NoTrans\", []]": [40, -327.463533314756, []]}, "{\"10.0.0.11_10.0.0.41\": [1, 3, 4], \"10.0.0.12_10.0.0.42\": [1, 3, 4], \"10.0.0.13_10.0.0.43\": [1, 2, 4]}": {"[\"10.0.0.12_10.0.0.42\", [1, 2, 4]]": [15, -466.95383768078045, []], "[\"10.0.0.13_10.0.0.43\", [1, 3, 4]]": [32, -396.6063862011254, []], "[\"10.0.0.11_10.0.0.41\", [1, 2, 4]]": [30, -443.7825337995596, []], "[\"NoTrans\", []]": [8, -443.14801737481616, []]}, "{\"10.0.0.11_10.0.0.41\": [1, 2, 4], \"10.0.0.12_10.0.0.42\": [1, 3, 4], \"10.0.0.13_10.0.0.43\": [1, 2, 4]}": {"[\"10.0.0.12_10.0.0.42\", [1, 2, 4]]": [9, -449.51037341880965, []], "[\"10.0.0.13_10.0.0.43\", [1, 3, 4]]": [36, -421.233959874257, []], "[\"10.0.0.11_10.0.0.41\", [1, 3, 4]]": [28, -410.00185680044183, []], "[\"NoTrans\", []]": [4, -446.30729323836226, []]}, "{\"10.0.0.11_10.0.0.41\": [1, 3, 4], \"10.0.0.12_10.0.0.42\": [1, 2, 4], \"10.0.0.13_10.0.0.43\": [1, 3, 4]}": {"[\"10.0.0.12_10.0.0.42\", [1, 3, 4]]": [20, -349.6276323364109, []], "[\"10.0.0.13_10.0.0.43\", [1, 2, 4]]": [11, -466.78402024391596, []], "[\"10.0.0.11_10.0.0.41\", [1, 2, 4]]": [0, -Infinity, []], "[\"NoTrans\", []]": [0, -Infinity, []]}, "{\"10.0.0.11_10.0.0.41\": [1, 2, 4], \"10.0.0.12_10.0.0.42\": [1, 2, 4], \"10.0.0.13_10.0.0.43\": [1, 3, 4]}": {"[\"10.0.0.12_10.0.0.42\", [1, 3, 4]]": [34, -334.7656372733294, []], "[\"10.0.0.13_10.0.0.43\", [1, 2, 4]]": [4, -456.01392663559943, []], "[\"10.0.0.11_10.0.0.41\", [1, 3, 4]]": [5, -441.2559025400283, []], "[\"NoTrans\", []]": [11, -450.46073511571836, []]}, "{\"10.0.0.11_10.0.0.41\": [1, 3, 4], \"10.0.0.12_10.0.0.42\": [1, 2, 4], \"10.0.0.13_10.0.0.43\": [1, 2, 4]}": {"[\"10.0.0.12_10.0.0.42\", [1, 3, 4]]": [24, -410.4690177593979, []], "[\"10.0.0.13_10.0.0.43\", [1, 3, 4]]": [0, -Infinity, []], "[\"10.0.0.11_10.0.0.41\", [1, 2, 4]]": [8, -468.91123725403304, []], "[\"NoTrans\", []]": [14, -462.0180589837122, []]}, "{\"10.0.0.11_10.0.0.41\": [1, 2, 4], \"10.0.0.12_10.0.0.42\": [1, 2, 4], \"10.0.0.13_10.0.0.43\": [1, 2, 4]}": {"[\"10.0.0.12_10.0.0.42\", [1, 3, 4]]": [16, -444.58003077828573, []], "[\"10.0.0.13_10.0.0.43\", [1, 3, 4]]": [0, -Infinity, []], "[\"10.0.0.11_10.0.0.41\", [1, 3, 4]]": [6, -463.5130625003777, []], "[\"NoTrans\", []]": [8, -473.48031426713476, []]}}