{"{\"10.0.0.11_10.0.0.41\": [1, 3, 4], \"10.0.0.12_10.0.0.42\": [1, 3, 4], \"10.0.0.13_10.0.0.43\": [1, 3, 4]}": {"[\"10.0.0.12_10.0.0.42\", [1, 2, 4]]": [19, -416.0853933985913, []], "[\"10.0.0.13_10.0.0.43\", [1, 2, 4]]": [17, -418.41928484190356, []], "[\"10.0.0.11_10.0.0.41\", [1, 2, 4]]": [9, -430.57497505290644, []], "[\"NoTrans\", []]": [12, -429.32015057580827, []]}, "{\"10.0.0.11_10.0.0.41\": [1, 2, 4], \"10.0.0.12_10.0.0.42\": [1, 3, 4], \"10.0.0.13_10.0.0.43\": [1, 3, 4]}": {"[\"10.0.0.12_10.0.0.42\", [1, 2, 4]]": [8, -420.01730708258856, []], "[\"10.0.0.13_10.0.0.43\", [1, 2, 4]]": [10, -428.95861723347775, []], "[\"10.0.0.11_10.0.0.41\", [1, 3, 4]]": [9, -425.49355506901986, []], "[\"NoTrans\", []]": [8, -432.1593935805508, []]}, "{\"10.0.0.11_10.0.0.41\": [1, 3, 4], \"10.0.0.12_10.0.0.42\": [1, 3, 4], \"10.0.0.13_10.0.0.43\": [1, 2, 4]}": {"[\"10.0.0.12_10.0.0.42\", [1, 2, 4]]": [11, -423.4602408355917, []], "[\"10.0.0.13_10.0.0.43\", [1, 3, 4]]": [17, -430.85799465762955, []], "[\"10.0.0.11_10.0.0.41\", [1, 2, 4]]": [15, -431.8549689339515, []], "[\"NoTrans\", []]": [33, -418.40412915957916, []]}, "{\"10.0.0.11_10.0.0.41\": [1, 2, 4], \"10.0.0.12_10.0.0.42\": [1, 3, 4], \"10.0.0.13_10.0.0.43\": [1, 2, 4]}": {"[\"10.0.0.12_10.0.0.42\", [1, 2, 4]]": [9, -433.98914869003295, []], "[\"10.0.0.13_10.0.0.43\", [1, 3, 4]]": [10, -412.1929298114988, []], "[\"10.0.0.11_10.0.0.41\", [1, 3, 4]]": [13, -418.6374560559569, []], "[\"NoTrans\", []]": [8, -414.47138596440794, []]}, "{\"10.0.0.11_10.0.0.41\": [1, 3, 4], \"10.0.0.12_10.0.0.42\": [1, 2, 4], \"10.0.0.13_10.0.0.43\": [1, 3, 4]}": {"[\"10.0.0.12_10.0.0.42\", [1, 3, 4]]": [19, -433.17555755190085, []], "[\"10.0.0.13_10.0.0.43\", [1, 2, 4]]": [18, -433.35224195220616, []], "[\"10.0.0.11_10.0.0.41\", [1, 2, 4]]": [16, -436.87690965864766, []], "[\"NoTrans\", []]": [55, -412.8744311754611, []]}, "{\"10.0.0.11_10.0.0.41\": [1, 2, 4], \"10.0.0.12_10.0.0.42\": [1, 2, 4], \"10.0.0.13_10.0.0.43\": [1, 3, 4]}": {"[\"10.0.0.12_10.0.0.42\", [1, 3, 4]]": [8, -428.6558761238091, []], "[\"10.0.0.13_10.0.0.43\", [1, 2, 4]]": [7, -440.15381978379986, []], "[\"10.0.0.11_10.0.0.41\", [1, 3, 4]]": [17, -415.35350937124025, []], "[\"NoTrans\", []]": [8, -423.981809367989, []]}, "{\"10.0.0.11_10.0.0.41\": [1, 3, 4], \"10.0.0.12_10.0.0.42\": [1, 2, 4], \"10.0.0.13_10.0.0.43\": [1, 2, 4]}": {"[\"10.0.0.12_10.0.0.42\", [1, 3, 4]]": [13, -414.895480694256, []], "[\"10.0.0.13_10.0.0.43\", [1, 3, 4]]": [17, -416.0916167202511, []], "[\"10.0.0.11_10.0.0.41\", [1, 2, 4]]": [6, -438.5630976439792, []], "[\"NoTrans\", []]": [9, -431.3212452668891, []]}, "{\"10.0.0.11_10.0.0.41\": [1, 2, 4], \"10.0.0.12_10.0.0.42\": [1, 2, 4], \"10.0.0.13_10.0.0.43\": [1, 2, 4]}": {"[\"10.0.0.12_10.0.0.42\", [1, 3, 4]]": [7, -428.3912668029842, []], "[\"10.0.0.13_10.0.0.43\", [1, 3, 4]]": [8, -426.4225072508694, []], "[\"10.0.0.11_10.0.0.41\", [1, 3, 4]]": [7, -421.42324595368416, []], "[\"NoTrans\", []]": [5, -427.28930205025785, []]}}