{"{\"10.0.0.11_10.0.0.41\": [1, 3, 4], \"10.0.0.12_10.0.0.42\": [1, 3, 4], \"10.0.0.13_10.0.0.43\": [1, 3, 4]}": {"[\"10.0.0.13_10.0.0.43\", [1, 2, 4]]": [1, -142.69353936817805, []], "[\"10.0.0.12_10.0.0.42\", [1, 2, 4]]": [1, -184.684115182504, []], "[\"10.0.0.11_10.0.0.41\", [1, 2, 4]]": [1, -148.46668259157425, []], "[\"NoTrans\", []]": [1, -197.74945983886718, []]}, "{\"10.0.0.11_10.0.0.41\": [1, 2, 4], \"10.0.0.12_10.0.0.42\": [1, 3, 4], \"10.0.0.13_10.0.0.43\": [1, 3, 4]}": {"[\"10.0.0.13_10.0.0.43\", [1, 2, 4]]": [1, -201.08239432737173, []], "[\"10.0.0.12_10.0.0.42\", [1, 2, 4]]": [1, -200.437420576457, []], "[\"10.0.0.11_10.0.0.41\", [1, 3, 4]]": [2, -195.77594482421875, []], "[\"NoTrans\", []]": [355, -129.73106335351537, []]}, "{\"10.0.0.11_10.0.0.41\": [1, 3, 4], \"10.0.0.12_10.0.0.42\": [1, 2, 4], \"10.0.0.13_10.0.0.43\": [1, 3, 4]}": {"[\"10.0.0.13_10.0.0.43\", [1, 2, 4]]": [2, -222.86275897326158, []], "[\"10.0.0.12_10.0.0.42\", [1, 3, 4]]": [1, -196.96487197875976, []], "[\"10.0.0.11_10.0.0.41\", [1, 2, 4]]": [3, -212.50751496758636, []], "[\"NoTrans\", []]": [3, -221.8626095342733, []]}, "{\"10.0.0.11_10.0.0.41\": [1, 2, 4], \"10.0.0.12_10.0.0.42\": [1, 2, 4], \"10.0.0.13_10.0.0.43\": [1, 3, 4]}": {"[\"10.0.0.13_10.0.0.43\", [1, 2, 4]]": [1, -217.47916946411135, []], "[\"10.0.0.12_10.0.0.42\", [1, 3, 4]]": [2, -178.69773181610512, []], "[\"10.0.0.11_10.0.0.41\", [1, 3, 4]]": [2, -183.8807879987197, []], "[\"NoTrans\", []]": [1, -200.78813316782671, []]}, "{\"10.0.0.11_10.0.0.41\": [1, 3, 4], \"10.0.0.12_10.0.0.42\": [1, 3, 4], \"10.0.0.13_10.0.0.43\": [1, 2, 4]}": {"[\"10.0.0.13_10.0.0.43\", [1, 3, 4]]": [0, -140, []], "[\"10.0.0.12_10.0.0.42\", [1, 2, 4]]": [3, -198.47134339600032, []], "[\"10.0.0.11_10.0.0.41\", [1, 2, 4]]": [1, -197.34416655767694, []], "[\"NoTrans\", []]": [1, -182.65785107343322, []]}, "{\"10.0.0.11_10.0.0.41\": [1, 2, 4], \"10.0.0.12_10.0.0.42\": [1, 3, 4], \"10.0.0.13_10.0.0.43\": [1, 2, 4]}": {"[\"10.0.0.13_10.0.0.43\", [1, 3, 4]]": [1, -171.46796037201537, []], "[\"10.0.0.12_10.0.0.42\", [1, 2, 4]]": [1, -214.89318618774416, []], "[\"10.0.0.11_10.0.0.41\", [1, 3, 4]]": [1, -183.59445859945671, []], "[\"NoTrans\", []]": [1, -200.13037786344634, []]}, "{\"10.0.0.11_10.0.0.41\": [1, 3, 4], \"10.0.0.12_10.0.0.42\": [1, 2, 4], \"10.0.0.13_10.0.0.43\": [1, 2, 4]}": {"[\"10.0.0.13_10.0.0.43\", [1, 3, 4]]": [3, -191.00679157533523, []], "[\"10.0.0.12_10.0.0.42\", [1, 3, 4]]": [2, -181.23925594839432, []], "[\"10.0.0.11_10.0.0.41\", [1, 2, 4]]": [1, -217.87914047241213, []], "[\"NoTrans\", []]": [390, -196.11036407322194, []]}, "{\"10.0.0.11_10.0.0.41\": [1, 2, 4], \"10.0.0.12_10.0.0.42\": [1, 2, 4], \"10.0.0.13_10.0.0.43\": [1, 2, 4]}": {"[\"10.0.0.13_10.0.0.43\", [1, 3, 4]]": [1, -197.1748602336298, []], "[\"10.0.0.12_10.0.0.42\", [1, 3, 4]]": [1, -200.1148335440273, []], "[\"10.0.0.11_10.0.0.41\", [1, 3, 4]]": [1, -196.8525185100471, []], "[\"NoTrans\", []]": [1, -215.69694290161135, []]}}