{"{\"10.0.0.11_10.0.0.41\": [1, 3, 4], \"10.0.0.12_10.0.0.42\": [1, 3, 4], \"10.0.0.13_10.0.0.43\": [1, 3, 4]}": {"[\"10.0.0.13_10.0.0.43\", [1, 2, 4]]": [1, -182.69953772343052, []], "[\"10.0.0.12_10.0.0.42\", [1, 2, 4]]": [1, -184.03149687428888, []], "[\"10.0.0.11_10.0.0.41\", [1, 2, 4]]": [2, -151.166420793124, []], "[\"NoTrans\", []]": [1, -198.51497421264648, []]}, "{\"10.0.0.11_10.0.0.41\": [1, 2, 4], \"10.0.0.12_10.0.0.42\": [1, 3, 4], \"10.0.0.13_10.0.0.43\": [1, 3, 4]}": {"[\"10.0.0.13_10.0.0.43\", [1, 2, 4]]": [1, -203.6767570800645, []], "[\"10.0.0.12_10.0.0.42\", [1, 2, 4]]": [1, -202.091401041804, []], "[\"10.0.0.11_10.0.0.41\", [1, 3, 4]]": [1, -201.72838012339813, []], "[\"NoTrans\", []]": [837, -139.23739345390533, []]}, "{\"10.0.0.11_10.0.0.41\": [1, 3, 4], \"10.0.0.12_10.0.0.42\": [1, 2, 4], \"10.0.0.13_10.0.0.43\": [1, 3, 4]}": {"[\"10.0.0.13_10.0.0.43\", [1, 2, 4]]": [1, -202.84039569773458, []], "[\"10.0.0.12_10.0.0.42\", [1, 3, 4]]": [1, -198.3215690612793, []], "[\"10.0.0.11_10.0.0.41\", [1, 2, 4]]": [1, -199.7528414712199, []], "[\"NoTrans\", []]": [1, -188.17617901573817, []]}, "{\"10.0.0.11_10.0.0.41\": [1, 2, 4], \"10.0.0.12_10.0.0.42\": [1, 2, 4], \"10.0.0.13_10.0.0.43\": [1, 3, 4]}": {"[\"10.0.0.13_10.0.0.43\", [1, 2, 4]]": [1, -218.6018348693848, []], "[\"10.0.0.12_10.0.0.42\", [1, 3, 4]]": [1, -173.5139716816281, []], "[\"10.0.0.11_10.0.0.41\", [1, 3, 4]]": [1, -185.91290794295895, []], "[\"NoTrans\", []]": [1, -202.47144534246166, []]}, "{\"10.0.0.11_10.0.0.41\": [1, 3, 4], \"10.0.0.12_10.0.0.42\": [1, 3, 4], \"10.0.0.13_10.0.0.43\": [1, 2, 4]}": {"[\"10.0.0.13_10.0.0.43\", [1, 3, 4]]": [2, -212.78651916503907, []], "[\"10.0.0.12_10.0.0.42\", [1, 2, 4]]": [1, -202.97630116564432, []], "[\"10.0.0.11_10.0.0.41\", [1, 2, 4]]": [1, -203.10603699309448, []], "[\"NoTrans\", []]": [3, -237.74289877720352, []]}, "{\"10.0.0.11_10.0.0.41\": [1, 2, 4], \"10.0.0.12_10.0.0.42\": [1, 3, 4], \"10.0.0.13_10.0.0.43\": [1, 2, 4]}": {"[\"10.0.0.13_10.0.0.43\", [1, 3, 4]]": [1, -172.95789507833504, []], "[\"10.0.0.12_10.0.0.42\", [1, 2, 4]]": [1, -219.7185874938965, []], "[\"10.0.0.11_10.0.0.41\", [1, 3, 4]]": [1, -214.50406186970145, []], "[\"NoTrans\", []]": [2, -214.12856376425572, []]}, "{\"10.0.0.11_10.0.0.41\": [1, 3, 4], \"10.0.0.12_10.0.0.42\": [1, 2, 4], \"10.0.0.13_10.0.0.43\": [1, 2, 4]}": {"[\"10.0.0.13_10.0.0.43\", [1, 3, 4]]": [1, -184.333398723489, []], "[\"10.0.0.12_10.0.0.42\", [1, 3, 4]]": [2, -193.86792975095273, []], "[\"10.0.0.11_10.0.0.41\", [1, 2, 4]]": [1, -220.33418426513674, []], "[\"NoTrans\", []]": [2, -242.47285492126525, []]}, "{\"10.0.0.11_10.0.0.41\": [1, 2, 4], \"10.0.0.12_10.0.0.42\": [1, 2, 4], \"10.0.0.13_10.0.0.43\": [1, 2, 4]}": {"[\"10.0.0.13_10.0.0.43\", [1, 3, 4]]": [1, -201.56367071264165, []], "[\"10.0.0.12_10.0.0.42\", [1, 3, 4]]": [1, -201.70658122487575, []], "[\"10.0.0.11_10.0.0.41\", [1, 3, 4]]": [2, -212.2179795647416, []], "[\"NoTrans\", []]": [2, -273.7344041065023, []]}}