{"{\"10.0.0.11_10.0.0.41\": [1, 3, 4], \"10.0.0.12_10.0.0.42\": [1, 3, 4], \"10.0.0.13_10.0.0.43\": [1, 3, 4]}": {"[\"10.0.0.12_10.0.0.42\", [1, 2, 4]]": [2, -158.13961588903612, []], "[\"10.0.0.13_10.0.0.43\", [1, 2, 4]]": [2, -132.2412118188326, []], "[\"10.0.0.11_10.0.0.41\", [1, 2, 4]]": [4, -120.2310480107026, []], "[\"NoTrans\", []]": [2, -154.88620572104585, []]}, "{\"10.0.0.11_10.0.0.41\": [1, 2, 4], \"10.0.0.12_10.0.0.42\": [1, 3, 4], \"10.0.0.13_10.0.0.43\": [1, 3, 4]}": {"[\"10.0.0.12_10.0.0.42\", [1, 2, 4]]": [2, -170.53721998081693, []], "[\"10.0.0.13_10.0.0.43\", [1, 2, 4]]": [2, -171.2673285649937, []], "[\"10.0.0.11_10.0.0.41\", [1, 3, 4]]": [3, -163.05579596663262, []], "[\"NoTrans\", []]": [636, -117.18041182066641, []]}, "{\"10.0.0.11_10.0.0.41\": [1, 3, 4], \"10.0.0.12_10.0.0.42\": [1, 3, 4], \"10.0.0.13_10.0.0.43\": [1, 2, 4]}": {"[\"10.0.0.12_10.0.0.42\", [1, 2, 4]]": [2, -179.44655336377156, []], "[\"10.0.0.13_10.0.0.43\", [1, 3, 4]]": [2, -143.05130407877598, []], "[\"10.0.0.11_10.0.0.41\", [1, 2, 4]]": [1, -152.70817109308632, []], "[\"NoTrans\", []]": [1, -121.07184609458555, []]}, "{\"10.0.0.11_10.0.0.41\": [1, 2, 4], \"10.0.0.12_10.0.0.42\": [1, 3, 4], \"10.0.0.13_10.0.0.43\": [1, 2, 4]}": {"[\"10.0.0.12_10.0.0.42\", [1, 2, 4]]": [2, -223.2762849116047, []], "[\"10.0.0.13_10.0.0.43\", [1, 3, 4]]": [1, -108.39064882924718, []], "[\"10.0.0.11_10.0.0.41\", [1, 3, 4]]": [1, -120.89609357287291, []], "[\"NoTrans\", []]": [1, -152.18422557469617, []]}, "{\"10.0.0.11_10.0.0.41\": [1, 3, 4], \"10.0.0.12_10.0.0.42\": [1, 2, 4], \"10.0.0.13_10.0.0.43\": [1, 3, 4]}": {"[\"10.0.0.12_10.0.0.42\", [1, 3, 4]]": [2, -155.39279387138288, []], "[\"10.0.0.13_10.0.0.43\", [1, 2, 4]]": [1, -164.21230359920693, []], "[\"10.0.0.11_10.0.0.41\", [1, 2, 4]]": [1, -153.54451379644578, []], "[\"NoTrans\", []]": [1, -144.1995352822365, []]}, "{\"10.0.0.11_10.0.0.41\": [1, 2, 4], \"10.0.0.12_10.0.0.42\": [1, 2, 4], \"10.0.0.13_10.0.0.43\": [1, 3, 4]}": {"[\"10.0.0.12_10.0.0.42\", [1, 3, 4]]": [3, -136.363799194404, []], "[\"10.0.0.13_10.0.0.43\", [1, 2, 4]]": [1, -201.23566159586278, []], "[\"10.0.0.11_10.0.0.41\", [1, 3, 4]]": [1, -143.52728415873136, []], "[\"NoTrans\", []]": [1, -155.01968844146927, []]}, "{\"10.0.0.11_10.0.0.41\": [1, 3, 4], \"10.0.0.12_10.0.0.42\": [1, 2, 4], \"10.0.0.13_10.0.0.43\": [1, 2, 4]}": {"[\"10.0.0.12_10.0.0.42\", [1, 3, 4]]": [2, -164.48299133364705, []], "[\"10.0.0.13_10.0.0.43\", [1, 3, 4]]": [1, -142.5917064728185, []], "[\"10.0.0.11_10.0.0.41\", [1, 2, 4]]": [1, -203.2907998347004, []], "[\"NoTrans\", []]": [1, -161.7236695640412, []]}, "{\"10.0.0.11_10.0.0.41\": [1, 2, 4], \"10.0.0.12_10.0.0.42\": [1, 2, 4], \"10.0.0.13_10.0.0.43\": [1, 2, 4]}": {"[\"10.0.0.12_10.0.0.42\", [1, 3, 4]]": [1, -151.89258023134377, []], "[\"10.0.0.13_10.0.0.43\", [1, 3, 4]]": [2, -201.96980207879054, []], "[\"10.0.0.11_10.0.0.41\", [1, 3, 4]]": [1, -162.8483035765542, []], "[\"NoTrans\", []]": [1, -201.62740109202463, []]}}