{"{\"10.0.0.11_10.0.0.41\": [1, 3, 4], \"10.0.0.12_10.0.0.42\": [1, 3, 4], \"10.0.0.13_10.0.0.43\": [1, 3, 4]}": {"[\"10.0.0.11_10.0.0.41\", [1, 2, 4]]": [1, -110.41096916604636, []], "[\"10.0.0.13_10.0.0.43\", [1, 2, 4]]": [1, -149.99318780198237, []], "[\"10.0.0.12_10.0.0.42\", [1, 2, 4]]": [1, -151.04037316036, []], "[\"NoTrans\", []]": [1, -164.48124313354492, []]}, "{\"10.0.0.11_10.0.0.41\": [1, 3, 4], \"10.0.0.12_10.0.0.42\": [1, 2, 4], \"10.0.0.13_10.0.0.43\": [1, 3, 4]}": {"[\"10.0.0.11_10.0.0.41\", [1, 2, 4]]": [1, -171.73681068881467, []], "[\"10.0.0.13_10.0.0.43\", [1, 2, 4]]": [1, -173.44681793502713, []], "[\"10.0.0.12_10.0.0.42\", [1, 3, 4]]": [1, -164.06792068481445, []], "[\"NoTrans\", []]": [1, -154.48023686639945, []]}, "{\"10.0.0.11_10.0.0.41\": [1, 3, 4], \"10.0.0.12_10.0.0.42\": [1, 3, 4], \"10.0.0.13_10.0.0.43\": [1, 2, 4]}": {"[\"10.0.0.11_10.0.0.41\", [1, 2, 4]]": [1, -175.08635773523315, []], "[\"10.0.0.13_10.0.0.43\", [1, 3, 4]]": [1, -165.88676834106445, []], "[\"10.0.0.12_10.0.0.42\", [1, 2, 4]]": [1, -171.99644056363417, []], "[\"NoTrans\", []]": [1, -152.12382320890896, []]}, "{\"10.0.0.11_10.0.0.41\": [1, 3, 4], \"10.0.0.12_10.0.0.42\": [1, 2, 4], \"10.0.0.13_10.0.0.43\": [1, 2, 4]}": {"[\"10.0.0.11_10.0.0.41\", [1, 2, 4]]": [1, -192.6648941040039, []], "[\"10.0.0.13_10.0.0.43\", [1, 3, 4]]": [1, -151.96412049000682, []], "[\"10.0.0.12_10.0.0.42\", [1, 3, 4]]": [1, -151.94679812451398, []], "[\"NoTrans\", []]": [1, -172.53110525098504, []]}, "{\"10.0.0.11_10.0.0.41\": [1, 2, 4], \"10.0.0.12_10.0.0.42\": [1, 3, 4], \"10.0.0.13_10.0.0.43\": [1, 3, 4]}": {"[\"10.0.0.11_10.0.0.41\", [1, 3, 4]]": [1, -165.09893798828125, []], "[\"10.0.0.13_10.0.0.43\", [1, 2, 4]]": [1, -201.01089026798616, []], "[\"10.0.0.12_10.0.0.42\", [1, 2, 4]]": [1, -172.08170822686492, []], "[\"NoTrans\", []]": [660, -106.73137425551624, []]}, "{\"10.0.0.11_10.0.0.41\": [1, 2, 4], \"10.0.0.12_10.0.0.42\": [1, 2, 4], \"10.0.0.13_10.0.0.43\": [1, 3, 4]}": {"[\"10.0.0.11_10.0.0.41\", [1, 3, 4]]": [1, -151.02373162741992, []], "[\"10.0.0.13_10.0.0.43\", [1, 2, 4]]": [0, -100, []], "[\"10.0.0.12_10.0.0.42\", [1, 3, 4]]": [1, -157.61313580854713, []], "[\"NoTrans\", []]": [1, -173.6067319188718, []]}, "{\"10.0.0.11_10.0.0.41\": [1, 2, 4], \"10.0.0.12_10.0.0.42\": [1, 3, 4], \"10.0.0.13_10.0.0.43\": [1, 2, 4]}": {"[\"10.0.0.11_10.0.0.41\", [1, 3, 4]]": [1, -149.57559402999934, []], "[\"10.0.0.13_10.0.0.43\", [1, 3, 4]]": [2, -152.71104060939825, []], "[\"10.0.0.12_10.0.0.42\", [1, 2, 4]]": [1, -195.2865447998047, []], "[\"NoTrans\", []]": [1, -194.0942611694336, []]}, "{\"10.0.0.11_10.0.0.41\": [1, 2, 4], \"10.0.0.12_10.0.0.42\": [1, 2, 4], \"10.0.0.13_10.0.0.43\": [1, 2, 4]}": {"[\"10.0.0.11_10.0.0.41\", [1, 3, 4]]": [1, -172.103836720806, []], "[\"10.0.0.13_10.0.0.43\", [1, 3, 4]]": [0, -100, []], "[\"10.0.0.12_10.0.0.42\", [1, 3, 4]]": [1, -173.36432062911314, []], "[\"NoTrans\", []]": [1, -194.60047149658203, []]}}