{"{\"10.0.0.11_10.0.0.41\": [1, 3, 4], \"10.0.0.12_10.0.0.42\": [1, 3, 4], \"10.0.0.13_10.0.0.43\": [1, 3, 4]}": {"[\"10.0.0.11_10.0.0.41\", [1, 2, 4]]": [4, -116.30877523254101, []], "[\"10.0.0.13_10.0.0.43\", [1, 2, 4]]": [1, -143.88387823341716, []], "[\"10.0.0.12_10.0.0.42\", [1, 2, 4]]": [2, -182.8880453478061, []], "[\"NoTrans\", []]": [2, -177.86862880645987, []]}, "{\"10.0.0.11_10.0.0.41\": [1, 3, 4], \"10.0.0.12_10.0.0.42\": [1, 2, 4], \"10.0.0.13_10.0.0.43\": [1, 3, 4]}": {"[\"10.0.0.11_10.0.0.41\", [1, 2, 4]]": [2, -176.58636400550233, []], "[\"10.0.0.13_10.0.0.43\", [1, 2, 4]]": [1, -183.2563620765908, []], "[\"10.0.0.12_10.0.0.42\", [1, 3, 4]]": [3, -183.5212859549161, []], "[\"NoTrans\", []]": [2, -184.95575474426798, []]}, "{\"10.0.0.11_10.0.0.41\": [1, 3, 4], \"10.0.0.12_10.0.0.42\": [1, 3, 4], \"10.0.0.13_10.0.0.43\": [1, 2, 4]}": {"[\"10.0.0.11_10.0.0.41\", [1, 2, 4]]": [2, -176.27270464370483, []], "[\"10.0.0.13_10.0.0.43\", [1, 3, 4]]": [1, -125.59758888867553, []], "[\"10.0.0.12_10.0.0.42\", [1, 2, 4]]": [1, -175.32223706785746, []], "[\"NoTrans\", []]": [1, -144.26498062737164, []]}, "{\"10.0.0.11_10.0.0.41\": [1, 3, 4], \"10.0.0.12_10.0.0.42\": [1, 2, 4], \"10.0.0.13_10.0.0.43\": [1, 2, 4]}": {"[\"10.0.0.11_10.0.0.41\", [1, 2, 4]]": [1, -154.05458686933702, []], "[\"10.0.0.13_10.0.0.43\", [1, 3, 4]]": [2, -173.31557069041696, []], "[\"10.0.0.12_10.0.0.42\", [1, 3, 4]]": [1, -144.65525900505546, []], "[\"NoTrans\", []]": [1, -169.22884519016884, []]}, "{\"10.0.0.11_10.0.0.41\": [1, 2, 4], \"10.0.0.12_10.0.0.42\": [1, 3, 4], \"10.0.0.13_10.0.0.43\": [1, 3, 4]}": {"[\"10.0.0.11_10.0.0.41\", [1, 3, 4]]": [3, -180.97053462921377, []], "[\"10.0.0.13_10.0.0.43\", [1, 2, 4]]": [3, -193.59760421560068, []], "[\"10.0.0.12_10.0.0.42\", [1, 2, 4]]": [3, -187.56333572432285, []], "[\"NoTrans\", []]": [615, -105.44809536313615, []]}, "{\"10.0.0.11_10.0.0.41\": [1, 2, 4], \"10.0.0.12_10.0.0.42\": [1, 2, 4], \"10.0.0.13_10.0.0.43\": [1, 3, 4]}": {"[\"10.0.0.11_10.0.0.41\", [1, 3, 4]]": [2, -155.1632797295896, []], "[\"10.0.0.13_10.0.0.43\", [1, 2, 4]]": [2, -179.03028724775498, []], "[\"10.0.0.12_10.0.0.42\", [1, 3, 4]]": [3, -166.5164037459614, []], "[\"NoTrans\", []]": [2, -181.9314982368432, []]}, "{\"10.0.0.11_10.0.0.41\": [1, 2, 4], \"10.0.0.12_10.0.0.42\": [1, 3, 4], \"10.0.0.13_10.0.0.43\": [1, 2, 4]}": {"[\"10.0.0.11_10.0.0.41\", [1, 3, 4]]": [2, -155.61822032209176, []], "[\"10.0.0.13_10.0.0.43\", [1, 3, 4]]": [3, -156.87163038572857, []], "[\"10.0.0.12_10.0.0.42\", [1, 2, 4]]": [1, -158.68324516401475, []], "[\"NoTrans\", []]": [2, -190.31115656600772, []]}, "{\"10.0.0.11_10.0.0.41\": [1, 2, 4], \"10.0.0.12_10.0.0.42\": [1, 2, 4], \"10.0.0.13_10.0.0.43\": [1, 2, 4]}": {"[\"10.0.0.11_10.0.0.41\", [1, 3, 4]]": [2, -193.86171236719895, []], "[\"10.0.0.13_10.0.0.43\", [1, 3, 4]]": [1, -124.55674957309053, []], "[\"10.0.0.12_10.0.0.42\", [1, 3, 4]]": [1, -127.2824747340145, []], "[\"NoTrans\", []]": [1, -158.4880280314464, []]}}