{"{\"10.0.0.11_10.0.0.41\": [1, 3, 4], \"10.0.0.12_10.0.0.42\": [1, 3, 4], \"10.0.0.13_10.0.0.43\": [1, 3, 4]}": {"[\"10.0.0.13_10.0.0.43\", [1, 2, 4]]": [2, -146.35224369625308, []], "[\"10.0.0.12_10.0.0.42\", [1, 2, 4]]": [1, -153.6720592427194, []], "[\"10.0.0.11_10.0.0.41\", [1, 2, 4]]": [4, -158.1882754759717, []], "[\"NoTrans\", []]": [2, -190.03784143140973, []]}, "{\"10.0.0.11_10.0.0.41\": [1, 2, 4], \"10.0.0.12_10.0.0.42\": [1, 3, 4], \"10.0.0.13_10.0.0.43\": [1, 3, 4]}": {"[\"10.0.0.13_10.0.0.43\", [1, 2, 4]]": [3, -199.84669614137073, []], "[\"10.0.0.12_10.0.0.42\", [1, 2, 4]]": [3, -212.89207655588493, []], "[\"10.0.0.11_10.0.0.41\", [1, 3, 4]]": [3, -195.29917747717502, []], "[\"NoTrans\", []]": [608, -113.07444050447035, []]}, "{\"10.0.0.11_10.0.0.41\": [1, 3, 4], \"10.0.0.12_10.0.0.42\": [1, 2, 4], \"10.0.0.13_10.0.0.43\": [1, 3, 4]}": {"[\"10.0.0.13_10.0.0.43\", [1, 2, 4]]": [2, -154.64065129480576, []], "[\"10.0.0.12_10.0.0.42\", [1, 3, 4]]": [1, -163.23406896049266, []], "[\"10.0.0.11_10.0.0.41\", [1, 2, 4]]": [2, -220.25331081143958, []], "[\"NoTrans\", []]": [1, -153.9818057439927, []]}, "{\"10.0.0.11_10.0.0.41\": [1, 2, 4], \"10.0.0.12_10.0.0.42\": [1, 2, 4], \"10.0.0.13_10.0.0.43\": [1, 3, 4]}": {"[\"10.0.0.13_10.0.0.43\", [1, 2, 4]]": [2, -169.75008383408158, []], "[\"10.0.0.12_10.0.0.42\", [1, 3, 4]]": [3, -202.16709964862815, []], "[\"10.0.0.11_10.0.0.41\", [1, 3, 4]]": [2, -185.315954092971, []], "[\"NoTrans\", []]": [2, -207.94176896902957, []]}, "{\"10.0.0.11_10.0.0.41\": [1, 3, 4], \"10.0.0.12_10.0.0.42\": [1, 3, 4], \"10.0.0.13_10.0.0.43\": [1, 2, 4]}": {"[\"10.0.0.13_10.0.0.43\", [1, 3, 4]]": [3, -203.84588177955965, []], "[\"10.0.0.12_10.0.0.42\", [1, 2, 4]]": [2, -180.29558867182078, []], "[\"10.0.0.11_10.0.0.41\", [1, 2, 4]]": [2, -201.32262167752998, []], "[\"NoTrans\", []]": [3, -217.80174027329193, []]}, "{\"10.0.0.11_10.0.0.41\": [1, 2, 4], \"10.0.0.12_10.0.0.42\": [1, 3, 4], \"10.0.0.13_10.0.0.43\": [1, 2, 4]}": {"[\"10.0.0.13_10.0.0.43\", [1, 3, 4]]": [3, -184.5936315002061, []], "[\"10.0.0.12_10.0.0.42\", [1, 2, 4]]": [2, -166.0146566294228, []], "[\"10.0.0.11_10.0.0.41\", [1, 3, 4]]": [3, -208.44428493485236, []], "[\"NoTrans\", []]": [2, -197.231747682282, []]}, "{\"10.0.0.11_10.0.0.41\": [1, 3, 4], \"10.0.0.12_10.0.0.42\": [1, 2, 4], \"10.0.0.13_10.0.0.43\": [1, 2, 4]}": {"[\"10.0.0.13_10.0.0.43\", [1, 3, 4]]": [2, -174.54571792831308, []], "[\"10.0.0.12_10.0.0.42\", [1, 3, 4]]": [2, -171.85941619655625, []], "[\"10.0.0.11_10.0.0.41\", [1, 2, 4]]": [1, -147.91577389832509, []], "[\"NoTrans\", []]": [1, -129.67170183015227, []]}, "{\"10.0.0.11_10.0.0.41\": [1, 2, 4], \"10.0.0.12_10.0.0.42\": [1, 2, 4], \"10.0.0.13_10.0.0.43\": [1, 2, 4]}": {"[\"10.0.0.13_10.0.0.43\", [1, 3, 4]]": [2, -173.27968448375813, []], "[\"10.0.0.12_10.0.0.42\", [1, 3, 4]]": [2, -154.72258646575654, []], "[\"10.0.0.11_10.0.0.41\", [1, 3, 4]]": [1, -130.8824339284381, []], "[\"NoTrans\", []]": [1, -147.84319928284657, []]}}