{"{\"10.0.0.11_10.0.0.41\": [1, 3, 4], \"10.0.0.12_10.0.0.42\": [1, 3, 4], \"10.0.0.13_10.0.0.43\": [1, 3, 4]}": {"[\"10.0.0.13_10.0.0.43\", [1, 2, 4]]": [27, -287.68948308843017, []], "[\"10.0.0.12_10.0.0.42\", [1, 2, 4]]": [0, -Infinity, []], "[\"10.0.0.11_10.0.0.41\", [1, 2, 4]]": [0, -Infinity, []], "[\"NoTrans\", []]": [0, -Infinity, []]}, "{\"10.0.0.11_10.0.0.41\": [1, 2, 4], \"10.0.0.12_10.0.0.42\": [1, 3, 4], \"10.0.0.13_10.0.0.43\": [1, 3, 4]}": {"[\"10.0.0.13_10.0.0.43\", [1, 2, 4]]": [32, -260.019363612094, []], "[\"10.0.0.12_10.0.0.42\", [1, 2, 4]]": [23, -267.48869594421353, []], "[\"10.0.0.11_10.0.0.41\", [1, 3, 4]]": [21, -336.3926900780228, []], "[\"NoTrans\", []]": [513, -138.71422095513665, []]}, "{\"10.0.0.11_10.0.0.41\": [1, 3, 4], \"10.0.0.12_10.0.0.42\": [1, 2, 4], \"10.0.0.13_10.0.0.43\": [1, 3, 4]}": {"[\"10.0.0.13_10.0.0.43\", [1, 2, 4]]": [23, -373.788937919061, []], "[\"10.0.0.12_10.0.0.42\", [1, 3, 4]]": [0, -Infinity, []], "[\"10.0.0.11_10.0.0.41\", [1, 2, 4]]": [0, -Infinity, []], "[\"NoTrans\", []]": [0, -Infinity, []]}, "{\"10.0.0.11_10.0.0.41\": [1, 2, 4], \"10.0.0.12_10.0.0.42\": [1, 2, 4], \"10.0.0.13_10.0.0.43\": [1, 3, 4]}": {"[\"10.0.0.13_10.0.0.43\", [1, 2, 4]]": [2, -218.26325439722606, []], "[\"10.0.0.12_10.0.0.42\", [1, 3, 4]]": [21, -192.0492572855431, []], "[\"10.0.0.11_10.0.0.41\", [1, 3, 4]]": [1, -370.15832086953924, []], "[\"NoTrans\", []]": [6, -253.49670081170018, []]}, "{\"10.0.0.11_10.0.0.41\": [1, 3, 4], \"10.0.0.12_10.0.0.42\": [1, 3, 4], \"10.0.0.13_10.0.0.43\": [1, 2, 4]}": {"[\"10.0.0.13_10.0.0.43\", [1, 3, 4]]": [6, -374.6001100858685, []], "[\"10.0.0.12_10.0.0.42\", [1, 2, 4]]": [9, -409.40171925945543, []], "[\"10.0.0.11_10.0.0.41\", [1, 2, 4]]": [23, -256.1871954387989, []], "[\"NoTrans\", []]": [0, -Infinity, []]}, "{\"10.0.0.11_10.0.0.41\": [1, 2, 4], \"10.0.0.12_10.0.0.42\": [1, 3, 4], \"10.0.0.13_10.0.0.43\": [1, 2, 4]}": {"[\"10.0.0.13_10.0.0.43\", [1, 3, 4]]": [56, -195.74181724469523, []], "[\"10.0.0.12_10.0.0.42\", [1, 2, 4]]": [0, -Infinity, []], "[\"10.0.0.11_10.0.0.41\", [1, 3, 4]]": [1, -228.46758414708484, []], "[\"NoTrans\", []]": [0, -Infinity, []]}, "{\"10.0.0.11_10.0.0.41\": [1, 3, 4], \"10.0.0.12_10.0.0.42\": [1, 2, 4], \"10.0.0.13_10.0.0.43\": [1, 2, 4]}": {"[\"10.0.0.13_10.0.0.43\", [1, 3, 4]]": [22, -462.182040920398, []], "[\"10.0.0.12_10.0.0.42\", [1, 3, 4]]": [10, -278.6003026406003, []], "[\"10.0.0.11_10.0.0.41\", [1, 2, 4]]": [0, -Infinity, []], "[\"NoTrans\", []]": [10, -463.0594536963595, []]}, "{\"10.0.0.11_10.0.0.41\": [1, 2, 4], \"10.0.0.12_10.0.0.42\": [1, 2, 4], \"10.0.0.13_10.0.0.43\": [1, 2, 4]}": {"[\"10.0.0.13_10.0.0.43\", [1, 3, 4]]": [1, -150.4503641170646, []], "[\"10.0.0.12_10.0.0.42\", [1, 3, 4]]": [1, -205.72034896943552, []], "[\"10.0.0.11_10.0.0.41\", [1, 3, 4]]": [0, -Infinity, []], "[\"NoTrans\", []]": [0, -Infinity, []]}}