{"{\"10.0.0.11_10.0.0.41\": [1, 3, 4], \"10.0.0.12_10.0.0.42\": [1, 3, 4], \"10.0.0.13_10.0.0.43\": [1, 3, 4]}": {"[\"10.0.0.12_10.0.0.42\", [1, 2, 4]]": [1, -185.12202611085308, []], "[\"10.0.0.13_10.0.0.43\", [1, 2, 4]]": [1, -186.3595137877217, []], "[\"10.0.0.11_10.0.0.41\", [1, 2, 4]]": [1, -137.01413680419577, []], "[\"NoTrans\", []]": [1, -199.5045066833496, []]}, "{\"10.0.0.11_10.0.0.41\": [1, 2, 4], \"10.0.0.12_10.0.0.42\": [1, 3, 4], \"10.0.0.13_10.0.0.43\": [1, 3, 4]}": {"[\"10.0.0.12_10.0.0.42\", [1, 2, 4]]": [1, -206.14753851802283, []], "[\"10.0.0.13_10.0.0.43\", [1, 2, 4]]": [1, -184.66367656785687, []], "[\"10.0.0.11_10.0.0.41\", [1, 3, 4]]": [1, -202.7058006286621, []], "[\"NoTrans\", []]": [656, -128.93897327963788, []]}, "{\"10.0.0.11_10.0.0.41\": [1, 3, 4], \"10.0.0.12_10.0.0.42\": [1, 3, 4], \"10.0.0.13_10.0.0.43\": [1, 2, 4]}": {"[\"10.0.0.12_10.0.0.42\", [1, 2, 4]]": [1, -202.00485409816338, []], "[\"10.0.0.13_10.0.0.43\", [1, 3, 4]]": [1, -202.42303619384765, []], "[\"10.0.0.11_10.0.0.41\", [1, 2, 4]]": [1, -201.05932181320492, []], "[\"NoTrans\", []]": [1, -185.2621821385606, []]}, "{\"10.0.0.11_10.0.0.41\": [1, 2, 4], \"10.0.0.12_10.0.0.42\": [1, 3, 4], \"10.0.0.13_10.0.0.43\": [1, 2, 4]}": {"[\"10.0.0.12_10.0.0.42\", [1, 2, 4]]": [1, -219.56638107299807, []], "[\"10.0.0.13_10.0.0.43\", [1, 3, 4]]": [1, -201.6839385986328, []], "[\"10.0.0.11_10.0.0.41\", [1, 3, 4]]": [1, -182.88004502863618, []], "[\"NoTrans\", []]": [0, -140, []]}, "{\"10.0.0.11_10.0.0.41\": [1, 3, 4], \"10.0.0.12_10.0.0.42\": [1, 2, 4], \"10.0.0.13_10.0.0.43\": [1, 3, 4]}": {"[\"10.0.0.12_10.0.0.42\", [1, 3, 4]]": [1, -200.3871322631836, []], "[\"10.0.0.13_10.0.0.43\", [1, 2, 4]]": [1, -203.98857796126705, []], "[\"10.0.0.11_10.0.0.41\", [1, 2, 4]]": [1, -203.8904676601074, []], "[\"NoTrans\", []]": [1, -184.65200798377128, []]}, "{\"10.0.0.11_10.0.0.41\": [1, 2, 4], \"10.0.0.12_10.0.0.42\": [1, 2, 4], \"10.0.0.13_10.0.0.43\": [1, 3, 4]}": {"[\"10.0.0.12_10.0.0.42\", [1, 3, 4]]": [2, -176.92889321378954, []], "[\"10.0.0.13_10.0.0.43\", [1, 2, 4]]": [1, -259.07825094604493, []], "[\"10.0.0.11_10.0.0.41\", [1, 3, 4]]": [1, -186.31425160075398, []], "[\"NoTrans\", []]": [1, -204.64251053795022, []]}, "{\"10.0.0.11_10.0.0.41\": [1, 3, 4], \"10.0.0.12_10.0.0.42\": [1, 2, 4], \"10.0.0.13_10.0.0.43\": [1, 2, 4]}": {"[\"10.0.0.12_10.0.0.42\", [1, 3, 4]]": [1, -187.94370739578167, []], "[\"10.0.0.13_10.0.0.43\", [1, 3, 4]]": [1, -184.3043770157407, []], "[\"10.0.0.11_10.0.0.41\", [1, 2, 4]]": [1, -222.55195388793948, []], "[\"NoTrans\", []]": [1, -204.54097256941935, []]}, "{\"10.0.0.11_10.0.0.41\": [1, 2, 4], \"10.0.0.12_10.0.0.42\": [1, 2, 4], \"10.0.0.13_10.0.0.43\": [1, 2, 4]}": {"[\"10.0.0.12_10.0.0.42\", [1, 3, 4]]": [1, -199.2279411315918, []], "[\"10.0.0.13_10.0.0.43\", [1, 3, 4]]": [2, -215.90449173718713, []], "[\"10.0.0.11_10.0.0.41\", [1, 3, 4]]": [1, -203.0409439811809, []], "[\"NoTrans\", []]": [1, -225.01529464721682, []]}}