{"{\"10.0.0.11_10.0.0.41\": [1, 3, 4], \"10.0.0.12_10.0.0.42\": [1, 3, 4], \"10.0.0.13_10.0.0.43\": [1, 3, 4]}": {"[\"10.0.0.13_10.0.0.43\", [1, 2, 4]]": [0, -140, []], "[\"10.0.0.11_10.0.0.41\", [1, 2, 4]]": [1, -139.49961440744664, []], "[\"10.0.0.12_10.0.0.42\", [1, 2, 4]]": [1, -201.87753014090063, []], "[\"NoTrans\", []]": [0, -140, []]}, "{\"10.0.0.11_10.0.0.41\": [1, 3, 4], \"10.0.0.12_10.0.0.42\": [1, 2, 4], \"10.0.0.13_10.0.0.43\": [1, 3, 4]}": {"[\"10.0.0.13_10.0.0.43\", [1, 2, 4]]": [0, -140, []], "[\"10.0.0.11_10.0.0.41\", [1, 2, 4]]": [1, -184.41743369231204, []], "[\"10.0.0.12_10.0.0.42\", [1, 3, 4]]": [1, -228.6149383544922, []], "[\"NoTrans\", []]": [2, -138.10081646230748, []]}, "{\"10.0.0.11_10.0.0.41\": [1, 2, 4], \"10.0.0.12_10.0.0.42\": [1, 3, 4], \"10.0.0.13_10.0.0.43\": [1, 3, 4]}": {"[\"10.0.0.13_10.0.0.43\", [1, 2, 4]]": [190, -232.258438519783, []], "[\"10.0.0.11_10.0.0.41\", [1, 3, 4]]": [1, -227.96290828058034, []], "[\"10.0.0.12_10.0.0.42\", [1, 2, 4]]": [1, -184.90151713538503, []], "[\"NoTrans\", []]": [1, -205.82633767963125, []]}, "{\"10.0.0.11_10.0.0.41\": [1, 2, 4], \"10.0.0.12_10.0.0.42\": [1, 2, 4], \"10.0.0.13_10.0.0.43\": [1, 3, 4]}": {"[\"10.0.0.13_10.0.0.43\", [1, 2, 4]]": [1, -195.57937393188476, []], "[\"10.0.0.11_10.0.0.41\", [1, 3, 4]]": [1, -140.20549253878485, []], "[\"10.0.0.12_10.0.0.42\", [1, 3, 4]]": [1, -209.43563909478513, []], "[\"NoTrans\", []]": [1, -183.40696875250987, []]}, "{\"10.0.0.11_10.0.0.41\": [1, 3, 4], \"10.0.0.12_10.0.0.42\": [1, 3, 4], \"10.0.0.13_10.0.0.43\": [1, 2, 4]}": {"[\"10.0.0.13_10.0.0.43\", [1, 3, 4]]": [0, -140, []], "[\"10.0.0.11_10.0.0.41\", [1, 2, 4]]": [1, -137.0272433553332, []], "[\"10.0.0.12_10.0.0.42\", [1, 2, 4]]": [0, -140, []], "[\"NoTrans\", []]": [0, -140, []]}, "{\"10.0.0.11_10.0.0.41\": [1, 3, 4], \"10.0.0.12_10.0.0.42\": [1, 2, 4], \"10.0.0.13_10.0.0.43\": [1, 2, 4]}": {"[\"10.0.0.13_10.0.0.43\", [1, 3, 4]]": [0, -140, []], "[\"10.0.0.11_10.0.0.41\", [1, 2, 4]]": [1, -195.54408201132009, []], "[\"10.0.0.12_10.0.0.42\", [1, 3, 4]]": [0, -140, []], "[\"NoTrans\", []]": [376, -113.45045152686977, []]}, "{\"10.0.0.11_10.0.0.41\": [1, 2, 4], \"10.0.0.12_10.0.0.42\": [1, 3, 4], \"10.0.0.13_10.0.0.43\": [1, 2, 4]}": {"[\"10.0.0.13_10.0.0.43\", [1, 3, 4]]": [190, -217.1694767286752, []], "[\"10.0.0.11_10.0.0.41\", [1, 3, 4]]": [1, -208.45953268195615, []], "[\"10.0.0.12_10.0.0.42\", [1, 2, 4]]": [2, -208.7383433532715, []], "[\"NoTrans\", []]": [2, -216.59260837280138, []]}, "{\"10.0.0.11_10.0.0.41\": [1, 2, 4], \"10.0.0.12_10.0.0.42\": [1, 2, 4], \"10.0.0.13_10.0.0.43\": [1, 2, 4]}": {"[\"10.0.0.13_10.0.0.43\", [1, 3, 4]]": [1, -184.38544752190265, []], "[\"10.0.0.11_10.0.0.41\", [1, 3, 4]]": [2, -138.74837056394415, []], "[\"10.0.0.12_10.0.0.42\", [1, 3, 4]]": [1, -208.1847926192443, []], "[\"NoTrans\", []]": [0, -140, []]}}