{"{\"10.0.0.11_10.0.0.41\": [1, 3, 4], \"10.0.0.12_10.0.0.42\": [1, 3, 4], \"10.0.0.13_10.0.0.43\": [1, 3, 4]}": {"[\"10.0.0.12_10.0.0.42\", [1, 2, 4]]": [12, -292.0824810160557, []], "[\"10.0.0.13_10.0.0.43\", [1, 2, 4]]": [16, -293.64109350493214, []], "[\"10.0.0.11_10.0.0.41\", [1, 2, 4]]": [6, -143.0603873664377, []], "[\"NoTrans\", []]": [6, -343.98219385206545, []]}, "{\"10.0.0.11_10.0.0.41\": [1, 2, 4], \"10.0.0.12_10.0.0.42\": [1, 3, 4], \"10.0.0.13_10.0.0.43\": [1, 3, 4]}": {"[\"10.0.0.12_10.0.0.42\", [1, 2, 4]]": [43, -246.34986312644432, []], "[\"10.0.0.13_10.0.0.43\", [1, 2, 4]]": [18, -259.05558114605986, []], "[\"10.0.0.11_10.0.0.41\", [1, 3, 4]]": [26, -207.52156031517603, []], "[\"NoTrans\", []]": [498, -149.91839050153604, []]}, "{\"10.0.0.11_10.0.0.41\": [1, 3, 4], \"10.0.0.12_10.0.0.42\": [1, 3, 4], \"10.0.0.13_10.0.0.43\": [1, 2, 4]}": {"[\"10.0.0.12_10.0.0.42\", [1, 2, 4]]": [6, -368.2127556219432, []], "[\"10.0.0.13_10.0.0.43\", [1, 3, 4]]": [0, -Infinity, []], "[\"10.0.0.11_10.0.0.41\", [1, 2, 4]]": [18, -262.738873156337, []], "[\"NoTrans\", []]": [6, -371.1892943392953, []]}, "{\"10.0.0.11_10.0.0.41\": [1, 2, 4], \"10.0.0.12_10.0.0.42\": [1, 3, 4], \"10.0.0.13_10.0.0.43\": [1, 2, 4]}": {"[\"10.0.0.12_10.0.0.42\", [1, 2, 4]]": [6, -365.7291492212401, []], "[\"10.0.0.13_10.0.0.43\", [1, 3, 4]]": [36, -177.50495851599194, []], "[\"10.0.0.11_10.0.0.41\", [1, 3, 4]]": [1, -238.66687800445075, []], "[\"NoTrans\", []]": [4, -322.10759667956876, []]}, "{\"10.0.0.11_10.0.0.41\": [1, 3, 4], \"10.0.0.12_10.0.0.42\": [1, 2, 4], \"10.0.0.13_10.0.0.43\": [1, 3, 4]}": {"[\"10.0.0.12_10.0.0.42\", [1, 3, 4]]": [8, -364.5387143707265, []], "[\"10.0.0.13_10.0.0.43\", [1, 2, 4]]": [4, -377.71631245619807, []], "[\"10.0.0.11_10.0.0.41\", [1, 2, 4]]": [7, -257.20540815132387, []], "[\"NoTrans\", []]": [0, -Infinity, []]}, "{\"10.0.0.11_10.0.0.41\": [1, 2, 4], \"10.0.0.12_10.0.0.42\": [1, 2, 4], \"10.0.0.13_10.0.0.43\": [1, 3, 4]}": {"[\"10.0.0.12_10.0.0.42\", [1, 3, 4]]": [45, -184.94802709464662, []], "[\"10.0.0.13_10.0.0.43\", [1, 2, 4]]": [1, -303.65498260108933, []], "[\"10.0.0.11_10.0.0.41\", [1, 3, 4]]": [4, -293.38763018961794, []], "[\"NoTrans\", []]": [3, -261.89551770049343, []]}, "{\"10.0.0.11_10.0.0.41\": [1, 3, 4], \"10.0.0.12_10.0.0.42\": [1, 2, 4], \"10.0.0.13_10.0.0.43\": [1, 2, 4]}": {"[\"10.0.0.12_10.0.0.42\", [1, 3, 4]]": [7, -351.0966199736262, []], "[\"10.0.0.13_10.0.0.43\", [1, 3, 4]]": [3, -371.32104146516804, []], "[\"10.0.0.11_10.0.0.41\", [1, 2, 4]]": [0, -Infinity, []], "[\"NoTrans\", []]": [0, -Infinity, []]}, "{\"10.0.0.11_10.0.0.41\": [1, 2, 4], \"10.0.0.12_10.0.0.42\": [1, 2, 4], \"10.0.0.13_10.0.0.43\": [1, 2, 4]}": {"[\"10.0.0.12_10.0.0.42\", [1, 3, 4]]": [7, -258.6054540123289, []], "[\"10.0.0.13_10.0.0.43\", [1, 3, 4]]": [0, -Infinity, []], "[\"10.0.0.11_10.0.0.41\", [1, 3, 4]]": [0, -Infinity, []], "[\"NoTrans\", []]": [2, -393.3309046167394, []]}}