{"{\"10.0.0.11_10.0.0.41\": [1, 3, 4], \"10.0.0.12_10.0.0.42\": [1, 3, 4], \"10.0.0.13_10.0.0.43\": [1, 3, 4]}": {"[\"10.0.0.12_10.0.0.42\", [1, 2, 4]]": [18, -408.7552551034803, []], "[\"10.0.0.13_10.0.0.43\", [1, 2, 4]]": [17, -411.7355877997576, []], "[\"10.0.0.11_10.0.0.41\", [1, 2, 4]]": [8, -427.83193634577896, []], "[\"NoTrans\", []]": [9, -428.12129272245613, []]}, "{\"10.0.0.11_10.0.0.41\": [1, 2, 4], \"10.0.0.12_10.0.0.42\": [1, 3, 4], \"10.0.0.13_10.0.0.43\": [1, 3, 4]}": {"[\"10.0.0.12_10.0.0.42\", [1, 2, 4]]": [7, -417.96659829046837, []], "[\"10.0.0.13_10.0.0.43\", [1, 2, 4]]": [7, -408.81984328578557, []], "[\"10.0.0.11_10.0.0.41\", [1, 3, 4]]": [10, -427.0040080095693, []], "[\"NoTrans\", []]": [8, -432.9012839991619, []]}, "{\"10.0.0.11_10.0.0.41\": [1, 3, 4], \"10.0.0.12_10.0.0.42\": [1, 3, 4], \"10.0.0.13_10.0.0.43\": [1, 2, 4]}": {"[\"10.0.0.12_10.0.0.42\", [1, 2, 4]]": [13, -428.3003501982834, []], "[\"10.0.0.13_10.0.0.43\", [1, 3, 4]]": [17, -428.89521964571134, []], "[\"10.0.0.11_10.0.0.41\", [1, 2, 4]]": [16, -432.00244410554063, []], "[\"NoTrans\", []]": [31, -412.4048024162723, []]}, "{\"10.0.0.11_10.0.0.41\": [1, 2, 4], \"10.0.0.12_10.0.0.42\": [1, 3, 4], \"10.0.0.13_10.0.0.43\": [1, 2, 4]}": {"[\"10.0.0.12_10.0.0.42\", [1, 2, 4]]": [7, -424.4110343206213, []], "[\"10.0.0.13_10.0.0.43\", [1, 3, 4]]": [7, -423.9642073205867, []], "[\"10.0.0.11_10.0.0.41\", [1, 3, 4]]": [15, -410.0735618011748, []], "[\"NoTrans\", []]": [9, -434.82235675709404, []]}, "{\"10.0.0.11_10.0.0.41\": [1, 3, 4], \"10.0.0.12_10.0.0.42\": [1, 2, 4], \"10.0.0.13_10.0.0.43\": [1, 3, 4]}": {"[\"10.0.0.12_10.0.0.42\", [1, 3, 4]]": [16, -428.6948706771249, []], "[\"10.0.0.13_10.0.0.43\", [1, 2, 4]]": [16, -431.3425074430724, []], "[\"10.0.0.11_10.0.0.41\", [1, 2, 4]]": [14, -430.44919397868136, []], "[\"NoTrans\", []]": [31, -411.9389019350474, []]}, "{\"10.0.0.11_10.0.0.41\": [1, 2, 4], \"10.0.0.12_10.0.0.42\": [1, 2, 4], \"10.0.0.13_10.0.0.43\": [1, 3, 4]}": {"[\"10.0.0.12_10.0.0.42\", [1, 3, 4]]": [9, -419.8978545804403, []], "[\"10.0.0.13_10.0.0.43\", [1, 2, 4]]": [7, -429.5591209330462, []], "[\"10.0.0.11_10.0.0.41\", [1, 3, 4]]": [12, -408.8080998994427, []], "[\"NoTrans\", []]": [8, -423.8292395837174, []]}, "{\"10.0.0.11_10.0.0.41\": [1, 3, 4], \"10.0.0.12_10.0.0.42\": [1, 2, 4], \"10.0.0.13_10.0.0.43\": [1, 2, 4]}": {"[\"10.0.0.12_10.0.0.42\", [1, 3, 4]]": [13, -408.8559903111063, []], "[\"10.0.0.13_10.0.0.43\", [1, 3, 4]]": [16, -409.20912100149235, []], "[\"10.0.0.11_10.0.0.41\", [1, 2, 4]]": [7, -442.1031044924878, []], "[\"NoTrans\", []]": [9, -425.88129521496825, []]}, "{\"10.0.0.11_10.0.0.41\": [1, 2, 4], \"10.0.0.12_10.0.0.42\": [1, 2, 4], \"10.0.0.13_10.0.0.43\": [1, 2, 4]}": {"[\"10.0.0.12_10.0.0.42\", [1, 3, 4]]": [7, -418.2603189429092, []], "[\"10.0.0.13_10.0.0.43\", [1, 3, 4]]": [7, -420.8574421981464, []], "[\"10.0.0.11_10.0.0.41\", [1, 3, 4]]": [7, -423.9172186229962, []], "[\"NoTrans\", []]": [6, -436.4743261599539, []]}}