{"{\"10.0.0.11_10.0.0.41\": [1, 3, 4], \"10.0.0.12_10.0.0.42\": [1, 3, 4], \"10.0.0.13_10.0.0.43\": [1, 3, 4]}": {"[\"10.0.0.13_10.0.0.43\", [1, 2, 4]]": [2, -166.82167833661208, []], "[\"10.0.0.12_10.0.0.42\", [1, 2, 4]]": [2, -173.14570374322653, []], "[\"10.0.0.11_10.0.0.41\", [1, 2, 4]]": [5, -163.01510028700608, []], "[\"NoTrans\", []]": [2, -185.76472980148523, []]}, "{\"10.0.0.11_10.0.0.41\": [1, 2, 4], \"10.0.0.12_10.0.0.42\": [1, 3, 4], \"10.0.0.13_10.0.0.43\": [1, 3, 4]}": {"[\"10.0.0.13_10.0.0.43\", [1, 2, 4]]": [3, -222.8527630391534, []], "[\"10.0.0.12_10.0.0.42\", [1, 2, 4]]": [4, -220.21729727277423, []], "[\"10.0.0.11_10.0.0.41\", [1, 3, 4]]": [3, -196.4468535644291, []], "[\"NoTrans\", []]": [606, -120.4763367016247, []]}, "{\"10.0.0.11_10.0.0.41\": [1, 3, 4], \"10.0.0.12_10.0.0.42\": [1, 2, 4], \"10.0.0.13_10.0.0.43\": [1, 3, 4]}": {"[\"10.0.0.13_10.0.0.43\", [1, 2, 4]]": [2, -201.4876893967895, []], "[\"10.0.0.12_10.0.0.42\", [1, 3, 4]]": [4, -214.9102842240498, []], "[\"10.0.0.11_10.0.0.41\", [1, 2, 4]]": [3, -205.6047446911858, []], "[\"NoTrans\", []]": [3, -213.2999576181175, []]}, "{\"10.0.0.11_10.0.0.41\": [1, 2, 4], \"10.0.0.12_10.0.0.42\": [1, 2, 4], \"10.0.0.13_10.0.0.43\": [1, 3, 4]}": {"[\"10.0.0.13_10.0.0.43\", [1, 2, 4]]": [2, -229.46061615377704, []], "[\"10.0.0.12_10.0.0.42\", [1, 3, 4]]": [3, -188.5030788587922, []], "[\"10.0.0.11_10.0.0.41\", [1, 3, 4]]": [3, -221.2544440481079, []], "[\"NoTrans\", []]": [2, -191.50611001131153, []]}, "{\"10.0.0.11_10.0.0.41\": [1, 3, 4], \"10.0.0.12_10.0.0.42\": [1, 3, 4], \"10.0.0.13_10.0.0.43\": [1, 2, 4]}": {"[\"10.0.0.13_10.0.0.43\", [1, 3, 4]]": [2, -161.45985940885865, []], "[\"10.0.0.12_10.0.0.42\", [1, 2, 4]]": [2, -219.26914983361863, []], "[\"10.0.0.11_10.0.0.41\", [1, 2, 4]]": [2, -204.6279087775863, []], "[\"NoTrans\", []]": [2, -195.27153454228295, []]}, "{\"10.0.0.11_10.0.0.41\": [1, 2, 4], \"10.0.0.12_10.0.0.42\": [1, 3, 4], \"10.0.0.13_10.0.0.43\": [1, 2, 4]}": {"[\"10.0.0.13_10.0.0.43\", [1, 3, 4]]": [3, -169.03814888783913, []], "[\"10.0.0.12_10.0.0.42\", [1, 2, 4]]": [1, -208.05427338634814, []], "[\"10.0.0.11_10.0.0.41\", [1, 3, 4]]": [2, -203.11355567608732, []], "[\"NoTrans\", []]": [1, -157.43078941646775, []]}, "{\"10.0.0.11_10.0.0.41\": [1, 3, 4], \"10.0.0.12_10.0.0.42\": [1, 2, 4], \"10.0.0.13_10.0.0.43\": [1, 2, 4]}": {"[\"10.0.0.13_10.0.0.43\", [1, 3, 4]]": [3, -210.93417638873692, []], "[\"10.0.0.12_10.0.0.42\", [1, 3, 4]]": [2, -195.89211713553442, []], "[\"10.0.0.11_10.0.0.41\", [1, 2, 4]]": [1, -197.10796071887611, []], "[\"NoTrans\", []]": [1, -169.4232688822259, []]}, "{\"10.0.0.11_10.0.0.41\": [1, 2, 4], \"10.0.0.12_10.0.0.42\": [1, 2, 4], \"10.0.0.13_10.0.0.43\": [1, 2, 4]}": {"[\"10.0.0.13_10.0.0.43\", [1, 3, 4]]": [1, -157.17270638102798, []], "[\"10.0.0.12_10.0.0.42\", [1, 3, 4]]": [1, -156.50048113474685, []], "[\"10.0.0.11_10.0.0.41\", [1, 3, 4]]": [2, -196.78052360918582, []], "[\"NoTrans\", []]": [1, -198.76563741565346, []]}}