{"{\"10.0.0.11_10.0.0.41\": [1, 3, 4], \"10.0.0.12_10.0.0.42\": [1, 3, 4], \"10.0.0.13_10.0.0.43\": [1, 3, 4]}": {"[\"10.0.0.13_10.0.0.43\", [1, 2, 4]]": [14, -274.3095692114313, []], "[\"10.0.0.11_10.0.0.41\", [1, 2, 4]]": [20, -183.0469541954718, []], "[\"10.0.0.12_10.0.0.42\", [1, 2, 4]]": [12, -269.5812867654624, []], "[\"NoTrans\", []]": [15, -240.39130584288048, []]}, "{\"10.0.0.11_10.0.0.41\": [1, 3, 4], \"10.0.0.12_10.0.0.42\": [1, 2, 4], \"10.0.0.13_10.0.0.43\": [1, 3, 4]}": {"[\"10.0.0.13_10.0.0.43\", [1, 2, 4]]": [11, -313.40366238047574, []], "[\"10.0.0.11_10.0.0.41\", [1, 2, 4]]": [17, -281.6265582350769, []], "[\"10.0.0.12_10.0.0.42\", [1, 3, 4]]": [12, -240.42470593790796, []], "[\"NoTrans\", []]": [15, -264.77070744232543, []]}, "{\"10.0.0.11_10.0.0.41\": [1, 2, 4], \"10.0.0.12_10.0.0.42\": [1, 3, 4], \"10.0.0.13_10.0.0.43\": [1, 3, 4]}": {"[\"10.0.0.13_10.0.0.43\", [1, 2, 4]]": [26, -276.19309486248505, []], "[\"10.0.0.11_10.0.0.41\", [1, 3, 4]]": [21, -241.12579883348386, []], "[\"10.0.0.12_10.0.0.42\", [1, 2, 4]]": [20, -281.9144704668607, []], "[\"NoTrans\", []]": [26, -204.43789469755262, []]}, "{\"10.0.0.11_10.0.0.41\": [1, 2, 4], \"10.0.0.12_10.0.0.42\": [1, 2, 4], \"10.0.0.13_10.0.0.43\": [1, 3, 4]}": {"[\"10.0.0.13_10.0.0.43\", [1, 2, 4]]": [17, -347.5532194973031, []], "[\"10.0.0.11_10.0.0.41\", [1, 3, 4]]": [18, -267.4262616015626, []], "[\"10.0.0.12_10.0.0.42\", [1, 3, 4]]": [20, -225.2904116869025, []], "[\"NoTrans\", []]": [19, -281.36017014438784, []]}, "{\"10.0.0.11_10.0.0.41\": [1, 3, 4], \"10.0.0.12_10.0.0.42\": [1, 3, 4], \"10.0.0.13_10.0.0.43\": [1, 2, 4]}": {"[\"10.0.0.13_10.0.0.43\", [1, 3, 4]]": [13, -261.4843301300607, []], "[\"10.0.0.11_10.0.0.41\", [1, 2, 4]]": [16, -286.93481598912246, []], "[\"10.0.0.12_10.0.0.42\", [1, 2, 4]]": [8, -318.3426562037024, []], "[\"NoTrans\", []]": [12, -289.8147867936098, []]}, "{\"10.0.0.11_10.0.0.41\": [1, 3, 4], \"10.0.0.12_10.0.0.42\": [1, 2, 4], \"10.0.0.13_10.0.0.43\": [1, 2, 4]}": {"[\"10.0.0.13_10.0.0.43\", [1, 3, 4]]": [10, -269.1604957315664, []], "[\"10.0.0.11_10.0.0.41\", [1, 2, 4]]": [12, -347.2257869550956, []], "[\"10.0.0.12_10.0.0.42\", [1, 3, 4]]": [7, -288.82216687955867, []], "[\"NoTrans\", []]": [8, -319.2913318783759, []]}, "{\"10.0.0.11_10.0.0.41\": [1, 2, 4], \"10.0.0.12_10.0.0.42\": [1, 3, 4], \"10.0.0.13_10.0.0.43\": [1, 2, 4]}": {"[\"10.0.0.13_10.0.0.43\", [1, 3, 4]]": [27, -214.07945303510468, []], "[\"10.0.0.11_10.0.0.41\", [1, 3, 4]]": [15, -275.14931428349587, []], "[\"10.0.0.12_10.0.0.42\", [1, 2, 4]]": [25, -348.2868338094871, []], "[\"NoTrans\", []]": [21, -275.38915153047515, []]}, "{\"10.0.0.11_10.0.0.41\": [1, 2, 4], \"10.0.0.12_10.0.0.42\": [1, 2, 4], \"10.0.0.13_10.0.0.43\": [1, 2, 4]}": {"[\"10.0.0.13_10.0.0.43\", [1, 3, 4]]": [18, -281.42325829689213, []], "[\"10.0.0.11_10.0.0.41\", [1, 3, 4]]": [10, -321.8852130475097, []], "[\"10.0.0.12_10.0.0.42\", [1, 3, 4]]": [25, -276.3105724163292, []], "[\"NoTrans\", []]": [12, -346.3515680606097, []]}}