{"{\"10.0.0.11_10.0.0.41\": [1, 3, 4], \"10.0.0.12_10.0.0.42\": [1, 3, 4], \"10.0.0.13_10.0.0.43\": [1, 3, 4]}": {"[\"10.0.0.13_10.0.0.43\", [1, 2, 4]]": [1, -153.32356846395749, []], "[\"10.0.0.12_10.0.0.42\", [1, 2, 4]]": [1, -151.68607722193528, []], "[\"10.0.0.11_10.0.0.41\", [1, 2, 4]]": [2, -115.87011695338147, []], "[\"NoTrans\", []]": [1, -166.2361946105957, []]}, "{\"10.0.0.11_10.0.0.41\": [1, 2, 4], \"10.0.0.12_10.0.0.42\": [1, 3, 4], \"10.0.0.13_10.0.0.43\": [1, 3, 4]}": {"[\"10.0.0.13_10.0.0.43\", [1, 2, 4]]": [1, -172.8674912345437, []], "[\"10.0.0.12_10.0.0.42\", [1, 2, 4]]": [1, -171.61394390461078, []], "[\"10.0.0.11_10.0.0.41\", [1, 3, 4]]": [1, -163.16011810302734, []], "[\"NoTrans\", []]": [654, -109.97582433814755, []]}, "{\"10.0.0.11_10.0.0.41\": [1, 3, 4], \"10.0.0.12_10.0.0.42\": [1, 2, 4], \"10.0.0.13_10.0.0.43\": [1, 3, 4]}": {"[\"10.0.0.13_10.0.0.43\", [1, 2, 4]]": [1, -203.90430506361116, []], "[\"10.0.0.12_10.0.0.42\", [1, 3, 4]]": [1, -166.34683567409343, []], "[\"10.0.0.11_10.0.0.41\", [1, 2, 4]]": [1, -173.1938424929065, []], "[\"NoTrans\", []]": [1, -151.8291403255712, []]}, "{\"10.0.0.11_10.0.0.41\": [1, 2, 4], \"10.0.0.12_10.0.0.42\": [1, 2, 4], \"10.0.0.13_10.0.0.43\": [1, 3, 4]}": {"[\"10.0.0.13_10.0.0.43\", [1, 2, 4]]": [1, -194.88151931762695, []], "[\"10.0.0.12_10.0.0.42\", [1, 3, 4]]": [1, -139.98957441661383, []], "[\"10.0.0.11_10.0.0.41\", [1, 3, 4]]": [1, -154.12734346537763, []], "[\"NoTrans\", []]": [0, -100, []]}, "{\"10.0.0.11_10.0.0.41\": [1, 3, 4], \"10.0.0.12_10.0.0.42\": [1, 3, 4], \"10.0.0.13_10.0.0.43\": [1, 2, 4]}": {"[\"10.0.0.13_10.0.0.43\", [1, 3, 4]]": [2, -177.3904235839844, []], "[\"10.0.0.12_10.0.0.42\", [1, 2, 4]]": [1, -174.02631542333773, []], "[\"10.0.0.11_10.0.0.41\", [1, 2, 4]]": [1, -174.22605851862858, []], "[\"NoTrans\", []]": [2, -196.0466852937882, []]}, "{\"10.0.0.11_10.0.0.41\": [1, 2, 4], \"10.0.0.12_10.0.0.42\": [1, 3, 4], \"10.0.0.13_10.0.0.43\": [1, 2, 4]}": {"[\"10.0.0.13_10.0.0.43\", [1, 3, 4]]": [1, -139.02308024341184, []], "[\"10.0.0.12_10.0.0.42\", [1, 2, 4]]": [1, -192.51011276245117, []], "[\"10.0.0.11_10.0.0.41\", [1, 3, 4]]": [1, -150.50240473872572, []], "[\"NoTrans\", []]": [1, -179.87577618969448, []]}, "{\"10.0.0.11_10.0.0.41\": [1, 3, 4], \"10.0.0.12_10.0.0.42\": [1, 2, 4], \"10.0.0.13_10.0.0.43\": [1, 2, 4]}": {"[\"10.0.0.13_10.0.0.43\", [1, 3, 4]]": [1, -152.94741938822736, []], "[\"10.0.0.12_10.0.0.42\", [1, 3, 4]]": [2, -195.14097880851222, []], "[\"10.0.0.11_10.0.0.41\", [1, 2, 4]]": [1, -191.94677734375, []], "[\"NoTrans\", []]": [1, -173.55974485524612, []]}, "{\"10.0.0.11_10.0.0.41\": [1, 2, 4], \"10.0.0.12_10.0.0.42\": [1, 2, 4], \"10.0.0.13_10.0.0.43\": [1, 2, 4]}": {"[\"10.0.0.13_10.0.0.43\", [1, 3, 4]]": [1, -172.07306947802107, []], "[\"10.0.0.12_10.0.0.42\", [1, 3, 4]]": [1, -172.9614918658896, []], "[\"10.0.0.11_10.0.0.41\", [1, 3, 4]]": [1, -171.42341242057194, []], "[\"NoTrans\", []]": [1, -192.30039978027344, []]}}