{"{\"10.0.0.11_10.0.0.41\": [1, 3, 4], \"10.0.0.12_10.0.0.42\": [1, 3, 4], \"10.0.0.13_10.0.0.43\": [1, 3, 4]}": {"[\"10.0.0.12_10.0.0.42\", [1, 2, 4]]": [1, -181.61295481348984, []], "[\"10.0.0.11_10.0.0.41\", [1, 2, 4]]": [1, -147.26977180661282, []], "[\"10.0.0.13_10.0.0.43\", [1, 2, 4]]": [0, -140, []], "[\"NoTrans\", []]": [1, -202.4750114440918, []]}, "{\"10.0.0.11_10.0.0.41\": [1, 3, 4], \"10.0.0.12_10.0.0.42\": [1, 3, 4], \"10.0.0.13_10.0.0.43\": [1, 2, 4]}": {"[\"10.0.0.12_10.0.0.42\", [1, 2, 4]]": [0, -140, []], "[\"10.0.0.11_10.0.0.41\", [1, 2, 4]]": [1, -204.2901734764108, []], "[\"10.0.0.13_10.0.0.43\", [1, 3, 4]]": [0, -140, []], "[\"NoTrans\", []]": [0, -140, []]}, "{\"10.0.0.11_10.0.0.41\": [1, 2, 4], \"10.0.0.12_10.0.0.42\": [1, 3, 4], \"10.0.0.13_10.0.0.43\": [1, 3, 4]}": {"[\"10.0.0.12_10.0.0.42\", [1, 2, 4]]": [1, -227.19435073362865, []], "[\"10.0.0.11_10.0.0.41\", [1, 3, 4]]": [1, -200.9017349243164, []], "[\"10.0.0.13_10.0.0.43\", [1, 2, 4]]": [1, -203.69610752089017, []], "[\"NoTrans\", []]": [373, -135.2592040891641, []]}, "{\"10.0.0.11_10.0.0.41\": [1, 2, 4], \"10.0.0.12_10.0.0.42\": [1, 3, 4], \"10.0.0.13_10.0.0.43\": [1, 2, 4]}": {"[\"10.0.0.12_10.0.0.42\", [1, 2, 4]]": [1, -225.98232040405276, []], "[\"10.0.0.11_10.0.0.41\", [1, 3, 4]]": [1, -187.92360918616083, []], "[\"10.0.0.13_10.0.0.43\", [1, 3, 4]]": [1, -172.00994705991602, []], "[\"NoTrans\", []]": [1, -203.7613940720458, []]}, "{\"10.0.0.11_10.0.0.41\": [1, 3, 4], \"10.0.0.12_10.0.0.42\": [1, 2, 4], \"10.0.0.13_10.0.0.43\": [1, 3, 4]}": {"[\"10.0.0.12_10.0.0.42\", [1, 3, 4]]": [1, -200.6164909362793, []], "[\"10.0.0.11_10.0.0.41\", [1, 2, 4]]": [3, -204.28383886369286, []], "[\"10.0.0.13_10.0.0.43\", [1, 2, 4]]": [1, -202.1077100009703, []], "[\"NoTrans\", []]": [120, -182.92759242019784, []]}, "{\"10.0.0.11_10.0.0.41\": [1, 3, 4], \"10.0.0.12_10.0.0.42\": [1, 2, 4], \"10.0.0.13_10.0.0.43\": [1, 2, 4]}": {"[\"10.0.0.12_10.0.0.42\", [1, 3, 4]]": [0, -140, []], "[\"10.0.0.11_10.0.0.41\", [1, 2, 4]]": [0, -140, []], "[\"10.0.0.13_10.0.0.43\", [1, 3, 4]]": [3, -135.00044783477722, []], "[\"NoTrans\", []]": [0, -140, []]}, "{\"10.0.0.11_10.0.0.41\": [1, 2, 4], \"10.0.0.12_10.0.0.42\": [1, 2, 4], \"10.0.0.13_10.0.0.43\": [1, 3, 4]}": {"[\"10.0.0.12_10.0.0.42\", [1, 3, 4]]": [2, -180.6133247766838, []], "[\"10.0.0.11_10.0.0.41\", [1, 3, 4]]": [1, -185.09382094272488, []], "[\"10.0.0.13_10.0.0.43\", [1, 2, 4]]": [1, -225.02664337158205, []], "[\"NoTrans\", []]": [269, -183.38557109221546, []]}, "{\"10.0.0.11_10.0.0.41\": [1, 2, 4], \"10.0.0.12_10.0.0.42\": [1, 2, 4], \"10.0.0.13_10.0.0.43\": [1, 2, 4]}": {"[\"10.0.0.12_10.0.0.42\", [1, 3, 4]]": [1, -203.46856619660147, []], "[\"10.0.0.11_10.0.0.41\", [1, 3, 4]]": [1, -201.96947823659474, []], "[\"10.0.0.13_10.0.0.43\", [1, 3, 4]]": [0, -140, []], "[\"NoTrans\", []]": [1, -222.1372009277344, []]}}