{"{\"10.0.0.11_10.0.0.41\": [1, 3, 4], \"10.0.0.12_10.0.0.42\": [1, 3, 4], \"10.0.0.13_10.0.0.43\": [1, 3, 4]}": {"[\"10.0.0.11_10.0.0.41\", [1, 2, 4]]": [7, -173.5780564904169, []], "[\"10.0.0.12_10.0.0.42\", [1, 2, 4]]": [3, -198.67337691700408, []], "[\"10.0.0.13_10.0.0.43\", [1, 2, 4]]": [3, -215.0552621439591, []], "[\"NoTrans\", []]": [3, -206.5416049137176, []]}, "{\"10.0.0.11_10.0.0.41\": [1, 3, 4], \"10.0.0.12_10.0.0.42\": [1, 3, 4], \"10.0.0.13_10.0.0.43\": [1, 2, 4]}": {"[\"10.0.0.11_10.0.0.41\", [1, 2, 4]]": [3, -219.16222541001082, []], "[\"10.0.0.12_10.0.0.42\", [1, 2, 4]]": [3, -220.23642488576684, []], "[\"10.0.0.13_10.0.0.43\", [1, 3, 4]]": [3, -198.40073375697142, []], "[\"NoTrans\", []]": [3, -201.7908186029385, []]}, "{\"10.0.0.11_10.0.0.41\": [1, 3, 4], \"10.0.0.12_10.0.0.42\": [1, 2, 4], \"10.0.0.13_10.0.0.43\": [1, 3, 4]}": {"[\"10.0.0.11_10.0.0.41\", [1, 2, 4]]": [3, -213.81154480821067, []], "[\"10.0.0.12_10.0.0.42\", [1, 3, 4]]": [4, -198.76082286829956, []], "[\"10.0.0.13_10.0.0.43\", [1, 2, 4]]": [3, -190.1729399294375, []], "[\"NoTrans\", []]": [3, -203.34223805862047, []]}, "{\"10.0.0.11_10.0.0.41\": [1, 3, 4], \"10.0.0.12_10.0.0.42\": [1, 2, 4], \"10.0.0.13_10.0.0.43\": [1, 2, 4]}": {"[\"10.0.0.11_10.0.0.41\", [1, 2, 4]]": [2, -212.25480737328058, []], "[\"10.0.0.12_10.0.0.42\", [1, 3, 4]]": [3, -195.5776070095484, []], "[\"10.0.0.13_10.0.0.43\", [1, 3, 4]]": [3, -208.3195282265155, []], "[\"NoTrans\", []]": [2, -187.62777203263656, []]}, "{\"10.0.0.11_10.0.0.41\": [1, 2, 4], \"10.0.0.12_10.0.0.42\": [1, 3, 4], \"10.0.0.13_10.0.0.43\": [1, 3, 4]}": {"[\"10.0.0.11_10.0.0.41\", [1, 3, 4]]": [6, -230.20421503809848, []], "[\"10.0.0.12_10.0.0.42\", [1, 2, 4]]": [4, -243.42421241419123, []], "[\"10.0.0.13_10.0.0.43\", [1, 2, 4]]": [4, -247.87468460010103, []], "[\"NoTrans\", []]": [775, -143.604010531586, []]}, "{\"10.0.0.11_10.0.0.41\": [1, 2, 4], \"10.0.0.12_10.0.0.42\": [1, 3, 4], \"10.0.0.13_10.0.0.43\": [1, 2, 4]}": {"[\"10.0.0.11_10.0.0.41\", [1, 3, 4]]": [3, -205.12888364157402, []], "[\"10.0.0.12_10.0.0.42\", [1, 2, 4]]": [2, -244.1967378588527, []], "[\"10.0.0.13_10.0.0.43\", [1, 3, 4]]": [4, -194.39320066699088, []], "[\"NoTrans\", []]": [2, -210.1616614877593, []]}, "{\"10.0.0.11_10.0.0.41\": [1, 2, 4], \"10.0.0.12_10.0.0.42\": [1, 2, 4], \"10.0.0.13_10.0.0.43\": [1, 3, 4]}": {"[\"10.0.0.11_10.0.0.41\", [1, 3, 4]]": [3, -184.75703524899257, []], "[\"10.0.0.12_10.0.0.42\", [1, 3, 4]]": [4, -192.7044948774331, []], "[\"10.0.0.13_10.0.0.43\", [1, 2, 4]]": [2, -243.72133426714095, []], "[\"NoTrans\", []]": [2, -211.68222786799288, []]}, "{\"10.0.0.11_10.0.0.41\": [1, 2, 4], \"10.0.0.12_10.0.0.42\": [1, 2, 4], \"10.0.0.13_10.0.0.43\": [1, 2, 4]}": {"[\"10.0.0.11_10.0.0.41\", [1, 3, 4]]": [2, -190.52369894351682, []], "[\"10.0.0.12_10.0.0.42\", [1, 3, 4]]": [2, -232.4975431105227, []], "[\"10.0.0.13_10.0.0.43\", [1, 3, 4]]": [2, -231.33810019786466, []], "[\"NoTrans\", []]": [1, -196.5544671022845, []]}}