{"{\"10.0.0.11_10.0.0.41\": [1, 3, 4], \"10.0.0.12_10.0.0.42\": [1, 3, 4], \"10.0.0.13_10.0.0.43\": [1, 3, 4]}": {"[\"10.0.0.12_10.0.0.42\", [1, 2, 4]]": [1, -182.89004458626897, []], "[\"10.0.0.13_10.0.0.43\", [1, 2, 4]]": [0, -140, []], "[\"10.0.0.11_10.0.0.41\", [1, 2, 4]]": [2, -143.34504241807915, []], "[\"NoTrans\", []]": [1, -193.3068634033203, []]}, "{\"10.0.0.11_10.0.0.41\": [1, 2, 4], \"10.0.0.12_10.0.0.42\": [1, 3, 4], \"10.0.0.13_10.0.0.43\": [1, 3, 4]}": {"[\"10.0.0.12_10.0.0.42\", [1, 2, 4]]": [2, -198.0877811465166, []], "[\"10.0.0.13_10.0.0.43\", [1, 2, 4]]": [1, -200.44902148594832, []], "[\"10.0.0.11_10.0.0.41\", [1, 3, 4]]": [1, -194.3151002026366, []], "[\"NoTrans\", []]": [357, -127.595628373128, []]}, "{\"10.0.0.11_10.0.0.41\": [1, 3, 4], \"10.0.0.12_10.0.0.42\": [1, 3, 4], \"10.0.0.13_10.0.0.43\": [1, 2, 4]}": {"[\"10.0.0.12_10.0.0.42\", [1, 2, 4]]": [1, -198.33520645429, []], "[\"10.0.0.13_10.0.0.43\", [1, 3, 4]]": [1, -199.79318389892578, []], "[\"10.0.0.11_10.0.0.41\", [1, 2, 4]]": [0, -140, []], "[\"NoTrans\", []]": [1, -183.6019922585277, []]}, "{\"10.0.0.11_10.0.0.41\": [1, 2, 4], \"10.0.0.12_10.0.0.42\": [1, 3, 4], \"10.0.0.13_10.0.0.43\": [1, 2, 4]}": {"[\"10.0.0.12_10.0.0.42\", [1, 2, 4]]": [1, -217.7630783081055, []], "[\"10.0.0.13_10.0.0.43\", [1, 3, 4]]": [0, -140, []], "[\"10.0.0.11_10.0.0.41\", [1, 3, 4]]": [1, -182.0078355053917, []], "[\"NoTrans\", []]": [0, -140, []]}, "{\"10.0.0.11_10.0.0.41\": [1, 3, 4], \"10.0.0.12_10.0.0.42\": [1, 2, 4], \"10.0.0.13_10.0.0.43\": [1, 3, 4]}": {"[\"10.0.0.12_10.0.0.42\", [1, 3, 4]]": [1, -195.2365280151367, []], "[\"10.0.0.13_10.0.0.43\", [1, 2, 4]]": [1, -199.42005011143118, []], "[\"10.0.0.11_10.0.0.41\", [1, 2, 4]]": [193, -205.72434992709265, []], "[\"NoTrans\", []]": [1, -180.7651096123978, []]}, "{\"10.0.0.11_10.0.0.41\": [1, 2, 4], \"10.0.0.12_10.0.0.42\": [1, 2, 4], \"10.0.0.13_10.0.0.43\": [1, 3, 4]}": {"[\"10.0.0.12_10.0.0.42\", [1, 3, 4]]": [3, -177.58629626479978, []], "[\"10.0.0.13_10.0.0.43\", [1, 2, 4]]": [1, -217.9952980041504, []], "[\"10.0.0.11_10.0.0.41\", [1, 3, 4]]": [193, -175.438395067032, []], "[\"NoTrans\", []]": [1, -200.58817495405566, []]}, "{\"10.0.0.11_10.0.0.41\": [1, 3, 4], \"10.0.0.12_10.0.0.42\": [1, 2, 4], \"10.0.0.13_10.0.0.43\": [1, 2, 4]}": {"[\"10.0.0.12_10.0.0.42\", [1, 3, 4]]": [1, -182.3986602860231, []], "[\"10.0.0.13_10.0.0.43\", [1, 3, 4]]": [1, -203.0422177828114, []], "[\"10.0.0.11_10.0.0.41\", [1, 2, 4]]": [1, -217.78062591552737, []], "[\"NoTrans\", []]": [1, -195.43892074599188, []]}, "{\"10.0.0.11_10.0.0.41\": [1, 2, 4], \"10.0.0.12_10.0.0.42\": [1, 2, 4], \"10.0.0.13_10.0.0.43\": [1, 2, 4]}": {"[\"10.0.0.12_10.0.0.42\", [1, 3, 4]]": [1, -201.05132840311904, []], "[\"10.0.0.13_10.0.0.43\", [1, 3, 4]]": [1, -200.45389090947816, []], "[\"10.0.0.11_10.0.0.41\", [1, 3, 4]]": [1, -203.43575875676493, []], "[\"NoTrans\", []]": [1, -216.92451248168948, []]}}