{"{\"10.0.0.11_10.0.0.41\": [1, 3, 4], \"10.0.0.12_10.0.0.42\": [1, 3, 4], \"10.0.0.13_10.0.0.43\": [1, 3, 4]}": {"[\"10.0.0.13_10.0.0.43\", [1, 2, 4]]": [17, -272.00363200983156, []], "[\"10.0.0.11_10.0.0.41\", [1, 2, 4]]": [18, -180.48528387267865, []], "[\"10.0.0.12_10.0.0.42\", [1, 2, 4]]": [15, -274.6162479773183, []], "[\"NoTrans\", []]": [9, -256.99002117156755, []]}, "{\"10.0.0.11_10.0.0.41\": [1, 3, 4], \"10.0.0.12_10.0.0.42\": [1, 2, 4], \"10.0.0.13_10.0.0.43\": [1, 3, 4]}": {"[\"10.0.0.13_10.0.0.43\", [1, 2, 4]]": [18, -326.24659033440395, []], "[\"10.0.0.11_10.0.0.41\", [1, 2, 4]]": [19, -288.7018603899739, []], "[\"10.0.0.12_10.0.0.42\", [1, 3, 4]]": [18, -248.67392971394955, []], "[\"NoTrans\", []]": [26, -277.26550282714845, []]}, "{\"10.0.0.11_10.0.0.41\": [1, 2, 4], \"10.0.0.12_10.0.0.42\": [1, 3, 4], \"10.0.0.13_10.0.0.43\": [1, 3, 4]}": {"[\"10.0.0.13_10.0.0.43\", [1, 2, 4]]": [16, -274.0653967200023, []], "[\"10.0.0.11_10.0.0.41\", [1, 3, 4]]": [20, -244.17609115286845, []], "[\"10.0.0.12_10.0.0.42\", [1, 2, 4]]": [17, -296.8264034348469, []], "[\"NoTrans\", []]": [23, -181.8675730265285, []]}, "{\"10.0.0.11_10.0.0.41\": [1, 2, 4], \"10.0.0.12_10.0.0.42\": [1, 2, 4], \"10.0.0.13_10.0.0.43\": [1, 3, 4]}": {"[\"10.0.0.13_10.0.0.43\", [1, 2, 4]]": [10, -345.36101110388006, []], "[\"10.0.0.11_10.0.0.41\", [1, 3, 4]]": [24, -276.04423905760063, []], "[\"10.0.0.12_10.0.0.42\", [1, 3, 4]]": [19, -240.59304334379084, []], "[\"NoTrans\", []]": [17, -277.3363629691312, []]}, "{\"10.0.0.11_10.0.0.41\": [1, 3, 4], \"10.0.0.12_10.0.0.42\": [1, 3, 4], \"10.0.0.13_10.0.0.43\": [1, 2, 4]}": {"[\"10.0.0.13_10.0.0.43\", [1, 3, 4]]": [13, -254.29281935542636, []], "[\"10.0.0.11_10.0.0.41\", [1, 2, 4]]": [17, -280.37565865189697, []], "[\"10.0.0.12_10.0.0.42\", [1, 2, 4]]": [13, -313.5887486930608, []], "[\"NoTrans\", []]": [18, -281.3325276636199, []]}, "{\"10.0.0.11_10.0.0.41\": [1, 3, 4], \"10.0.0.12_10.0.0.42\": [1, 2, 4], \"10.0.0.13_10.0.0.43\": [1, 2, 4]}": {"[\"10.0.0.13_10.0.0.43\", [1, 3, 4]]": [16, -277.17286238518517, []], "[\"10.0.0.11_10.0.0.41\", [1, 2, 4]]": [15, -346.8009923214228, []], "[\"10.0.0.12_10.0.0.42\", [1, 3, 4]]": [9, -276.6081669799222, []], "[\"NoTrans\", []]": [9, -323.07009741686716, []]}, "{\"10.0.0.11_10.0.0.41\": [1, 2, 4], \"10.0.0.12_10.0.0.42\": [1, 3, 4], \"10.0.0.13_10.0.0.43\": [1, 2, 4]}": {"[\"10.0.0.13_10.0.0.43\", [1, 3, 4]]": [16, -227.47214412065287, []], "[\"10.0.0.11_10.0.0.41\", [1, 3, 4]]": [17, -281.9710505707678, []], "[\"10.0.0.12_10.0.0.42\", [1, 2, 4]]": [14, -343.9330856332608, []], "[\"NoTrans\", []]": [16, -272.35637943312383, []]}, "{\"10.0.0.11_10.0.0.41\": [1, 2, 4], \"10.0.0.12_10.0.0.42\": [1, 2, 4], \"10.0.0.13_10.0.0.43\": [1, 2, 4]}": {"[\"10.0.0.13_10.0.0.43\", [1, 3, 4]]": [17, -291.9733298546793, []], "[\"10.0.0.11_10.0.0.41\", [1, 3, 4]]": [9, -322.37168516748045, []], "[\"10.0.0.12_10.0.0.42\", [1, 3, 4]]": [14, -274.3175680991999, []], "[\"NoTrans\", []]": [13, -344.6544771526202, []]}}