{"{\"10.0.0.11_10.0.0.41\": [1, 3, 4], \"10.0.0.12_10.0.0.42\": [1, 3, 4], \"10.0.0.13_10.0.0.43\": [1, 3, 4]}": {"[\"10.0.0.11_10.0.0.41\", [1, 2, 4]]": [7, -149.4225198339212, []], "[\"10.0.0.13_10.0.0.43\", [1, 2, 4]]": [2, -176.50132972823727, []], "[\"10.0.0.12_10.0.0.42\", [1, 2, 4]]": [2, -171.59063078873706, []], "[\"NoTrans\", []]": [2, -168.3725144179515, []]}, "{\"10.0.0.11_10.0.0.41\": [1, 3, 4], \"10.0.0.12_10.0.0.42\": [1, 2, 4], \"10.0.0.13_10.0.0.43\": [1, 3, 4]}": {"[\"10.0.0.11_10.0.0.41\", [1, 2, 4]]": [2, -171.65155479363267, []], "[\"10.0.0.13_10.0.0.43\", [1, 2, 4]]": [2, -223.87226717041247, []], "[\"10.0.0.12_10.0.0.42\", [1, 3, 4]]": [3, -175.35847745338086, []], "[\"NoTrans\", []]": [2, -170.83094135315906, []]}, "{\"10.0.0.11_10.0.0.41\": [1, 3, 4], \"10.0.0.12_10.0.0.42\": [1, 3, 4], \"10.0.0.13_10.0.0.43\": [1, 2, 4]}": {"[\"10.0.0.11_10.0.0.41\", [1, 2, 4]]": [2, -189.8049069133096, []], "[\"10.0.0.13_10.0.0.43\", [1, 3, 4]]": [3, -182.72251887946882, []], "[\"10.0.0.12_10.0.0.42\", [1, 2, 4]]": [2, -210.2917213280956, []], "[\"NoTrans\", []]": [2, -186.17765997730956, []]}, "{\"10.0.0.11_10.0.0.41\": [1, 3, 4], \"10.0.0.12_10.0.0.42\": [1, 2, 4], \"10.0.0.13_10.0.0.43\": [1, 2, 4]}": {"[\"10.0.0.11_10.0.0.41\", [1, 2, 4]]": [2, -224.25872134989166, []], "[\"10.0.0.13_10.0.0.43\", [1, 3, 4]]": [2, -168.85678062569244, []], "[\"10.0.0.12_10.0.0.42\", [1, 3, 4]]": [2, -194.48365557905893, []], "[\"NoTrans\", []]": [1, -169.08710921691488, []]}, "{\"10.0.0.11_10.0.0.41\": [1, 2, 4], \"10.0.0.12_10.0.0.42\": [1, 3, 4], \"10.0.0.13_10.0.0.43\": [1, 3, 4]}": {"[\"10.0.0.11_10.0.0.41\", [1, 3, 4]]": [5, -208.55706657287118, []], "[\"10.0.0.13_10.0.0.43\", [1, 2, 4]]": [4, -219.652313884284, []], "[\"10.0.0.12_10.0.0.42\", [1, 2, 4]]": [4, -215.6088219954416, []], "[\"NoTrans\", []]": [582, -126.4662863211277, []]}, "{\"10.0.0.11_10.0.0.41\": [1, 2, 4], \"10.0.0.12_10.0.0.42\": [1, 2, 4], \"10.0.0.13_10.0.0.43\": [1, 3, 4]}": {"[\"10.0.0.11_10.0.0.41\", [1, 3, 4]]": [3, -202.45539951593716, []], "[\"10.0.0.13_10.0.0.43\", [1, 2, 4]]": [2, -178.1093562532184, []], "[\"10.0.0.12_10.0.0.42\", [1, 3, 4]]": [4, -183.94645059843452, []], "[\"NoTrans\", []]": [2, -186.60575515249428, []]}, "{\"10.0.0.11_10.0.0.41\": [1, 2, 4], \"10.0.0.12_10.0.0.42\": [1, 3, 4], \"10.0.0.13_10.0.0.43\": [1, 2, 4]}": {"[\"10.0.0.11_10.0.0.41\", [1, 3, 4]]": [3, -187.49436720468373, []], "[\"10.0.0.13_10.0.0.43\", [1, 3, 4]]": [3, -175.0417024272959, []], "[\"10.0.0.12_10.0.0.42\", [1, 2, 4]]": [2, -215.018448056612, []], "[\"NoTrans\", []]": [2, -191.28986182296768, []]}, "{\"10.0.0.11_10.0.0.41\": [1, 2, 4], \"10.0.0.12_10.0.0.42\": [1, 2, 4], \"10.0.0.13_10.0.0.43\": [1, 2, 4]}": {"[\"10.0.0.11_10.0.0.41\", [1, 3, 4]]": [2, -185.97333326342715, []], "[\"10.0.0.13_10.0.0.43\", [1, 3, 4]]": [2, -211.50969135775782, []], "[\"10.0.0.12_10.0.0.42\", [1, 3, 4]]": [2, -202.3395096083335, []], "[\"NoTrans\", []]": [1, -156.9477809358356, []]}}