{"{\"10.0.0.11_10.0.0.41\": [1, 3, 4], \"10.0.0.12_10.0.0.42\": [1, 3, 4], \"10.0.0.13_10.0.0.43\": [1, 3, 4]}": {"[\"10.0.0.12_10.0.0.42\", [1, 2, 4]]": [13, -277.50603176704243, []], "[\"10.0.0.13_10.0.0.43\", [1, 2, 4]]": [17, -275.199093208432, []], "[\"10.0.0.11_10.0.0.41\", [1, 2, 4]]": [32, -151.71071041667236, []], "[\"NoTrans\", []]": [16, -236.4337278896129, []]}, "{\"10.0.0.11_10.0.0.41\": [1, 2, 4], \"10.0.0.12_10.0.0.42\": [1, 3, 4], \"10.0.0.13_10.0.0.43\": [1, 3, 4]}": {"[\"10.0.0.12_10.0.0.42\", [1, 2, 4]]": [20, -267.55689784361863, []], "[\"10.0.0.13_10.0.0.43\", [1, 2, 4]]": [29, -269.3186244945613, []], "[\"10.0.0.11_10.0.0.41\", [1, 3, 4]]": [24, -224.82556747800334, []], "[\"NoTrans\", []]": [47, -170.76840681971794, []]}, "{\"10.0.0.11_10.0.0.41\": [1, 3, 4], \"10.0.0.12_10.0.0.42\": [1, 3, 4], \"10.0.0.13_10.0.0.43\": [1, 2, 4]}": {"[\"10.0.0.12_10.0.0.42\", [1, 2, 4]]": [11, -324.86046154853494, []], "[\"10.0.0.13_10.0.0.43\", [1, 3, 4]]": [19, -229.449549404302, []], "[\"10.0.0.11_10.0.0.41\", [1, 2, 4]]": [17, -268.5864181489155, []], "[\"NoTrans\", []]": [19, -278.71283096368813, []]}, "{\"10.0.0.11_10.0.0.41\": [1, 2, 4], \"10.0.0.12_10.0.0.42\": [1, 3, 4], \"10.0.0.13_10.0.0.43\": [1, 2, 4]}": {"[\"10.0.0.12_10.0.0.42\", [1, 2, 4]]": [14, -354.3257508509548, []], "[\"10.0.0.13_10.0.0.43\", [1, 3, 4]]": [26, -202.80131837593336, []], "[\"10.0.0.11_10.0.0.41\", [1, 3, 4]]": [18, -274.41516461370975, []], "[\"NoTrans\", []]": [8, -294.46276698996684, []]}, "{\"10.0.0.11_10.0.0.41\": [1, 3, 4], \"10.0.0.12_10.0.0.42\": [1, 2, 4], \"10.0.0.13_10.0.0.43\": [1, 3, 4]}": {"[\"10.0.0.12_10.0.0.42\", [1, 3, 4]]": [19, -237.8397976873125, []], "[\"10.0.0.13_10.0.0.43\", [1, 2, 4]]": [11, -325.09201735181176, []], "[\"10.0.0.11_10.0.0.41\", [1, 2, 4]]": [13, -268.8148926251098, []], "[\"NoTrans\", []]": [22, -277.0065575589911, []]}, "{\"10.0.0.11_10.0.0.41\": [1, 2, 4], \"10.0.0.12_10.0.0.42\": [1, 2, 4], \"10.0.0.13_10.0.0.43\": [1, 3, 4]}": {"[\"10.0.0.12_10.0.0.42\", [1, 3, 4]]": [15, -198.18120345602588, []], "[\"10.0.0.13_10.0.0.43\", [1, 2, 4]]": [9, -349.04391239538427, []], "[\"10.0.0.11_10.0.0.41\", [1, 3, 4]]": [21, -273.6897173287096, []], "[\"NoTrans\", []]": [10, -266.0268268781373, []]}, "{\"10.0.0.11_10.0.0.41\": [1, 3, 4], \"10.0.0.12_10.0.0.42\": [1, 2, 4], \"10.0.0.13_10.0.0.43\": [1, 2, 4]}": {"[\"10.0.0.12_10.0.0.42\", [1, 3, 4]]": [12, -276.6760149402818, []], "[\"10.0.0.13_10.0.0.43\", [1, 3, 4]]": [9, -273.7149105893195, []], "[\"10.0.0.11_10.0.0.41\", [1, 2, 4]]": [17, -351.47830379175406, []], "[\"NoTrans\", []]": [7, -322.8671512502342, []]}, "{\"10.0.0.11_10.0.0.41\": [1, 2, 4], \"10.0.0.12_10.0.0.42\": [1, 2, 4], \"10.0.0.13_10.0.0.43\": [1, 2, 4]}": {"[\"10.0.0.12_10.0.0.42\", [1, 3, 4]]": [12, -271.84062908576226, []], "[\"10.0.0.13_10.0.0.43\", [1, 3, 4]]": [12, -267.726494268409, []], "[\"10.0.0.11_10.0.0.41\", [1, 3, 4]]": [16, -327.593357550703, []], "[\"NoTrans\", []]": [15, -354.6556354622214, []]}}