{"{\"10.0.0.11_10.0.0.41\": [1, 3, 4], \"10.0.0.12_10.0.0.42\": [1, 3, 4], \"10.0.0.13_10.0.0.43\": [1, 3, 4]}": {"[\"10.0.0.11_10.0.0.41\", [1, 2, 4]]": [8, -190.99193247932575, []], "[\"10.0.0.12_10.0.0.42\", [1, 2, 4]]": [4, -225.84691763764474, []], "[\"10.0.0.13_10.0.0.43\", [1, 2, 4]]": [4, -226.42608347252985, []], "[\"NoTrans\", []]": [3, -204.45552497939642, []]}, "{\"10.0.0.11_10.0.0.41\": [1, 3, 4], \"10.0.0.12_10.0.0.42\": [1, 3, 4], \"10.0.0.13_10.0.0.43\": [1, 2, 4]}": {"[\"10.0.0.11_10.0.0.41\", [1, 2, 4]]": [4, -258.7115209994893, []], "[\"10.0.0.12_10.0.0.42\", [1, 2, 4]]": [4, -260.38871672544303, []], "[\"10.0.0.13_10.0.0.43\", [1, 3, 4]]": [4, -224.96506627916943, []], "[\"NoTrans\", []]": [4, -240.98796408531194, []]}, "{\"10.0.0.11_10.0.0.41\": [1, 3, 4], \"10.0.0.12_10.0.0.42\": [1, 2, 4], \"10.0.0.13_10.0.0.43\": [1, 3, 4]}": {"[\"10.0.0.11_10.0.0.41\", [1, 2, 4]]": [3, -239.0170693754656, []], "[\"10.0.0.12_10.0.0.42\", [1, 3, 4]]": [4, -227.07794355625077, []], "[\"10.0.0.13_10.0.0.43\", [1, 2, 4]]": [3, -242.8941925010697, []], "[\"NoTrans\", []]": [3, -208.24317146382117, []]}, "{\"10.0.0.11_10.0.0.41\": [1, 3, 4], \"10.0.0.12_10.0.0.42\": [1, 2, 4], \"10.0.0.13_10.0.0.43\": [1, 2, 4]}": {"[\"10.0.0.11_10.0.0.41\", [1, 2, 4]]": [2, -227.06939961637966, []], "[\"10.0.0.12_10.0.0.42\", [1, 3, 4]]": [4, -251.364545482821, []], "[\"10.0.0.13_10.0.0.43\", [1, 3, 4]]": [3, -227.85892818528237, []], "[\"NoTrans\", []]": [3, -260.65663534651, []]}, "{\"10.0.0.11_10.0.0.41\": [1, 2, 4], \"10.0.0.12_10.0.0.42\": [1, 3, 4], \"10.0.0.13_10.0.0.43\": [1, 3, 4]}": {"[\"10.0.0.11_10.0.0.41\", [1, 3, 4]]": [7, -243.66218773639898, []], "[\"10.0.0.12_10.0.0.42\", [1, 2, 4]]": [5, -253.5130161097493, []], "[\"10.0.0.13_10.0.0.43\", [1, 2, 4]]": [5, -262.88727456086764, []], "[\"NoTrans\", []]": [756, -151.17583842594382, []]}, "{\"10.0.0.11_10.0.0.41\": [1, 2, 4], \"10.0.0.12_10.0.0.42\": [1, 3, 4], \"10.0.0.13_10.0.0.43\": [1, 2, 4]}": {"[\"10.0.0.11_10.0.0.41\", [1, 3, 4]]": [4, -241.48483801885106, []], "[\"10.0.0.12_10.0.0.42\", [1, 2, 4]]": [2, -239.837718615555, []], "[\"10.0.0.13_10.0.0.43\", [1, 3, 4]]": [5, -215.4397654795376, []], "[\"NoTrans\", []]": [3, -256.35350259137726, []]}, "{\"10.0.0.11_10.0.0.41\": [1, 2, 4], \"10.0.0.12_10.0.0.42\": [1, 2, 4], \"10.0.0.13_10.0.0.43\": [1, 3, 4]}": {"[\"10.0.0.11_10.0.0.41\", [1, 3, 4]]": [3, -205.19713966055104, []], "[\"10.0.0.12_10.0.0.42\", [1, 3, 4]]": [5, -200.45245005434413, []], "[\"10.0.0.13_10.0.0.43\", [1, 2, 4]]": [2, -244.46704710532134, []], "[\"NoTrans\", []]": [3, -250.1648534117516, []]}, "{\"10.0.0.11_10.0.0.41\": [1, 2, 4], \"10.0.0.12_10.0.0.42\": [1, 2, 4], \"10.0.0.13_10.0.0.43\": [1, 2, 4]}": {"[\"10.0.0.11_10.0.0.41\", [1, 3, 4]]": [2, -193.6440440014745, []], "[\"10.0.0.12_10.0.0.42\", [1, 3, 4]]": [2, -231.21831918426977, []], "[\"10.0.0.13_10.0.0.43\", [1, 3, 4]]": [2, -234.55928531680615, []], "[\"NoTrans\", []]": [1, -201.3047244759988, []]}}