{"{\"10.0.0.11_10.0.0.41\": [1, 3, 4], \"10.0.0.12_10.0.0.42\": [1, 3, 4], \"10.0.0.13_10.0.0.43\": [1, 3, 4]}": {"[\"10.0.0.12_10.0.0.42\", [1, 2, 4]]": [20, -337.86182633350813, []], "[\"10.0.0.13_10.0.0.43\", [1, 2, 4]]": [3, -329.55018706226844, []], "[\"10.0.0.11_10.0.0.41\", [1, 2, 4]]": [42, -256.4491521716663, []], "[\"NoTrans\", []]": [4, -307.0866135636893, []]}, "{\"10.0.0.11_10.0.0.41\": [1, 2, 4], \"10.0.0.12_10.0.0.42\": [1, 3, 4], \"10.0.0.13_10.0.0.43\": [1, 3, 4]}": {"[\"10.0.0.12_10.0.0.42\", [1, 2, 4]]": [36, -399.5568024361907, []], "[\"10.0.0.13_10.0.0.43\", [1, 2, 4]]": [27, -366.5373359780281, []], "[\"10.0.0.11_10.0.0.41\", [1, 3, 4]]": [41, -328.2287193709126, []], "[\"NoTrans\", []]": [256, -325.49494279708165, []]}, "{\"10.0.0.11_10.0.0.41\": [1, 3, 4], \"10.0.0.12_10.0.0.42\": [1, 3, 4], \"10.0.0.13_10.0.0.43\": [1, 2, 4]}": {"[\"10.0.0.12_10.0.0.42\", [1, 2, 4]]": [0, -Infinity, []], "[\"10.0.0.13_10.0.0.43\", [1, 3, 4]]": [15, -330.49908029452047, []], "[\"10.0.0.11_10.0.0.41\", [1, 2, 4]]": [4, -357.55379942094197, []], "[\"NoTrans\", []]": [0, -Infinity, []]}, "{\"10.0.0.11_10.0.0.41\": [1, 2, 4], \"10.0.0.12_10.0.0.42\": [1, 3, 4], \"10.0.0.13_10.0.0.43\": [1, 2, 4]}": {"[\"10.0.0.12_10.0.0.42\", [1, 2, 4]]": [5, -427.0227613667043, []], "[\"10.0.0.13_10.0.0.43\", [1, 3, 4]]": [23, -318.0241647951217, []], "[\"10.0.0.11_10.0.0.41\", [1, 3, 4]]": [11, -335.0533455239423, []], "[\"NoTrans\", []]": [7, -373.7926899584847, []]}, "{\"10.0.0.11_10.0.0.41\": [1, 3, 4], \"10.0.0.12_10.0.0.42\": [1, 2, 4], \"10.0.0.13_10.0.0.43\": [1, 3, 4]}": {"[\"10.0.0.12_10.0.0.42\", [1, 3, 4]]": [9, -408.1882391047849, []], "[\"10.0.0.13_10.0.0.43\", [1, 2, 4]]": [7, -333.5318594547205, []], "[\"10.0.0.11_10.0.0.41\", [1, 2, 4]]": [12, -353.10985233201615, []], "[\"NoTrans\", []]": [7, -395.76893815345613, []]}, "{\"10.0.0.11_10.0.0.41\": [1, 2, 4], \"10.0.0.12_10.0.0.42\": [1, 2, 4], \"10.0.0.13_10.0.0.43\": [1, 3, 4]}": {"[\"10.0.0.12_10.0.0.42\", [1, 3, 4]]": [39, -316.67928555794333, []], "[\"10.0.0.13_10.0.0.43\", [1, 2, 4]]": [1, -339.4659333975691, []], "[\"10.0.0.11_10.0.0.41\", [1, 3, 4]]": [8, -354.71659708385505, []], "[\"NoTrans\", []]": [10, -419.7052498754104, []]}, "{\"10.0.0.11_10.0.0.41\": [1, 3, 4], \"10.0.0.12_10.0.0.42\": [1, 2, 4], \"10.0.0.13_10.0.0.43\": [1, 2, 4]}": {"[\"10.0.0.12_10.0.0.42\", [1, 3, 4]]": [5, -323.6424395409728, []], "[\"10.0.0.13_10.0.0.43\", [1, 3, 4]]": [0, -Infinity, []], "[\"10.0.0.11_10.0.0.41\", [1, 2, 4]]": [3, -297.2262952118382, []], "[\"NoTrans\", []]": [0, -Infinity, []]}, "{\"10.0.0.11_10.0.0.41\": [1, 2, 4], \"10.0.0.12_10.0.0.42\": [1, 2, 4], \"10.0.0.13_10.0.0.43\": [1, 2, 4]}": {"[\"10.0.0.12_10.0.0.42\", [1, 3, 4]]": [9, -306.2513950223485, []], "[\"10.0.0.13_10.0.0.43\", [1, 3, 4]]": [0, -Infinity, []], "[\"10.0.0.11_10.0.0.41\", [1, 3, 4]]": [0, -Infinity, []], "[\"NoTrans\", []]": [0, -Infinity, []]}}