{"{\"10.0.0.11_10.0.0.41\": [1, 3, 4], \"10.0.0.12_10.0.0.42\": [1, 3, 4], \"10.0.0.13_10.0.0.43\": [1, 3, 4]}": {"[\"10.0.0.12_10.0.0.42\", [1, 2, 4]]": [10, -278.3070920038579, []], "[\"10.0.0.13_10.0.0.43\", [1, 2, 4]]": [13, -269.1532858994756, []], "[\"10.0.0.11_10.0.0.41\", [1, 2, 4]]": [33, -160.6574269117811, []], "[\"NoTrans\", []]": [15, -231.79472276998578, []]}, "{\"10.0.0.11_10.0.0.41\": [1, 2, 4], \"10.0.0.12_10.0.0.42\": [1, 3, 4], \"10.0.0.13_10.0.0.43\": [1, 3, 4]}": {"[\"10.0.0.12_10.0.0.42\", [1, 2, 4]]": [24, -284.29260009703404, []], "[\"10.0.0.13_10.0.0.43\", [1, 2, 4]]": [24, -286.09435581736756, []], "[\"10.0.0.11_10.0.0.41\", [1, 3, 4]]": [23, -230.67325766868495, []], "[\"NoTrans\", []]": [44, -207.72136253517075, []]}, "{\"10.0.0.11_10.0.0.41\": [1, 3, 4], \"10.0.0.12_10.0.0.42\": [1, 3, 4], \"10.0.0.13_10.0.0.43\": [1, 2, 4]}": {"[\"10.0.0.12_10.0.0.42\", [1, 2, 4]]": [9, -336.82417384671595, []], "[\"10.0.0.13_10.0.0.43\", [1, 3, 4]]": [18, -231.84388182983025, []], "[\"10.0.0.11_10.0.0.41\", [1, 2, 4]]": [16, -285.76854501529004, []], "[\"NoTrans\", []]": [18, -269.63217608279143, []]}, "{\"10.0.0.11_10.0.0.41\": [1, 2, 4], \"10.0.0.12_10.0.0.42\": [1, 3, 4], \"10.0.0.13_10.0.0.43\": [1, 2, 4]}": {"[\"10.0.0.12_10.0.0.42\", [1, 2, 4]]": [17, -347.14952461835463, []], "[\"10.0.0.13_10.0.0.43\", [1, 3, 4]]": [20, -225.78807460102044, []], "[\"10.0.0.11_10.0.0.41\", [1, 3, 4]]": [19, -268.7406760916876, []], "[\"NoTrans\", []]": [22, -285.79941935857033, []]}, "{\"10.0.0.11_10.0.0.41\": [1, 3, 4], \"10.0.0.12_10.0.0.42\": [1, 2, 4], \"10.0.0.13_10.0.0.43\": [1, 3, 4]}": {"[\"10.0.0.12_10.0.0.42\", [1, 3, 4]]": [15, -232.1795450565884, []], "[\"10.0.0.13_10.0.0.43\", [1, 2, 4]]": [10, -330.07025876327106, []], "[\"10.0.0.11_10.0.0.41\", [1, 2, 4]]": [16, -282.94773388440154, []], "[\"NoTrans\", []]": [14, -278.52345953261823, []]}, "{\"10.0.0.11_10.0.0.41\": [1, 2, 4], \"10.0.0.12_10.0.0.42\": [1, 2, 4], \"10.0.0.13_10.0.0.43\": [1, 3, 4]}": {"[\"10.0.0.12_10.0.0.42\", [1, 3, 4]]": [19, -225.47858008558336, []], "[\"10.0.0.13_10.0.0.43\", [1, 2, 4]]": [18, -344.94989298096635, []], "[\"10.0.0.11_10.0.0.41\", [1, 3, 4]]": [17, -277.92404830334993, []], "[\"NoTrans\", []]": [18, -262.37001548254204, []]}, "{\"10.0.0.11_10.0.0.41\": [1, 3, 4], \"10.0.0.12_10.0.0.42\": [1, 2, 4], \"10.0.0.13_10.0.0.43\": [1, 2, 4]}": {"[\"10.0.0.12_10.0.0.42\", [1, 3, 4]]": [11, -286.47346865915796, []], "[\"10.0.0.13_10.0.0.43\", [1, 3, 4]]": [13, -279.3154242179906, []], "[\"10.0.0.11_10.0.0.41\", [1, 2, 4]]": [5, -349.73000115790364, []], "[\"NoTrans\", []]": [7, -331.3345554325458, []]}, "{\"10.0.0.11_10.0.0.41\": [1, 2, 4], \"10.0.0.12_10.0.0.42\": [1, 2, 4], \"10.0.0.13_10.0.0.43\": [1, 2, 4]}": {"[\"10.0.0.12_10.0.0.42\", [1, 3, 4]]": [16, -283.7715502027645, []], "[\"10.0.0.13_10.0.0.43\", [1, 3, 4]]": [14, -266.4244093359226, []], "[\"10.0.0.11_10.0.0.41\", [1, 3, 4]]": [10, -331.0501804922463, []], "[\"NoTrans\", []]": [6, -347.4980631046067, []]}}