{"{\"10.0.0.11_10.0.0.41\": [1, 3, 4], \"10.0.0.12_10.0.0.42\": [1, 3, 4], \"10.0.0.13_10.0.0.43\": [1, 3, 4]}": {"[\"10.0.0.12_10.0.0.42\", [1, 2, 4]]": [20, -336.5402397490141, []], "[\"10.0.0.13_10.0.0.43\", [1, 2, 4]]": [0, -Infinity, []], "[\"10.0.0.11_10.0.0.41\", [1, 2, 4]]": [15, -143.39238511114058, []], "[\"NoTrans\", []]": [0, -Infinity, []]}, "{\"10.0.0.11_10.0.0.41\": [1, 2, 4], \"10.0.0.12_10.0.0.42\": [1, 3, 4], \"10.0.0.13_10.0.0.43\": [1, 3, 4]}": {"[\"10.0.0.12_10.0.0.42\", [1, 2, 4]]": [30, -251.7780499502278, []], "[\"10.0.0.13_10.0.0.43\", [1, 2, 4]]": [13, -250.5502760963823, []], "[\"10.0.0.11_10.0.0.41\", [1, 3, 4]]": [19, -207.93806296023982, []], "[\"NoTrans\", []]": [342, -134.53882610095417, []]}, "{\"10.0.0.11_10.0.0.41\": [1, 3, 4], \"10.0.0.12_10.0.0.42\": [1, 3, 4], \"10.0.0.13_10.0.0.43\": [1, 2, 4]}": {"[\"10.0.0.12_10.0.0.42\", [1, 2, 4]]": [20, -439.4434440902156, []], "[\"10.0.0.13_10.0.0.43\", [1, 3, 4]]": [8, -414.14737651749215, []], "[\"10.0.0.11_10.0.0.41\", [1, 2, 4]]": [4, -439.1282174522123, []], "[\"NoTrans\", []]": [0, -Infinity, []]}, "{\"10.0.0.11_10.0.0.41\": [1, 2, 4], \"10.0.0.12_10.0.0.42\": [1, 3, 4], \"10.0.0.13_10.0.0.43\": [1, 2, 4]}": {"[\"10.0.0.12_10.0.0.42\", [1, 2, 4]]": [0, -Infinity, []], "[\"10.0.0.13_10.0.0.43\", [1, 3, 4]]": [14, -173.66537148171352, []], "[\"10.0.0.11_10.0.0.41\", [1, 3, 4]]": [10, -413.4096722434344, []], "[\"NoTrans\", []]": [1, -211.39762268199476, []]}, "{\"10.0.0.11_10.0.0.41\": [1, 3, 4], \"10.0.0.12_10.0.0.42\": [1, 2, 4], \"10.0.0.13_10.0.0.43\": [1, 3, 4]}": {"[\"10.0.0.12_10.0.0.42\", [1, 3, 4]]": [8, -224.12303752667964, []], "[\"10.0.0.13_10.0.0.43\", [1, 2, 4]]": [14, -440.8563500038126, []], "[\"10.0.0.11_10.0.0.41\", [1, 2, 4]]": [21, -270.85394896252376, []], "[\"NoTrans\", []]": [92, -391.0171641951509, []]}, "{\"10.0.0.11_10.0.0.41\": [1, 2, 4], \"10.0.0.12_10.0.0.42\": [1, 2, 4], \"10.0.0.13_10.0.0.43\": [1, 3, 4]}": {"[\"10.0.0.12_10.0.0.42\", [1, 3, 4]]": [34, -178.44591544569255, []], "[\"10.0.0.13_10.0.0.43\", [1, 2, 4]]": [8, -448.77753642742687, []], "[\"10.0.0.11_10.0.0.41\", [1, 3, 4]]": [9, -304.728992305324, []], "[\"NoTrans\", []]": [7, -259.3948388832043, []]}, "{\"10.0.0.11_10.0.0.41\": [1, 3, 4], \"10.0.0.12_10.0.0.42\": [1, 2, 4], \"10.0.0.13_10.0.0.43\": [1, 2, 4]}": {"[\"10.0.0.12_10.0.0.42\", [1, 3, 4]]": [22, -415.47986557731156, []], "[\"10.0.0.13_10.0.0.43\", [1, 3, 4]]": [14, -425.7261050478033, []], "[\"10.0.0.11_10.0.0.41\", [1, 2, 4]]": [4, -426.7495790886894, []], "[\"NoTrans\", []]": [5, -414.14559164040276, []]}, "{\"10.0.0.11_10.0.0.41\": [1, 2, 4], \"10.0.0.12_10.0.0.42\": [1, 2, 4], \"10.0.0.13_10.0.0.43\": [1, 2, 4]}": {"[\"10.0.0.12_10.0.0.42\", [1, 3, 4]]": [7, -426.8478574759644, []], "[\"10.0.0.13_10.0.0.43\", [1, 3, 4]]": [0, -Infinity, []], "[\"10.0.0.11_10.0.0.41\", [1, 3, 4]]": [5, -409.5221182436168, []], "[\"NoTrans\", []]": [0, -Infinity, []]}}