{"{\"10.0.0.11_10.0.0.41\": [1, 3, 4], \"10.0.0.12_10.0.0.42\": [1, 3, 4], \"10.0.0.13_10.0.0.43\": [1, 3, 4]}": {"[\"10.0.0.13_10.0.0.43\", [1, 2, 4]]": [1, -184.89034443181922, []], "[\"10.0.0.11_10.0.0.41\", [1, 2, 4]]": [2, -141.67420958687052, []], "[\"10.0.0.12_10.0.0.42\", [1, 2, 4]]": [1, -182.30193165377833, []], "[\"NoTrans\", []]": [1, -199.06495819091796, []]}, "{\"10.0.0.11_10.0.0.41\": [1, 3, 4], \"10.0.0.12_10.0.0.42\": [1, 2, 4], \"10.0.0.13_10.0.0.43\": [1, 3, 4]}": {"[\"10.0.0.13_10.0.0.43\", [1, 2, 4]]": [1, -198.746728947858, []], "[\"10.0.0.11_10.0.0.41\", [1, 2, 4]]": [1, -200.7110964133476, []], "[\"10.0.0.12_10.0.0.42\", [1, 3, 4]]": [1, -196.25476608276367, []], "[\"NoTrans\", []]": [1, -187.20849434009864, []]}, "{\"10.0.0.11_10.0.0.41\": [1, 2, 4], \"10.0.0.12_10.0.0.42\": [1, 3, 4], \"10.0.0.13_10.0.0.43\": [1, 3, 4]}": {"[\"10.0.0.13_10.0.0.43\", [1, 2, 4]]": [1, -201.134153982202, []], "[\"10.0.0.11_10.0.0.41\", [1, 3, 4]]": [1, -197.2502113342285, []], "[\"10.0.0.12_10.0.0.42\", [1, 2, 4]]": [1, -199.16230446108798, []], "[\"NoTrans\", []]": [752, -140.08311539756178, []]}, "{\"10.0.0.11_10.0.0.41\": [1, 2, 4], \"10.0.0.12_10.0.0.42\": [1, 2, 4], \"10.0.0.13_10.0.0.43\": [1, 3, 4]}": {"[\"10.0.0.13_10.0.0.43\", [1, 2, 4]]": [1, -218.30085525512698, []], "[\"10.0.0.11_10.0.0.41\", [1, 3, 4]]": [1, -185.24591364053907, []], "[\"10.0.0.12_10.0.0.42\", [1, 3, 4]]": [1, -179.70424217254464, []], "[\"NoTrans\", []]": [1, -200.60982319363558, []]}, "{\"10.0.0.11_10.0.0.41\": [1, 3, 4], \"10.0.0.12_10.0.0.42\": [1, 3, 4], \"10.0.0.13_10.0.0.43\": [1, 2, 4]}": {"[\"10.0.0.13_10.0.0.43\", [1, 3, 4]]": [2, -207.92299427054692, []], "[\"10.0.0.11_10.0.0.41\", [1, 2, 4]]": [1, -200.90583180564494, []], "[\"10.0.0.12_10.0.0.42\", [1, 2, 4]]": [1, -201.2267786879462, []], "[\"NoTrans\", []]": [2, -218.13141423079065, []]}, "{\"10.0.0.11_10.0.0.41\": [1, 3, 4], \"10.0.0.12_10.0.0.42\": [1, 2, 4], \"10.0.0.13_10.0.0.43\": [1, 2, 4]}": {"[\"10.0.0.13_10.0.0.43\", [1, 3, 4]]": [1, -184.10510789806239, []], "[\"10.0.0.11_10.0.0.41\", [1, 2, 4]]": [1, -219.76560363769534, []], "[\"10.0.0.12_10.0.0.42\", [1, 3, 4]]": [2, -189.51089480561618, []], "[\"NoTrans\", []]": [1, -200.48075798859472, []]}, "{\"10.0.0.11_10.0.0.41\": [1, 2, 4], \"10.0.0.12_10.0.0.42\": [1, 3, 4], \"10.0.0.13_10.0.0.43\": [1, 2, 4]}": {"[\"10.0.0.13_10.0.0.43\", [1, 3, 4]]": [1, -171.2303742622302, []], "[\"10.0.0.11_10.0.0.41\", [1, 3, 4]]": [1, -210.86963834660253, []], "[\"10.0.0.12_10.0.0.42\", [1, 2, 4]]": [1, -214.9796844482422, []], "[\"NoTrans\", []]": [1, -201.117506471039, []]}, "{\"10.0.0.11_10.0.0.41\": [1, 2, 4], \"10.0.0.12_10.0.0.42\": [1, 2, 4], \"10.0.0.13_10.0.0.43\": [1, 2, 4]}": {"[\"10.0.0.13_10.0.0.43\", [1, 3, 4]]": [1, -200.57199618635954, []], "[\"10.0.0.11_10.0.0.41\", [1, 3, 4]]": [1, -198.79922374076915, []], "[\"10.0.0.12_10.0.0.42\", [1, 3, 4]]": [1, -200.45634383879025, []], "[\"NoTrans\", []]": [0, -140, []]}}