{"{\"10.0.0.11_10.0.0.41\": [1, 3, 4], \"10.0.0.12_10.0.0.42\": [1, 3, 4], \"10.0.0.13_10.0.0.43\": [1, 3, 4]}": {"[\"10.0.0.13_10.0.0.43\", [1, 2, 4]]": [1, -171.98888632438894, []], "[\"10.0.0.12_10.0.0.42\", [1, 2, 4]]": [1, -150.87106901402257, []], "[\"10.0.0.11_10.0.0.41\", [1, 2, 4]]": [2, -113.64687157674399, []], "[\"NoTrans\", []]": [1, -162.87506484985352, []]}, "{\"10.0.0.11_10.0.0.41\": [1, 2, 4], \"10.0.0.12_10.0.0.42\": [1, 3, 4], \"10.0.0.13_10.0.0.43\": [1, 3, 4]}": {"[\"10.0.0.13_10.0.0.43\", [1, 2, 4]]": [1, -174.4733195535229, []], "[\"10.0.0.12_10.0.0.42\", [1, 2, 4]]": [1, -174.44318933526108, []], "[\"10.0.0.11_10.0.0.41\", [1, 3, 4]]": [1, -161.87446975708008, []], "[\"NoTrans\", []]": [656, -134.34930825186822, []]}, "{\"10.0.0.11_10.0.0.41\": [1, 3, 4], \"10.0.0.12_10.0.0.42\": [1, 2, 4], \"10.0.0.13_10.0.0.43\": [1, 3, 4]}": {"[\"10.0.0.13_10.0.0.43\", [1, 2, 4]]": [1, -172.9062771085775, []], "[\"10.0.0.12_10.0.0.42\", [1, 3, 4]]": [1, -168.32239617835938, []], "[\"10.0.0.11_10.0.0.41\", [1, 2, 4]]": [1, -172.73130274160445, []], "[\"NoTrans\", []]": [0, -100, []]}, "{\"10.0.0.11_10.0.0.41\": [1, 2, 4], \"10.0.0.12_10.0.0.42\": [1, 2, 4], \"10.0.0.13_10.0.0.43\": [1, 3, 4]}": {"[\"10.0.0.13_10.0.0.43\", [1, 2, 4]]": [1, -191.3979377746582, []], "[\"10.0.0.12_10.0.0.42\", [1, 3, 4]]": [1, -140.352161735614, []], "[\"10.0.0.11_10.0.0.41\", [1, 3, 4]]": [1, -150.75686306701556, []], "[\"NoTrans\", []]": [0, -100, []]}, "{\"10.0.0.11_10.0.0.41\": [1, 3, 4], \"10.0.0.12_10.0.0.42\": [1, 3, 4], \"10.0.0.13_10.0.0.43\": [1, 2, 4]}": {"[\"10.0.0.13_10.0.0.43\", [1, 3, 4]]": [2, -177.75964028890618, []], "[\"10.0.0.12_10.0.0.42\", [1, 2, 4]]": [1, -171.68571998912807, []], "[\"10.0.0.11_10.0.0.41\", [1, 2, 4]]": [1, -194.24179458618164, []], "[\"NoTrans\", []]": [1, -171.12047680284843, []]}, "{\"10.0.0.11_10.0.0.41\": [1, 2, 4], \"10.0.0.12_10.0.0.42\": [1, 3, 4], \"10.0.0.13_10.0.0.43\": [1, 2, 4]}": {"[\"10.0.0.13_10.0.0.43\", [1, 3, 4]]": [1, -145.46528264228536, []], "[\"10.0.0.12_10.0.0.42\", [1, 2, 4]]": [1, -192.8918685913086, []], "[\"10.0.0.11_10.0.0.41\", [1, 3, 4]]": [1, -172.7483095560855, []], "[\"NoTrans\", []]": [1, -194.36319732666016, []]}, "{\"10.0.0.11_10.0.0.41\": [1, 3, 4], \"10.0.0.12_10.0.0.42\": [1, 2, 4], \"10.0.0.13_10.0.0.43\": [1, 2, 4]}": {"[\"10.0.0.13_10.0.0.43\", [1, 3, 4]]": [1, -149.62133405895, []], "[\"10.0.0.12_10.0.0.42\", [1, 3, 4]]": [1, -185.12420394047456, []], "[\"10.0.0.11_10.0.0.41\", [1, 2, 4]]": [1, -195.76366806030273, []], "[\"NoTrans\", []]": [1, -173.90995601078333, []]}, "{\"10.0.0.11_10.0.0.41\": [1, 2, 4], \"10.0.0.12_10.0.0.42\": [1, 2, 4], \"10.0.0.13_10.0.0.43\": [1, 2, 4]}": {"[\"10.0.0.13_10.0.0.43\", [1, 3, 4]]": [1, -175.3364810063985, []], "[\"10.0.0.12_10.0.0.42\", [1, 3, 4]]": [1, -175.85508110601126, []], "[\"10.0.0.11_10.0.0.41\", [1, 3, 4]]": [1, -170.80316228829622, []], "[\"NoTrans\", []]": [1, -192.89434814453125, []]}}