{"{\"10.0.0.11_10.0.0.41\": [1, 3, 4], \"10.0.0.12_10.0.0.42\": [1, 3, 4], \"10.0.0.13_10.0.0.43\": [1, 3, 4]}": {"[\"10.0.0.13_10.0.0.43\", [1, 2, 4]]": [2, -148.59377510101632, []], "[\"10.0.0.12_10.0.0.42\", [1, 2, 4]]": [2, -200.6575278710747, []], "[\"10.0.0.11_10.0.0.41\", [1, 2, 4]]": [4, -143.0792395926206, []], "[\"NoTrans\", []]": [2, -192.31004493045424, []]}, "{\"10.0.0.11_10.0.0.41\": [1, 2, 4], \"10.0.0.12_10.0.0.42\": [1, 3, 4], \"10.0.0.13_10.0.0.43\": [1, 3, 4]}": {"[\"10.0.0.13_10.0.0.43\", [1, 2, 4]]": [4, -230.78086330536252, []], "[\"10.0.0.12_10.0.0.42\", [1, 2, 4]]": [2, -221.2270322629864, []], "[\"10.0.0.11_10.0.0.41\", [1, 3, 4]]": [3, -212.35472854718097, []], "[\"NoTrans\", []]": [595, -129.6783921451716, []]}, "{\"10.0.0.11_10.0.0.41\": [1, 3, 4], \"10.0.0.12_10.0.0.42\": [1, 2, 4], \"10.0.0.13_10.0.0.43\": [1, 3, 4]}": {"[\"10.0.0.13_10.0.0.43\", [1, 2, 4]]": [2, -157.81556200762287, []], "[\"10.0.0.12_10.0.0.42\", [1, 3, 4]]": [2, -194.34484100746533, []], "[\"10.0.0.11_10.0.0.41\", [1, 2, 4]]": [2, -222.48142361091908, []], "[\"NoTrans\", []]": [2, -197.464827894049, []]}, "{\"10.0.0.11_10.0.0.41\": [1, 2, 4], \"10.0.0.12_10.0.0.42\": [1, 2, 4], \"10.0.0.13_10.0.0.43\": [1, 3, 4]}": {"[\"10.0.0.13_10.0.0.43\", [1, 2, 4]]": [2, -222.79941016242566, []], "[\"10.0.0.12_10.0.0.42\", [1, 3, 4]]": [3, -191.76807770257565, []], "[\"10.0.0.11_10.0.0.41\", [1, 3, 4]]": [2, -179.3883391781323, []], "[\"NoTrans\", []]": [2, -223.73383838950082, []]}, "{\"10.0.0.11_10.0.0.41\": [1, 3, 4], \"10.0.0.12_10.0.0.42\": [1, 3, 4], \"10.0.0.13_10.0.0.43\": [1, 2, 4]}": {"[\"10.0.0.13_10.0.0.43\", [1, 3, 4]]": [3, -200.30737915870776, []], "[\"10.0.0.12_10.0.0.42\", [1, 2, 4]]": [2, -184.48709800754716, []], "[\"10.0.0.11_10.0.0.41\", [1, 2, 4]]": [2, -195.46915612462163, []], "[\"NoTrans\", []]": [3, -208.29491693245373, []]}, "{\"10.0.0.11_10.0.0.41\": [1, 2, 4], \"10.0.0.12_10.0.0.42\": [1, 3, 4], \"10.0.0.13_10.0.0.43\": [1, 2, 4]}": {"[\"10.0.0.13_10.0.0.43\", [1, 3, 4]]": [3, -172.18659584728874, []], "[\"10.0.0.12_10.0.0.42\", [1, 2, 4]]": [3, -242.90815968649883, []], "[\"10.0.0.11_10.0.0.41\", [1, 3, 4]]": [3, -204.2759361257921, []], "[\"NoTrans\", []]": [2, -195.10704237016185, []]}, "{\"10.0.0.11_10.0.0.41\": [1, 3, 4], \"10.0.0.12_10.0.0.42\": [1, 2, 4], \"10.0.0.13_10.0.0.43\": [1, 2, 4]}": {"[\"10.0.0.13_10.0.0.43\", [1, 3, 4]]": [2, -178.62498298338983, []], "[\"10.0.0.12_10.0.0.42\", [1, 3, 4]]": [2, -169.5217071342703, []], "[\"10.0.0.11_10.0.0.41\", [1, 2, 4]]": [2, -229.7534757336986, []], "[\"NoTrans\", []]": [2, -197.3920538764258, []]}, "{\"10.0.0.11_10.0.0.41\": [1, 2, 4], \"10.0.0.12_10.0.0.42\": [1, 2, 4], \"10.0.0.13_10.0.0.43\": [1, 2, 4]}": {"[\"10.0.0.13_10.0.0.43\", [1, 3, 4]]": [3, -228.0239123667808, []], "[\"10.0.0.12_10.0.0.42\", [1, 3, 4]]": [2, -203.6247780488061, []], "[\"10.0.0.11_10.0.0.41\", [1, 3, 4]]": [2, -199.06276579421498, []], "[\"NoTrans\", []]": [2, -239.48520894186993, []]}}