{"{\"10.0.0.11_10.0.0.41\": [1, 3, 4], \"10.0.0.12_10.0.0.42\": [1, 3, 4], \"10.0.0.13_10.0.0.43\": [1, 3, 4]}": {"[\"10.0.0.12_10.0.0.42\", [1, 2, 4]]": [3, -272.7293048282529, []], "[\"10.0.0.13_10.0.0.43\", [1, 2, 4]]": [5, -252.5984552116607, []], "[\"10.0.0.11_10.0.0.41\", [1, 2, 4]]": [32, -149.1338754818973, []], "[\"NoTrans\", []]": [3, -240.5547441725484, []]}, "{\"10.0.0.11_10.0.0.41\": [1, 2, 4], \"10.0.0.12_10.0.0.42\": [1, 3, 4], \"10.0.0.13_10.0.0.43\": [1, 3, 4]}": {"[\"10.0.0.12_10.0.0.42\", [1, 2, 4]]": [15, -259.7797445753045, []], "[\"10.0.0.13_10.0.0.43\", [1, 2, 4]]": [18, -257.6163680430711, []], "[\"10.0.0.11_10.0.0.41\", [1, 3, 4]]": [25, -230.20035077006025, []], "[\"NoTrans\", []]": [425, -143.09532303623988, []]}, "{\"10.0.0.11_10.0.0.41\": [1, 3, 4], \"10.0.0.12_10.0.0.42\": [1, 3, 4], \"10.0.0.13_10.0.0.43\": [1, 2, 4]}": {"[\"10.0.0.12_10.0.0.42\", [1, 2, 4]]": [3, -254.8083072914818, []], "[\"10.0.0.13_10.0.0.43\", [1, 3, 4]]": [9, -224.3376072117612, []], "[\"10.0.0.11_10.0.0.41\", [1, 2, 4]]": [2, -258.15455533796006, []], "[\"NoTrans\", []]": [4, -243.5675405005652, []]}, "{\"10.0.0.11_10.0.0.41\": [1, 2, 4], \"10.0.0.12_10.0.0.42\": [1, 3, 4], \"10.0.0.13_10.0.0.43\": [1, 2, 4]}": {"[\"10.0.0.12_10.0.0.42\", [1, 2, 4]]": [2, -284.03206717993373, []], "[\"10.0.0.13_10.0.0.43\", [1, 3, 4]]": [16, -189.76273532889303, []], "[\"10.0.0.11_10.0.0.41\", [1, 3, 4]]": [5, -277.7087673985182, []], "[\"NoTrans\", []]": [7, -259.93202039378065, []]}, "{\"10.0.0.11_10.0.0.41\": [1, 3, 4], \"10.0.0.12_10.0.0.42\": [1, 2, 4], \"10.0.0.13_10.0.0.43\": [1, 3, 4]}": {"[\"10.0.0.12_10.0.0.42\", [1, 3, 4]]": [6, -217.75050939367887, []], "[\"10.0.0.13_10.0.0.43\", [1, 2, 4]]": [4, -301.0624900441083, []], "[\"10.0.0.11_10.0.0.41\", [1, 2, 4]]": [5, -263.46493663871445, []], "[\"NoTrans\", []]": [4, -271.1804691653086, []]}, "{\"10.0.0.11_10.0.0.41\": [1, 2, 4], \"10.0.0.12_10.0.0.42\": [1, 2, 4], \"10.0.0.13_10.0.0.43\": [1, 3, 4]}": {"[\"10.0.0.12_10.0.0.42\", [1, 3, 4]]": [11, -184.70339950235893, []], "[\"10.0.0.13_10.0.0.43\", [1, 2, 4]]": [2, -284.8164790519285, []], "[\"10.0.0.11_10.0.0.41\", [1, 3, 4]]": [9, -265.1247299644884, []], "[\"NoTrans\", []]": [3, -258.4686902024664, []]}, "{\"10.0.0.11_10.0.0.41\": [1, 3, 4], \"10.0.0.12_10.0.0.42\": [1, 2, 4], \"10.0.0.13_10.0.0.43\": [1, 2, 4]}": {"[\"10.0.0.12_10.0.0.42\", [1, 3, 4]]": [4, -260.34770235342194, []], "[\"10.0.0.13_10.0.0.43\", [1, 3, 4]]": [3, -271.46901866196185, []], "[\"10.0.0.11_10.0.0.41\", [1, 2, 4]]": [2, -278.3225046627012, []], "[\"NoTrans\", []]": [2, -246.45680381724236, []]}, "{\"10.0.0.11_10.0.0.41\": [1, 2, 4], \"10.0.0.12_10.0.0.42\": [1, 2, 4], \"10.0.0.13_10.0.0.43\": [1, 2, 4]}": {"[\"10.0.0.12_10.0.0.42\", [1, 3, 4]]": [2, -248.8398104807826, []], "[\"10.0.0.13_10.0.0.43\", [1, 3, 4]]": [2, -250.95409223990126, []], "[\"10.0.0.11_10.0.0.41\", [1, 3, 4]]": [2, -286.75326485387495, []], "[\"NoTrans\", []]": [2, -282.7145372859922, []]}}