{"{\"10.0.0.11_10.0.0.41\": [1, 3, 4], \"10.0.0.12_10.0.0.42\": [1, 3, 4], \"10.0.0.13_10.0.0.43\": [1, 3, 4]}": {"[\"10.0.0.12_10.0.0.42\", [1, 2, 4]]": [12, -294.97715124258144, []], "[\"10.0.0.11_10.0.0.41\", [1, 2, 4]]": [26, -190.6426055448844, []], "[\"10.0.0.13_10.0.0.43\", [1, 2, 4]]": [18, -295.0483485323973, []], "[\"NoTrans\", []]": [21, -258.83219005938565, []]}, "{\"10.0.0.11_10.0.0.41\": [1, 3, 4], \"10.0.0.12_10.0.0.42\": [1, 3, 4], \"10.0.0.13_10.0.0.43\": [1, 2, 4]}": {"[\"10.0.0.12_10.0.0.42\", [1, 2, 4]]": [13, -335.8261048731751, []], "[\"10.0.0.11_10.0.0.41\", [1, 2, 4]]": [25, -297.2191300487203, []], "[\"10.0.0.13_10.0.0.43\", [1, 3, 4]]": [11, -263.46097253124765, []], "[\"NoTrans\", []]": [29, -295.71922224394245, []]}, "{\"10.0.0.11_10.0.0.41\": [1, 2, 4], \"10.0.0.12_10.0.0.42\": [1, 3, 4], \"10.0.0.13_10.0.0.43\": [1, 3, 4]}": {"[\"10.0.0.12_10.0.0.42\", [1, 2, 4]]": [16, -292.2908832945587, []], "[\"10.0.0.11_10.0.0.41\", [1, 3, 4]]": [29, -259.413567034227, []], "[\"10.0.0.13_10.0.0.43\", [1, 2, 4]]": [19, -304.23803880576475, []], "[\"NoTrans\", []]": [41, -192.5881916918809, []]}, "{\"10.0.0.11_10.0.0.41\": [1, 2, 4], \"10.0.0.12_10.0.0.42\": [1, 3, 4], \"10.0.0.13_10.0.0.43\": [1, 2, 4]}": {"[\"10.0.0.12_10.0.0.42\", [1, 2, 4]]": [22, -354.6384187000416, []], "[\"10.0.0.11_10.0.0.41\", [1, 3, 4]]": [17, -295.9856932737776, []], "[\"10.0.0.13_10.0.0.43\", [1, 3, 4]]": [22, -237.77398437315432, []], "[\"NoTrans\", []]": [24, -304.23479804945066, []]}, "{\"10.0.0.11_10.0.0.41\": [1, 3, 4], \"10.0.0.12_10.0.0.42\": [1, 2, 4], \"10.0.0.13_10.0.0.43\": [1, 3, 4]}": {"[\"10.0.0.12_10.0.0.42\", [1, 3, 4]]": [16, -262.91377980788985, []], "[\"10.0.0.11_10.0.0.41\", [1, 2, 4]]": [9, -299.1249027863126, []], "[\"10.0.0.13_10.0.0.43\", [1, 2, 4]]": [10, -331.6643725945299, []], "[\"NoTrans\", []]": [7, -284.65727669656815, []]}, "{\"10.0.0.11_10.0.0.41\": [1, 3, 4], \"10.0.0.12_10.0.0.42\": [1, 2, 4], \"10.0.0.13_10.0.0.43\": [1, 2, 4]}": {"[\"10.0.0.12_10.0.0.42\", [1, 3, 4]]": [14, -279.30994494772136, []], "[\"10.0.0.11_10.0.0.41\", [1, 2, 4]]": [14, -352.3937527981227, []], "[\"10.0.0.13_10.0.0.43\", [1, 3, 4]]": [13, -297.02787161406667, []], "[\"NoTrans\", []]": [19, -335.50201889917935, []]}, "{\"10.0.0.11_10.0.0.41\": [1, 2, 4], \"10.0.0.12_10.0.0.42\": [1, 2, 4], \"10.0.0.13_10.0.0.43\": [1, 3, 4]}": {"[\"10.0.0.12_10.0.0.42\", [1, 3, 4]]": [16, -242.57737045058312, []], "[\"10.0.0.11_10.0.0.41\", [1, 3, 4]]": [10, -294.0572701747471, []], "[\"10.0.0.13_10.0.0.43\", [1, 2, 4]]": [5, -354.69627544039645, []], "[\"NoTrans\", []]": [8, -286.47721013847985, []]}, "{\"10.0.0.11_10.0.0.41\": [1, 2, 4], \"10.0.0.12_10.0.0.42\": [1, 2, 4], \"10.0.0.13_10.0.0.43\": [1, 2, 4]}": {"[\"10.0.0.12_10.0.0.42\", [1, 3, 4]]": [17, -298.84335458181505, []], "[\"10.0.0.11_10.0.0.41\", [1, 3, 4]]": [18, -331.625049179289, []], "[\"10.0.0.13_10.0.0.43\", [1, 3, 4]]": [6, -288.1476267629351, []], "[\"NoTrans\", []]": [15, -353.5547124232735, []]}}