{"{\"10.0.0.11_10.0.0.41\": [1, 3, 4], \"10.0.0.12_10.0.0.42\": [1, 3, 4], \"10.0.0.13_10.0.0.43\": [1, 3, 4]}": {"[\"10.0.0.11_10.0.0.41\", [1, 2, 4]]": [2, -102.1473381822001, []], "[\"10.0.0.12_10.0.0.42\", [1, 2, 4]]": [1, -174.18672262921012, []], "[\"10.0.0.13_10.0.0.43\", [1, 2, 4]]": [1, -150.75362938128268, []], "[\"NoTrans\", []]": [1, -168.58948135375977, []]}, "{\"10.0.0.11_10.0.0.41\": [1, 3, 4], \"10.0.0.12_10.0.0.42\": [1, 3, 4], \"10.0.0.13_10.0.0.43\": [1, 2, 4]}": {"[\"10.0.0.11_10.0.0.41\", [1, 2, 4]]": [0, -100, []], "[\"10.0.0.12_10.0.0.42\", [1, 2, 4]]": [1, -172.21502780302967, []], "[\"10.0.0.13_10.0.0.43\", [1, 3, 4]]": [1, -164.1772117614746, []], "[\"NoTrans\", []]": [1, -152.7507268265989, []]}, "{\"10.0.0.11_10.0.0.41\": [1, 3, 4], \"10.0.0.12_10.0.0.42\": [1, 2, 4], \"10.0.0.13_10.0.0.43\": [1, 3, 4]}": {"[\"10.0.0.11_10.0.0.41\", [1, 2, 4]]": [1, -173.01864458914986, []], "[\"10.0.0.12_10.0.0.42\", [1, 3, 4]]": [2, -176.78769371481565, []], "[\"10.0.0.13_10.0.0.43\", [1, 2, 4]]": [1, -175.225907271545, []], "[\"NoTrans\", []]": [1, -148.85495882330324, []]}, "{\"10.0.0.11_10.0.0.41\": [1, 3, 4], \"10.0.0.12_10.0.0.42\": [1, 2, 4], \"10.0.0.13_10.0.0.43\": [1, 2, 4]}": {"[\"10.0.0.11_10.0.0.41\", [1, 2, 4]]": [1, -193.6820831298828, []], "[\"10.0.0.12_10.0.0.42\", [1, 3, 4]]": [1, -151.77153632745743, []], "[\"10.0.0.13_10.0.0.43\", [1, 3, 4]]": [1, -151.1825681454771, []], "[\"NoTrans\", []]": [1, -172.8762278149356, []]}, "{\"10.0.0.11_10.0.0.41\": [1, 2, 4], \"10.0.0.12_10.0.0.42\": [1, 3, 4], \"10.0.0.13_10.0.0.43\": [1, 3, 4]}": {"[\"10.0.0.11_10.0.0.41\", [1, 3, 4]]": [1, -164.55667877197266, []], "[\"10.0.0.12_10.0.0.42\", [1, 2, 4]]": [1, -171.34708366481982, []], "[\"10.0.0.13_10.0.0.43\", [1, 2, 4]]": [1, -172.02250608235562, []], "[\"NoTrans\", []]": [657, -115.11414065367276, []]}, "{\"10.0.0.11_10.0.0.41\": [1, 2, 4], \"10.0.0.12_10.0.0.42\": [1, 3, 4], \"10.0.0.13_10.0.0.43\": [1, 2, 4]}": {"[\"10.0.0.11_10.0.0.41\", [1, 3, 4]]": [0, -100, []], "[\"10.0.0.12_10.0.0.42\", [1, 2, 4]]": [0, -100, []], "[\"10.0.0.13_10.0.0.43\", [1, 3, 4]]": [1, -141.5922494540394, []], "[\"NoTrans\", []]": [1, -172.55163794054056, []]}, "{\"10.0.0.11_10.0.0.41\": [1, 2, 4], \"10.0.0.12_10.0.0.42\": [1, 2, 4], \"10.0.0.13_10.0.0.43\": [1, 3, 4]}": {"[\"10.0.0.11_10.0.0.41\", [1, 3, 4]]": [1, -154.39510102502703, []], "[\"10.0.0.12_10.0.0.42\", [1, 3, 4]]": [1, -136.50125848564213, []], "[\"10.0.0.13_10.0.0.43\", [1, 2, 4]]": [1, -189.78222274780273, []], "[\"NoTrans\", []]": [1, -172.08025240007453, []]}, "{\"10.0.0.11_10.0.0.41\": [1, 2, 4], \"10.0.0.12_10.0.0.42\": [1, 2, 4], \"10.0.0.13_10.0.0.43\": [1, 2, 4]}": {"[\"10.0.0.11_10.0.0.41\", [1, 3, 4]]": [1, -171.74343874535083, []], "[\"10.0.0.12_10.0.0.42\", [1, 3, 4]]": [0, -100, []], "[\"10.0.0.13_10.0.0.43\", [1, 3, 4]]": [1, -170.45821644900434, []], "[\"NoTrans\", []]": [1, -195.94400787353516, []]}}