{"{\"10.0.0.11_10.0.0.41\": [1, 3, 4], \"10.0.0.12_10.0.0.42\": [1, 3, 4], \"10.0.0.13_10.0.0.43\": [1, 3, 4]}": {"[\"10.0.0.12_10.0.0.42\", [1, 2, 4]]": [1, -19.305580482750287, []], "[\"10.0.0.11_10.0.0.41\", [1, 2, 4]]": [0, -Infinity, []], "[\"10.0.0.13_10.0.0.43\", [1, 2, 4]]": [0, -Infinity, []], "[\"NoTrans\", []]": [0, -Infinity, []]}, "{\"10.0.0.11_10.0.0.41\": [1, 3, 4], \"10.0.0.12_10.0.0.42\": [1, 3, 4], \"10.0.0.13_10.0.0.43\": [1, 2, 4]}": {"[\"10.0.0.12_10.0.0.42\", [1, 2, 4]]": [352, -475.6723449704074, []], "[\"10.0.0.11_10.0.0.41\", [1, 2, 4]]": [0, -Infinity, []], "[\"10.0.0.13_10.0.0.43\", [1, 3, 4]]": [0, -Infinity, []], "[\"NoTrans\", []]": [0, -Infinity, []]}, "{\"10.0.0.11_10.0.0.41\": [1, 2, 4], \"10.0.0.12_10.0.0.42\": [1, 3, 4], \"10.0.0.13_10.0.0.43\": [1, 3, 4]}": {"[\"10.0.0.12_10.0.0.42\", [1, 2, 4]]": [0, -Infinity, []], "[\"10.0.0.11_10.0.0.41\", [1, 3, 4]]": [1, -18.517398834228516, []], "[\"10.0.0.13_10.0.0.43\", [1, 2, 4]]": [0, -Infinity, []], "[\"NoTrans\", []]": [0, -Infinity, []]}, "{\"10.0.0.11_10.0.0.41\": [1, 2, 4], \"10.0.0.12_10.0.0.42\": [1, 3, 4], \"10.0.0.13_10.0.0.43\": [1, 2, 4]}": {"[\"10.0.0.12_10.0.0.42\", [1, 2, 4]]": [0, -Infinity, []], "[\"10.0.0.11_10.0.0.41\", [1, 3, 4]]": [0, -Infinity, []], "[\"10.0.0.13_10.0.0.43\", [1, 3, 4]]": [0, -Infinity, []], "[\"NoTrans\", []]": [0, -Infinity, []]}, "{\"10.0.0.11_10.0.0.41\": [1, 3, 4], \"10.0.0.12_10.0.0.42\": [1, 2, 4], \"10.0.0.13_10.0.0.43\": [1, 3, 4]}": {"[\"10.0.0.12_10.0.0.42\", [1, 3, 4]]": [0, -Infinity, []], "[\"10.0.0.11_10.0.0.41\", [1, 2, 4]]": [0, -Infinity, []], "[\"10.0.0.13_10.0.0.43\", [1, 2, 4]]": [1, -19.543883660442702, []], "[\"NoTrans\", []]": [0, -Infinity, []]}, "{\"10.0.0.11_10.0.0.41\": [1, 3, 4], \"10.0.0.12_10.0.0.42\": [1, 2, 4], \"10.0.0.13_10.0.0.43\": [1, 2, 4]}": {"[\"10.0.0.12_10.0.0.42\", [1, 3, 4]]": [352, -461.5676877990955, []], "[\"10.0.0.11_10.0.0.41\", [1, 2, 4]]": [0, -Infinity, []], "[\"10.0.0.13_10.0.0.43\", [1, 3, 4]]": [0, -Infinity, []], "[\"NoTrans\", []]": [0, -Infinity, []]}, "{\"10.0.0.11_10.0.0.41\": [1, 2, 4], \"10.0.0.12_10.0.0.42\": [1, 2, 4], \"10.0.0.13_10.0.0.43\": [1, 3, 4]}": {"[\"10.0.0.12_10.0.0.42\", [1, 3, 4]]": [1, -19.235646476911406, []], "[\"10.0.0.11_10.0.0.41\", [1, 3, 4]]": [0, -Infinity, []], "[\"10.0.0.13_10.0.0.43\", [1, 2, 4]]": [0, -Infinity, []], "[\"NoTrans\", []]": [0, -Infinity, []]}, "{\"10.0.0.11_10.0.0.41\": [1, 2, 4], \"10.0.0.12_10.0.0.42\": [1, 2, 4], \"10.0.0.13_10.0.0.43\": [1, 2, 4]}": {"[\"10.0.0.12_10.0.0.42\", [1, 3, 4]]": [0, -Infinity, []], "[\"10.0.0.11_10.0.0.41\", [1, 3, 4]]": [0, -Infinity, []], "[\"10.0.0.13_10.0.0.43\", [1, 3, 4]]": [1, -22.519113070025185, []], "[\"NoTrans\", []]": [0, -Infinity, []]}}