{"{\"10.0.0.11_10.0.0.41\": [1, 3, 4], \"10.0.0.12_10.0.0.42\": [1, 3, 4], \"10.0.0.13_10.0.0.43\": [1, 3, 4]}": {"[\"10.0.0.13_10.0.0.43\", [1, 2, 4]]": [2, -169.04137492017338, []], "[\"10.0.0.12_10.0.0.42\", [1, 2, 4]]": [2, -204.86958754700117, []], "[\"10.0.0.11_10.0.0.41\", [1, 2, 4]]": [4, -167.41025371239397, []], "[\"NoTrans\", []]": [2, -202.3307982382555, []]}, "{\"10.0.0.11_10.0.0.41\": [1, 2, 4], \"10.0.0.12_10.0.0.42\": [1, 3, 4], \"10.0.0.13_10.0.0.43\": [1, 3, 4]}": {"[\"10.0.0.13_10.0.0.43\", [1, 2, 4]]": [4, -233.16412456112573, []], "[\"10.0.0.12_10.0.0.42\", [1, 2, 4]]": [2, -216.89283324886938, []], "[\"10.0.0.11_10.0.0.41\", [1, 3, 4]]": [3, -214.22463733923885, []], "[\"NoTrans\", []]": [804, -134.4106266779274, []]}, "{\"10.0.0.11_10.0.0.41\": [1, 3, 4], \"10.0.0.12_10.0.0.42\": [1, 2, 4], \"10.0.0.13_10.0.0.43\": [1, 3, 4]}": {"[\"10.0.0.13_10.0.0.43\", [1, 2, 4]]": [2, -188.1001270840152, []], "[\"10.0.0.12_10.0.0.42\", [1, 3, 4]]": [2, -191.47199150894392, []], "[\"10.0.0.11_10.0.0.41\", [1, 2, 4]]": [2, -218.88535709684274, []], "[\"NoTrans\", []]": [2, -192.57218891240714, []]}, "{\"10.0.0.11_10.0.0.41\": [1, 2, 4], \"10.0.0.12_10.0.0.42\": [1, 2, 4], \"10.0.0.13_10.0.0.43\": [1, 3, 4]}": {"[\"10.0.0.13_10.0.0.43\", [1, 2, 4]]": [2, -209.8723330825295, []], "[\"10.0.0.12_10.0.0.42\", [1, 3, 4]]": [3, -204.13738986069643, []], "[\"10.0.0.11_10.0.0.41\", [1, 3, 4]]": [2, -195.1704153604132, []], "[\"NoTrans\", []]": [2, -229.96131351885742, []]}, "{\"10.0.0.11_10.0.0.41\": [1, 3, 4], \"10.0.0.12_10.0.0.42\": [1, 3, 4], \"10.0.0.13_10.0.0.43\": [1, 2, 4]}": {"[\"10.0.0.13_10.0.0.43\", [1, 3, 4]]": [3, -205.46496114108754, []], "[\"10.0.0.12_10.0.0.42\", [1, 2, 4]]": [3, -198.41934344466137, []], "[\"10.0.0.11_10.0.0.41\", [1, 2, 4]]": [2, -185.91337847922756, []], "[\"NoTrans\", []]": [2, -171.67283938521058, []]}, "{\"10.0.0.11_10.0.0.41\": [1, 2, 4], \"10.0.0.12_10.0.0.42\": [1, 3, 4], \"10.0.0.13_10.0.0.43\": [1, 2, 4]}": {"[\"10.0.0.13_10.0.0.43\", [1, 3, 4]]": [3, -187.1975785297435, []], "[\"10.0.0.12_10.0.0.42\", [1, 2, 4]]": [3, -218.73340193513638, []], "[\"10.0.0.11_10.0.0.41\", [1, 3, 4]]": [3, -174.9135583369508, []], "[\"NoTrans\", []]": [3, -182.40182332735844, []]}, "{\"10.0.0.11_10.0.0.41\": [1, 3, 4], \"10.0.0.12_10.0.0.42\": [1, 2, 4], \"10.0.0.13_10.0.0.43\": [1, 2, 4]}": {"[\"10.0.0.13_10.0.0.43\", [1, 3, 4]]": [2, -167.5697081448577, []], "[\"10.0.0.12_10.0.0.42\", [1, 3, 4]]": [3, -200.23929746746484, []], "[\"10.0.0.11_10.0.0.41\", [1, 2, 4]]": [2, -231.0816005939268, []], "[\"NoTrans\", []]": [2, -191.2511857119577, []]}, "{\"10.0.0.11_10.0.0.41\": [1, 2, 4], \"10.0.0.12_10.0.0.42\": [1, 2, 4], \"10.0.0.13_10.0.0.43\": [1, 2, 4]}": {"[\"10.0.0.13_10.0.0.43\", [1, 3, 4]]": [3, -231.41251181360764, []], "[\"10.0.0.12_10.0.0.42\", [1, 3, 4]]": [2, -201.92877716018955, []], "[\"10.0.0.11_10.0.0.41\", [1, 3, 4]]": [2, -206.98583532091976, []], "[\"NoTrans\", []]": [2, -229.919910835626, []]}}