{"{\"10.0.0.11_10.0.0.41\": [1, 3, 4], \"10.0.0.12_10.0.0.42\": [1, 3, 4], \"10.0.0.13_10.0.0.43\": [1, 3, 4]}": {"[\"10.0.0.13_10.0.0.43\", [1, 2, 4]]": [20, -280.1176860336296, []], "[\"10.0.0.12_10.0.0.42\", [1, 2, 4]]": [22, -281.50541004422433, []], "[\"10.0.0.11_10.0.0.41\", [1, 2, 4]]": [25, -178.11798440575262, []], "[\"NoTrans\", []]": [23, -249.67370486240162, []]}, "{\"10.0.0.11_10.0.0.41\": [1, 2, 4], \"10.0.0.12_10.0.0.42\": [1, 3, 4], \"10.0.0.13_10.0.0.43\": [1, 3, 4]}": {"[\"10.0.0.13_10.0.0.43\", [1, 2, 4]]": [16, -276.719905520929, []], "[\"10.0.0.12_10.0.0.42\", [1, 2, 4]]": [17, -277.86741382227245, []], "[\"10.0.0.11_10.0.0.41\", [1, 3, 4]]": [23, -246.88084558177616, []], "[\"NoTrans\", []]": [19, -165.88205201798877, []]}, "{\"10.0.0.11_10.0.0.41\": [1, 3, 4], \"10.0.0.12_10.0.0.42\": [1, 2, 4], \"10.0.0.13_10.0.0.43\": [1, 3, 4]}": {"[\"10.0.0.13_10.0.0.43\", [1, 2, 4]]": [16, -332.70821484193965, []], "[\"10.0.0.12_10.0.0.42\", [1, 3, 4]]": [25, -244.04113862487358, []], "[\"10.0.0.11_10.0.0.41\", [1, 2, 4]]": [13, -275.9414046046999, []], "[\"NoTrans\", []]": [19, -283.1045820910966, []]}, "{\"10.0.0.11_10.0.0.41\": [1, 2, 4], \"10.0.0.12_10.0.0.42\": [1, 2, 4], \"10.0.0.13_10.0.0.43\": [1, 3, 4]}": {"[\"10.0.0.13_10.0.0.43\", [1, 2, 4]]": [14, -350.47714309822965, []], "[\"10.0.0.12_10.0.0.42\", [1, 3, 4]]": [15, -209.0573892908254, []], "[\"10.0.0.11_10.0.0.41\", [1, 3, 4]]": [17, -285.43487731078295, []], "[\"NoTrans\", []]": [16, -283.94944631013703, []]}, "{\"10.0.0.11_10.0.0.41\": [1, 3, 4], \"10.0.0.12_10.0.0.42\": [1, 3, 4], \"10.0.0.13_10.0.0.43\": [1, 2, 4]}": {"[\"10.0.0.13_10.0.0.43\", [1, 3, 4]]": [19, -247.7362171968534, []], "[\"10.0.0.12_10.0.0.42\", [1, 2, 4]]": [9, -389.4058797877716, []], "[\"10.0.0.11_10.0.0.41\", [1, 2, 4]]": [22, -283.9626210656858, []], "[\"NoTrans\", []]": [21, -280.70536807337095, []]}, "{\"10.0.0.11_10.0.0.41\": [1, 2, 4], \"10.0.0.12_10.0.0.42\": [1, 3, 4], \"10.0.0.13_10.0.0.43\": [1, 2, 4]}": {"[\"10.0.0.13_10.0.0.43\", [1, 3, 4]]": [16, -207.74687008458355, []], "[\"10.0.0.12_10.0.0.42\", [1, 2, 4]]": [16, -344.7416303570062, []], "[\"10.0.0.11_10.0.0.41\", [1, 3, 4]]": [16, -279.2177459939382, []], "[\"NoTrans\", []]": [14, -273.1430089629731, []]}, "{\"10.0.0.11_10.0.0.41\": [1, 3, 4], \"10.0.0.12_10.0.0.42\": [1, 2, 4], \"10.0.0.13_10.0.0.43\": [1, 2, 4]}": {"[\"10.0.0.13_10.0.0.43\", [1, 3, 4]]": [15, -287.5892019139284, []], "[\"10.0.0.12_10.0.0.42\", [1, 3, 4]]": [14, -285.37853418434025, []], "[\"10.0.0.11_10.0.0.41\", [1, 2, 4]]": [10, -334.5328175651351, []], "[\"NoTrans\", []]": [10, -331.7991427409289, []]}, "{\"10.0.0.11_10.0.0.41\": [1, 2, 4], \"10.0.0.12_10.0.0.42\": [1, 2, 4], \"10.0.0.13_10.0.0.43\": [1, 2, 4]}": {"[\"10.0.0.13_10.0.0.43\", [1, 3, 4]]": [16, -288.4379523381263, []], "[\"10.0.0.12_10.0.0.42\", [1, 3, 4]]": [10, -280.4514551814772, []], "[\"10.0.0.11_10.0.0.41\", [1, 3, 4]]": [14, -324.943900214664, []], "[\"NoTrans\", []]": [12, -347.1897906649249, []]}}