{"{\"10.0.0.11_10.0.0.41\": [1, 3, 4], \"10.0.0.12_10.0.0.42\": [1, 3, 4], \"10.0.0.13_10.0.0.43\": [1, 3, 4]}": {"[\"10.0.0.11_10.0.0.41\", [1, 2, 4]]": [2, -184.52049313615979, []], "[\"10.0.0.13_10.0.0.43\", [1, 2, 4]]": [3, -208.88879791754155, []], "[\"10.0.0.12_10.0.0.42\", [1, 2, 4]]": [3, -241.37208981544725, []], "[\"NoTrans\", []]": [2, -219.26287704467774, []]}, "{\"10.0.0.11_10.0.0.41\": [1, 3, 4], \"10.0.0.12_10.0.0.42\": [1, 2, 4], \"10.0.0.13_10.0.0.43\": [1, 3, 4]}": {"[\"10.0.0.11_10.0.0.41\", [1, 2, 4]]": [2, -235.8823520367774, []], "[\"10.0.0.13_10.0.0.43\", [1, 2, 4]]": [3, -270.70499798981524, []], "[\"10.0.0.12_10.0.0.42\", [1, 3, 4]]": [3, -227.76739502454075, []], "[\"NoTrans\", []]": [3, -232.75629530143954, []]}, "{\"10.0.0.11_10.0.0.41\": [1, 3, 4], \"10.0.0.12_10.0.0.42\": [1, 3, 4], \"10.0.0.13_10.0.0.43\": [1, 2, 4]}": {"[\"10.0.0.11_10.0.0.41\", [1, 2, 4]]": [3, -254.28415678948738, []], "[\"10.0.0.13_10.0.0.43\", [1, 3, 4]]": [2, -217.02652781127537, []], "[\"10.0.0.12_10.0.0.42\", [1, 2, 4]]": [3, -237.72262430303283, []], "[\"NoTrans\", []]": [2, -196.2551667794326, []]}, "{\"10.0.0.11_10.0.0.41\": [1, 3, 4], \"10.0.0.12_10.0.0.42\": [1, 2, 4], \"10.0.0.13_10.0.0.43\": [1, 2, 4]}": {"[\"10.0.0.11_10.0.0.41\", [1, 2, 4]]": [2, -259.3525023930081, []], "[\"10.0.0.13_10.0.0.43\", [1, 3, 4]]": [3, -220.0287314850616, []], "[\"10.0.0.12_10.0.0.42\", [1, 3, 4]]": [3, -231.8610017668526, []], "[\"NoTrans\", []]": [2, -238.27697381204007, []]}, "{\"10.0.0.11_10.0.0.41\": [1, 2, 4], \"10.0.0.12_10.0.0.42\": [1, 3, 4], \"10.0.0.13_10.0.0.43\": [1, 3, 4]}": {"[\"10.0.0.11_10.0.0.41\", [1, 3, 4]]": [3, -219.3621232989496, []], "[\"10.0.0.13_10.0.0.43\", [1, 2, 4]]": [2, -234.5431777961521, []], "[\"10.0.0.12_10.0.0.42\", [1, 2, 4]]": [2, -243.27110649559083, []], "[\"NoTrans\", []]": [600, -111.10052759424158, []]}, "{\"10.0.0.11_10.0.0.41\": [1, 2, 4], \"10.0.0.12_10.0.0.42\": [1, 2, 4], \"10.0.0.13_10.0.0.43\": [1, 3, 4]}": {"[\"10.0.0.11_10.0.0.41\", [1, 3, 4]]": [2, -228.09550272111608, []], "[\"10.0.0.13_10.0.0.43\", [1, 2, 4]]": [2, -274.06153350830084, []], "[\"10.0.0.12_10.0.0.42\", [1, 3, 4]]": [2, -201.34770896623408, []], "[\"NoTrans\", []]": [2, -236.63158722594218, []]}, "{\"10.0.0.11_10.0.0.41\": [1, 2, 4], \"10.0.0.12_10.0.0.42\": [1, 3, 4], \"10.0.0.13_10.0.0.43\": [1, 2, 4]}": {"[\"10.0.0.11_10.0.0.41\", [1, 3, 4]]": [2, -223.86170056355522, []], "[\"10.0.0.13_10.0.0.43\", [1, 3, 4]]": [3, -210.8295448386963, []], "[\"10.0.0.12_10.0.0.42\", [1, 2, 4]]": [2, -259.00214152264675, []], "[\"NoTrans\", []]": [2, -235.60464354644355, []]}, "{\"10.0.0.11_10.0.0.41\": [1, 2, 4], \"10.0.0.12_10.0.0.42\": [1, 2, 4], \"10.0.0.13_10.0.0.43\": [1, 2, 4]}": {"[\"10.0.0.11_10.0.0.41\", [1, 3, 4]]": [2, -256.97749150686366, []], "[\"10.0.0.13_10.0.0.43\", [1, 3, 4]]": [2, -244.1647695865147, []], "[\"10.0.0.12_10.0.0.42\", [1, 3, 4]]": [2, -258.8395725856867, []], "[\"NoTrans\", []]": [2, -276.4733949279786, []]}}