{"{\"10.0.0.11_10.0.0.41\": [1, 3, 4], \"10.0.0.12_10.0.0.42\": [1, 3, 4], \"10.0.0.13_10.0.0.43\": [1, 3, 4]}": {"[\"10.0.0.13_10.0.0.43\", [1, 2, 4]]": [22, -296.33077094945367, []], "[\"10.0.0.11_10.0.0.41\", [1, 2, 4]]": [17, -200.6692373652969, []], "[\"10.0.0.12_10.0.0.42\", [1, 2, 4]]": [21, -289.8718688524471, []], "[\"NoTrans\", []]": [12, -254.856276702007, []]}, "{\"10.0.0.11_10.0.0.41\": [1, 3, 4], \"10.0.0.12_10.0.0.42\": [1, 2, 4], \"10.0.0.13_10.0.0.43\": [1, 3, 4]}": {"[\"10.0.0.13_10.0.0.43\", [1, 2, 4]]": [20, -338.12890359341475, []], "[\"10.0.0.11_10.0.0.41\", [1, 2, 4]]": [18, -301.04573852899, []], "[\"10.0.0.12_10.0.0.42\", [1, 3, 4]]": [15, -260.7671953345542, []], "[\"NoTrans\", []]": [13, -296.1081396803721, []]}, "{\"10.0.0.11_10.0.0.41\": [1, 2, 4], \"10.0.0.12_10.0.0.42\": [1, 3, 4], \"10.0.0.13_10.0.0.43\": [1, 3, 4]}": {"[\"10.0.0.13_10.0.0.43\", [1, 2, 4]]": [13, -298.8307683713114, []], "[\"10.0.0.11_10.0.0.41\", [1, 3, 4]]": [28, -253.47942719186045, []], "[\"10.0.0.12_10.0.0.42\", [1, 2, 4]]": [23, -298.08014338097206, []], "[\"NoTrans\", []]": [57, -225.50725016049628, []]}, "{\"10.0.0.11_10.0.0.41\": [1, 2, 4], \"10.0.0.12_10.0.0.42\": [1, 2, 4], \"10.0.0.13_10.0.0.43\": [1, 3, 4]}": {"[\"10.0.0.13_10.0.0.43\", [1, 2, 4]]": [18, -363.64421318475115, []], "[\"10.0.0.11_10.0.0.41\", [1, 3, 4]]": [20, -295.7191334166986, []], "[\"10.0.0.12_10.0.0.42\", [1, 3, 4]]": [19, -239.38265715829868, []], "[\"NoTrans\", []]": [19, -297.75905010846657, []]}, "{\"10.0.0.11_10.0.0.41\": [1, 3, 4], \"10.0.0.12_10.0.0.42\": [1, 3, 4], \"10.0.0.13_10.0.0.43\": [1, 2, 4]}": {"[\"10.0.0.13_10.0.0.43\", [1, 3, 4]]": [17, -264.0864800897741, []], "[\"10.0.0.11_10.0.0.41\", [1, 2, 4]]": [19, -296.44362464645354, []], "[\"10.0.0.12_10.0.0.42\", [1, 2, 4]]": [11, -343.9753309714612, []], "[\"NoTrans\", []]": [15, -295.60467865139617, []]}, "{\"10.0.0.11_10.0.0.41\": [1, 3, 4], \"10.0.0.12_10.0.0.42\": [1, 2, 4], \"10.0.0.13_10.0.0.43\": [1, 2, 4]}": {"[\"10.0.0.13_10.0.0.43\", [1, 3, 4]]": [13, -296.17133382202405, []], "[\"10.0.0.11_10.0.0.41\", [1, 2, 4]]": [7, -361.74751117873865, []], "[\"10.0.0.12_10.0.0.42\", [1, 3, 4]]": [16, -291.08176542108504, []], "[\"NoTrans\", []]": [14, -340.24562283696423, []]}, "{\"10.0.0.11_10.0.0.41\": [1, 2, 4], \"10.0.0.12_10.0.0.42\": [1, 3, 4], \"10.0.0.13_10.0.0.43\": [1, 2, 4]}": {"[\"10.0.0.13_10.0.0.43\", [1, 3, 4]]": [27, -250.13753875564592, []], "[\"10.0.0.11_10.0.0.41\", [1, 3, 4]]": [9, -299.461541543742, []], "[\"10.0.0.12_10.0.0.42\", [1, 2, 4]]": [12, -361.07921587696046, []], "[\"NoTrans\", []]": [23, -294.11340100326026, []]}, "{\"10.0.0.11_10.0.0.41\": [1, 2, 4], \"10.0.0.12_10.0.0.42\": [1, 2, 4], \"10.0.0.13_10.0.0.43\": [1, 2, 4]}": {"[\"10.0.0.13_10.0.0.43\", [1, 3, 4]]": [16, -297.52886178126073, []], "[\"10.0.0.11_10.0.0.41\", [1, 3, 4]]": [5, -338.2963124039952, []], "[\"10.0.0.12_10.0.0.42\", [1, 3, 4]]": [16, -293.46120301622994, []], "[\"NoTrans\", []]": [6, -367.7034741962218, []]}}