{"{\"10.0.0.11_10.0.0.41\": [1, 3, 4], \"10.0.0.12_10.0.0.42\": [1, 3, 4], \"10.0.0.13_10.0.0.43\": [1, 3, 4]}": {"[\"10.0.0.13_10.0.0.43\", [1, 2, 4]]": [1, -151.97445217235094, []], "[\"10.0.0.12_10.0.0.42\", [1, 2, 4]]": [1, -148.11334320568062, []], "[\"10.0.0.11_10.0.0.41\", [1, 2, 4]]": [2, -119.20206505835942, []], "[\"NoTrans\", []]": [1, -164.93395233154297, []]}, "{\"10.0.0.11_10.0.0.41\": [1, 2, 4], \"10.0.0.12_10.0.0.42\": [1, 3, 4], \"10.0.0.13_10.0.0.43\": [1, 3, 4]}": {"[\"10.0.0.13_10.0.0.43\", [1, 2, 4]]": [1, -170.84429548490903, []], "[\"10.0.0.12_10.0.0.42\", [1, 2, 4]]": [1, -174.06550419712573, []], "[\"10.0.0.11_10.0.0.41\", [1, 3, 4]]": [1, -168.45863723754883, []], "[\"NoTrans\", []]": [646, -106.73041035132353, []]}, "{\"10.0.0.11_10.0.0.41\": [1, 3, 4], \"10.0.0.12_10.0.0.42\": [1, 2, 4], \"10.0.0.13_10.0.0.43\": [1, 3, 4]}": {"[\"10.0.0.13_10.0.0.43\", [1, 2, 4]]": [1, -173.9511658489575, []], "[\"10.0.0.12_10.0.0.42\", [1, 3, 4]]": [2, -188.59505461016775, []], "[\"10.0.0.11_10.0.0.41\", [1, 2, 4]]": [1, -173.6284920074142, []], "[\"NoTrans\", []]": [3, -199.13330379933606, []]}, "{\"10.0.0.11_10.0.0.41\": [1, 2, 4], \"10.0.0.12_10.0.0.42\": [1, 2, 4], \"10.0.0.13_10.0.0.43\": [1, 3, 4]}": {"[\"10.0.0.13_10.0.0.43\", [1, 2, 4]]": [1, -193.99135971069336, []], "[\"10.0.0.12_10.0.0.42\", [1, 3, 4]]": [1, -139.21930283718717, []], "[\"10.0.0.11_10.0.0.41\", [1, 3, 4]]": [1, -184.56568207758133, []], "[\"NoTrans\", []]": [1, -174.3979780284264, []]}, "{\"10.0.0.11_10.0.0.41\": [1, 3, 4], \"10.0.0.12_10.0.0.42\": [1, 3, 4], \"10.0.0.13_10.0.0.43\": [1, 2, 4]}": {"[\"10.0.0.13_10.0.0.43\", [1, 3, 4]]": [1, -167.50744247436523, []], "[\"10.0.0.12_10.0.0.42\", [1, 2, 4]]": [1, -175.0821778002782, []], "[\"10.0.0.11_10.0.0.41\", [1, 2, 4]]": [1, -171.73507679385276, []], "[\"NoTrans\", []]": [0, -100, []]}, "{\"10.0.0.11_10.0.0.41\": [1, 2, 4], \"10.0.0.12_10.0.0.42\": [1, 3, 4], \"10.0.0.13_10.0.0.43\": [1, 2, 4]}": {"[\"10.0.0.13_10.0.0.43\", [1, 3, 4]]": [1, -140.63159740914256, []], "[\"10.0.0.12_10.0.0.42\", [1, 2, 4]]": [1, -191.5305938720703, []], "[\"10.0.0.11_10.0.0.41\", [1, 3, 4]]": [1, -149.93371563103838, []], "[\"NoTrans\", []]": [1, -173.83846412378966, []]}, "{\"10.0.0.11_10.0.0.41\": [1, 3, 4], \"10.0.0.12_10.0.0.42\": [1, 2, 4], \"10.0.0.13_10.0.0.43\": [1, 2, 4]}": {"[\"10.0.0.13_10.0.0.43\", [1, 3, 4]]": [1, -150.97305712891793, []], "[\"10.0.0.12_10.0.0.42\", [1, 3, 4]]": [1, -151.35439792253342, []], "[\"10.0.0.11_10.0.0.41\", [1, 2, 4]]": [1, -195.18803024291992, []], "[\"NoTrans\", []]": [1, -175.2873391248732, []]}, "{\"10.0.0.11_10.0.0.41\": [1, 2, 4], \"10.0.0.12_10.0.0.42\": [1, 2, 4], \"10.0.0.13_10.0.0.43\": [1, 2, 4]}": {"[\"10.0.0.13_10.0.0.43\", [1, 3, 4]]": [1, -172.1764135375421, []], "[\"10.0.0.12_10.0.0.42\", [1, 3, 4]]": [1, -172.73044140919882, []], "[\"10.0.0.11_10.0.0.41\", [1, 3, 4]]": [1, -172.28114535156095, []], "[\"NoTrans\", []]": [1, -193.16767120361328, []]}}