{"{\"10.0.0.11_10.0.0.41\": [1, 3, 4], \"10.0.0.12_10.0.0.42\": [1, 3, 4], \"10.0.0.13_10.0.0.43\": [1, 3, 4]}": {"[\"10.0.0.12_10.0.0.42\", [1, 2, 4]]": [4, -119.1336883962564, []], "[\"10.0.0.13_10.0.0.43\", [1, 2, 4]]": [3, -115.67720825095576, []], "[\"10.0.0.11_10.0.0.41\", [1, 2, 4]]": [4, -118.41381049280382, []], "[\"NoTrans\", []]": [2, -116.49771362304688, []]}, "{\"10.0.0.11_10.0.0.41\": [1, 2, 4], \"10.0.0.12_10.0.0.42\": [1, 3, 4], \"10.0.0.13_10.0.0.43\": [1, 3, 4]}": {"[\"10.0.0.12_10.0.0.42\", [1, 2, 4]]": [8, -188.26252584176544, []], "[\"10.0.0.13_10.0.0.43\", [1, 2, 4]]": [8, -183.3481961702899, []], "[\"10.0.0.11_10.0.0.41\", [1, 3, 4]]": [4, -181.53167150336304, []], "[\"NoTrans\", []]": [381, -121.49651306073369, []]}, "{\"10.0.0.11_10.0.0.41\": [1, 3, 4], \"10.0.0.12_10.0.0.42\": [1, 3, 4], \"10.0.0.13_10.0.0.43\": [1, 2, 4]}": {"[\"10.0.0.12_10.0.0.42\", [1, 2, 4]]": [10, -119.14521550123649, []], "[\"10.0.0.13_10.0.0.43\", [1, 3, 4]]": [3, -117.85026248677265, []], "[\"10.0.0.11_10.0.0.41\", [1, 2, 4]]": [4, -117.10922240611, []], "[\"NoTrans\", []]": [5, -118.9219370798544, []]}, "{\"10.0.0.11_10.0.0.41\": [1, 2, 4], \"10.0.0.12_10.0.0.42\": [1, 3, 4], \"10.0.0.13_10.0.0.43\": [1, 2, 4]}": {"[\"10.0.0.12_10.0.0.42\", [1, 2, 4]]": [14, -245.25668778768045, []], "[\"10.0.0.13_10.0.0.43\", [1, 3, 4]]": [8, -155.79385618010735, []], "[\"10.0.0.11_10.0.0.41\", [1, 3, 4]]": [6, -118.317761261079, []], "[\"NoTrans\", []]": [32, -117.45825968165957, []]}, "{\"10.0.0.11_10.0.0.41\": [1, 3, 4], \"10.0.0.12_10.0.0.42\": [1, 2, 4], \"10.0.0.13_10.0.0.43\": [1, 3, 4]}": {"[\"10.0.0.12_10.0.0.42\", [1, 3, 4]]": [4, -119.9229104356198, []], "[\"10.0.0.13_10.0.0.43\", [1, 2, 4]]": [6, -117.44328491815416, []], "[\"10.0.0.11_10.0.0.41\", [1, 2, 4]]": [7, -188.19903853023914, []], "[\"NoTrans\", []]": [3, -117.38323195667023, []]}, "{\"10.0.0.11_10.0.0.41\": [1, 2, 4], \"10.0.0.12_10.0.0.42\": [1, 2, 4], \"10.0.0.13_10.0.0.43\": [1, 3, 4]}": {"[\"10.0.0.12_10.0.0.42\", [1, 3, 4]]": [9, -172.7067666274201, []], "[\"10.0.0.13_10.0.0.43\", [1, 2, 4]]": [24, -208.24678390150433, []], "[\"10.0.0.11_10.0.0.41\", [1, 3, 4]]": [7, -168.0222771364094, []], "[\"NoTrans\", []]": [8, -190.08652188037547, []]}, "{\"10.0.0.11_10.0.0.41\": [1, 3, 4], \"10.0.0.12_10.0.0.42\": [1, 2, 4], \"10.0.0.13_10.0.0.43\": [1, 2, 4]}": {"[\"10.0.0.12_10.0.0.42\", [1, 3, 4]]": [8, -118.47058509666, []], "[\"10.0.0.13_10.0.0.43\", [1, 3, 4]]": [6, -119.87129704740612, []], "[\"10.0.0.11_10.0.0.41\", [1, 2, 4]]": [36, -203.50708299233412, []], "[\"NoTrans\", []]": [13, -117.94280211638494, []]}, "{\"10.0.0.11_10.0.0.41\": [1, 2, 4], \"10.0.0.12_10.0.0.42\": [1, 2, 4], \"10.0.0.13_10.0.0.43\": [1, 2, 4]}": {"[\"10.0.0.12_10.0.0.42\", [1, 3, 4]]": [16, -185.56229518899784, []], "[\"10.0.0.13_10.0.0.43\", [1, 3, 4]]": [25, -218.6645671779302, []], "[\"10.0.0.11_10.0.0.41\", [1, 3, 4]]": [33, -182.64219731077281, []], "[\"NoTrans\", []]": [85, -202.26144265038874, []]}}