{"{\"10.0.0.11_10.0.0.41\": [1, 3, 4], \"10.0.0.12_10.0.0.42\": [1, 3, 4], \"10.0.0.13_10.0.0.43\": [1, 3, 4]}": {"[\"10.0.0.13_10.0.0.43\", [1, 2, 4]]": [2, -157.38211054838777, []], "[\"10.0.0.11_10.0.0.41\", [1, 2, 4]]": [4, -150.24016208859672, []], "[\"10.0.0.12_10.0.0.42\", [1, 2, 4]]": [2, -173.98913991769115, []], "[\"NoTrans\", []]": [2, -191.16575717365814, []]}, "{\"10.0.0.11_10.0.0.41\": [1, 3, 4], \"10.0.0.12_10.0.0.42\": [1, 2, 4], \"10.0.0.13_10.0.0.43\": [1, 3, 4]}": {"[\"10.0.0.13_10.0.0.43\", [1, 2, 4]]": [2, -150.26643392361288, []], "[\"10.0.0.11_10.0.0.41\", [1, 2, 4]]": [2, -202.77458760907146, []], "[\"10.0.0.12_10.0.0.42\", [1, 3, 4]]": [2, -175.26301890817774, []], "[\"NoTrans\", []]": [2, -151.37083822695553, []]}, "{\"10.0.0.11_10.0.0.41\": [1, 2, 4], \"10.0.0.12_10.0.0.42\": [1, 3, 4], \"10.0.0.13_10.0.0.43\": [1, 3, 4]}": {"[\"10.0.0.13_10.0.0.43\", [1, 2, 4]]": [3, -208.28472013441512, []], "[\"10.0.0.11_10.0.0.41\", [1, 3, 4]]": [3, -201.10620239788344, []], "[\"10.0.0.12_10.0.0.42\", [1, 2, 4]]": [2, -179.56165142387275, []], "[\"NoTrans\", []]": [598, -121.09460551177202, []]}, "{\"10.0.0.11_10.0.0.41\": [1, 2, 4], \"10.0.0.12_10.0.0.42\": [1, 2, 4], \"10.0.0.13_10.0.0.43\": [1, 3, 4]}": {"[\"10.0.0.13_10.0.0.43\", [1, 2, 4]]": [2, -157.69774804723886, []], "[\"10.0.0.11_10.0.0.41\", [1, 3, 4]]": [2, -147.13488651376997, []], "[\"10.0.0.12_10.0.0.42\", [1, 3, 4]]": [2, -155.7616207420434, []], "[\"NoTrans\", []]": [1, -140.30509416299003, []]}, "{\"10.0.0.11_10.0.0.41\": [1, 3, 4], \"10.0.0.12_10.0.0.42\": [1, 3, 4], \"10.0.0.13_10.0.0.43\": [1, 2, 4]}": {"[\"10.0.0.13_10.0.0.43\", [1, 3, 4]]": [3, -184.18669393690072, []], "[\"10.0.0.11_10.0.0.41\", [1, 2, 4]]": [2, -188.49056994006233, []], "[\"10.0.0.12_10.0.0.42\", [1, 2, 4]]": [2, -177.46376234624398, []], "[\"NoTrans\", []]": [2, -157.84981417036295, []]}, "{\"10.0.0.11_10.0.0.41\": [1, 3, 4], \"10.0.0.12_10.0.0.42\": [1, 2, 4], \"10.0.0.13_10.0.0.43\": [1, 2, 4]}": {"[\"10.0.0.13_10.0.0.43\", [1, 3, 4]]": [2, -121.80185488509194, []], "[\"10.0.0.11_10.0.0.41\", [1, 2, 4]]": [2, -176.8431835287194, []], "[\"10.0.0.12_10.0.0.42\", [1, 3, 4]]": [2, -182.4543582890347, []], "[\"NoTrans\", []]": [1, -133.75963035282766, []]}, "{\"10.0.0.11_10.0.0.41\": [1, 2, 4], \"10.0.0.12_10.0.0.42\": [1, 3, 4], \"10.0.0.13_10.0.0.43\": [1, 2, 4]}": {"[\"10.0.0.13_10.0.0.43\", [1, 3, 4]]": [3, -165.82978818718618, []], "[\"10.0.0.11_10.0.0.41\", [1, 3, 4]]": [3, -177.43211523089732, []], "[\"10.0.0.12_10.0.0.42\", [1, 2, 4]]": [2, -212.3776895242221, []], "[\"NoTrans\", []]": [2, -187.93008252301922, []]}, "{\"10.0.0.11_10.0.0.41\": [1, 2, 4], \"10.0.0.12_10.0.0.42\": [1, 2, 4], \"10.0.0.13_10.0.0.43\": [1, 2, 4]}": {"[\"10.0.0.13_10.0.0.43\", [1, 3, 4]]": [2, -147.0181612887481, []], "[\"10.0.0.11_10.0.0.41\", [1, 3, 4]]": [2, -144.4733274518028, []], "[\"10.0.0.12_10.0.0.42\", [1, 3, 4]]": [3, -192.18933258092432, []], "[\"NoTrans\", []]": [2, -214.38151185088228, []]}}