{"{\"10.0.0.11_10.0.0.41\": [1, 3, 4], \"10.0.0.12_10.0.0.42\": [1, 3, 4], \"10.0.0.13_10.0.0.43\": [1, 3, 4]}": {"[\"10.0.0.12_10.0.0.42\", [1, 2, 4]]": [19, -286.26055193151717, []], "[\"10.0.0.13_10.0.0.43\", [1, 2, 4]]": [16, -284.52834030736847, []], "[\"10.0.0.11_10.0.0.41\", [1, 2, 4]]": [25, -176.23344170815875, []], "[\"NoTrans\", []]": [17, -244.77391876458532, []]}, "{\"10.0.0.11_10.0.0.41\": [1, 2, 4], \"10.0.0.12_10.0.0.42\": [1, 3, 4], \"10.0.0.13_10.0.0.43\": [1, 3, 4]}": {"[\"10.0.0.12_10.0.0.42\", [1, 2, 4]]": [15, -288.3298700147969, []], "[\"10.0.0.13_10.0.0.43\", [1, 2, 4]]": [24, -285.7179370834774, []], "[\"10.0.0.11_10.0.0.41\", [1, 3, 4]]": [17, -248.73546855671603, []], "[\"NoTrans\", []]": [25, -182.96055763530532, []]}, "{\"10.0.0.11_10.0.0.41\": [1, 3, 4], \"10.0.0.12_10.0.0.42\": [1, 3, 4], \"10.0.0.13_10.0.0.43\": [1, 2, 4]}": {"[\"10.0.0.12_10.0.0.42\", [1, 2, 4]]": [15, -336.9001143218544, []], "[\"10.0.0.13_10.0.0.43\", [1, 3, 4]]": [24, -243.7345832745294, []], "[\"10.0.0.11_10.0.0.41\", [1, 2, 4]]": [6, -284.97395133121654, []], "[\"NoTrans\", []]": [18, -284.2138458386844, []]}, "{\"10.0.0.11_10.0.0.41\": [1, 2, 4], \"10.0.0.12_10.0.0.42\": [1, 3, 4], \"10.0.0.13_10.0.0.43\": [1, 2, 4]}": {"[\"10.0.0.12_10.0.0.42\", [1, 2, 4]]": [15, -351.0214277239918, []], "[\"10.0.0.13_10.0.0.43\", [1, 3, 4]]": [17, -222.6599682568356, []], "[\"10.0.0.11_10.0.0.41\", [1, 3, 4]]": [14, -288.9659108581937, []], "[\"NoTrans\", []]": [24, -287.7009889826753, []]}, "{\"10.0.0.11_10.0.0.41\": [1, 3, 4], \"10.0.0.12_10.0.0.42\": [1, 2, 4], \"10.0.0.13_10.0.0.43\": [1, 3, 4]}": {"[\"10.0.0.12_10.0.0.42\", [1, 3, 4]]": [20, -246.03015880373144, []], "[\"10.0.0.13_10.0.0.43\", [1, 2, 4]]": [21, -335.73109436622246, []], "[\"10.0.0.11_10.0.0.41\", [1, 2, 4]]": [14, -294.1389170346891, []], "[\"NoTrans\", []]": [18, -285.55274717237813, []]}, "{\"10.0.0.11_10.0.0.41\": [1, 2, 4], \"10.0.0.12_10.0.0.42\": [1, 2, 4], \"10.0.0.13_10.0.0.43\": [1, 3, 4]}": {"[\"10.0.0.12_10.0.0.42\", [1, 3, 4]]": [14, -220.24113697652766, []], "[\"10.0.0.13_10.0.0.43\", [1, 2, 4]]": [15, -358.81086439830136, []], "[\"10.0.0.11_10.0.0.41\", [1, 3, 4]]": [14, -284.2517583861532, []], "[\"NoTrans\", []]": [17, -289.7000269629273, []]}, "{\"10.0.0.11_10.0.0.41\": [1, 3, 4], \"10.0.0.12_10.0.0.42\": [1, 2, 4], \"10.0.0.13_10.0.0.43\": [1, 2, 4]}": {"[\"10.0.0.12_10.0.0.42\", [1, 3, 4]]": [15, -287.8403519823734, []], "[\"10.0.0.13_10.0.0.43\", [1, 3, 4]]": [22, -286.7507473582328, []], "[\"10.0.0.11_10.0.0.41\", [1, 2, 4]]": [12, -354.7702640875382, []], "[\"NoTrans\", []]": [12, -328.70623537930516, []]}, "{\"10.0.0.11_10.0.0.41\": [1, 2, 4], \"10.0.0.12_10.0.0.42\": [1, 2, 4], \"10.0.0.13_10.0.0.43\": [1, 2, 4]}": {"[\"10.0.0.12_10.0.0.42\", [1, 3, 4]]": [16, -286.879800989232, []], "[\"10.0.0.13_10.0.0.43\", [1, 3, 4]]": [14, -289.1448527298279, []], "[\"10.0.0.11_10.0.0.41\", [1, 3, 4]]": [12, -327.1973109873054, []], "[\"NoTrans\", []]": [15, -359.47653695187137, []]}}