{"{\"10.0.0.11_10.0.0.41\": [1, 3, 4], \"10.0.0.12_10.0.0.42\": [1, 3, 4], \"10.0.0.13_10.0.0.43\": [1, 3, 4]}": {"[\"10.0.0.12_10.0.0.42\", [1, 2, 4]]": [19, -297.6502066337784, []], "[\"10.0.0.13_10.0.0.43\", [1, 2, 4]]": [14, -276.1532044288282, []], "[\"10.0.0.11_10.0.0.41\", [1, 2, 4]]": [32, -200.9257211265124, []], "[\"NoTrans\", []]": [14, -259.6820328123073, []]}, "{\"10.0.0.11_10.0.0.41\": [1, 2, 4], \"10.0.0.12_10.0.0.42\": [1, 3, 4], \"10.0.0.13_10.0.0.43\": [1, 3, 4]}": {"[\"10.0.0.12_10.0.0.42\", [1, 2, 4]]": [26, -301.2103368150784, []], "[\"10.0.0.13_10.0.0.43\", [1, 2, 4]]": [23, -288.0558727241833, []], "[\"10.0.0.11_10.0.0.41\", [1, 3, 4]]": [32, -261.7962930800681, []], "[\"NoTrans\", []]": [35, -193.40992979386107, []]}, "{\"10.0.0.11_10.0.0.41\": [1, 3, 4], \"10.0.0.12_10.0.0.42\": [1, 3, 4], \"10.0.0.13_10.0.0.43\": [1, 2, 4]}": {"[\"10.0.0.12_10.0.0.42\", [1, 2, 4]]": [14, -329.68984584622945, []], "[\"10.0.0.13_10.0.0.43\", [1, 3, 4]]": [17, -236.494976986294, []], "[\"10.0.0.11_10.0.0.41\", [1, 2, 4]]": [19, -300.0042239026891, []], "[\"NoTrans\", []]": [19, -277.7046292522749, []]}, "{\"10.0.0.11_10.0.0.41\": [1, 2, 4], \"10.0.0.12_10.0.0.42\": [1, 3, 4], \"10.0.0.13_10.0.0.43\": [1, 2, 4]}": {"[\"10.0.0.12_10.0.0.42\", [1, 2, 4]]": [11, -350.1015895570122, []], "[\"10.0.0.13_10.0.0.43\", [1, 3, 4]]": [27, -241.44699746878263, []], "[\"10.0.0.11_10.0.0.41\", [1, 3, 4]]": [22, -276.5327892684897, []], "[\"NoTrans\", []]": [25, -296.02535781659066, []]}, "{\"10.0.0.11_10.0.0.41\": [1, 3, 4], \"10.0.0.12_10.0.0.42\": [1, 2, 4], \"10.0.0.13_10.0.0.43\": [1, 3, 4]}": {"[\"10.0.0.12_10.0.0.42\", [1, 3, 4]]": [16, -264.71882426914044, []], "[\"10.0.0.13_10.0.0.43\", [1, 2, 4]]": [13, -328.09330591697875, []], "[\"10.0.0.11_10.0.0.41\", [1, 2, 4]]": [10, -299.61483362270684, []], "[\"NoTrans\", []]": [9, -293.71526333934924, []]}, "{\"10.0.0.11_10.0.0.41\": [1, 2, 4], \"10.0.0.12_10.0.0.42\": [1, 2, 4], \"10.0.0.13_10.0.0.43\": [1, 3, 4]}": {"[\"10.0.0.12_10.0.0.42\", [1, 3, 4]]": [23, -240.07500280734922, []], "[\"10.0.0.13_10.0.0.43\", [1, 2, 4]]": [11, -364.1139447963609, []], "[\"10.0.0.11_10.0.0.41\", [1, 3, 4]]": [11, -298.573379569398, []], "[\"NoTrans\", []]": [14, -300.22117662458487, []]}, "{\"10.0.0.11_10.0.0.41\": [1, 3, 4], \"10.0.0.12_10.0.0.42\": [1, 2, 4], \"10.0.0.13_10.0.0.43\": [1, 2, 4]}": {"[\"10.0.0.12_10.0.0.42\", [1, 3, 4]]": [14, -274.64600137395684, []], "[\"10.0.0.13_10.0.0.43\", [1, 3, 4]]": [9, -296.69819467461355, []], "[\"10.0.0.11_10.0.0.41\", [1, 2, 4]]": [14, -365.61225483434384, []], "[\"NoTrans\", []]": [12, -329.11971765817685, []]}, "{\"10.0.0.11_10.0.0.41\": [1, 2, 4], \"10.0.0.12_10.0.0.42\": [1, 2, 4], \"10.0.0.13_10.0.0.43\": [1, 2, 4]}": {"[\"10.0.0.12_10.0.0.42\", [1, 3, 4]]": [18, -294.0259258759785, []], "[\"10.0.0.13_10.0.0.43\", [1, 3, 4]]": [9, -299.29316591887897, []], "[\"10.0.0.11_10.0.0.41\", [1, 3, 4]]": [9, -330.31250484801916, []], "[\"NoTrans\", []]": [10, -351.97095580643867, []]}}