{"{\"10.0.0.11_10.0.0.41\": [1, 3, 4], \"10.0.0.12_10.0.0.42\": [1, 3, 4], \"10.0.0.13_10.0.0.43\": [1, 3, 4]}": {"[\"10.0.0.13_10.0.0.43\", [1, 2, 4]]": [2, -166.02327490553756, []], "[\"10.0.0.12_10.0.0.42\", [1, 2, 4]]": [3, -195.81946196413335, []], "[\"10.0.0.11_10.0.0.41\", [1, 2, 4]]": [5, -154.9183151545691, []], "[\"NoTrans\", []]": [2, -168.87635879970145, []]}, "{\"10.0.0.11_10.0.0.41\": [1, 2, 4], \"10.0.0.12_10.0.0.42\": [1, 3, 4], \"10.0.0.13_10.0.0.43\": [1, 3, 4]}": {"[\"10.0.0.13_10.0.0.43\", [1, 2, 4]]": [3, -208.19168399726917, []], "[\"10.0.0.12_10.0.0.42\", [1, 2, 4]]": [3, -201.64875453173528, []], "[\"10.0.0.11_10.0.0.41\", [1, 3, 4]]": [4, -202.8981242502705, []], "[\"NoTrans\", []]": [627, -117.71106470609054, []]}, "{\"10.0.0.11_10.0.0.41\": [1, 3, 4], \"10.0.0.12_10.0.0.42\": [1, 2, 4], \"10.0.0.13_10.0.0.43\": [1, 3, 4]}": {"[\"10.0.0.13_10.0.0.43\", [1, 2, 4]]": [2, -182.45479720848732, []], "[\"10.0.0.12_10.0.0.42\", [1, 3, 4]]": [3, -197.48002932507939, []], "[\"10.0.0.11_10.0.0.41\", [1, 2, 4]]": [2, -203.31582661649696, []], "[\"NoTrans\", []]": [2, -176.1005343199626, []]}, "{\"10.0.0.11_10.0.0.41\": [1, 2, 4], \"10.0.0.12_10.0.0.42\": [1, 2, 4], \"10.0.0.13_10.0.0.43\": [1, 3, 4]}": {"[\"10.0.0.13_10.0.0.43\", [1, 2, 4]]": [2, -229.8715143294163, []], "[\"10.0.0.12_10.0.0.42\", [1, 3, 4]]": [3, -175.99106783086867, []], "[\"10.0.0.11_10.0.0.41\", [1, 3, 4]]": [2, -192.08741298549376, []], "[\"NoTrans\", []]": [1, -158.70215882917864, []]}, "{\"10.0.0.11_10.0.0.41\": [1, 3, 4], \"10.0.0.12_10.0.0.42\": [1, 3, 4], \"10.0.0.13_10.0.0.43\": [1, 2, 4]}": {"[\"10.0.0.13_10.0.0.43\", [1, 3, 4]]": [2, -162.7487080372323, []], "[\"10.0.0.12_10.0.0.42\", [1, 2, 4]]": [1, -167.21775596994792, []], "[\"10.0.0.11_10.0.0.41\", [1, 2, 4]]": [1, -163.388409939589, []], "[\"NoTrans\", []]": [1, -151.1333823333326, []]}, "{\"10.0.0.11_10.0.0.41\": [1, 2, 4], \"10.0.0.12_10.0.0.42\": [1, 3, 4], \"10.0.0.13_10.0.0.43\": [1, 2, 4]}": {"[\"10.0.0.13_10.0.0.43\", [1, 3, 4]]": [3, -190.600624970119, []], "[\"10.0.0.12_10.0.0.42\", [1, 2, 4]]": [1, -208.2264070601292, []], "[\"10.0.0.11_10.0.0.41\", [1, 3, 4]]": [1, -150.53909425525927, []], "[\"NoTrans\", []]": [1, -164.07239648751676, []]}, "{\"10.0.0.11_10.0.0.41\": [1, 3, 4], \"10.0.0.12_10.0.0.42\": [1, 2, 4], \"10.0.0.13_10.0.0.43\": [1, 2, 4]}": {"[\"10.0.0.13_10.0.0.43\", [1, 3, 4]]": [2, -174.5754802901959, []], "[\"10.0.0.12_10.0.0.42\", [1, 3, 4]]": [1, -150.53706528498773, []], "[\"10.0.0.11_10.0.0.41\", [1, 2, 4]]": [1, -203.84684849689677, []], "[\"NoTrans\", []]": [1, -168.5152343429775, []]}, "{\"10.0.0.11_10.0.0.41\": [1, 2, 4], \"10.0.0.12_10.0.0.42\": [1, 2, 4], \"10.0.0.13_10.0.0.43\": [1, 2, 4]}": {"[\"10.0.0.13_10.0.0.43\", [1, 3, 4]]": [2, -188.64138804536412, []], "[\"10.0.0.12_10.0.0.42\", [1, 3, 4]]": [1, -160.46117760747225, []], "[\"10.0.0.11_10.0.0.41\", [1, 3, 4]]": [1, -167.26064979891012, []], "[\"NoTrans\", []]": [1, -210.42166996906474, []]}}