{"{\"10.0.0.11_10.0.0.41\": [1, 3, 4], \"10.0.0.12_10.0.0.42\": [1, 3, 4], \"10.0.0.13_10.0.0.43\": [1, 3, 4]}": {"[\"10.0.0.12_10.0.0.42\", [1, 2, 4]]": [14, -392.8149898192882, []], "[\"10.0.0.13_10.0.0.43\", [1, 2, 4]]": [6, -374.67921987712185, []], "[\"10.0.0.11_10.0.0.41\", [1, 2, 4]]": [49, -306.92893012807207, []], "[\"NoTrans\", []]": [8, -367.5290777859452, []]}, "{\"10.0.0.11_10.0.0.41\": [1, 2, 4], \"10.0.0.12_10.0.0.42\": [1, 3, 4], \"10.0.0.13_10.0.0.43\": [1, 3, 4]}": {"[\"10.0.0.12_10.0.0.42\", [1, 2, 4]]": [21, -395.0105837820328, []], "[\"10.0.0.13_10.0.0.43\", [1, 2, 4]]": [34, -404.0751053223102, []], "[\"10.0.0.11_10.0.0.41\", [1, 3, 4]]": [47, -348.73071679999214, []], "[\"NoTrans\", []]": [182, -350.9009712603251, []]}, "{\"10.0.0.11_10.0.0.41\": [1, 3, 4], \"10.0.0.12_10.0.0.42\": [1, 3, 4], \"10.0.0.13_10.0.0.43\": [1, 2, 4]}": {"[\"10.0.0.12_10.0.0.42\", [1, 2, 4]]": [11, -384.2319502050799, []], "[\"10.0.0.13_10.0.0.43\", [1, 3, 4]]": [14, -347.038682795314, []], "[\"10.0.0.11_10.0.0.41\", [1, 2, 4]]": [6, -368.00386858552145, []], "[\"NoTrans\", []]": [9, -324.39258406225804, []]}, "{\"10.0.0.11_10.0.0.41\": [1, 2, 4], \"10.0.0.12_10.0.0.42\": [1, 3, 4], \"10.0.0.13_10.0.0.43\": [1, 2, 4]}": {"[\"10.0.0.12_10.0.0.42\", [1, 2, 4]]": [16, -375.25051123725706, []], "[\"10.0.0.13_10.0.0.43\", [1, 3, 4]]": [20, -320.58826334340694, []], "[\"10.0.0.11_10.0.0.41\", [1, 3, 4]]": [20, -370.8341312328699, []], "[\"NoTrans\", []]": [11, -364.28334099946113, []]}, "{\"10.0.0.11_10.0.0.41\": [1, 3, 4], \"10.0.0.12_10.0.0.42\": [1, 2, 4], \"10.0.0.13_10.0.0.43\": [1, 3, 4]}": {"[\"10.0.0.12_10.0.0.42\", [1, 3, 4]]": [8, -394.6898481143426, []], "[\"10.0.0.13_10.0.0.43\", [1, 2, 4]]": [0, -Infinity, []], "[\"10.0.0.11_10.0.0.41\", [1, 2, 4]]": [13, -357.58035940256076, []], "[\"NoTrans\", []]": [9, -392.6323538106869, []]}, "{\"10.0.0.11_10.0.0.41\": [1, 2, 4], \"10.0.0.12_10.0.0.42\": [1, 2, 4], \"10.0.0.13_10.0.0.43\": [1, 3, 4]}": {"[\"10.0.0.12_10.0.0.42\", [1, 3, 4]]": [34, -336.550656513862, []], "[\"10.0.0.13_10.0.0.43\", [1, 2, 4]]": [5, -397.3970269908711, []], "[\"10.0.0.11_10.0.0.41\", [1, 3, 4]]": [7, -386.9751964718629, []], "[\"NoTrans\", []]": [10, -386.65505690796647, []]}, "{\"10.0.0.11_10.0.0.41\": [1, 3, 4], \"10.0.0.12_10.0.0.42\": [1, 2, 4], \"10.0.0.13_10.0.0.43\": [1, 2, 4]}": {"[\"10.0.0.12_10.0.0.42\", [1, 3, 4]]": [5, -370.7074948079087, []], "[\"10.0.0.13_10.0.0.43\", [1, 3, 4]]": [0, -Infinity, []], "[\"10.0.0.11_10.0.0.41\", [1, 2, 4]]": [6, -387.1913400107867, []], "[\"NoTrans\", []]": [0, -Infinity, []]}, "{\"10.0.0.11_10.0.0.41\": [1, 2, 4], \"10.0.0.12_10.0.0.42\": [1, 2, 4], \"10.0.0.13_10.0.0.43\": [1, 2, 4]}": {"[\"10.0.0.12_10.0.0.42\", [1, 3, 4]]": [16, -357.0891498938617, []], "[\"10.0.0.13_10.0.0.43\", [1, 3, 4]]": [12, -393.3099579517799, []], "[\"10.0.0.11_10.0.0.41\", [1, 3, 4]]": [0, -Infinity, []], "[\"NoTrans\", []]": [4, -362.2481123595854, []]}}