{"{\"10.0.0.11_10.0.0.41\": [1, 3, 4], \"10.0.0.12_10.0.0.42\": [1, 3, 4], \"10.0.0.13_10.0.0.43\": [1, 3, 4]}": {"[\"10.0.0.11_10.0.0.41\", [1, 2, 4]]": [5, -143.59595677556365, []], "[\"10.0.0.12_10.0.0.42\", [1, 2, 4]]": [2, -222.01167732254095, []], "[\"10.0.0.13_10.0.0.43\", [1, 2, 4]]": [1, -212.63852538615703, []], "[\"NoTrans\", []]": [1, -206.0722709655762, []]}, "{\"10.0.0.11_10.0.0.41\": [1, 3, 4], \"10.0.0.12_10.0.0.42\": [1, 3, 4], \"10.0.0.13_10.0.0.43\": [1, 2, 4]}": {"[\"10.0.0.11_10.0.0.41\", [1, 2, 4]]": [2, -219.60198610618735, []], "[\"10.0.0.12_10.0.0.42\", [1, 2, 4]]": [2, -246.1185742601969, []], "[\"10.0.0.13_10.0.0.43\", [1, 3, 4]]": [1, -197.6525665283203, []], "[\"NoTrans\", []]": [1, -183.8185525159753, []]}, "{\"10.0.0.11_10.0.0.41\": [1, 3, 4], \"10.0.0.12_10.0.0.42\": [1, 2, 4], \"10.0.0.13_10.0.0.43\": [1, 3, 4]}": {"[\"10.0.0.11_10.0.0.41\", [1, 2, 4]]": [1, -204.09778565783267, []], "[\"10.0.0.12_10.0.0.42\", [1, 3, 4]]": [2, -224.41433283745985, []], "[\"10.0.0.13_10.0.0.43\", [1, 2, 4]]": [2, -249.3455005749194, []], "[\"NoTrans\", []]": [2, -222.88053472029583, []]}, "{\"10.0.0.11_10.0.0.41\": [1, 3, 4], \"10.0.0.12_10.0.0.42\": [1, 2, 4], \"10.0.0.13_10.0.0.43\": [1, 2, 4]}": {"[\"10.0.0.11_10.0.0.41\", [1, 2, 4]]": [1, -224.61589584350588, []], "[\"10.0.0.12_10.0.0.42\", [1, 3, 4]]": [3, -224.42499735316574, []], "[\"10.0.0.13_10.0.0.43\", [1, 3, 4]]": [2, -230.89258324449358, []], "[\"NoTrans\", []]": [2, -248.51903066423887, []]}, "{\"10.0.0.11_10.0.0.41\": [1, 2, 4], \"10.0.0.12_10.0.0.42\": [1, 3, 4], \"10.0.0.13_10.0.0.43\": [1, 3, 4]}": {"[\"10.0.0.11_10.0.0.41\", [1, 3, 4]]": [5, -222.62436183370536, []], "[\"10.0.0.12_10.0.0.42\", [1, 2, 4]]": [2, -235.63980178965124, []], "[\"10.0.0.13_10.0.0.43\", [1, 2, 4]]": [2, -240.9888931279694, []], "[\"NoTrans\", []]": [625, -138.20410418997557, []]}, "{\"10.0.0.11_10.0.0.41\": [1, 2, 4], \"10.0.0.12_10.0.0.42\": [1, 3, 4], \"10.0.0.13_10.0.0.43\": [1, 2, 4]}": {"[\"10.0.0.11_10.0.0.41\", [1, 3, 4]]": [1, -183.94549946333777, []], "[\"10.0.0.12_10.0.0.42\", [1, 2, 4]]": [1, -223.05234680175784, []], "[\"10.0.0.13_10.0.0.43\", [1, 3, 4]]": [3, -175.1424051513726, []], "[\"NoTrans\", []]": [1, -202.23789679203895, []]}, "{\"10.0.0.11_10.0.0.41\": [1, 2, 4], \"10.0.0.12_10.0.0.42\": [1, 2, 4], \"10.0.0.13_10.0.0.43\": [1, 3, 4]}": {"[\"10.0.0.11_10.0.0.41\", [1, 3, 4]]": [1, -185.38775031563205, []], "[\"10.0.0.12_10.0.0.42\", [1, 3, 4]]": [2, -173.25030989377134, []], "[\"10.0.0.13_10.0.0.43\", [1, 2, 4]]": [1, -216.0604835510254, []], "[\"NoTrans\", []]": [1, -203.6290137454964, []]}, "{\"10.0.0.11_10.0.0.41\": [1, 2, 4], \"10.0.0.12_10.0.0.42\": [1, 2, 4], \"10.0.0.13_10.0.0.43\": [1, 2, 4]}": {"[\"10.0.0.11_10.0.0.41\", [1, 3, 4]]": [1, -200.94493593779035, []], "[\"10.0.0.12_10.0.0.42\", [1, 3, 4]]": [1, -202.36167262352393, []], "[\"10.0.0.13_10.0.0.43\", [1, 3, 4]]": [1, -202.25438349458415, []], "[\"NoTrans\", []]": [1, -220.08718261718752, []]}}