{"{\"10.0.0.11_10.0.0.41\": [1, 3, 4], \"10.0.0.12_10.0.0.42\": [1, 3, 4], \"10.0.0.13_10.0.0.43\": [1, 3, 4]}": {"[\"10.0.0.11_10.0.0.41\", [1, 2, 4]]": [1, -158.5818695579676, []], "[\"10.0.0.13_10.0.0.43\", [1, 2, 4]]": [1, -183.7708236118142, []], "[\"10.0.0.12_10.0.0.42\", [1, 2, 4]]": [1, -183.81308161151802, []], "[\"NoTrans\", []]": [1, -199.7634292602539, []]}, "{\"10.0.0.11_10.0.0.41\": [1, 3, 4], \"10.0.0.12_10.0.0.42\": [1, 2, 4], \"10.0.0.13_10.0.0.43\": [1, 3, 4]}": {"[\"10.0.0.11_10.0.0.41\", [1, 2, 4]]": [1, -223.9685669656704, []], "[\"10.0.0.13_10.0.0.43\", [1, 2, 4]]": [1, -202.97219151368253, []], "[\"10.0.0.12_10.0.0.42\", [1, 3, 4]]": [1, -198.42456588745117, []], "[\"NoTrans\", []]": [1, -181.2335397429867, []]}, "{\"10.0.0.11_10.0.0.41\": [1, 3, 4], \"10.0.0.12_10.0.0.42\": [1, 3, 4], \"10.0.0.13_10.0.0.43\": [1, 2, 4]}": {"[\"10.0.0.11_10.0.0.41\", [1, 2, 4]]": [0, -140, []], "[\"10.0.0.13_10.0.0.43\", [1, 3, 4]]": [1, -199.86175308227538, []], "[\"10.0.0.12_10.0.0.42\", [1, 2, 4]]": [1, -200.967254205486, []], "[\"NoTrans\", []]": [1, -185.2133535369763, []]}, "{\"10.0.0.11_10.0.0.41\": [1, 3, 4], \"10.0.0.12_10.0.0.42\": [1, 2, 4], \"10.0.0.13_10.0.0.43\": [1, 2, 4]}": {"[\"10.0.0.11_10.0.0.41\", [1, 2, 4]]": [1, -216.2523120419169, []], "[\"10.0.0.13_10.0.0.43\", [1, 3, 4]]": [1, -184.79453215433801, []], "[\"10.0.0.12_10.0.0.42\", [1, 3, 4]]": [1, -184.66115267673698, []], "[\"NoTrans\", []]": [1, -201.92904968469662, []]}, "{\"10.0.0.11_10.0.0.41\": [1, 2, 4], \"10.0.0.12_10.0.0.42\": [1, 3, 4], \"10.0.0.13_10.0.0.43\": [1, 3, 4]}": {"[\"10.0.0.11_10.0.0.41\", [1, 3, 4]]": [1, -202.75739440917968, []], "[\"10.0.0.13_10.0.0.43\", [1, 2, 4]]": [1, -204.41659243202918, []], "[\"10.0.0.12_10.0.0.42\", [1, 2, 4]]": [3, -200.6874942059658, []], "[\"NoTrans\", []]": [367, -127.67681201931558, []]}, "{\"10.0.0.11_10.0.0.41\": [1, 2, 4], \"10.0.0.12_10.0.0.42\": [1, 2, 4], \"10.0.0.13_10.0.0.43\": [1, 3, 4]}": {"[\"10.0.0.11_10.0.0.41\", [1, 3, 4]]": [1, -185.91884647469888, []], "[\"10.0.0.13_10.0.0.43\", [1, 2, 4]]": [1, -222.70355635696774, []], "[\"10.0.0.12_10.0.0.42\", [1, 3, 4]]": [2, -191.97801854272976, []], "[\"NoTrans\", []]": [390, -178.64207093906737, []]}, "{\"10.0.0.11_10.0.0.41\": [1, 2, 4], \"10.0.0.12_10.0.0.42\": [1, 3, 4], \"10.0.0.13_10.0.0.43\": [1, 2, 4]}": {"[\"10.0.0.11_10.0.0.41\", [1, 3, 4]]": [0, -140, []], "[\"10.0.0.13_10.0.0.43\", [1, 3, 4]]": [3, -172.48629691411236, []], "[\"10.0.0.12_10.0.0.42\", [1, 2, 4]]": [1, -218.59463740494004, []], "[\"NoTrans\", []]": [1, -204.7701758459737, []]}, "{\"10.0.0.11_10.0.0.41\": [1, 2, 4], \"10.0.0.12_10.0.0.42\": [1, 2, 4], \"10.0.0.13_10.0.0.43\": [1, 2, 4]}": {"[\"10.0.0.11_10.0.0.41\", [1, 3, 4]]": [1, -202.49651054653236, []], "[\"10.0.0.13_10.0.0.43\", [1, 3, 4]]": [0, -140, []], "[\"10.0.0.12_10.0.0.42\", [1, 3, 4]]": [3, -137.40354232738173, []], "[\"NoTrans\", []]": [0, -140, []]}}