{"{\"10.0.0.11_10.0.0.41\": [1, 3, 4], \"10.0.0.12_10.0.0.42\": [1, 3, 4], \"10.0.0.13_10.0.0.43\": [1, 3, 4]}": {"[\"10.0.0.12_10.0.0.42\", [1, 2, 4]]": [0, -140, []], "[\"10.0.0.13_10.0.0.43\", [1, 2, 4]]": [2, -186.1885365020541, []], "[\"10.0.0.11_10.0.0.41\", [1, 2, 4]]": [2, -143.32749345318481, []], "[\"NoTrans\", []]": [1, -201.03667984008788, []]}, "{\"10.0.0.11_10.0.0.41\": [1, 2, 4], \"10.0.0.12_10.0.0.42\": [1, 3, 4], \"10.0.0.13_10.0.0.43\": [1, 3, 4]}": {"[\"10.0.0.12_10.0.0.42\", [1, 2, 4]]": [1, -204.5556914639591, []], "[\"10.0.0.13_10.0.0.43\", [1, 2, 4]]": [1, -204.96802895586262, []], "[\"10.0.0.11_10.0.0.41\", [1, 3, 4]]": [2, -199.79948411322363, []], "[\"NoTrans\", []]": [366, -138.03947927777236, []]}, "{\"10.0.0.11_10.0.0.41\": [1, 3, 4], \"10.0.0.12_10.0.0.42\": [1, 3, 4], \"10.0.0.13_10.0.0.43\": [1, 2, 4]}": {"[\"10.0.0.12_10.0.0.42\", [1, 2, 4]]": [1, -204.77255834434973, []], "[\"10.0.0.13_10.0.0.43\", [1, 3, 4]]": [1, -200.71710357666015, []], "[\"10.0.0.11_10.0.0.41\", [1, 2, 4]]": [1, -205.59622422325867, []], "[\"NoTrans\", []]": [1, -188.95245764946958, []]}, "{\"10.0.0.11_10.0.0.41\": [1, 2, 4], \"10.0.0.12_10.0.0.42\": [1, 3, 4], \"10.0.0.13_10.0.0.43\": [1, 2, 4]}": {"[\"10.0.0.12_10.0.0.42\", [1, 2, 4]]": [1, -224.43536529541018, []], "[\"10.0.0.13_10.0.0.43\", [1, 3, 4]]": [2, -174.25352914342855, []], "[\"10.0.0.11_10.0.0.41\", [1, 3, 4]]": [1, -185.5557249918812, []], "[\"NoTrans\", []]": [1, -204.60623921593663, []]}, "{\"10.0.0.11_10.0.0.41\": [1, 3, 4], \"10.0.0.12_10.0.0.42\": [1, 2, 4], \"10.0.0.13_10.0.0.43\": [1, 3, 4]}": {"[\"10.0.0.12_10.0.0.42\", [1, 3, 4]]": [1, -200.75485867393073, []], "[\"10.0.0.13_10.0.0.43\", [1, 2, 4]]": [1, -206.29127558616483, []], "[\"10.0.0.11_10.0.0.41\", [1, 2, 4]]": [190, -191.4119534985372, []], "[\"NoTrans\", []]": [0, -140, []]}, "{\"10.0.0.11_10.0.0.41\": [1, 2, 4], \"10.0.0.12_10.0.0.42\": [1, 2, 4], \"10.0.0.13_10.0.0.43\": [1, 3, 4]}": {"[\"10.0.0.12_10.0.0.42\", [1, 3, 4]]": [1, -183.4934819742658, []], "[\"10.0.0.13_10.0.0.43\", [1, 2, 4]]": [1, -217.71222976036256, []], "[\"10.0.0.11_10.0.0.41\", [1, 3, 4]]": [190, -183.995525221997, []], "[\"NoTrans\", []]": [0, -140, []]}, "{\"10.0.0.11_10.0.0.41\": [1, 3, 4], \"10.0.0.12_10.0.0.42\": [1, 2, 4], \"10.0.0.13_10.0.0.43\": [1, 2, 4]}": {"[\"10.0.0.12_10.0.0.42\", [1, 3, 4]]": [0, -140, []], "[\"10.0.0.13_10.0.0.43\", [1, 3, 4]]": [2, -184.37065863657597, []], "[\"10.0.0.11_10.0.0.41\", [1, 2, 4]]": [1, -221.8996406555176, []], "[\"NoTrans\", []]": [1, -201.56957839906076, []]}, "{\"10.0.0.11_10.0.0.41\": [1, 2, 4], \"10.0.0.12_10.0.0.42\": [1, 2, 4], \"10.0.0.13_10.0.0.43\": [1, 2, 4]}": {"[\"10.0.0.12_10.0.0.42\", [1, 3, 4]]": [2, -204.1770425425011, []], "[\"10.0.0.13_10.0.0.43\", [1, 3, 4]]": [1, -198.91316344485193, []], "[\"10.0.0.11_10.0.0.41\", [1, 3, 4]]": [1, -195.77006429820736, []], "[\"NoTrans\", []]": [1, -218.77549896240237, []]}}