{"{\"10.0.0.11_10.0.0.41\": [1, 3, 4], \"10.0.0.12_10.0.0.42\": [1, 3, 4], \"10.0.0.13_10.0.0.43\": [1, 3, 4]}": {"[\"10.0.0.12_10.0.0.42\", [1, 2, 4]]": [0, -140, []], "[\"10.0.0.13_10.0.0.43\", [1, 2, 4]]": [1, -185.093842383118, []], "[\"10.0.0.11_10.0.0.41\", [1, 2, 4]]": [1, -140.70056123926094, []], "[\"NoTrans\", []]": [1, -205.23227462768557, []]}, "{\"10.0.0.11_10.0.0.41\": [1, 2, 4], \"10.0.0.12_10.0.0.42\": [1, 3, 4], \"10.0.0.13_10.0.0.43\": [1, 3, 4]}": {"[\"10.0.0.12_10.0.0.42\", [1, 2, 4]]": [1, -204.34388664019906, []], "[\"10.0.0.13_10.0.0.43\", [1, 2, 4]]": [1, -203.89856543935562, []], "[\"10.0.0.11_10.0.0.41\", [1, 3, 4]]": [1, -203.3539176940918, []], "[\"NoTrans\", []]": [357, -135.5479427110745, []]}, "{\"10.0.0.11_10.0.0.41\": [1, 3, 4], \"10.0.0.12_10.0.0.42\": [1, 3, 4], \"10.0.0.13_10.0.0.43\": [1, 2, 4]}": {"[\"10.0.0.12_10.0.0.42\", [1, 2, 4]]": [1, -235.71486378154023, []], "[\"10.0.0.13_10.0.0.43\", [1, 3, 4]]": [1, -203.98553619384765, []], "[\"10.0.0.11_10.0.0.41\", [1, 2, 4]]": [2, -238.86307004273644, []], "[\"NoTrans\", []]": [2, -226.69797854310488, []]}, "{\"10.0.0.11_10.0.0.41\": [1, 2, 4], \"10.0.0.12_10.0.0.42\": [1, 3, 4], \"10.0.0.13_10.0.0.43\": [1, 2, 4]}": {"[\"10.0.0.12_10.0.0.42\", [1, 2, 4]]": [1, -223.58974227905276, []], "[\"10.0.0.13_10.0.0.43\", [1, 3, 4]]": [2, -191.57716779646324, []], "[\"10.0.0.11_10.0.0.41\", [1, 3, 4]]": [1, -186.21697141671658, []], "[\"NoTrans\", []]": [1, -202.6467373491551, []]}, "{\"10.0.0.11_10.0.0.41\": [1, 3, 4], \"10.0.0.12_10.0.0.42\": [1, 2, 4], \"10.0.0.13_10.0.0.43\": [1, 3, 4]}": {"[\"10.0.0.12_10.0.0.42\", [1, 3, 4]]": [0, -140, []], "[\"10.0.0.13_10.0.0.43\", [1, 2, 4]]": [1, -203.83866500955384, []], "[\"10.0.0.11_10.0.0.41\", [1, 2, 4]]": [1, -205.14697261274176, []], "[\"NoTrans\", []]": [0, -140, []]}, "{\"10.0.0.11_10.0.0.41\": [1, 2, 4], \"10.0.0.12_10.0.0.42\": [1, 2, 4], \"10.0.0.13_10.0.0.43\": [1, 3, 4]}": {"[\"10.0.0.12_10.0.0.42\", [1, 3, 4]]": [1, -173.19433209733785, []], "[\"10.0.0.13_10.0.0.43\", [1, 2, 4]]": [1, -221.98422719716442, []], "[\"10.0.0.11_10.0.0.41\", [1, 3, 4]]": [1, -188.29898683884923, []], "[\"NoTrans\", []]": [1, -206.88960958804216, []]}, "{\"10.0.0.11_10.0.0.41\": [1, 3, 4], \"10.0.0.12_10.0.0.42\": [1, 2, 4], \"10.0.0.13_10.0.0.43\": [1, 2, 4]}": {"[\"10.0.0.12_10.0.0.42\", [1, 3, 4]]": [2, -226.66046649588029, []], "[\"10.0.0.13_10.0.0.43\", [1, 3, 4]]": [1, -186.78702867148337, []], "[\"10.0.0.11_10.0.0.41\", [1, 2, 4]]": [1, -221.67981872558596, []], "[\"NoTrans\", []]": [399, -195.70924145122527, []]}, "{\"10.0.0.11_10.0.0.41\": [1, 2, 4], \"10.0.0.12_10.0.0.42\": [1, 2, 4], \"10.0.0.13_10.0.0.43\": [1, 2, 4]}": {"[\"10.0.0.12_10.0.0.42\", [1, 3, 4]]": [1, -203.89934525002667, []], "[\"10.0.0.13_10.0.0.43\", [1, 3, 4]]": [1, -202.44359231023822, []], "[\"10.0.0.11_10.0.0.41\", [1, 3, 4]]": [2, -201.918008754298, []], "[\"NoTrans\", []]": [1, -221.7876792907715, []]}}