{"{\"10.0.0.11_10.0.0.41\": [1, 3, 4], \"10.0.0.12_10.0.0.42\": [1, 3, 4], \"10.0.0.13_10.0.0.43\": [1, 3, 4]}": {"[\"10.0.0.11_10.0.0.41\", [1, 2, 4]]": [6, -146.37178712815248, []], "[\"10.0.0.13_10.0.0.43\", [1, 2, 4]]": [24, -303.7137152354963, []], "[\"10.0.0.12_10.0.0.42\", [1, 2, 4]]": [13, -429.3266258429966, []], "[\"NoTrans\", []]": [6, -361.797131759666, []]}, "{\"10.0.0.11_10.0.0.41\": [1, 3, 4], \"10.0.0.12_10.0.0.42\": [1, 2, 4], \"10.0.0.13_10.0.0.43\": [1, 3, 4]}": {"[\"10.0.0.11_10.0.0.41\", [1, 2, 4]]": [33, -286.17600799041395, []], "[\"10.0.0.13_10.0.0.43\", [1, 2, 4]]": [0, -Infinity, []], "[\"10.0.0.12_10.0.0.42\", [1, 3, 4]]": [0, -Infinity, []], "[\"NoTrans\", []]": [0, -Infinity, []]}, "{\"10.0.0.11_10.0.0.41\": [1, 3, 4], \"10.0.0.12_10.0.0.42\": [1, 3, 4], \"10.0.0.13_10.0.0.43\": [1, 2, 4]}": {"[\"10.0.0.11_10.0.0.41\", [1, 2, 4]]": [27, -272.847968486753, []], "[\"10.0.0.13_10.0.0.43\", [1, 3, 4]]": [6, -434.2369201882046, []], "[\"10.0.0.12_10.0.0.42\", [1, 2, 4]]": [4, -399.40564761322344, []], "[\"NoTrans\", []]": [58, -318.6942437184229, []]}, "{\"10.0.0.11_10.0.0.41\": [1, 3, 4], \"10.0.0.12_10.0.0.42\": [1, 2, 4], \"10.0.0.13_10.0.0.43\": [1, 2, 4]}": {"[\"10.0.0.11_10.0.0.41\", [1, 2, 4]]": [12, -461.2190275371123, []], "[\"10.0.0.13_10.0.0.43\", [1, 3, 4]]": [3, -343.91977652502993, []], "[\"10.0.0.12_10.0.0.42\", [1, 3, 4]]": [0, -Infinity, []], "[\"NoTrans\", []]": [3, -425.8590026580153, []]}, "{\"10.0.0.11_10.0.0.41\": [1, 2, 4], \"10.0.0.12_10.0.0.42\": [1, 3, 4], \"10.0.0.13_10.0.0.43\": [1, 3, 4]}": {"[\"10.0.0.11_10.0.0.41\", [1, 3, 4]]": [37, -222.21807734932756, []], "[\"10.0.0.13_10.0.0.43\", [1, 2, 4]]": [36, -257.8359462308925, []], "[\"10.0.0.12_10.0.0.42\", [1, 2, 4]]": [25, -271.10060383789585, []], "[\"NoTrans\", []]": [281, -147.38299439746356, []]}, "{\"10.0.0.11_10.0.0.41\": [1, 2, 4], \"10.0.0.12_10.0.0.42\": [1, 2, 4], \"10.0.0.13_10.0.0.43\": [1, 3, 4]}": {"[\"10.0.0.11_10.0.0.41\", [1, 3, 4]]": [17, -427.9369255589393, []], "[\"10.0.0.13_10.0.0.43\", [1, 2, 4]]": [11, -357.4778103368152, []], "[\"10.0.0.12_10.0.0.42\", [1, 3, 4]]": [45, -211.38499846977433, []], "[\"NoTrans\", []]": [16, -279.9626605501253, []]}, "{\"10.0.0.11_10.0.0.41\": [1, 2, 4], \"10.0.0.12_10.0.0.42\": [1, 3, 4], \"10.0.0.13_10.0.0.43\": [1, 2, 4]}": {"[\"10.0.0.11_10.0.0.41\", [1, 3, 4]]": [13, -325.61039443479433, []], "[\"10.0.0.13_10.0.0.43\", [1, 3, 4]]": [48, -199.92618038758349, []], "[\"10.0.0.12_10.0.0.42\", [1, 2, 4]]": [2, -337.4731082666559, []], "[\"NoTrans\", []]": [7, -272.5543831914644, []]}, "{\"10.0.0.11_10.0.0.41\": [1, 2, 4], \"10.0.0.12_10.0.0.42\": [1, 2, 4], \"10.0.0.13_10.0.0.43\": [1, 2, 4]}": {"[\"10.0.0.11_10.0.0.41\", [1, 3, 4]]": [11, -425.16822876497946, []], "[\"10.0.0.13_10.0.0.43\", [1, 3, 4]]": [14, -280.5843923432244, []], "[\"10.0.0.12_10.0.0.42\", [1, 3, 4]]": [0, -Infinity, []], "[\"NoTrans\", []]": [0, -Infinity, []]}}