{"{\"10.0.0.11_10.0.0.41\": [1, 3, 4], \"10.0.0.12_10.0.0.42\": [1, 3, 4], \"10.0.0.13_10.0.0.43\": [1, 3, 4]}": {"[\"10.0.0.13_10.0.0.43\", [1, 2, 4]]": [2, -147.36164614778522, []], "[\"10.0.0.11_10.0.0.41\", [1, 2, 4]]": [5, -156.03629396998036, []], "[\"10.0.0.12_10.0.0.42\", [1, 2, 4]]": [3, -144.81070642327708, []], "[\"NoTrans\", []]": [2, -178.19304333050903, []]}, "{\"10.0.0.11_10.0.0.41\": [1, 3, 4], \"10.0.0.12_10.0.0.42\": [1, 2, 4], \"10.0.0.13_10.0.0.43\": [1, 3, 4]}": {"[\"10.0.0.13_10.0.0.43\", [1, 2, 4]]": [2, -170.63690042100342, []], "[\"10.0.0.11_10.0.0.41\", [1, 2, 4]]": [3, -193.35235509258817, []], "[\"10.0.0.12_10.0.0.42\", [1, 3, 4]]": [2, -180.030303599382, []], "[\"NoTrans\", []]": [3, -202.90462344698747, []]}, "{\"10.0.0.11_10.0.0.41\": [1, 2, 4], \"10.0.0.12_10.0.0.42\": [1, 3, 4], \"10.0.0.13_10.0.0.43\": [1, 3, 4]}": {"[\"10.0.0.13_10.0.0.43\", [1, 2, 4]]": [3, -201.5625939577505, []], "[\"10.0.0.11_10.0.0.41\", [1, 3, 4]]": [4, -192.96355436738452, []], "[\"10.0.0.12_10.0.0.42\", [1, 2, 4]]": [3, -193.3669290981368, []], "[\"NoTrans\", []]": [603, -116.80465392088702, []]}, "{\"10.0.0.11_10.0.0.41\": [1, 2, 4], \"10.0.0.12_10.0.0.42\": [1, 2, 4], \"10.0.0.13_10.0.0.43\": [1, 3, 4]}": {"[\"10.0.0.13_10.0.0.43\", [1, 2, 4]]": [2, -212.03447237730055, []], "[\"10.0.0.11_10.0.0.41\", [1, 3, 4]]": [2, -164.50243947843148, []], "[\"10.0.0.12_10.0.0.42\", [1, 3, 4]]": [3, -173.3826182497658, []], "[\"NoTrans\", []]": [1, -140.88877499782447, []]}, "{\"10.0.0.11_10.0.0.41\": [1, 3, 4], \"10.0.0.12_10.0.0.42\": [1, 3, 4], \"10.0.0.13_10.0.0.43\": [1, 2, 4]}": {"[\"10.0.0.13_10.0.0.43\", [1, 3, 4]]": [3, -162.81475342390297, []], "[\"10.0.0.11_10.0.0.41\", [1, 2, 4]]": [2, -193.00110166863806, []], "[\"10.0.0.12_10.0.0.42\", [1, 2, 4]]": [2, -192.22546323013415, []], "[\"NoTrans\", []]": [2, -152.15935281501774, []]}, "{\"10.0.0.11_10.0.0.41\": [1, 3, 4], \"10.0.0.12_10.0.0.42\": [1, 2, 4], \"10.0.0.13_10.0.0.43\": [1, 2, 4]}": {"[\"10.0.0.13_10.0.0.43\", [1, 3, 4]]": [2, -158.79535018560492, []], "[\"10.0.0.11_10.0.0.41\", [1, 2, 4]]": [1, -199.17188537942357, []], "[\"10.0.0.12_10.0.0.42\", [1, 3, 4]]": [2, -182.18091686758186, []], "[\"NoTrans\", []]": [1, -152.14343134675906, []]}, "{\"10.0.0.11_10.0.0.41\": [1, 2, 4], \"10.0.0.12_10.0.0.42\": [1, 3, 4], \"10.0.0.13_10.0.0.43\": [1, 2, 4]}": {"[\"10.0.0.13_10.0.0.43\", [1, 3, 4]]": [3, -164.75684385992832, []], "[\"10.0.0.11_10.0.0.41\", [1, 3, 4]]": [3, -181.41417628589548, []], "[\"10.0.0.12_10.0.0.42\", [1, 2, 4]]": [1, -198.89999283181615, []], "[\"NoTrans\", []]": [1, -138.31274249170866, []]}, "{\"10.0.0.11_10.0.0.41\": [1, 2, 4], \"10.0.0.12_10.0.0.42\": [1, 2, 4], \"10.0.0.13_10.0.0.43\": [1, 2, 4]}": {"[\"10.0.0.13_10.0.0.43\", [1, 3, 4]]": [1, -148.6777646595455, []], "[\"10.0.0.11_10.0.0.41\", [1, 3, 4]]": [1, -158.3038220823962, []], "[\"10.0.0.12_10.0.0.42\", [1, 3, 4]]": [2, -179.45683782480964, []], "[\"NoTrans\", []]": [1, -193.6010159564021, []]}}