{"{\"10.0.0.11_10.0.0.41\": [1, 3, 4], \"10.0.0.12_10.0.0.42\": [1, 3, 4], \"10.0.0.13_10.0.0.43\": [1, 3, 4]}": {"[\"10.0.0.11_10.0.0.41\", [1, 2, 4]]": [1, -121.66686148526851, []], "[\"10.0.0.13_10.0.0.43\", [1, 2, 4]]": [1, -151.03848247567538, []], "[\"10.0.0.12_10.0.0.42\", [1, 2, 4]]": [1, -175.4435736225841, []], "[\"NoTrans\", []]": [1, -150.5893177527758, []]}, "{\"10.0.0.11_10.0.0.41\": [1, 3, 4], \"10.0.0.12_10.0.0.42\": [1, 2, 4], \"10.0.0.13_10.0.0.43\": [1, 3, 4]}": {"[\"10.0.0.11_10.0.0.41\", [1, 2, 4]]": [1, -196.2584342956543, []], "[\"10.0.0.13_10.0.0.43\", [1, 2, 4]]": [1, -172.8308624520222, []], "[\"10.0.0.12_10.0.0.42\", [1, 3, 4]]": [1, -151.50991784783224, []], "[\"NoTrans\", []]": [1, -170.03257672430567, []]}, "{\"10.0.0.11_10.0.0.41\": [1, 3, 4], \"10.0.0.12_10.0.0.42\": [1, 3, 4], \"10.0.0.13_10.0.0.43\": [1, 2, 4]}": {"[\"10.0.0.11_10.0.0.41\", [1, 2, 4]]": [0, -100, []], "[\"10.0.0.13_10.0.0.43\", [1, 3, 4]]": [1, -164.08270263671875, []], "[\"10.0.0.12_10.0.0.42\", [1, 2, 4]]": [1, -173.70238931898552, []], "[\"NoTrans\", []]": [1, -150.581285408662, []]}, "{\"10.0.0.11_10.0.0.41\": [1, 3, 4], \"10.0.0.12_10.0.0.42\": [1, 2, 4], \"10.0.0.13_10.0.0.43\": [1, 2, 4]}": {"[\"10.0.0.11_10.0.0.41\", [1, 2, 4]]": [1, -195.1048698425293, []], "[\"10.0.0.13_10.0.0.43\", [1, 3, 4]]": [1, -150.71589406553804, []], "[\"10.0.0.12_10.0.0.42\", [1, 3, 4]]": [1, -152.297125129793, []], "[\"NoTrans\", []]": [1, -172.29033815787324, []]}, "{\"10.0.0.11_10.0.0.41\": [1, 2, 4], \"10.0.0.12_10.0.0.42\": [1, 3, 4], \"10.0.0.13_10.0.0.43\": [1, 3, 4]}": {"[\"10.0.0.11_10.0.0.41\", [1, 3, 4]]": [1, -164.1325798034668, []], "[\"10.0.0.13_10.0.0.43\", [1, 2, 4]]": [1, -171.75953982489193, []], "[\"10.0.0.12_10.0.0.42\", [1, 2, 4]]": [1, -199.9168925491602, []], "[\"NoTrans\", []]": [660, -127.45181714441563, []]}, "{\"10.0.0.11_10.0.0.41\": [1, 2, 4], \"10.0.0.12_10.0.0.42\": [1, 2, 4], \"10.0.0.13_10.0.0.43\": [1, 3, 4]}": {"[\"10.0.0.11_10.0.0.41\", [1, 3, 4]]": [1, -172.76057288080557, []], "[\"10.0.0.13_10.0.0.43\", [1, 2, 4]]": [1, -195.49311065673828, []], "[\"10.0.0.12_10.0.0.42\", [1, 3, 4]]": [2, -151.54341047301628, []], "[\"NoTrans\", []]": [1, -193.08708572387695, []]}, "{\"10.0.0.11_10.0.0.41\": [1, 2, 4], \"10.0.0.12_10.0.0.42\": [1, 3, 4], \"10.0.0.13_10.0.0.43\": [1, 2, 4]}": {"[\"10.0.0.11_10.0.0.41\", [1, 3, 4]]": [0, -100, []], "[\"10.0.0.13_10.0.0.43\", [1, 3, 4]]": [1, -140.31752414595522, []], "[\"10.0.0.12_10.0.0.42\", [1, 2, 4]]": [1, -191.96842575073242, []], "[\"NoTrans\", []]": [0, -100, []]}, "{\"10.0.0.11_10.0.0.41\": [1, 2, 4], \"10.0.0.12_10.0.0.42\": [1, 2, 4], \"10.0.0.13_10.0.0.43\": [1, 2, 4]}": {"[\"10.0.0.11_10.0.0.41\", [1, 3, 4]]": [1, -173.10524326542478, []], "[\"10.0.0.13_10.0.0.43\", [1, 3, 4]]": [1, -172.2686180902204, []], "[\"10.0.0.12_10.0.0.42\", [1, 3, 4]]": [1, -172.7136430686943, []], "[\"NoTrans\", []]": [1, -192.09926986694336, []]}}