{"{\"10.0.0.11_10.0.0.41\": [1, 3, 4], \"10.0.0.12_10.0.0.42\": [1, 3, 4], \"10.0.0.13_10.0.0.43\": [1, 3, 4]}": {"[\"10.0.0.11_10.0.0.41\", [1, 2, 4]]": [7, -169.10329335228639, []], "[\"10.0.0.12_10.0.0.42\", [1, 2, 4]]": [3, -195.1134039128152, []], "[\"10.0.0.13_10.0.0.43\", [1, 2, 4]]": [4, -225.19427254318177, []], "[\"NoTrans\", []]": [3, -206.85886401865702, []]}, "{\"10.0.0.11_10.0.0.41\": [1, 3, 4], \"10.0.0.12_10.0.0.42\": [1, 3, 4], \"10.0.0.13_10.0.0.43\": [1, 2, 4]}": {"[\"10.0.0.11_10.0.0.41\", [1, 2, 4]]": [3, -210.504250892978, []], "[\"10.0.0.12_10.0.0.42\", [1, 2, 4]]": [4, -227.42587897443582, []], "[\"10.0.0.13_10.0.0.43\", [1, 3, 4]]": [3, -210.5704948796334, []], "[\"NoTrans\", []]": [3, -208.52191002677822, []]}, "{\"10.0.0.11_10.0.0.41\": [1, 3, 4], \"10.0.0.12_10.0.0.42\": [1, 2, 4], \"10.0.0.13_10.0.0.43\": [1, 3, 4]}": {"[\"10.0.0.11_10.0.0.41\", [1, 2, 4]]": [3, -224.63645469859824, []], "[\"10.0.0.12_10.0.0.42\", [1, 3, 4]]": [4, -218.15133280054204, []], "[\"10.0.0.13_10.0.0.43\", [1, 2, 4]]": [2, -211.1945271743581, []], "[\"NoTrans\", []]": [3, -206.20344250374757, []]}, "{\"10.0.0.11_10.0.0.41\": [1, 3, 4], \"10.0.0.12_10.0.0.42\": [1, 2, 4], \"10.0.0.13_10.0.0.43\": [1, 2, 4]}": {"[\"10.0.0.11_10.0.0.41\", [1, 2, 4]]": [2, -219.902747917576, []], "[\"10.0.0.12_10.0.0.42\", [1, 3, 4]]": [3, -204.36839207151826, []], "[\"10.0.0.13_10.0.0.43\", [1, 3, 4]]": [3, -224.54396161466974, []], "[\"NoTrans\", []]": [2, -210.69101813042974, []]}, "{\"10.0.0.11_10.0.0.41\": [1, 2, 4], \"10.0.0.12_10.0.0.42\": [1, 3, 4], \"10.0.0.13_10.0.0.43\": [1, 3, 4]}": {"[\"10.0.0.11_10.0.0.41\", [1, 3, 4]]": [6, -230.68808493704935, []], "[\"10.0.0.12_10.0.0.42\", [1, 2, 4]]": [4, -248.91264597047106, []], "[\"10.0.0.13_10.0.0.43\", [1, 2, 4]]": [4, -234.5299514422954, []], "[\"NoTrans\", []]": [769, -151.41781380029747, []]}, "{\"10.0.0.11_10.0.0.41\": [1, 2, 4], \"10.0.0.12_10.0.0.42\": [1, 3, 4], \"10.0.0.13_10.0.0.43\": [1, 2, 4]}": {"[\"10.0.0.11_10.0.0.41\", [1, 3, 4]]": [3, -212.1494817521086, []], "[\"10.0.0.12_10.0.0.42\", [1, 2, 4]]": [2, -241.4570336097656, []], "[\"10.0.0.13_10.0.0.43\", [1, 3, 4]]": [4, -192.1323813301163, []], "[\"NoTrans\", []]": [2, -210.2040943664495, []]}, "{\"10.0.0.11_10.0.0.41\": [1, 2, 4], \"10.0.0.12_10.0.0.42\": [1, 2, 4], \"10.0.0.13_10.0.0.43\": [1, 3, 4]}": {"[\"10.0.0.11_10.0.0.41\", [1, 3, 4]]": [3, -202.27954893074377, []], "[\"10.0.0.12_10.0.0.42\", [1, 3, 4]]": [4, -203.18581896800575, []], "[\"10.0.0.13_10.0.0.43\", [1, 2, 4]]": [2, -244.08915770157157, []], "[\"NoTrans\", []]": [2, -214.31989926731887, []]}, "{\"10.0.0.11_10.0.0.41\": [1, 2, 4], \"10.0.0.12_10.0.0.42\": [1, 2, 4], \"10.0.0.13_10.0.0.43\": [1, 2, 4]}": {"[\"10.0.0.11_10.0.0.41\", [1, 3, 4]]": [2, -190.77940166947164, []], "[\"10.0.0.12_10.0.0.42\", [1, 3, 4]]": [2, -228.22004583703227, []], "[\"10.0.0.13_10.0.0.43\", [1, 3, 4]]": [2, -233.93181718523192, []], "[\"NoTrans\", []]": [1, -203.31695919076935, []]}}