{"{\"10.0.0.11_10.0.0.41\": [1, 3, 4], \"10.0.0.12_10.0.0.42\": [1, 3, 4], \"10.0.0.13_10.0.0.43\": [1, 3, 4]}": {"[\"10.0.0.12_10.0.0.42\", [1, 2, 4]]": [2, -161.25576712946864, []], "[\"10.0.0.13_10.0.0.43\", [1, 2, 4]]": [1, -145.8078478748065, []], "[\"10.0.0.11_10.0.0.41\", [1, 2, 4]]": [2, -116.7309864856737, []], "[\"NoTrans\", []]": [1, -140.21545525974375, []]}, "{\"10.0.0.11_10.0.0.41\": [1, 2, 4], \"10.0.0.12_10.0.0.42\": [1, 3, 4], \"10.0.0.13_10.0.0.43\": [1, 3, 4]}": {"[\"10.0.0.12_10.0.0.42\", [1, 2, 4]]": [3, -188.4367193131256, []], "[\"10.0.0.13_10.0.0.43\", [1, 2, 4]]": [1, -186.26809302893705, []], "[\"10.0.0.11_10.0.0.41\", [1, 3, 4]]": [2, -178.1918210473394, []], "[\"NoTrans\", []]": [629, -117.40881111876307, []]}, "{\"10.0.0.11_10.0.0.41\": [1, 3, 4], \"10.0.0.12_10.0.0.42\": [1, 3, 4], \"10.0.0.13_10.0.0.43\": [1, 2, 4]}": {"[\"10.0.0.12_10.0.0.42\", [1, 2, 4]]": [2, -178.1458489036945, []], "[\"10.0.0.13_10.0.0.43\", [1, 3, 4]]": [1, -150.616221145293, []], "[\"10.0.0.11_10.0.0.41\", [1, 2, 4]]": [1, -170.1906272039579, []], "[\"NoTrans\", []]": [1, -146.2056581272123, []]}, "{\"10.0.0.11_10.0.0.41\": [1, 2, 4], \"10.0.0.12_10.0.0.42\": [1, 3, 4], \"10.0.0.13_10.0.0.43\": [1, 2, 4]}": {"[\"10.0.0.12_10.0.0.42\", [1, 2, 4]]": [1, -160.98173659727132, []], "[\"10.0.0.13_10.0.0.43\", [1, 3, 4]]": [2, -169.72912462648378, []], "[\"10.0.0.11_10.0.0.41\", [1, 3, 4]]": [1, -145.18666998823164, []], "[\"NoTrans\", []]": [1, -169.36323207676668, []]}, "{\"10.0.0.11_10.0.0.41\": [1, 3, 4], \"10.0.0.12_10.0.0.42\": [1, 2, 4], \"10.0.0.13_10.0.0.43\": [1, 3, 4]}": {"[\"10.0.0.12_10.0.0.42\", [1, 3, 4]]": [2, -167.0344492947071, []], "[\"10.0.0.13_10.0.0.43\", [1, 2, 4]]": [2, -153.71354435212206, []], "[\"10.0.0.11_10.0.0.41\", [1, 2, 4]]": [2, -186.70400455180135, []], "[\"NoTrans\", []]": [2, -158.32481779766673, []]}, "{\"10.0.0.11_10.0.0.41\": [1, 2, 4], \"10.0.0.12_10.0.0.42\": [1, 2, 4], \"10.0.0.13_10.0.0.43\": [1, 3, 4]}": {"[\"10.0.0.12_10.0.0.42\", [1, 3, 4]]": [3, -180.27467624169364, []], "[\"10.0.0.13_10.0.0.43\", [1, 2, 4]]": [1, -160.592256006451, []], "[\"10.0.0.11_10.0.0.41\", [1, 3, 4]]": [2, -168.12358094235947, []], "[\"NoTrans\", []]": [2, -186.8861567051478, []]}, "{\"10.0.0.11_10.0.0.41\": [1, 3, 4], \"10.0.0.12_10.0.0.42\": [1, 2, 4], \"10.0.0.13_10.0.0.43\": [1, 2, 4]}": {"[\"10.0.0.12_10.0.0.42\", [1, 3, 4]]": [2, -158.59140800788134, []], "[\"10.0.0.13_10.0.0.43\", [1, 3, 4]]": [2, -127.13801555440075, []], "[\"10.0.0.11_10.0.0.41\", [1, 2, 4]]": [2, -181.08850997373617, []], "[\"NoTrans\", []]": [1, -127.08985389508908, []]}, "{\"10.0.0.11_10.0.0.41\": [1, 2, 4], \"10.0.0.12_10.0.0.42\": [1, 2, 4], \"10.0.0.13_10.0.0.43\": [1, 2, 4]}": {"[\"10.0.0.12_10.0.0.42\", [1, 3, 4]]": [2, -185.86364145865494, []], "[\"10.0.0.13_10.0.0.43\", [1, 3, 4]]": [1, -86.52588161029433, []], "[\"10.0.0.11_10.0.0.41\", [1, 3, 4]]": [1, -125.63812614698853, []], "[\"NoTrans\", []]": [1, -161.42099898740804, []]}}