{"{\"10.0.0.11_10.0.0.41\": [1, 3, 4], \"10.0.0.12_10.0.0.42\": [1, 3, 4], \"10.0.0.13_10.0.0.43\": [1, 3, 4]}": {"[\"10.0.0.12_10.0.0.42\", [1, 2, 4]]": [2, -136.23968221300063, []], "[\"10.0.0.13_10.0.0.43\", [1, 2, 4]]": [1, -131.35400914981057, []], "[\"10.0.0.11_10.0.0.41\", [1, 2, 4]]": [3, -125.53605211314485, []], "[\"NoTrans\", []]": [1, -133.7580376946608, []]}, "{\"10.0.0.11_10.0.0.41\": [1, 2, 4], \"10.0.0.12_10.0.0.42\": [1, 3, 4], \"10.0.0.13_10.0.0.43\": [1, 3, 4]}": {"[\"10.0.0.12_10.0.0.42\", [1, 2, 4]]": [2, -172.80829786295809, []], "[\"10.0.0.13_10.0.0.43\", [1, 2, 4]]": [1, -185.5622427990541, []], "[\"10.0.0.11_10.0.0.41\", [1, 3, 4]]": [2, -178.7976790007972, []], "[\"NoTrans\", []]": [622, -120.75808997283997, []]}, "{\"10.0.0.11_10.0.0.41\": [1, 3, 4], \"10.0.0.12_10.0.0.42\": [1, 3, 4], \"10.0.0.13_10.0.0.43\": [1, 2, 4]}": {"[\"10.0.0.12_10.0.0.42\", [1, 2, 4]]": [2, -162.6272148847736, []], "[\"10.0.0.13_10.0.0.43\", [1, 3, 4]]": [2, -170.41648449814176, []], "[\"10.0.0.11_10.0.0.41\", [1, 2, 4]]": [1, -169.75771919481292, []], "[\"NoTrans\", []]": [1, -131.19905429445842, []]}, "{\"10.0.0.11_10.0.0.41\": [1, 2, 4], \"10.0.0.12_10.0.0.42\": [1, 3, 4], \"10.0.0.13_10.0.0.43\": [1, 2, 4]}": {"[\"10.0.0.12_10.0.0.42\", [1, 2, 4]]": [1, -161.00989296165827, []], "[\"10.0.0.13_10.0.0.43\", [1, 3, 4]]": [1, -130.73455946610957, []], "[\"10.0.0.11_10.0.0.41\", [1, 3, 4]]": [2, -157.6023510085714, []], "[\"NoTrans\", []]": [1, -169.96472478434404, []]}, "{\"10.0.0.11_10.0.0.41\": [1, 3, 4], \"10.0.0.12_10.0.0.42\": [1, 2, 4], \"10.0.0.13_10.0.0.43\": [1, 3, 4]}": {"[\"10.0.0.12_10.0.0.42\", [1, 3, 4]]": [2, -144.58761489326622, []], "[\"10.0.0.13_10.0.0.43\", [1, 2, 4]]": [2, -161.84119134136546, []], "[\"10.0.0.11_10.0.0.41\", [1, 2, 4]]": [3, -182.51190411809384, []], "[\"NoTrans\", []]": [2, -146.07547486733426, []]}, "{\"10.0.0.11_10.0.0.41\": [1, 2, 4], \"10.0.0.12_10.0.0.42\": [1, 2, 4], \"10.0.0.13_10.0.0.43\": [1, 3, 4]}": {"[\"10.0.0.12_10.0.0.42\", [1, 3, 4]]": [2, -140.79709796203932, []], "[\"10.0.0.13_10.0.0.43\", [1, 2, 4]]": [2, -181.54494240013483, []], "[\"10.0.0.11_10.0.0.41\", [1, 3, 4]]": [2, -147.06661821509277, []], "[\"NoTrans\", []]": [1, -121.05420692422815, []]}, "{\"10.0.0.11_10.0.0.41\": [1, 3, 4], \"10.0.0.12_10.0.0.42\": [1, 2, 4], \"10.0.0.13_10.0.0.43\": [1, 2, 4]}": {"[\"10.0.0.12_10.0.0.42\", [1, 3, 4]]": [2, -166.52868891069022, []], "[\"10.0.0.13_10.0.0.43\", [1, 3, 4]]": [2, -171.6651111288371, []], "[\"10.0.0.11_10.0.0.41\", [1, 2, 4]]": [1, -159.26629020897272, []], "[\"NoTrans\", []]": [1, -141.299749441729, []]}, "{\"10.0.0.11_10.0.0.41\": [1, 2, 4], \"10.0.0.12_10.0.0.42\": [1, 2, 4], \"10.0.0.13_10.0.0.43\": [1, 2, 4]}": {"[\"10.0.0.12_10.0.0.42\", [1, 3, 4]]": [2, -186.51470663459656, []], "[\"10.0.0.13_10.0.0.43\", [1, 3, 4]]": [1, -120.51694070867737, []], "[\"10.0.0.11_10.0.0.41\", [1, 3, 4]]": [1, -138.78868008062759, []], "[\"NoTrans\", []]": [1, -159.76429893700006, []]}}