{"{\"10.0.0.11_10.0.0.41\": [1, 3, 4], \"10.0.0.12_10.0.0.42\": [1, 3, 4], \"10.0.0.13_10.0.0.43\": [1, 3, 4]}": {"[\"10.0.0.12_10.0.0.42\", [1, 2, 4]]": [1, -181.9035180022063, []], "[\"10.0.0.13_10.0.0.43\", [1, 2, 4]]": [1, -180.73528042363904, []], "[\"10.0.0.11_10.0.0.41\", [1, 2, 4]]": [2, -134.76240525556764, []], "[\"NoTrans\", []]": [1, -194.8378921508789, []]}, "{\"10.0.0.11_10.0.0.41\": [1, 2, 4], \"10.0.0.12_10.0.0.42\": [1, 3, 4], \"10.0.0.13_10.0.0.43\": [1, 3, 4]}": {"[\"10.0.0.12_10.0.0.42\", [1, 2, 4]]": [1, -200.95491206823937, []], "[\"10.0.0.13_10.0.0.43\", [1, 2, 4]]": [1, -203.82941226204545, []], "[\"10.0.0.11_10.0.0.41\", [1, 3, 4]]": [1, -195.74655303955078, []], "[\"NoTrans\", []]": [354, -135.25268796409273, []]}, "{\"10.0.0.11_10.0.0.41\": [1, 3, 4], \"10.0.0.12_10.0.0.42\": [1, 3, 4], \"10.0.0.13_10.0.0.43\": [1, 2, 4]}": {"[\"10.0.0.12_10.0.0.42\", [1, 2, 4]]": [1, -224.2565193796612, []], "[\"10.0.0.13_10.0.0.43\", [1, 3, 4]]": [1, -199.54503784179687, []], "[\"10.0.0.11_10.0.0.41\", [1, 2, 4]]": [1, -202.54730279994257, []], "[\"NoTrans\", []]": [1, -180.48103425705386, []]}, "{\"10.0.0.11_10.0.0.41\": [1, 2, 4], \"10.0.0.12_10.0.0.42\": [1, 3, 4], \"10.0.0.13_10.0.0.43\": [1, 2, 4]}": {"[\"10.0.0.12_10.0.0.42\", [1, 2, 4]]": [2, -247.38136502921077, []], "[\"10.0.0.13_10.0.0.43\", [1, 3, 4]]": [1, -176.94096280769105, []], "[\"10.0.0.11_10.0.0.41\", [1, 3, 4]]": [1, -186.01485738066424, []], "[\"NoTrans\", []]": [0, -140, []]}, "{\"10.0.0.11_10.0.0.41\": [1, 3, 4], \"10.0.0.12_10.0.0.42\": [1, 2, 4], \"10.0.0.13_10.0.0.43\": [1, 3, 4]}": {"[\"10.0.0.12_10.0.0.42\", [1, 3, 4]]": [2, -206.5806509960786, []], "[\"10.0.0.13_10.0.0.43\", [1, 2, 4]]": [1, -199.7839775231847, []], "[\"10.0.0.11_10.0.0.41\", [1, 2, 4]]": [1, -199.77613947022274, []], "[\"NoTrans\", []]": [2, -216.76474538588613, []]}, "{\"10.0.0.11_10.0.0.41\": [1, 2, 4], \"10.0.0.12_10.0.0.42\": [1, 2, 4], \"10.0.0.13_10.0.0.43\": [1, 3, 4]}": {"[\"10.0.0.12_10.0.0.42\", [1, 3, 4]]": [1, -170.27647928741186, []], "[\"10.0.0.13_10.0.0.43\", [1, 2, 4]]": [1, -218.28292617797854, []], "[\"10.0.0.11_10.0.0.41\", [1, 3, 4]]": [1, -205.76270690397462, []], "[\"NoTrans\", []]": [1, -199.8213326774233, []]}, "{\"10.0.0.11_10.0.0.41\": [1, 3, 4], \"10.0.0.12_10.0.0.42\": [1, 2, 4], \"10.0.0.13_10.0.0.43\": [1, 2, 4]}": {"[\"10.0.0.12_10.0.0.42\", [1, 3, 4]]": [1, -183.16838889634278, []], "[\"10.0.0.13_10.0.0.43\", [1, 3, 4]]": [2, -189.99453070334403, []], "[\"10.0.0.11_10.0.0.41\", [1, 2, 4]]": [1, -216.6433692932129, []], "[\"NoTrans\", []]": [1, -198.55736614352452, []]}, "{\"10.0.0.11_10.0.0.41\": [1, 2, 4], \"10.0.0.12_10.0.0.42\": [1, 2, 4], \"10.0.0.13_10.0.0.43\": [1, 2, 4]}": {"[\"10.0.0.12_10.0.0.42\", [1, 3, 4]]": [1, -198.2418503051901, []], "[\"10.0.0.13_10.0.0.43\", [1, 3, 4]]": [1, -198.413609246956, []], "[\"10.0.0.11_10.0.0.41\", [1, 3, 4]]": [2, -214.12095364233545, []], "[\"NoTrans\", []]": [399, -254.35020498241568, []]}}