{"{\"10.0.0.11_10.0.0.41\": [1, 3, 4], \"10.0.0.12_10.0.0.42\": [1, 3, 4], \"10.0.0.13_10.0.0.43\": [1, 3, 4]}": {"[\"10.0.0.11_10.0.0.41\", [1, 2, 4]]": [1, -101.8431264410123, []], "[\"10.0.0.13_10.0.0.43\", [1, 2, 4]]": [1, -149.15659793048977, []], "[\"10.0.0.12_10.0.0.42\", [1, 2, 4]]": [1, -150.88214532094605, []], "[\"NoTrans\", []]": [1, -164.56612014770508, []]}, "{\"10.0.0.11_10.0.0.41\": [1, 3, 4], \"10.0.0.12_10.0.0.42\": [1, 2, 4], \"10.0.0.13_10.0.0.43\": [1, 3, 4]}": {"[\"10.0.0.11_10.0.0.41\", [1, 2, 4]]": [1, -172.28844201963074, []], "[\"10.0.0.13_10.0.0.43\", [1, 2, 4]]": [1, -170.47920845515534, []], "[\"10.0.0.12_10.0.0.42\", [1, 3, 4]]": [1, -164.81274032592773, []], "[\"NoTrans\", []]": [1, -149.00409357344444, []]}, "{\"10.0.0.11_10.0.0.41\": [1, 3, 4], \"10.0.0.12_10.0.0.42\": [1, 3, 4], \"10.0.0.13_10.0.0.43\": [1, 2, 4]}": {"[\"10.0.0.11_10.0.0.41\", [1, 2, 4]]": [2, -190.42879998213076, []], "[\"10.0.0.13_10.0.0.43\", [1, 3, 4]]": [1, -162.34491729736328, []], "[\"10.0.0.12_10.0.0.42\", [1, 2, 4]]": [1, -173.69096723493084, []], "[\"NoTrans\", []]": [1, -150.0876227015488, []]}, "{\"10.0.0.11_10.0.0.41\": [1, 3, 4], \"10.0.0.12_10.0.0.42\": [1, 2, 4], \"10.0.0.13_10.0.0.43\": [1, 2, 4]}": {"[\"10.0.0.11_10.0.0.41\", [1, 2, 4]]": [1, -192.5235595703125, []], "[\"10.0.0.13_10.0.0.43\", [1, 3, 4]]": [1, -147.98506431272614, []], "[\"10.0.0.12_10.0.0.42\", [1, 3, 4]]": [1, -151.54705775022182, []], "[\"NoTrans\", []]": [0, -100, []]}, "{\"10.0.0.11_10.0.0.41\": [1, 2, 4], \"10.0.0.12_10.0.0.42\": [1, 3, 4], \"10.0.0.13_10.0.0.43\": [1, 3, 4]}": {"[\"10.0.0.11_10.0.0.41\", [1, 3, 4]]": [1, -166.49788284301758, []], "[\"10.0.0.13_10.0.0.43\", [1, 2, 4]]": [1, -172.8699202778628, []], "[\"10.0.0.12_10.0.0.42\", [1, 2, 4]]": [1, -171.31187521599293, []], "[\"NoTrans\", []]": [657, -119.74586145888647, []]}, "{\"10.0.0.11_10.0.0.41\": [1, 2, 4], \"10.0.0.12_10.0.0.42\": [1, 2, 4], \"10.0.0.13_10.0.0.43\": [1, 3, 4]}": {"[\"10.0.0.11_10.0.0.41\", [1, 3, 4]]": [1, -151.28031350023974, []], "[\"10.0.0.13_10.0.0.43\", [1, 2, 4]]": [1, -191.96165466308594, []], "[\"10.0.0.12_10.0.0.42\", [1, 3, 4]]": [1, -139.5751676529279, []], "[\"NoTrans\", []]": [1, -172.20523147438809, []]}, "{\"10.0.0.11_10.0.0.41\": [1, 2, 4], \"10.0.0.12_10.0.0.42\": [1, 3, 4], \"10.0.0.13_10.0.0.43\": [1, 2, 4]}": {"[\"10.0.0.11_10.0.0.41\", [1, 3, 4]]": [1, -149.80243547544165, []], "[\"10.0.0.13_10.0.0.43\", [1, 3, 4]]": [2, -161.47007043129207, []], "[\"10.0.0.12_10.0.0.42\", [1, 2, 4]]": [1, -174.45813854975302, []], "[\"NoTrans\", []]": [1, -173.59913897826328, []]}, "{\"10.0.0.11_10.0.0.41\": [1, 2, 4], \"10.0.0.12_10.0.0.42\": [1, 2, 4], \"10.0.0.13_10.0.0.43\": [1, 2, 4]}": {"[\"10.0.0.11_10.0.0.41\", [1, 3, 4]]": [1, -172.2011556278988, []], "[\"10.0.0.13_10.0.0.43\", [1, 3, 4]]": [1, -172.18607782501198, []], "[\"10.0.0.12_10.0.0.42\", [1, 3, 4]]": [1, -141.9561899778187, []], "[\"NoTrans\", []]": [1, -191.24973678588867, []]}}