{"{\"10.0.0.11_10.0.0.41\": [1, 3, 4], \"10.0.0.12_10.0.0.42\": [1, 3, 4], \"10.0.0.13_10.0.0.43\": [1, 3, 4]}": {"[\"10.0.0.13_10.0.0.43\", [1, 2, 4]]": [2, -160.8405702553134, []], "[\"10.0.0.11_10.0.0.41\", [1, 2, 4]]": [3, -132.4629931645141, []], "[\"10.0.0.12_10.0.0.42\", [1, 2, 4]]": [1, -145.8682310406885, []], "[\"NoTrans\", []]": [1, -140.36897869865945, []]}, "{\"10.0.0.11_10.0.0.41\": [1, 3, 4], \"10.0.0.12_10.0.0.42\": [1, 2, 4], \"10.0.0.13_10.0.0.43\": [1, 3, 4]}": {"[\"10.0.0.13_10.0.0.43\", [1, 2, 4]]": [2, -183.1804038005194, []], "[\"10.0.0.11_10.0.0.41\", [1, 2, 4]]": [2, -200.72315119468973, []], "[\"10.0.0.12_10.0.0.42\", [1, 3, 4]]": [2, -180.05377289405703, []], "[\"NoTrans\", []]": [1, -144.08287584596548, []]}, "{\"10.0.0.11_10.0.0.41\": [1, 2, 4], \"10.0.0.12_10.0.0.42\": [1, 3, 4], \"10.0.0.13_10.0.0.43\": [1, 3, 4]}": {"[\"10.0.0.13_10.0.0.43\", [1, 2, 4]]": [3, -206.34382677603446, []], "[\"10.0.0.11_10.0.0.41\", [1, 3, 4]]": [2, -177.87583444681133, []], "[\"10.0.0.12_10.0.0.42\", [1, 2, 4]]": [2, -199.27730416526694, []], "[\"NoTrans\", []]": [614, -123.90229416111434, []]}, "{\"10.0.0.11_10.0.0.41\": [1, 2, 4], \"10.0.0.12_10.0.0.42\": [1, 2, 4], \"10.0.0.13_10.0.0.43\": [1, 3, 4]}": {"[\"10.0.0.13_10.0.0.43\", [1, 2, 4]]": [2, -174.62157831744906, []], "[\"10.0.0.11_10.0.0.41\", [1, 3, 4]]": [2, -182.79814204644248, []], "[\"10.0.0.12_10.0.0.42\", [1, 3, 4]]": [2, -161.96759936071322, []], "[\"NoTrans\", []]": [2, -199.02503914072128, []]}, "{\"10.0.0.11_10.0.0.41\": [1, 3, 4], \"10.0.0.12_10.0.0.42\": [1, 3, 4], \"10.0.0.13_10.0.0.43\": [1, 2, 4]}": {"[\"10.0.0.13_10.0.0.43\", [1, 3, 4]]": [2, -154.1646024779563, []], "[\"10.0.0.11_10.0.0.41\", [1, 2, 4]]": [2, -186.7361265596864, []], "[\"10.0.0.12_10.0.0.42\", [1, 2, 4]]": [3, -196.93493325034493, []], "[\"NoTrans\", []]": [2, -162.21336825163826, []]}, "{\"10.0.0.11_10.0.0.41\": [1, 3, 4], \"10.0.0.12_10.0.0.42\": [1, 2, 4], \"10.0.0.13_10.0.0.43\": [1, 2, 4]}": {"[\"10.0.0.13_10.0.0.43\", [1, 3, 4]]": [3, -184.6837640606983, []], "[\"10.0.0.11_10.0.0.41\", [1, 2, 4]]": [2, -186.35314504997888, []], "[\"10.0.0.12_10.0.0.42\", [1, 3, 4]]": [2, -184.46994974948518, []], "[\"NoTrans\", []]": [2, -188.65588904837008, []]}, "{\"10.0.0.11_10.0.0.41\": [1, 2, 4], \"10.0.0.12_10.0.0.42\": [1, 3, 4], \"10.0.0.13_10.0.0.43\": [1, 2, 4]}": {"[\"10.0.0.13_10.0.0.43\", [1, 3, 4]]": [3, -173.12131708769041, []], "[\"10.0.0.11_10.0.0.41\", [1, 3, 4]]": [3, -167.55165064837584, []], "[\"10.0.0.12_10.0.0.42\", [1, 2, 4]]": [2, -216.17818993193367, []], "[\"NoTrans\", []]": [2, -184.3557331985824, []]}, "{\"10.0.0.11_10.0.0.41\": [1, 2, 4], \"10.0.0.12_10.0.0.42\": [1, 2, 4], \"10.0.0.13_10.0.0.43\": [1, 2, 4]}": {"[\"10.0.0.13_10.0.0.43\", [1, 3, 4]]": [2, -152.2247441858646, []], "[\"10.0.0.11_10.0.0.41\", [1, 3, 4]]": [2, -202.99595196292282, []], "[\"10.0.0.12_10.0.0.42\", [1, 3, 4]]": [3, -203.26484444420106, []], "[\"NoTrans\", []]": [1, -143.9152670143481, []]}}