{"{\"10.0.0.11_10.0.0.41\": [1, 3, 4], \"10.0.0.12_10.0.0.42\": [1, 3, 4], \"10.0.0.13_10.0.0.43\": [1, 3, 4]}": {"[\"10.0.0.13_10.0.0.43\", [1, 2, 4]]": [26, -300.8433934468779, []], "[\"10.0.0.12_10.0.0.42\", [1, 2, 4]]": [18, -300.301235932414, []], "[\"10.0.0.11_10.0.0.41\", [1, 2, 4]]": [13, -199.71890951556207, []], "[\"NoTrans\", []]": [23, -265.8638162562774, []]}, "{\"10.0.0.11_10.0.0.41\": [1, 2, 4], \"10.0.0.12_10.0.0.42\": [1, 3, 4], \"10.0.0.13_10.0.0.43\": [1, 3, 4]}": {"[\"10.0.0.13_10.0.0.43\", [1, 2, 4]]": [19, -306.95946272903785, []], "[\"10.0.0.12_10.0.0.42\", [1, 2, 4]]": [15, -298.65752158319765, []], "[\"10.0.0.11_10.0.0.41\", [1, 3, 4]]": [14, -261.38915794264045, []], "[\"NoTrans\", []]": [16, -212.82792876741132, []]}, "{\"10.0.0.11_10.0.0.41\": [1, 3, 4], \"10.0.0.12_10.0.0.42\": [1, 2, 4], \"10.0.0.13_10.0.0.43\": [1, 3, 4]}": {"[\"10.0.0.13_10.0.0.43\", [1, 2, 4]]": [16, -346.9410250946909, []], "[\"10.0.0.12_10.0.0.42\", [1, 3, 4]]": [20, -266.4275818829562, []], "[\"10.0.0.11_10.0.0.41\", [1, 2, 4]]": [15, -303.19763178514773, []], "[\"NoTrans\", []]": [24, -302.2304426722448, []]}, "{\"10.0.0.11_10.0.0.41\": [1, 2, 4], \"10.0.0.12_10.0.0.42\": [1, 2, 4], \"10.0.0.13_10.0.0.43\": [1, 3, 4]}": {"[\"10.0.0.13_10.0.0.43\", [1, 2, 4]]": [14, -373.7297798128817, []], "[\"10.0.0.12_10.0.0.42\", [1, 3, 4]]": [17, -240.24354986215974, []], "[\"10.0.0.11_10.0.0.41\", [1, 3, 4]]": [13, -300.6172177713241, []], "[\"NoTrans\", []]": [14, -301.5853966388419, []]}, "{\"10.0.0.11_10.0.0.41\": [1, 3, 4], \"10.0.0.12_10.0.0.42\": [1, 3, 4], \"10.0.0.13_10.0.0.43\": [1, 2, 4]}": {"[\"10.0.0.13_10.0.0.43\", [1, 3, 4]]": [23, -264.6402762348072, []], "[\"10.0.0.12_10.0.0.42\", [1, 2, 4]]": [22, -350.94183365938676, []], "[\"10.0.0.11_10.0.0.41\", [1, 2, 4]]": [16, -308.3575507652852, []], "[\"NoTrans\", []]": [24, -300.7956950562617, []]}, "{\"10.0.0.11_10.0.0.41\": [1, 2, 4], \"10.0.0.12_10.0.0.42\": [1, 3, 4], \"10.0.0.13_10.0.0.43\": [1, 2, 4]}": {"[\"10.0.0.13_10.0.0.43\", [1, 3, 4]]": [18, -243.0832297710164, []], "[\"10.0.0.12_10.0.0.42\", [1, 2, 4]]": [14, -374.8430105277794, []], "[\"10.0.0.11_10.0.0.41\", [1, 3, 4]]": [14, -300.0714024706856, []], "[\"NoTrans\", []]": [17, -299.9177027010186, []]}, "{\"10.0.0.11_10.0.0.41\": [1, 3, 4], \"10.0.0.12_10.0.0.42\": [1, 2, 4], \"10.0.0.13_10.0.0.43\": [1, 2, 4]}": {"[\"10.0.0.13_10.0.0.43\", [1, 3, 4]]": [20, -298.8916062245322, []], "[\"10.0.0.12_10.0.0.42\", [1, 3, 4]]": [22, -300.5381265567666, []], "[\"10.0.0.11_10.0.0.41\", [1, 2, 4]]": [15, -374.449808663779, []], "[\"NoTrans\", []]": [20, -349.2212770579716, []]}, "{\"10.0.0.11_10.0.0.41\": [1, 2, 4], \"10.0.0.12_10.0.0.42\": [1, 2, 4], \"10.0.0.13_10.0.0.43\": [1, 2, 4]}": {"[\"10.0.0.13_10.0.0.43\", [1, 3, 4]]": [14, -304.85318981549227, []], "[\"10.0.0.12_10.0.0.42\", [1, 3, 4]]": [10, -298.80676557413136, []], "[\"10.0.0.11_10.0.0.41\", [1, 3, 4]]": [19, -348.1635459330404, []], "[\"NoTrans\", []]": [10, -374.3077331606593, []]}}