{"{\"10.0.0.11_10.0.0.41\": [1, 3, 4], \"10.0.0.12_10.0.0.42\": [1, 3, 4], \"10.0.0.13_10.0.0.43\": [1, 3, 4]}": {"[\"10.0.0.11_10.0.0.41\", [1, 2, 4]]": [1, -139.95665642441426, []], "[\"10.0.0.13_10.0.0.43\", [1, 2, 4]]": [1, -186.4125554013934, []], "[\"10.0.0.12_10.0.0.42\", [1, 2, 4]]": [1, -189.94459053890694, []], "[\"NoTrans\", []]": [0, -140, []]}, "{\"10.0.0.11_10.0.0.41\": [1, 3, 4], \"10.0.0.12_10.0.0.42\": [1, 2, 4], \"10.0.0.13_10.0.0.43\": [1, 3, 4]}": {"[\"10.0.0.11_10.0.0.41\", [1, 2, 4]]": [1, -205.14908615618742, []], "[\"10.0.0.13_10.0.0.43\", [1, 2, 4]]": [1, -205.54715719576603, []], "[\"10.0.0.12_10.0.0.42\", [1, 3, 4]]": [1, -203.0832649230957, []], "[\"NoTrans\", []]": [1, -188.17681170309862, []]}, "{\"10.0.0.11_10.0.0.41\": [1, 3, 4], \"10.0.0.12_10.0.0.42\": [1, 3, 4], \"10.0.0.13_10.0.0.43\": [1, 2, 4]}": {"[\"10.0.0.11_10.0.0.41\", [1, 2, 4]]": [1, -206.80100960968446, []], "[\"10.0.0.13_10.0.0.43\", [1, 3, 4]]": [1, -203.02861938476562, []], "[\"10.0.0.12_10.0.0.42\", [1, 2, 4]]": [1, -202.97744276723222, []], "[\"NoTrans\", []]": [1, -186.77739185959769, []]}, "{\"10.0.0.11_10.0.0.41\": [1, 3, 4], \"10.0.0.12_10.0.0.42\": [1, 2, 4], \"10.0.0.13_10.0.0.43\": [1, 2, 4]}": {"[\"10.0.0.11_10.0.0.41\", [1, 2, 4]]": [1, -221.3899971008301, []], "[\"10.0.0.13_10.0.0.43\", [1, 3, 4]]": [1, -185.9450807772211, []], "[\"10.0.0.12_10.0.0.42\", [1, 3, 4]]": [1, -185.65679459622874, []], "[\"NoTrans\", []]": [1, -204.46824131226487, []]}, "{\"10.0.0.11_10.0.0.41\": [1, 2, 4], \"10.0.0.12_10.0.0.42\": [1, 3, 4], \"10.0.0.13_10.0.0.43\": [1, 3, 4]}": {"[\"10.0.0.11_10.0.0.41\", [1, 3, 4]]": [1, -202.46099243164062, []], "[\"10.0.0.13_10.0.0.43\", [1, 2, 4]]": [2, -202.90696556871987, []], "[\"10.0.0.12_10.0.0.42\", [1, 2, 4]]": [1, -206.53138371997755, []], "[\"NoTrans\", []]": [357, -125.34030197540089, []]}, "{\"10.0.0.11_10.0.0.41\": [1, 2, 4], \"10.0.0.12_10.0.0.42\": [1, 2, 4], \"10.0.0.13_10.0.0.43\": [1, 3, 4]}": {"[\"10.0.0.11_10.0.0.41\", [1, 3, 4]]": [1, -189.01839261243003, []], "[\"10.0.0.13_10.0.0.43\", [1, 2, 4]]": [1, -221.8731285095215, []], "[\"10.0.0.12_10.0.0.42\", [1, 3, 4]]": [2, -174.22223294348385, []], "[\"NoTrans\", []]": [0, -140, []]}, "{\"10.0.0.11_10.0.0.41\": [1, 2, 4], \"10.0.0.12_10.0.0.42\": [1, 3, 4], \"10.0.0.13_10.0.0.43\": [1, 2, 4]}": {"[\"10.0.0.11_10.0.0.41\", [1, 3, 4]]": [1, -187.50215628575754, []], "[\"10.0.0.13_10.0.0.43\", [1, 3, 4]]": [2, -179.3829268129869, []], "[\"10.0.0.12_10.0.0.42\", [1, 2, 4]]": [1, -218.26153971521427, []], "[\"NoTrans\", []]": [394, -195.1380788881808, []]}, "{\"10.0.0.11_10.0.0.41\": [1, 2, 4], \"10.0.0.12_10.0.0.42\": [1, 2, 4], \"10.0.0.13_10.0.0.43\": [1, 2, 4]}": {"[\"10.0.0.11_10.0.0.41\", [1, 3, 4]]": [1, -204.73399255174797, []], "[\"10.0.0.13_10.0.0.43\", [1, 3, 4]]": [2, -203.43716817566542, []], "[\"10.0.0.12_10.0.0.42\", [1, 3, 4]]": [1, -225.54969101340913, []], "[\"NoTrans\", []]": [1, -223.16783676147463, []]}}