{"{\"10.0.0.11_10.0.0.41\": [1, 3, 4], \"10.0.0.12_10.0.0.42\": [1, 3, 4], \"10.0.0.13_10.0.0.43\": [1, 3, 4]}": {"[\"10.0.0.13_10.0.0.43\", [1, 2, 4]]": [12, -279.0959450876668, []], "[\"10.0.0.11_10.0.0.41\", [1, 2, 4]]": [23, -163.1139061869222, []], "[\"10.0.0.12_10.0.0.42\", [1, 2, 4]]": [22, -278.484142223821, []], "[\"NoTrans\", []]": [16, -245.25968560638404, []]}, "{\"10.0.0.11_10.0.0.41\": [1, 3, 4], \"10.0.0.12_10.0.0.42\": [1, 2, 4], \"10.0.0.13_10.0.0.43\": [1, 3, 4]}": {"[\"10.0.0.13_10.0.0.43\", [1, 2, 4]]": [18, -325.2103464012508, []], "[\"10.0.0.11_10.0.0.41\", [1, 2, 4]]": [11, -276.76494190120536, []], "[\"10.0.0.12_10.0.0.42\", [1, 3, 4]]": [17, -234.69608565115644, []], "[\"NoTrans\", []]": [19, -272.6554912990268, []]}, "{\"10.0.0.11_10.0.0.41\": [1, 2, 4], \"10.0.0.12_10.0.0.42\": [1, 3, 4], \"10.0.0.13_10.0.0.43\": [1, 3, 4]}": {"[\"10.0.0.13_10.0.0.43\", [1, 2, 4]]": [19, -276.1537824462869, []], "[\"10.0.0.11_10.0.0.41\", [1, 3, 4]]": [23, -248.58294290662965, []], "[\"10.0.0.12_10.0.0.42\", [1, 2, 4]]": [15, -276.4412015897351, []], "[\"NoTrans\", []]": [39, -182.80871883219416, []]}, "{\"10.0.0.11_10.0.0.41\": [1, 2, 4], \"10.0.0.12_10.0.0.42\": [1, 2, 4], \"10.0.0.13_10.0.0.43\": [1, 3, 4]}": {"[\"10.0.0.13_10.0.0.43\", [1, 2, 4]]": [18, -345.2402505220454, []], "[\"10.0.0.11_10.0.0.41\", [1, 3, 4]]": [6, -277.3828754629618, []], "[\"10.0.0.12_10.0.0.42\", [1, 3, 4]]": [17, -207.21596807626085, []], "[\"NoTrans\", []]": [14, -273.3266582587372, []]}, "{\"10.0.0.11_10.0.0.41\": [1, 3, 4], \"10.0.0.12_10.0.0.42\": [1, 3, 4], \"10.0.0.13_10.0.0.43\": [1, 2, 4]}": {"[\"10.0.0.13_10.0.0.43\", [1, 3, 4]]": [17, -241.09857311129727, []], "[\"10.0.0.11_10.0.0.41\", [1, 2, 4]]": [13, -278.2713722884266, []], "[\"10.0.0.12_10.0.0.42\", [1, 2, 4]]": [12, -326.49624355925545, []], "[\"NoTrans\", []]": [6, -282.1783514692926, []]}, "{\"10.0.0.11_10.0.0.41\": [1, 3, 4], \"10.0.0.12_10.0.0.42\": [1, 2, 4], \"10.0.0.13_10.0.0.43\": [1, 2, 4]}": {"[\"10.0.0.13_10.0.0.43\", [1, 3, 4]]": [18, -273.005983818841, []], "[\"10.0.0.11_10.0.0.41\", [1, 2, 4]]": [12, -346.6828447487562, []], "[\"10.0.0.12_10.0.0.42\", [1, 3, 4]]": [14, -277.0160656081054, []], "[\"NoTrans\", []]": [11, -326.9467573157189, []]}, "{\"10.0.0.11_10.0.0.41\": [1, 2, 4], \"10.0.0.12_10.0.0.42\": [1, 3, 4], \"10.0.0.13_10.0.0.43\": [1, 2, 4]}": {"[\"10.0.0.13_10.0.0.43\", [1, 3, 4]]": [18, -207.04860523004442, []], "[\"10.0.0.11_10.0.0.41\", [1, 3, 4]]": [15, -277.17606105975153, []], "[\"10.0.0.12_10.0.0.42\", [1, 2, 4]]": [10, -342.2764409276518, []], "[\"NoTrans\", []]": [19, -279.77930959254996, []]}, "{\"10.0.0.11_10.0.0.41\": [1, 2, 4], \"10.0.0.12_10.0.0.42\": [1, 2, 4], \"10.0.0.13_10.0.0.43\": [1, 2, 4]}": {"[\"10.0.0.13_10.0.0.43\", [1, 3, 4]]": [15, -272.94098248723486, []], "[\"10.0.0.11_10.0.0.41\", [1, 3, 4]]": [14, -327.84621164853615, []], "[\"10.0.0.12_10.0.0.42\", [1, 3, 4]]": [11, -274.8627895392396, []], "[\"NoTrans\", []]": [15, -345.2432128251345, []]}}