{"{\"10.0.0.11_10.0.0.41\": [1, 3, 4], \"10.0.0.12_10.0.0.42\": [1, 3, 4], \"10.0.0.13_10.0.0.43\": [1, 3, 4]}": {"[\"10.0.0.12_10.0.0.42\", [1, 2, 4]]": [3, -189.80493825299573, []], "[\"10.0.0.13_10.0.0.43\", [1, 2, 4]]": [2, -201.1555154115479, []], "[\"10.0.0.11_10.0.0.41\", [1, 2, 4]]": [4, -166.62152515554664, []], "[\"NoTrans\", []]": [2, -195.0015911787301, []]}, "{\"10.0.0.11_10.0.0.41\": [1, 2, 4], \"10.0.0.12_10.0.0.42\": [1, 3, 4], \"10.0.0.13_10.0.0.43\": [1, 3, 4]}": {"[\"10.0.0.12_10.0.0.42\", [1, 2, 4]]": [3, -192.22296896361905, []], "[\"10.0.0.13_10.0.0.43\", [1, 2, 4]]": [2, -213.52035680967657, []], "[\"10.0.0.11_10.0.0.41\", [1, 3, 4]]": [4, -209.1432429516691, []], "[\"NoTrans\", []]": [595, -123.16446450998058, []]}, "{\"10.0.0.11_10.0.0.41\": [1, 3, 4], \"10.0.0.12_10.0.0.42\": [1, 3, 4], \"10.0.0.13_10.0.0.43\": [1, 2, 4]}": {"[\"10.0.0.12_10.0.0.42\", [1, 2, 4]]": [3, -221.72825802374444, []], "[\"10.0.0.13_10.0.0.43\", [1, 3, 4]]": [2, -199.5550155343626, []], "[\"10.0.0.11_10.0.0.41\", [1, 2, 4]]": [2, -217.0871458889515, []], "[\"NoTrans\", []]": [2, -186.25339176669328, []]}, "{\"10.0.0.11_10.0.0.41\": [1, 2, 4], \"10.0.0.12_10.0.0.42\": [1, 3, 4], \"10.0.0.13_10.0.0.43\": [1, 2, 4]}": {"[\"10.0.0.12_10.0.0.42\", [1, 2, 4]]": [2, -214.3408948618263, []], "[\"10.0.0.13_10.0.0.43\", [1, 3, 4]]": [3, -197.32421099057586, []], "[\"10.0.0.11_10.0.0.41\", [1, 3, 4]]": [2, -184.82499825470302, []], "[\"NoTrans\", []]": [2, -226.44528223699263, []]}, "{\"10.0.0.11_10.0.0.41\": [1, 3, 4], \"10.0.0.12_10.0.0.42\": [1, 2, 4], \"10.0.0.13_10.0.0.43\": [1, 3, 4]}": {"[\"10.0.0.12_10.0.0.42\", [1, 3, 4]]": [3, -197.14429586444786, []], "[\"10.0.0.13_10.0.0.43\", [1, 2, 4]]": [3, -195.27724082381457, []], "[\"10.0.0.11_10.0.0.41\", [1, 2, 4]]": [3, -235.71982317426875, []], "[\"NoTrans\", []]": [3, -195.61318560344688, []]}, "{\"10.0.0.11_10.0.0.41\": [1, 2, 4], \"10.0.0.12_10.0.0.42\": [1, 2, 4], \"10.0.0.13_10.0.0.43\": [1, 3, 4]}": {"[\"10.0.0.12_10.0.0.42\", [1, 3, 4]]": [3, -183.9080021007886, []], "[\"10.0.0.13_10.0.0.43\", [1, 2, 4]]": [3, -242.68989302008742, []], "[\"10.0.0.11_10.0.0.41\", [1, 3, 4]]": [3, -181.40596153703152, []], "[\"NoTrans\", []]": [2, -184.48212725016964, []]}, "{\"10.0.0.11_10.0.0.41\": [1, 3, 4], \"10.0.0.12_10.0.0.42\": [1, 2, 4], \"10.0.0.13_10.0.0.43\": [1, 2, 4]}": {"[\"10.0.0.12_10.0.0.42\", [1, 3, 4]]": [3, -210.65671419254843, []], "[\"10.0.0.13_10.0.0.43\", [1, 3, 4]]": [3, -193.76244093819497, []], "[\"10.0.0.11_10.0.0.41\", [1, 2, 4]]": [2, -212.05094244569256, []], "[\"NoTrans\", []]": [2, -193.60844082975763, []]}, "{\"10.0.0.11_10.0.0.41\": [1, 2, 4], \"10.0.0.12_10.0.0.42\": [1, 2, 4], \"10.0.0.13_10.0.0.43\": [1, 2, 4]}": {"[\"10.0.0.12_10.0.0.42\", [1, 3, 4]]": [3, -228.89513894139628, []], "[\"10.0.0.13_10.0.0.43\", [1, 3, 4]]": [2, -198.11957498370305, []], "[\"10.0.0.11_10.0.0.41\", [1, 3, 4]]": [2, -211.72110402787268, []], "[\"NoTrans\", []]": [2, -236.9100659021675, []]}}