{"{\"10.0.0.11_10.0.0.41\": [1, 3, 4], \"10.0.0.12_10.0.0.42\": [1, 3, 4], \"10.0.0.13_10.0.0.43\": [1, 3, 4]}": {"[\"10.0.0.13_10.0.0.43\", [1, 2, 4]]": [16, -295.2413081377454, []], "[\"10.0.0.12_10.0.0.42\", [1, 2, 4]]": [12, -295.3374460241245, []], "[\"10.0.0.11_10.0.0.41\", [1, 2, 4]]": [22, -208.6319868383162, []], "[\"NoTrans\", []]": [25, -262.9068861254425, []]}, "{\"10.0.0.11_10.0.0.41\": [1, 2, 4], \"10.0.0.12_10.0.0.42\": [1, 3, 4], \"10.0.0.13_10.0.0.43\": [1, 3, 4]}": {"[\"10.0.0.13_10.0.0.43\", [1, 2, 4]]": [17, -304.3999166039024, []], "[\"10.0.0.12_10.0.0.42\", [1, 2, 4]]": [23, -300.0593747892408, []], "[\"10.0.0.11_10.0.0.41\", [1, 3, 4]]": [22, -262.4726188679762, []], "[\"NoTrans\", []]": [16, -217.73998113417292, []]}, "{\"10.0.0.11_10.0.0.41\": [1, 3, 4], \"10.0.0.12_10.0.0.42\": [1, 2, 4], \"10.0.0.13_10.0.0.43\": [1, 3, 4]}": {"[\"10.0.0.13_10.0.0.43\", [1, 2, 4]]": [16, -346.0804450949681, []], "[\"10.0.0.12_10.0.0.42\", [1, 3, 4]]": [11, -262.11770967198277, []], "[\"10.0.0.11_10.0.0.41\", [1, 2, 4]]": [14, -301.21877586251344, []], "[\"NoTrans\", []]": [20, -294.02606351939653, []]}, "{\"10.0.0.11_10.0.0.41\": [1, 2, 4], \"10.0.0.12_10.0.0.42\": [1, 2, 4], \"10.0.0.13_10.0.0.43\": [1, 3, 4]}": {"[\"10.0.0.13_10.0.0.43\", [1, 2, 4]]": [16, -367.74111845499846, []], "[\"10.0.0.12_10.0.0.42\", [1, 3, 4]]": [18, -245.51115203376017, []], "[\"10.0.0.11_10.0.0.41\", [1, 3, 4]]": [18, -295.50781142844664, []], "[\"NoTrans\", []]": [16, -304.77629405490757, []]}, "{\"10.0.0.11_10.0.0.41\": [1, 3, 4], \"10.0.0.12_10.0.0.42\": [1, 3, 4], \"10.0.0.13_10.0.0.43\": [1, 2, 4]}": {"[\"10.0.0.13_10.0.0.43\", [1, 3, 4]]": [17, -267.5275412054271, []], "[\"10.0.0.12_10.0.0.42\", [1, 2, 4]]": [12, -344.91118985924817, []], "[\"10.0.0.11_10.0.0.41\", [1, 2, 4]]": [18, -302.4045657242176, []], "[\"NoTrans\", []]": [12, -295.3480182271694, []]}, "{\"10.0.0.11_10.0.0.41\": [1, 2, 4], \"10.0.0.12_10.0.0.42\": [1, 3, 4], \"10.0.0.13_10.0.0.43\": [1, 2, 4]}": {"[\"10.0.0.13_10.0.0.43\", [1, 3, 4]]": [23, -239.45960969462953, []], "[\"10.0.0.12_10.0.0.42\", [1, 2, 4]]": [20, -366.8806720492057, []], "[\"10.0.0.11_10.0.0.41\", [1, 3, 4]]": [17, -297.10364465333083, []], "[\"NoTrans\", []]": [25, -302.88710478991504, []]}, "{\"10.0.0.11_10.0.0.41\": [1, 3, 4], \"10.0.0.12_10.0.0.42\": [1, 2, 4], \"10.0.0.13_10.0.0.43\": [1, 2, 4]}": {"[\"10.0.0.13_10.0.0.43\", [1, 3, 4]]": [11, -295.2263684932429, []], "[\"10.0.0.12_10.0.0.42\", [1, 3, 4]]": [13, -296.5170301145147, []], "[\"10.0.0.11_10.0.0.41\", [1, 2, 4]]": [16, -374.48313714562875, []], "[\"NoTrans\", []]": [17, -344.9833520204356, []]}, "{\"10.0.0.11_10.0.0.41\": [1, 2, 4], \"10.0.0.12_10.0.0.42\": [1, 2, 4], \"10.0.0.13_10.0.0.43\": [1, 2, 4]}": {"[\"10.0.0.13_10.0.0.43\", [1, 3, 4]]": [15, -303.16314196881035, []], "[\"10.0.0.12_10.0.0.42\", [1, 3, 4]]": [25, -297.3381170414133, []], "[\"10.0.0.11_10.0.0.41\", [1, 3, 4]]": [12, -342.55720980253835, []], "[\"NoTrans\", []]": [22, -371.67485924411176, []]}}