{"{\"10.0.0.11_10.0.0.41\": [1, 3, 4], \"10.0.0.12_10.0.0.42\": [1, 3, 4], \"10.0.0.13_10.0.0.43\": [1, 3, 4]}": {"[\"10.0.0.12_10.0.0.42\", [1, 2, 4]]": [4, -274.64829886000746, []], "[\"10.0.0.13_10.0.0.43\", [1, 2, 4]]": [4, -274.6842559319299, []], "[\"10.0.0.11_10.0.0.41\", [1, 2, 4]]": [38, -151.9663570301838, []], "[\"NoTrans\", []]": [6, -250.40253815486122, []]}, "{\"10.0.0.11_10.0.0.41\": [1, 2, 4], \"10.0.0.12_10.0.0.42\": [1, 3, 4], \"10.0.0.13_10.0.0.43\": [1, 3, 4]}": {"[\"10.0.0.12_10.0.0.42\", [1, 2, 4]]": [29, -282.6548584450893, []], "[\"10.0.0.13_10.0.0.43\", [1, 2, 4]]": [29, -277.7451033192344, []], "[\"10.0.0.11_10.0.0.41\", [1, 3, 4]]": [29, -240.16466839967438, []], "[\"NoTrans\", []]": [301, -131.95377424667592, []]}, "{\"10.0.0.11_10.0.0.41\": [1, 3, 4], \"10.0.0.12_10.0.0.42\": [1, 3, 4], \"10.0.0.13_10.0.0.43\": [1, 2, 4]}": {"[\"10.0.0.12_10.0.0.42\", [1, 2, 4]]": [6, -315.6012747240366, []], "[\"10.0.0.13_10.0.0.43\", [1, 3, 4]]": [6, -247.00432719913582, []], "[\"10.0.0.11_10.0.0.41\", [1, 2, 4]]": [4, -288.0009823109879, []], "[\"NoTrans\", []]": [6, -283.0237793366969, []]}, "{\"10.0.0.11_10.0.0.41\": [1, 2, 4], \"10.0.0.12_10.0.0.42\": [1, 3, 4], \"10.0.0.13_10.0.0.43\": [1, 2, 4]}": {"[\"10.0.0.12_10.0.0.42\", [1, 2, 4]]": [5, -334.63608994654254, []], "[\"10.0.0.13_10.0.0.43\", [1, 3, 4]]": [27, -198.9783749336635, []], "[\"10.0.0.11_10.0.0.41\", [1, 3, 4]]": [7, -282.1700612232668, []], "[\"NoTrans\", []]": [12, -277.0706129435013, []]}, "{\"10.0.0.11_10.0.0.41\": [1, 3, 4], \"10.0.0.12_10.0.0.42\": [1, 2, 4], \"10.0.0.13_10.0.0.43\": [1, 3, 4]}": {"[\"10.0.0.12_10.0.0.42\", [1, 3, 4]]": [11, -245.05128330297254, []], "[\"10.0.0.13_10.0.0.43\", [1, 2, 4]]": [4, -315.9025240435692, []], "[\"10.0.0.11_10.0.0.41\", [1, 2, 4]]": [4, -273.4740147748411, []], "[\"NoTrans\", []]": [7, -279.2006553370273, []]}, "{\"10.0.0.11_10.0.0.41\": [1, 2, 4], \"10.0.0.12_10.0.0.42\": [1, 2, 4], \"10.0.0.13_10.0.0.43\": [1, 3, 4]}": {"[\"10.0.0.12_10.0.0.42\", [1, 3, 4]]": [23, -192.01825905112798, []], "[\"10.0.0.13_10.0.0.43\", [1, 2, 4]]": [6, -345.4041867435811, []], "[\"10.0.0.11_10.0.0.41\", [1, 3, 4]]": [10, -284.46355587556474, []], "[\"NoTrans\", []]": [11, -282.12328445443075, []]}, "{\"10.0.0.11_10.0.0.41\": [1, 3, 4], \"10.0.0.12_10.0.0.42\": [1, 2, 4], \"10.0.0.13_10.0.0.43\": [1, 2, 4]}": {"[\"10.0.0.12_10.0.0.42\", [1, 3, 4]]": [4, -269.0227694905272, []], "[\"10.0.0.13_10.0.0.43\", [1, 3, 4]]": [5, -276.7993305584995, []], "[\"10.0.0.11_10.0.0.41\", [1, 2, 4]]": [5, -337.8325645457231, []], "[\"NoTrans\", []]": [4, -310.27922370859403, []]}, "{\"10.0.0.11_10.0.0.41\": [1, 2, 4], \"10.0.0.12_10.0.0.42\": [1, 2, 4], \"10.0.0.13_10.0.0.43\": [1, 2, 4]}": {"[\"10.0.0.12_10.0.0.42\", [1, 3, 4]]": [6, -264.88795582168996, []], "[\"10.0.0.13_10.0.0.43\", [1, 3, 4]]": [6, -307.9863368230109, []], "[\"10.0.0.11_10.0.0.41\", [1, 3, 4]]": [4, -299.34340462353316, []], "[\"NoTrans\", []]": [3, -327.3248429692629, []]}}