{"{\"10.0.0.11_10.0.0.41\": [1, 3, 4], \"10.0.0.12_10.0.0.42\": [1, 3, 4], \"10.0.0.13_10.0.0.43\": [1, 3, 4]}": {"[\"10.0.0.12_10.0.0.42\", [1, 2, 4]]": [3, -163.73440170454262, []], "[\"10.0.0.13_10.0.0.43\", [1, 2, 4]]": [3, -163.03640290405437, []], "[\"10.0.0.11_10.0.0.41\", [1, 2, 4]]": [4, -125.75537329596342, []], "[\"NoTrans\", []]": [3, -176.82998856770516, []]}, "{\"10.0.0.11_10.0.0.41\": [1, 2, 4], \"10.0.0.12_10.0.0.42\": [1, 3, 4], \"10.0.0.13_10.0.0.43\": [1, 3, 4]}": {"[\"10.0.0.12_10.0.0.42\", [1, 2, 4]]": [6, -189.14272329601903, []], "[\"10.0.0.13_10.0.0.43\", [1, 2, 4]]": [5, -185.63169548135278, []], "[\"10.0.0.11_10.0.0.41\", [1, 3, 4]]": [4, -180.67125529469072, []], "[\"NoTrans\", []]": [366, -138.56883896494145, []]}, "{\"10.0.0.11_10.0.0.41\": [1, 3, 4], \"10.0.0.12_10.0.0.42\": [1, 3, 4], \"10.0.0.13_10.0.0.43\": [1, 2, 4]}": {"[\"10.0.0.12_10.0.0.42\", [1, 2, 4]]": [6, -183.07293000735956, []], "[\"10.0.0.13_10.0.0.43\", [1, 3, 4]]": [3, -169.13651674408678, []], "[\"10.0.0.11_10.0.0.41\", [1, 2, 4]]": [7, -187.51345093804218, []], "[\"NoTrans\", []]": [4, -117.42528560601339, []]}, "{\"10.0.0.11_10.0.0.41\": [1, 2, 4], \"10.0.0.12_10.0.0.42\": [1, 3, 4], \"10.0.0.13_10.0.0.43\": [1, 2, 4]}": {"[\"10.0.0.12_10.0.0.42\", [1, 2, 4]]": [11, -200.24914385608048, []], "[\"10.0.0.13_10.0.0.43\", [1, 3, 4]]": [5, -152.58427168980512, []], "[\"10.0.0.11_10.0.0.41\", [1, 3, 4]]": [6, -167.08324563131555, []], "[\"NoTrans\", []]": [10, -181.78132011791098, []]}, "{\"10.0.0.11_10.0.0.41\": [1, 3, 4], \"10.0.0.12_10.0.0.42\": [1, 2, 4], \"10.0.0.13_10.0.0.43\": [1, 3, 4]}": {"[\"10.0.0.12_10.0.0.42\", [1, 3, 4]]": [3, -176.8908981254304, []], "[\"10.0.0.13_10.0.0.43\", [1, 2, 4]]": [5, -185.0872003363802, []], "[\"10.0.0.11_10.0.0.41\", [1, 2, 4]]": [6, -183.88208316025992, []], "[\"NoTrans\", []]": [3, -114.39382610683943, []]}, "{\"10.0.0.11_10.0.0.41\": [1, 2, 4], \"10.0.0.12_10.0.0.42\": [1, 2, 4], \"10.0.0.13_10.0.0.43\": [1, 3, 4]}": {"[\"10.0.0.12_10.0.0.42\", [1, 3, 4]]": [7, -152.89916224219328, []], "[\"10.0.0.13_10.0.0.43\", [1, 2, 4]]": [11, -200.5335854206815, []], "[\"10.0.0.11_10.0.0.41\", [1, 3, 4]]": [5, -165.8253564571483, []], "[\"NoTrans\", []]": [8, -181.3611919934752, []]}, "{\"10.0.0.11_10.0.0.41\": [1, 3, 4], \"10.0.0.12_10.0.0.42\": [1, 2, 4], \"10.0.0.13_10.0.0.43\": [1, 2, 4]}": {"[\"10.0.0.12_10.0.0.42\", [1, 3, 4]]": [6, -169.23223185999893, []], "[\"10.0.0.13_10.0.0.43\", [1, 3, 4]]": [6, -163.01876524581303, []], "[\"10.0.0.11_10.0.0.41\", [1, 2, 4]]": [8, -200.9017597891113, []], "[\"NoTrans\", []]": [6, -181.66178439372794, []]}, "{\"10.0.0.11_10.0.0.41\": [1, 2, 4], \"10.0.0.12_10.0.0.42\": [1, 2, 4], \"10.0.0.13_10.0.0.43\": [1, 2, 4]}": {"[\"10.0.0.12_10.0.0.42\", [1, 3, 4]]": [10, -182.07100218823518, []], "[\"10.0.0.13_10.0.0.43\", [1, 3, 4]]": [11, -181.9947437879999, []], "[\"10.0.0.11_10.0.0.41\", [1, 3, 4]]": [9, -178.39176890227643, []], "[\"NoTrans\", []]": [237, -199.93732708226656, []]}}