{"{\"10.0.0.11_10.0.0.41\": [1, 3, 4], \"10.0.0.12_10.0.0.42\": [1, 3, 4], \"10.0.0.13_10.0.0.43\": [1, 3, 4]}": {"[\"10.0.0.11_10.0.0.41\", [1, 2, 4]]": [23, -161.35305770119217, []], "[\"10.0.0.13_10.0.0.43\", [1, 2, 4]]": [15, -280.76483367880513, []], "[\"10.0.0.12_10.0.0.42\", [1, 2, 4]]": [14, -281.2396028851317, []], "[\"NoTrans\", []]": [10, -241.09133110471626, []]}, "{\"10.0.0.11_10.0.0.41\": [1, 3, 4], \"10.0.0.12_10.0.0.42\": [1, 2, 4], \"10.0.0.13_10.0.0.43\": [1, 3, 4]}": {"[\"10.0.0.11_10.0.0.41\", [1, 2, 4]]": [15, -274.22155288309966, []], "[\"10.0.0.13_10.0.0.43\", [1, 2, 4]]": [13, -328.869156251403, []], "[\"10.0.0.12_10.0.0.42\", [1, 3, 4]]": [19, -238.81382894352168, []], "[\"NoTrans\", []]": [14, -283.49170549221014, []]}, "{\"10.0.0.11_10.0.0.41\": [1, 3, 4], \"10.0.0.12_10.0.0.42\": [1, 3, 4], \"10.0.0.13_10.0.0.43\": [1, 2, 4]}": {"[\"10.0.0.11_10.0.0.41\", [1, 2, 4]]": [17, -273.53097604361875, []], "[\"10.0.0.13_10.0.0.43\", [1, 3, 4]]": [19, -237.08913357590504, []], "[\"10.0.0.12_10.0.0.42\", [1, 2, 4]]": [12, -328.71871306706277, []], "[\"NoTrans\", []]": [19, -280.57497775140155, []]}, "{\"10.0.0.11_10.0.0.41\": [1, 3, 4], \"10.0.0.12_10.0.0.42\": [1, 2, 4], \"10.0.0.13_10.0.0.43\": [1, 2, 4]}": {"[\"10.0.0.11_10.0.0.41\", [1, 2, 4]]": [13, -346.0878093002894, []], "[\"10.0.0.13_10.0.0.43\", [1, 3, 4]]": [13, -284.22307744838974, []], "[\"10.0.0.12_10.0.0.42\", [1, 3, 4]]": [12, -281.10062017857933, []], "[\"NoTrans\", []]": [6, -332.6796112673133, []]}, "{\"10.0.0.11_10.0.0.41\": [1, 2, 4], \"10.0.0.12_10.0.0.42\": [1, 3, 4], \"10.0.0.13_10.0.0.43\": [1, 3, 4]}": {"[\"10.0.0.11_10.0.0.41\", [1, 3, 4]]": [14, -236.34840087795908, []], "[\"10.0.0.13_10.0.0.43\", [1, 2, 4]]": [25, -275.3846085049917, []], "[\"10.0.0.12_10.0.0.42\", [1, 2, 4]]": [30, -273.45770039324844, []], "[\"NoTrans\", []]": [23, -163.20129278014167, []]}, "{\"10.0.0.11_10.0.0.41\": [1, 2, 4], \"10.0.0.12_10.0.0.42\": [1, 2, 4], \"10.0.0.13_10.0.0.43\": [1, 3, 4]}": {"[\"10.0.0.11_10.0.0.41\", [1, 3, 4]]": [20, -282.6983909123343, []], "[\"10.0.0.13_10.0.0.43\", [1, 2, 4]]": [16, -355.1714660577298, []], "[\"10.0.0.12_10.0.0.42\", [1, 3, 4]]": [27, -205.46347516695644, []], "[\"NoTrans\", []]": [19, -276.48797690709404, []]}, "{\"10.0.0.11_10.0.0.41\": [1, 2, 4], \"10.0.0.12_10.0.0.42\": [1, 3, 4], \"10.0.0.13_10.0.0.43\": [1, 2, 4]}": {"[\"10.0.0.11_10.0.0.41\", [1, 3, 4]]": [21, -280.28190339293275, []], "[\"10.0.0.13_10.0.0.43\", [1, 3, 4]]": [19, -205.25540027233367, []], "[\"10.0.0.12_10.0.0.42\", [1, 2, 4]]": [18, -349.2976292765132, []], "[\"NoTrans\", []]": [17, -273.84581343459655, []]}, "{\"10.0.0.11_10.0.0.41\": [1, 2, 4], \"10.0.0.12_10.0.0.42\": [1, 2, 4], \"10.0.0.13_10.0.0.43\": [1, 2, 4]}": {"[\"10.0.0.11_10.0.0.41\", [1, 3, 4]]": [13, -332.6079249552494, []], "[\"10.0.0.13_10.0.0.43\", [1, 3, 4]]": [18, -274.1359987321268, []], "[\"10.0.0.12_10.0.0.42\", [1, 3, 4]]": [16, -272.89404832439226, []], "[\"NoTrans\", []]": [9, -353.26839924885235, []]}}