{"{\"10.0.0.11_10.0.0.41\": [1, 3, 4], \"10.0.0.12_10.0.0.42\": [1, 3, 4], \"10.0.0.13_10.0.0.43\": [1, 3, 4]}": {"[\"10.0.0.12_10.0.0.42\", [1, 2, 4]]": [15, -374.5590308111207, []], "[\"10.0.0.13_10.0.0.43\", [1, 2, 4]]": [1, -357.03156111393605, []], "[\"10.0.0.11_10.0.0.41\", [1, 2, 4]]": [66, -313.79790125928764, []], "[\"NoTrans\", []]": [8, -367.40414864252773, []]}, "{\"10.0.0.11_10.0.0.41\": [1, 2, 4], \"10.0.0.12_10.0.0.42\": [1, 3, 4], \"10.0.0.13_10.0.0.43\": [1, 3, 4]}": {"[\"10.0.0.12_10.0.0.42\", [1, 2, 4]]": [35, -381.850383334501, []], "[\"10.0.0.13_10.0.0.43\", [1, 2, 4]]": [10, -445.84944623884024, []], "[\"10.0.0.11_10.0.0.41\", [1, 3, 4]]": [65, -397.42923050820104, []], "[\"NoTrans\", []]": [172, -305.02519787063306, []]}, "{\"10.0.0.11_10.0.0.41\": [1, 3, 4], \"10.0.0.12_10.0.0.42\": [1, 3, 4], \"10.0.0.13_10.0.0.43\": [1, 2, 4]}": {"[\"10.0.0.12_10.0.0.42\", [1, 2, 4]]": [9, -453.93018709417936, []], "[\"10.0.0.13_10.0.0.43\", [1, 3, 4]]": [0, -Infinity, []], "[\"10.0.0.11_10.0.0.41\", [1, 2, 4]]": [9, -456.83504413964573, []], "[\"NoTrans\", []]": [0, -Infinity, []]}, "{\"10.0.0.11_10.0.0.41\": [1, 2, 4], \"10.0.0.12_10.0.0.42\": [1, 3, 4], \"10.0.0.13_10.0.0.43\": [1, 2, 4]}": {"[\"10.0.0.12_10.0.0.42\", [1, 2, 4]]": [30, -458.1072316789257, []], "[\"10.0.0.13_10.0.0.43\", [1, 3, 4]]": [0, -Infinity, []], "[\"10.0.0.11_10.0.0.41\", [1, 3, 4]]": [0, -Infinity, []], "[\"NoTrans\", []]": [3, -473.8440414994226, []]}, "{\"10.0.0.11_10.0.0.41\": [1, 3, 4], \"10.0.0.12_10.0.0.42\": [1, 2, 4], \"10.0.0.13_10.0.0.43\": [1, 3, 4]}": {"[\"10.0.0.12_10.0.0.42\", [1, 3, 4]]": [17, -348.0720907283236, []], "[\"10.0.0.13_10.0.0.43\", [1, 2, 4]]": [6, -409.4385653769622, []], "[\"10.0.0.11_10.0.0.41\", [1, 2, 4]]": [0, -Infinity, []], "[\"NoTrans\", []]": [4, -386.9275145133897, []]}, "{\"10.0.0.11_10.0.0.41\": [1, 2, 4], \"10.0.0.12_10.0.0.42\": [1, 2, 4], \"10.0.0.13_10.0.0.43\": [1, 3, 4]}": {"[\"10.0.0.12_10.0.0.42\", [1, 3, 4]]": [44, -354.0068359044511, []], "[\"10.0.0.13_10.0.0.43\", [1, 2, 4]]": [3, -443.9873602197819, []], "[\"10.0.0.11_10.0.0.41\", [1, 3, 4]]": [8, -376.36524510707875, []], "[\"NoTrans\", []]": [7, -440.11244600708545, []]}, "{\"10.0.0.11_10.0.0.41\": [1, 3, 4], \"10.0.0.12_10.0.0.42\": [1, 2, 4], \"10.0.0.13_10.0.0.43\": [1, 2, 4]}": {"[\"10.0.0.12_10.0.0.42\", [1, 3, 4]]": [17, -430.5228776521698, []], "[\"10.0.0.13_10.0.0.43\", [1, 3, 4]]": [0, -Infinity, []], "[\"10.0.0.11_10.0.0.41\", [1, 2, 4]]": [10, -532.8308975071075, []], "[\"NoTrans\", []]": [0, -Infinity, []]}, "{\"10.0.0.11_10.0.0.41\": [1, 2, 4], \"10.0.0.12_10.0.0.42\": [1, 2, 4], \"10.0.0.13_10.0.0.43\": [1, 2, 4]}": {"[\"10.0.0.12_10.0.0.42\", [1, 3, 4]]": [11, -538.8681165520842, []], "[\"10.0.0.13_10.0.0.43\", [1, 3, 4]]": [20, -403.3659496023011, []], "[\"10.0.0.11_10.0.0.41\", [1, 3, 4]]": [12, -414.75039953402654, []], "[\"NoTrans\", []]": [11, -449.2938751782679, []]}}