{"{\"10.0.0.11_10.0.0.41\": [1, 3, 4], \"10.0.0.12_10.0.0.42\": [1, 3, 4], \"10.0.0.13_10.0.0.43\": [1, 3, 4]}": {"[\"10.0.0.13_10.0.0.43\", [1, 2, 4]]": [21, -287.1341095977986, []], "[\"10.0.0.11_10.0.0.41\", [1, 2, 4]]": [28, -181.5867167879816, []], "[\"10.0.0.12_10.0.0.42\", [1, 2, 4]]": [16, -279.40281861839037, []], "[\"NoTrans\", []]": [21, -247.77625587268977, []]}, "{\"10.0.0.11_10.0.0.41\": [1, 3, 4], \"10.0.0.12_10.0.0.42\": [1, 2, 4], \"10.0.0.13_10.0.0.43\": [1, 3, 4]}": {"[\"10.0.0.13_10.0.0.43\", [1, 2, 4]]": [19, -328.68794308248835, []], "[\"10.0.0.11_10.0.0.41\", [1, 2, 4]]": [12, -282.0777657775622, []], "[\"10.0.0.12_10.0.0.42\", [1, 3, 4]]": [25, -245.9798208032297, []], "[\"NoTrans\", []]": [15, -279.7432096240599, []]}, "{\"10.0.0.11_10.0.0.41\": [1, 2, 4], \"10.0.0.12_10.0.0.42\": [1, 3, 4], \"10.0.0.13_10.0.0.43\": [1, 3, 4]}": {"[\"10.0.0.13_10.0.0.43\", [1, 2, 4]]": [20, -285.4016407636868, []], "[\"10.0.0.11_10.0.0.41\", [1, 3, 4]]": [23, -252.48808656025733, []], "[\"10.0.0.12_10.0.0.42\", [1, 2, 4]]": [14, -293.9889146261307, []], "[\"NoTrans\", []]": [26, -174.66478849262796, []]}, "{\"10.0.0.11_10.0.0.41\": [1, 2, 4], \"10.0.0.12_10.0.0.42\": [1, 2, 4], \"10.0.0.13_10.0.0.43\": [1, 3, 4]}": {"[\"10.0.0.13_10.0.0.43\", [1, 2, 4]]": [13, -354.219320583292, []], "[\"10.0.0.11_10.0.0.41\", [1, 3, 4]]": [16, -286.0932181128961, []], "[\"10.0.0.12_10.0.0.42\", [1, 3, 4]]": [14, -217.28130856707247, []], "[\"NoTrans\", []]": [10, -279.2666426885149, []]}, "{\"10.0.0.11_10.0.0.41\": [1, 3, 4], \"10.0.0.12_10.0.0.42\": [1, 3, 4], \"10.0.0.13_10.0.0.43\": [1, 2, 4]}": {"[\"10.0.0.13_10.0.0.43\", [1, 3, 4]]": [17, -255.88726019433795, []], "[\"10.0.0.11_10.0.0.41\", [1, 2, 4]]": [14, -283.3788516871371, []], "[\"10.0.0.12_10.0.0.42\", [1, 2, 4]]": [17, -328.0044725800432, []], "[\"NoTrans\", []]": [17, -288.7361938981927, []]}, "{\"10.0.0.11_10.0.0.41\": [1, 3, 4], \"10.0.0.12_10.0.0.42\": [1, 2, 4], \"10.0.0.13_10.0.0.43\": [1, 2, 4]}": {"[\"10.0.0.13_10.0.0.43\", [1, 3, 4]]": [24, -284.52720658596667, []], "[\"10.0.0.11_10.0.0.41\", [1, 2, 4]]": [11, -347.4739374856493, []], "[\"10.0.0.12_10.0.0.42\", [1, 3, 4]]": [15, -287.83145092145617, []], "[\"NoTrans\", []]": [17, -331.40916746177083, []]}, "{\"10.0.0.11_10.0.0.41\": [1, 2, 4], \"10.0.0.12_10.0.0.42\": [1, 3, 4], \"10.0.0.13_10.0.0.43\": [1, 2, 4]}": {"[\"10.0.0.13_10.0.0.43\", [1, 3, 4]]": [15, -225.32746491066914, []], "[\"10.0.0.11_10.0.0.41\", [1, 3, 4]]": [13, -286.4596327417388, []], "[\"10.0.0.12_10.0.0.42\", [1, 2, 4]]": [18, -354.3140876147345, []], "[\"NoTrans\", []]": [21, -284.61893970574636, []]}, "{\"10.0.0.11_10.0.0.41\": [1, 2, 4], \"10.0.0.12_10.0.0.42\": [1, 2, 4], \"10.0.0.13_10.0.0.43\": [1, 2, 4]}": {"[\"10.0.0.13_10.0.0.43\", [1, 3, 4]]": [16, -292.3935012729399, []], "[\"10.0.0.11_10.0.0.41\", [1, 3, 4]]": [14, -332.08540823251053, []], "[\"10.0.0.12_10.0.0.42\", [1, 3, 4]]": [12, -284.204939206956, []], "[\"NoTrans\", []]": [13, -350.7851733270612, []]}}