{"{\"10.0.0.11_10.0.0.41\": [1, 3, 4], \"10.0.0.12_10.0.0.42\": [1, 3, 4], \"10.0.0.13_10.0.0.43\": [1, 3, 4]}": {"[\"10.0.0.13_10.0.0.43\", [1, 2, 4]]": [2, -156.65075948385828, []], "[\"10.0.0.12_10.0.0.42\", [1, 2, 4]]": [2, -129.9070497387819, []], "[\"10.0.0.11_10.0.0.41\", [1, 2, 4]]": [5, -130.73973606487107, []], "[\"NoTrans\", []]": [2, -154.98512671822505, []]}, "{\"10.0.0.11_10.0.0.41\": [1, 2, 4], \"10.0.0.12_10.0.0.42\": [1, 3, 4], \"10.0.0.13_10.0.0.43\": [1, 3, 4]}": {"[\"10.0.0.13_10.0.0.43\", [1, 2, 4]]": [3, -196.0940367934552, []], "[\"10.0.0.12_10.0.0.42\", [1, 2, 4]]": [3, -189.99445883497012, []], "[\"10.0.0.11_10.0.0.41\", [1, 3, 4]]": [4, -183.82590072269457, []], "[\"NoTrans\", []]": [819, -140.57269569527602, []]}, "{\"10.0.0.11_10.0.0.41\": [1, 3, 4], \"10.0.0.12_10.0.0.42\": [1, 2, 4], \"10.0.0.13_10.0.0.43\": [1, 3, 4]}": {"[\"10.0.0.13_10.0.0.43\", [1, 2, 4]]": [2, -173.1421202373569, []], "[\"10.0.0.12_10.0.0.42\", [1, 3, 4]]": [2, -145.3306427431522, []], "[\"10.0.0.11_10.0.0.41\", [1, 2, 4]]": [2, -190.5207662383183, []], "[\"NoTrans\", []]": [2, -163.07908111497855, []]}, "{\"10.0.0.11_10.0.0.41\": [1, 2, 4], \"10.0.0.12_10.0.0.42\": [1, 2, 4], \"10.0.0.13_10.0.0.43\": [1, 3, 4]}": {"[\"10.0.0.13_10.0.0.43\", [1, 2, 4]]": [2, -213.61473948973241, []], "[\"10.0.0.12_10.0.0.42\", [1, 3, 4]]": [3, -155.2396622143489, []], "[\"10.0.0.11_10.0.0.41\", [1, 3, 4]]": [2, -181.79744885034333, []], "[\"NoTrans\", []]": [1, -146.44869019338836, []]}, "{\"10.0.0.11_10.0.0.41\": [1, 3, 4], \"10.0.0.12_10.0.0.42\": [1, 3, 4], \"10.0.0.13_10.0.0.43\": [1, 2, 4]}": {"[\"10.0.0.13_10.0.0.43\", [1, 3, 4]]": [2, -151.47361466793492, []], "[\"10.0.0.12_10.0.0.42\", [1, 2, 4]]": [1, -157.79541733614485, []], "[\"10.0.0.11_10.0.0.41\", [1, 2, 4]]": [1, -148.95458593674857, []], "[\"NoTrans\", []]": [1, -142.59524573169855, []]}, "{\"10.0.0.11_10.0.0.41\": [1, 2, 4], \"10.0.0.12_10.0.0.42\": [1, 3, 4], \"10.0.0.13_10.0.0.43\": [1, 2, 4]}": {"[\"10.0.0.13_10.0.0.43\", [1, 3, 4]]": [3, -166.69305510984174, []], "[\"10.0.0.12_10.0.0.42\", [1, 2, 4]]": [1, -193.20616633909765, []], "[\"10.0.0.11_10.0.0.41\", [1, 3, 4]]": [1, -143.58322131755662, []], "[\"NoTrans\", []]": [1, -149.69838641139526, []]}, "{\"10.0.0.11_10.0.0.41\": [1, 3, 4], \"10.0.0.12_10.0.0.42\": [1, 2, 4], \"10.0.0.13_10.0.0.43\": [1, 2, 4]}": {"[\"10.0.0.13_10.0.0.43\", [1, 3, 4]]": [2, -161.80599892427466, []], "[\"10.0.0.12_10.0.0.42\", [1, 3, 4]]": [1, -143.6637616759326, []], "[\"10.0.0.11_10.0.0.41\", [1, 2, 4]]": [1, -192.919205737291, []], "[\"NoTrans\", []]": [1, -158.702211750074, []]}, "{\"10.0.0.11_10.0.0.41\": [1, 2, 4], \"10.0.0.12_10.0.0.42\": [1, 2, 4], \"10.0.0.13_10.0.0.43\": [1, 2, 4]}": {"[\"10.0.0.13_10.0.0.43\", [1, 3, 4]]": [2, -179.67708155381806, []], "[\"10.0.0.12_10.0.0.42\", [1, 3, 4]]": [1, -148.9488368348776, []], "[\"10.0.0.11_10.0.0.41\", [1, 3, 4]]": [1, -157.71758751097886, []], "[\"NoTrans\", []]": [1, -191.95561320799413, []]}}