{"{\"10.0.0.11_10.0.0.41\": [1, 3, 4], \"10.0.0.12_10.0.0.42\": [1, 3, 4], \"10.0.0.13_10.0.0.43\": [1, 3, 4]}": {"[\"10.0.0.12_10.0.0.42\", [1, 2, 4]]": [21, -296.63298796702867, []], "[\"10.0.0.13_10.0.0.43\", [1, 2, 4]]": [18, -294.6328520621958, []], "[\"10.0.0.11_10.0.0.41\", [1, 2, 4]]": [22, -175.8476369742851, []], "[\"NoTrans\", []]": [19, -263.7278058964119, []]}, "{\"10.0.0.11_10.0.0.41\": [1, 2, 4], \"10.0.0.12_10.0.0.42\": [1, 3, 4], \"10.0.0.13_10.0.0.43\": [1, 3, 4]}": {"[\"10.0.0.12_10.0.0.42\", [1, 2, 4]]": [19, -297.18846055136726, []], "[\"10.0.0.13_10.0.0.43\", [1, 2, 4]]": [30, -291.8569390280281, []], "[\"10.0.0.11_10.0.0.41\", [1, 3, 4]]": [19, -249.45090909222546, []], "[\"NoTrans\", []]": [35, -181.63961562516883, []]}, "{\"10.0.0.11_10.0.0.41\": [1, 3, 4], \"10.0.0.12_10.0.0.42\": [1, 3, 4], \"10.0.0.13_10.0.0.43\": [1, 2, 4]}": {"[\"10.0.0.12_10.0.0.42\", [1, 2, 4]]": [14, -347.218608847673, []], "[\"10.0.0.13_10.0.0.43\", [1, 3, 4]]": [19, -258.0642363102406, []], "[\"10.0.0.11_10.0.0.41\", [1, 2, 4]]": [21, -292.29009474096756, []], "[\"NoTrans\", []]": [14, -299.99096629012485, []]}, "{\"10.0.0.11_10.0.0.41\": [1, 2, 4], \"10.0.0.12_10.0.0.42\": [1, 3, 4], \"10.0.0.13_10.0.0.43\": [1, 2, 4]}": {"[\"10.0.0.12_10.0.0.42\", [1, 2, 4]]": [14, -369.7271590809933, []], "[\"10.0.0.13_10.0.0.43\", [1, 3, 4]]": [26, -226.07614923222152, []], "[\"10.0.0.11_10.0.0.41\", [1, 3, 4]]": [21, -297.4805122819265, []], "[\"NoTrans\", []]": [18, -291.17854719015384, []]}, "{\"10.0.0.11_10.0.0.41\": [1, 3, 4], \"10.0.0.12_10.0.0.42\": [1, 2, 4], \"10.0.0.13_10.0.0.43\": [1, 3, 4]}": {"[\"10.0.0.12_10.0.0.42\", [1, 3, 4]]": [23, -257.8753151030514, []], "[\"10.0.0.13_10.0.0.43\", [1, 2, 4]]": [22, -346.07890946334066, []], "[\"10.0.0.11_10.0.0.41\", [1, 2, 4]]": [14, -300.40711924548543, []], "[\"NoTrans\", []]": [13, -297.29483104052343, []]}, "{\"10.0.0.11_10.0.0.41\": [1, 2, 4], \"10.0.0.12_10.0.0.42\": [1, 2, 4], \"10.0.0.13_10.0.0.43\": [1, 3, 4]}": {"[\"10.0.0.12_10.0.0.42\", [1, 3, 4]]": [20, -236.9621480867079, []], "[\"10.0.0.13_10.0.0.43\", [1, 2, 4]]": [6, -338.3812816712621, []], "[\"10.0.0.11_10.0.0.41\", [1, 3, 4]]": [19, -298.7727366358931, []], "[\"NoTrans\", []]": [12, -299.6270658094463, []]}, "{\"10.0.0.11_10.0.0.41\": [1, 3, 4], \"10.0.0.12_10.0.0.42\": [1, 2, 4], \"10.0.0.13_10.0.0.43\": [1, 2, 4]}": {"[\"10.0.0.12_10.0.0.42\", [1, 3, 4]]": [15, -293.7104502403997, []], "[\"10.0.0.13_10.0.0.43\", [1, 3, 4]]": [19, -296.31697889574673, []], "[\"10.0.0.11_10.0.0.41\", [1, 2, 4]]": [10, -362.3413086280177, []], "[\"NoTrans\", []]": [10, -346.8859425342384, []]}, "{\"10.0.0.11_10.0.0.41\": [1, 2, 4], \"10.0.0.12_10.0.0.42\": [1, 2, 4], \"10.0.0.13_10.0.0.43\": [1, 2, 4]}": {"[\"10.0.0.12_10.0.0.42\", [1, 3, 4]]": [10, -293.27788069243826, []], "[\"10.0.0.13_10.0.0.43\", [1, 3, 4]]": [12, -294.94461608861155, []], "[\"10.0.0.11_10.0.0.41\", [1, 3, 4]]": [8, -341.07177865869494, []], "[\"NoTrans\", []]": [8, -368.69362073132737, []]}}