{"{\"10.0.0.11_10.0.0.41\": [1, 3, 4], \"10.0.0.12_10.0.0.42\": [1, 3, 4], \"10.0.0.13_10.0.0.43\": [1, 3, 4]}": {"[\"10.0.0.13_10.0.0.43\", [1, 2, 4]]": [1, -206.88812308670953, []], "[\"10.0.0.12_10.0.0.42\", [1, 2, 4]]": [1, -207.42122262116516, []], "[\"10.0.0.11_10.0.0.41\", [1, 2, 4]]": [1, -206.17855474390973, []], "[\"NoTrans\", []]": [1, -226.313436126709, []]}, "{\"10.0.0.11_10.0.0.41\": [1, 2, 4], \"10.0.0.12_10.0.0.42\": [1, 3, 4], \"10.0.0.13_10.0.0.43\": [1, 3, 4]}": {"[\"10.0.0.13_10.0.0.43\", [1, 2, 4]]": [1, -185.69941141737976, []], "[\"10.0.0.12_10.0.0.42\", [1, 2, 4]]": [1, -185.14056911786415, []], "[\"10.0.0.11_10.0.0.41\", [1, 3, 4]]": [1, -229.28384552001955, []], "[\"NoTrans\", []]": [1, -208.78502986856648, []]}, "{\"10.0.0.11_10.0.0.41\": [1, 3, 4], \"10.0.0.12_10.0.0.42\": [1, 2, 4], \"10.0.0.13_10.0.0.43\": [1, 3, 4]}": {"[\"10.0.0.13_10.0.0.43\", [1, 2, 4]]": [1, -172.87625510423908, []], "[\"10.0.0.12_10.0.0.42\", [1, 3, 4]]": [1, -226.17582092285159, []], "[\"10.0.0.11_10.0.0.41\", [1, 2, 4]]": [1, -208.88326206195245, []], "[\"NoTrans\", []]": [1, -209.12820504710308, []]}, "{\"10.0.0.11_10.0.0.41\": [1, 2, 4], \"10.0.0.12_10.0.0.42\": [1, 2, 4], \"10.0.0.13_10.0.0.43\": [1, 3, 4]}": {"[\"10.0.0.13_10.0.0.43\", [1, 2, 4]]": [2, -213.1019409210677, []], "[\"10.0.0.12_10.0.0.42\", [1, 3, 4]]": [1, -207.98847618349902, []], "[\"10.0.0.11_10.0.0.41\", [1, 3, 4]]": [1, -208.65171580296686, []], "[\"NoTrans\", []]": [399, -213.99041733129792, []]}, "{\"10.0.0.11_10.0.0.41\": [1, 3, 4], \"10.0.0.12_10.0.0.42\": [1, 3, 4], \"10.0.0.13_10.0.0.43\": [1, 2, 4]}": {"[\"10.0.0.13_10.0.0.43\", [1, 3, 4]]": [1, -226.36407623291018, []], "[\"10.0.0.12_10.0.0.42\", [1, 2, 4]]": [1, -176.86117741178134, []], "[\"10.0.0.11_10.0.0.41\", [1, 2, 4]]": [1, -186.92478225471208, []], "[\"NoTrans\", []]": [0, -140, []]}, "{\"10.0.0.11_10.0.0.41\": [1, 2, 4], \"10.0.0.12_10.0.0.42\": [1, 3, 4], \"10.0.0.13_10.0.0.43\": [1, 2, 4]}": {"[\"10.0.0.13_10.0.0.43\", [1, 3, 4]]": [1, -208.93157479502054, []], "[\"10.0.0.12_10.0.0.42\", [1, 2, 4]]": [1, -199.84220275878906, []], "[\"10.0.0.11_10.0.0.41\", [1, 3, 4]]": [1, -208.2727611390093, []], "[\"NoTrans\", []]": [1, -186.66644589603024, []]}, "{\"10.0.0.11_10.0.0.41\": [1, 3, 4], \"10.0.0.12_10.0.0.42\": [1, 2, 4], \"10.0.0.13_10.0.0.43\": [1, 2, 4]}": {"[\"10.0.0.13_10.0.0.43\", [1, 3, 4]]": [1, -206.97652627136165, []], "[\"10.0.0.12_10.0.0.42\", [1, 3, 4]]": [1, -205.77363765952046, []], "[\"10.0.0.11_10.0.0.41\", [1, 2, 4]]": [0, -140, []], "[\"NoTrans\", []]": [358, -107.85741997129828, []]}, "{\"10.0.0.11_10.0.0.41\": [1, 2, 4], \"10.0.0.12_10.0.0.42\": [1, 2, 4], \"10.0.0.13_10.0.0.43\": [1, 2, 4]}": {"[\"10.0.0.13_10.0.0.43\", [1, 3, 4]]": [2, -184.98446203222866, []], "[\"10.0.0.12_10.0.0.42\", [1, 3, 4]]": [1, -184.21205464766535, []], "[\"10.0.0.11_10.0.0.41\", [1, 3, 4]]": [1, -138.12205374770247, []], "[\"NoTrans\", []]": [1, -198.6667037963867, []]}}