{"{\"10.0.0.11_10.0.0.41\": [1, 3, 4], \"10.0.0.12_10.0.0.42\": [1, 3, 4], \"10.0.0.13_10.0.0.43\": [1, 3, 4]}": {"[\"10.0.0.12_10.0.0.42\", [1, 2, 4]]": [2, -226.20921915063707, []], "[\"10.0.0.13_10.0.0.43\", [1, 2, 4]]": [0, -140, []], "[\"10.0.0.11_10.0.0.41\", [1, 2, 4]]": [1, -140.32846653632072, []], "[\"NoTrans\", []]": [0, -140, []]}, "{\"10.0.0.11_10.0.0.41\": [1, 2, 4], \"10.0.0.12_10.0.0.42\": [1, 3, 4], \"10.0.0.13_10.0.0.43\": [1, 3, 4]}": {"[\"10.0.0.12_10.0.0.42\", [1, 2, 4]]": [1, -204.66062270392072, []], "[\"10.0.0.13_10.0.0.43\", [1, 2, 4]]": [1, -225.93585650131166, []], "[\"10.0.0.11_10.0.0.41\", [1, 3, 4]]": [1, -202.07479765340707, []], "[\"NoTrans\", []]": [362, -136.89822885211558, []]}, "{\"10.0.0.11_10.0.0.41\": [1, 3, 4], \"10.0.0.12_10.0.0.42\": [1, 3, 4], \"10.0.0.13_10.0.0.43\": [1, 2, 4]}": {"[\"10.0.0.12_10.0.0.42\", [1, 2, 4]]": [0, -140, []], "[\"10.0.0.13_10.0.0.43\", [1, 3, 4]]": [0, -140, []], "[\"10.0.0.11_10.0.0.41\", [1, 2, 4]]": [2, -203.9369980568381, []], "[\"NoTrans\", []]": [0, -140, []]}, "{\"10.0.0.11_10.0.0.41\": [1, 2, 4], \"10.0.0.12_10.0.0.42\": [1, 3, 4], \"10.0.0.13_10.0.0.43\": [1, 2, 4]}": {"[\"10.0.0.12_10.0.0.42\", [1, 2, 4]]": [1, -229.96066818237307, []], "[\"10.0.0.13_10.0.0.43\", [1, 3, 4]]": [3, -180.6397663108605, []], "[\"10.0.0.11_10.0.0.41\", [1, 3, 4]]": [1, -187.39182088232195, []], "[\"NoTrans\", []]": [1, -202.75552012150644, []]}, "{\"10.0.0.11_10.0.0.41\": [1, 3, 4], \"10.0.0.12_10.0.0.42\": [1, 2, 4], \"10.0.0.13_10.0.0.43\": [1, 3, 4]}": {"[\"10.0.0.12_10.0.0.42\", [1, 3, 4]]": [2, -214.8333140563965, []], "[\"10.0.0.13_10.0.0.43\", [1, 2, 4]]": [41, -214.75775320503195, []], "[\"10.0.0.11_10.0.0.41\", [1, 2, 4]]": [2, -219.4903321768381, []], "[\"NoTrans\", []]": [308, -222.08652115407102, []]}, "{\"10.0.0.11_10.0.0.41\": [1, 2, 4], \"10.0.0.12_10.0.0.42\": [1, 2, 4], \"10.0.0.13_10.0.0.43\": [1, 3, 4]}": {"[\"10.0.0.12_10.0.0.42\", [1, 3, 4]]": [0, -140, []], "[\"10.0.0.13_10.0.0.43\", [1, 2, 4]]": [1, -260.1964519393452, []], "[\"10.0.0.11_10.0.0.41\", [1, 3, 4]]": [3, -230.71940296413237, []], "[\"NoTrans\", []]": [1, -204.15699684358304, []]}, "{\"10.0.0.11_10.0.0.41\": [1, 3, 4], \"10.0.0.12_10.0.0.42\": [1, 2, 4], \"10.0.0.13_10.0.0.43\": [1, 2, 4]}": {"[\"10.0.0.12_10.0.0.42\", [1, 3, 4]]": [1, -183.580121431707, []], "[\"10.0.0.13_10.0.0.43\", [1, 3, 4]]": [40, -181.89969596580164, []], "[\"10.0.0.11_10.0.0.41\", [1, 2, 4]]": [1, -227.63971099853518, []], "[\"NoTrans\", []]": [1, -211.58880878261394, []]}, "{\"10.0.0.11_10.0.0.41\": [1, 2, 4], \"10.0.0.12_10.0.0.42\": [1, 2, 4], \"10.0.0.13_10.0.0.43\": [1, 2, 4]}": {"[\"10.0.0.12_10.0.0.42\", [1, 3, 4]]": [2, -239.7580270737142, []], "[\"10.0.0.13_10.0.0.43\", [1, 3, 4]]": [1, -206.56420759712378, []], "[\"10.0.0.11_10.0.0.41\", [1, 3, 4]]": [1, -204.23680359855888, []], "[\"NoTrans\", []]": [1, -226.26403579711916, []]}}