{"{\"10.0.0.11_10.0.0.41\": [1, 3, 4], \"10.0.0.12_10.0.0.42\": [1, 3, 4], \"10.0.0.13_10.0.0.43\": [1, 3, 4]}": {"[\"10.0.0.11_10.0.0.41\", [1, 2, 4]]": [78, -168.56432601219646, []], "[\"10.0.0.13_10.0.0.43\", [1, 2, 4]]": [8, -246.59026438995926, []], "[\"10.0.0.12_10.0.0.42\", [1, 2, 4]]": [7, -367.7085664456218, []], "[\"NoTrans\", []]": [9, -204.14067393132578, []]}, "{\"10.0.0.11_10.0.0.41\": [1, 3, 4], \"10.0.0.12_10.0.0.42\": [1, 2, 4], \"10.0.0.13_10.0.0.43\": [1, 3, 4]}": {"[\"10.0.0.11_10.0.0.41\", [1, 2, 4]]": [20, -279.8001253999718, []], "[\"10.0.0.13_10.0.0.43\", [1, 2, 4]]": [5, -384.7291868679865, []], "[\"10.0.0.12_10.0.0.42\", [1, 3, 4]]": [0, -Infinity, []], "[\"NoTrans\", []]": [11, -413.0469023782875, []]}, "{\"10.0.0.11_10.0.0.41\": [1, 3, 4], \"10.0.0.12_10.0.0.42\": [1, 3, 4], \"10.0.0.13_10.0.0.43\": [1, 2, 4]}": {"[\"10.0.0.11_10.0.0.41\", [1, 2, 4]]": [5, -342.6849116520668, []], "[\"10.0.0.13_10.0.0.43\", [1, 3, 4]]": [27, -202.5438432412752, []], "[\"10.0.0.12_10.0.0.42\", [1, 2, 4]]": [0, -Infinity, []], "[\"NoTrans\", []]": [8, -328.6494009939367, []]}, "{\"10.0.0.11_10.0.0.41\": [1, 3, 4], \"10.0.0.12_10.0.0.42\": [1, 2, 4], \"10.0.0.13_10.0.0.43\": [1, 2, 4]}": {"[\"10.0.0.11_10.0.0.41\", [1, 2, 4]]": [9, -384.99388888286114, []], "[\"10.0.0.13_10.0.0.43\", [1, 3, 4]]": [0, -Infinity, []], "[\"10.0.0.12_10.0.0.42\", [1, 3, 4]]": [0, -Infinity, []], "[\"NoTrans\", []]": [0, -Infinity, []]}, "{\"10.0.0.11_10.0.0.41\": [1, 2, 4], \"10.0.0.12_10.0.0.42\": [1, 3, 4], \"10.0.0.13_10.0.0.43\": [1, 3, 4]}": {"[\"10.0.0.11_10.0.0.41\", [1, 3, 4]]": [66, -217.43071427992547, []], "[\"10.0.0.13_10.0.0.43\", [1, 2, 4]]": [25, -266.3903956196792, []], "[\"10.0.0.12_10.0.0.42\", [1, 2, 4]]": [22, -238.52137085410394, []], "[\"NoTrans\", []]": [381, -145.6844620220985, []]}, "{\"10.0.0.11_10.0.0.41\": [1, 2, 4], \"10.0.0.12_10.0.0.42\": [1, 2, 4], \"10.0.0.13_10.0.0.43\": [1, 3, 4]}": {"[\"10.0.0.11_10.0.0.41\", [1, 3, 4]]": [17, -462.2909389948636, []], "[\"10.0.0.13_10.0.0.43\", [1, 2, 4]]": [3, -377.9983802480767, []], "[\"10.0.0.12_10.0.0.42\", [1, 3, 4]]": [28, -172.86830072360445, []], "[\"NoTrans\", []]": [5, -280.7600941926608, []]}, "{\"10.0.0.11_10.0.0.41\": [1, 2, 4], \"10.0.0.12_10.0.0.42\": [1, 3, 4], \"10.0.0.13_10.0.0.43\": [1, 2, 4]}": {"[\"10.0.0.11_10.0.0.41\", [1, 3, 4]]": [24, -247.065034011429, []], "[\"10.0.0.13_10.0.0.43\", [1, 3, 4]]": [8, -207.9859227319085, []], "[\"10.0.0.12_10.0.0.42\", [1, 2, 4]]": [5, -372.0859614632402, []], "[\"NoTrans\", []]": [6, -313.5978763234328, []]}, "{\"10.0.0.11_10.0.0.41\": [1, 2, 4], \"10.0.0.12_10.0.0.42\": [1, 2, 4], \"10.0.0.13_10.0.0.43\": [1, 2, 4]}": {"[\"10.0.0.11_10.0.0.41\", [1, 3, 4]]": [4, -355.43903760532606, []], "[\"10.0.0.13_10.0.0.43\", [1, 3, 4]]": [6, -351.8026638384675, []], "[\"10.0.0.12_10.0.0.42\", [1, 3, 4]]": [7, -262.5286225579414, []], "[\"NoTrans\", []]": [0, -Infinity, []]}}