{"{\"10.0.0.11_10.0.0.41\": [1, 3, 4], \"10.0.0.12_10.0.0.42\": [1, 3, 4], \"10.0.0.13_10.0.0.43\": [1, 3, 4]}": {"[\"10.0.0.13_10.0.0.43\", [1, 2, 4]]": [2, -133.33864988592055, []], "[\"10.0.0.11_10.0.0.41\", [1, 2, 4]]": [2, -130.17052747213643, []], "[\"10.0.0.12_10.0.0.42\", [1, 2, 4]]": [1, -141.73650520930593, []], "[\"NoTrans\", []]": [1, -129.98218376810104, []]}, "{\"10.0.0.11_10.0.0.41\": [1, 3, 4], \"10.0.0.12_10.0.0.42\": [1, 2, 4], \"10.0.0.13_10.0.0.43\": [1, 3, 4]}": {"[\"10.0.0.13_10.0.0.43\", [1, 2, 4]]": [2, -173.69044575789061, []], "[\"10.0.0.11_10.0.0.41\", [1, 2, 4]]": [1, -183.27518790100405, []], "[\"10.0.0.12_10.0.0.42\", [1, 3, 4]]": [1, -130.57517845804244, []], "[\"NoTrans\", []]": [1, -143.45697407844912, []]}, "{\"10.0.0.11_10.0.0.41\": [1, 2, 4], \"10.0.0.12_10.0.0.42\": [1, 3, 4], \"10.0.0.13_10.0.0.43\": [1, 3, 4]}": {"[\"10.0.0.13_10.0.0.43\", [1, 2, 4]]": [2, -171.799326645327, []], "[\"10.0.0.11_10.0.0.41\", [1, 3, 4]]": [2, -163.1326547964431, []], "[\"10.0.0.12_10.0.0.42\", [1, 2, 4]]": [1, -175.12256281463902, []], "[\"NoTrans\", []]": [634, -103.78463061965304, []]}, "{\"10.0.0.11_10.0.0.41\": [1, 2, 4], \"10.0.0.12_10.0.0.42\": [1, 2, 4], \"10.0.0.13_10.0.0.43\": [1, 3, 4]}": {"[\"10.0.0.13_10.0.0.43\", [1, 2, 4]]": [1, -153.83802374780498, []], "[\"10.0.0.11_10.0.0.41\", [1, 3, 4]]": [1, -141.05378429810236, []], "[\"10.0.0.12_10.0.0.42\", [1, 3, 4]]": [2, -158.40792895870646, []], "[\"NoTrans\", []]": [1, -167.09045529999932, []]}, "{\"10.0.0.11_10.0.0.41\": [1, 3, 4], \"10.0.0.12_10.0.0.42\": [1, 3, 4], \"10.0.0.13_10.0.0.43\": [1, 2, 4]}": {"[\"10.0.0.13_10.0.0.43\", [1, 3, 4]]": [2, -144.33097517497708, []], "[\"10.0.0.11_10.0.0.41\", [1, 2, 4]]": [3, -188.06450830945, []], "[\"10.0.0.12_10.0.0.42\", [1, 2, 4]]": [3, -176.6677892446214, []], "[\"NoTrans\", []]": [2, -146.9552409242369, []]}, "{\"10.0.0.11_10.0.0.41\": [1, 3, 4], \"10.0.0.12_10.0.0.42\": [1, 2, 4], \"10.0.0.13_10.0.0.43\": [1, 2, 4]}": {"[\"10.0.0.13_10.0.0.43\", [1, 3, 4]]": [2, -156.52310093838548, []], "[\"10.0.0.11_10.0.0.41\", [1, 2, 4]]": [2, -175.1657482045921, []], "[\"10.0.0.12_10.0.0.42\", [1, 3, 4]]": [2, -145.88009207631814, []], "[\"NoTrans\", []]": [1, -123.9852248085236, []]}, "{\"10.0.0.11_10.0.0.41\": [1, 2, 4], \"10.0.0.12_10.0.0.42\": [1, 3, 4], \"10.0.0.13_10.0.0.43\": [1, 2, 4]}": {"[\"10.0.0.13_10.0.0.43\", [1, 3, 4]]": [2, -138.9932303580449, []], "[\"10.0.0.11_10.0.0.41\", [1, 3, 4]]": [3, -181.85150837959952, []], "[\"10.0.0.12_10.0.0.42\", [1, 2, 4]]": [1, -156.1379047292503, []], "[\"NoTrans\", []]": [2, -186.86196258235026, []]}, "{\"10.0.0.11_10.0.0.41\": [1, 2, 4], \"10.0.0.12_10.0.0.42\": [1, 2, 4], \"10.0.0.13_10.0.0.43\": [1, 2, 4]}": {"[\"10.0.0.13_10.0.0.43\", [1, 3, 4]]": [2, -185.2399067669648, []], "[\"10.0.0.11_10.0.0.41\", [1, 3, 4]]": [1, -123.80065121365972, []], "[\"10.0.0.12_10.0.0.42\", [1, 3, 4]]": [1, -119.33604886078516, []], "[\"NoTrans\", []]": [1, -157.96628912866436, []]}}