{"{\"10.0.0.11_10.0.0.41\": [1, 3, 4], \"10.0.0.12_10.0.0.42\": [1, 3, 4], \"10.0.0.13_10.0.0.43\": [1, 3, 4]}": {"[\"10.0.0.13_10.0.0.43\", [1, 2, 4]]": [1, -185.72662869340147, []], "[\"10.0.0.11_10.0.0.41\", [1, 2, 4]]": [2, -137.91422546414728, []], "[\"10.0.0.12_10.0.0.42\", [1, 2, 4]]": [1, -184.96218523426666, []], "[\"NoTrans\", []]": [1, -199.41533813476562, []]}, "{\"10.0.0.11_10.0.0.41\": [1, 3, 4], \"10.0.0.12_10.0.0.42\": [1, 2, 4], \"10.0.0.13_10.0.0.43\": [1, 3, 4]}": {"[\"10.0.0.13_10.0.0.43\", [1, 2, 4]]": [1, -199.8720557846005, []], "[\"10.0.0.11_10.0.0.41\", [1, 2, 4]]": [1, -201.2641559228121, []], "[\"10.0.0.12_10.0.0.42\", [1, 3, 4]]": [1, -198.05339584350585, []], "[\"NoTrans\", []]": [1, -185.40643883266677, []]}, "{\"10.0.0.11_10.0.0.41\": [1, 2, 4], \"10.0.0.12_10.0.0.42\": [1, 3, 4], \"10.0.0.13_10.0.0.43\": [1, 3, 4]}": {"[\"10.0.0.13_10.0.0.43\", [1, 2, 4]]": [1, -199.26712080857538, []], "[\"10.0.0.11_10.0.0.41\", [1, 3, 4]]": [1, -196.55920654815418, []], "[\"10.0.0.12_10.0.0.42\", [1, 2, 4]]": [1, -200.94603547239277, []], "[\"NoTrans\", []]": [760, -132.41474444893265, []]}, "{\"10.0.0.11_10.0.0.41\": [1, 2, 4], \"10.0.0.12_10.0.0.42\": [1, 2, 4], \"10.0.0.13_10.0.0.43\": [1, 3, 4]}": {"[\"10.0.0.13_10.0.0.43\", [1, 2, 4]]": [1, -217.94561157226565, []], "[\"10.0.0.11_10.0.0.41\", [1, 3, 4]]": [1, -182.81686684987272, []], "[\"10.0.0.12_10.0.0.42\", [1, 3, 4]]": [1, -170.33557382376904, []], "[\"NoTrans\", []]": [1, -199.63172163297992, []]}, "{\"10.0.0.11_10.0.0.41\": [1, 3, 4], \"10.0.0.12_10.0.0.42\": [1, 3, 4], \"10.0.0.13_10.0.0.43\": [1, 2, 4]}": {"[\"10.0.0.13_10.0.0.43\", [1, 3, 4]]": [1, -199.975431060791, []], "[\"10.0.0.11_10.0.0.41\", [1, 2, 4]]": [1, -199.38278038549734, []], "[\"10.0.0.12_10.0.0.42\", [1, 2, 4]]": [1, -198.76676456332152, []], "[\"NoTrans\", []]": [1, -183.66663283989064, []]}, "{\"10.0.0.11_10.0.0.41\": [1, 3, 4], \"10.0.0.12_10.0.0.42\": [1, 2, 4], \"10.0.0.13_10.0.0.43\": [1, 2, 4]}": {"[\"10.0.0.13_10.0.0.43\", [1, 3, 4]]": [1, -181.92413715362022, []], "[\"10.0.0.11_10.0.0.41\", [1, 2, 4]]": [1, -217.28595504760744, []], "[\"10.0.0.12_10.0.0.42\", [1, 3, 4]]": [1, -181.89658161598865, []], "[\"NoTrans\", []]": [0, -140, []]}, "{\"10.0.0.11_10.0.0.41\": [1, 2, 4], \"10.0.0.12_10.0.0.42\": [1, 3, 4], \"10.0.0.13_10.0.0.43\": [1, 2, 4]}": {"[\"10.0.0.13_10.0.0.43\", [1, 3, 4]]": [1, -171.6530139717281, []], "[\"10.0.0.11_10.0.0.41\", [1, 3, 4]]": [1, -184.4982633960449, []], "[\"10.0.0.12_10.0.0.42\", [1, 2, 4]]": [0, -140, []], "[\"NoTrans\", []]": [1, -199.9578870746557, []]}, "{\"10.0.0.11_10.0.0.41\": [1, 2, 4], \"10.0.0.12_10.0.0.42\": [1, 2, 4], \"10.0.0.13_10.0.0.43\": [1, 2, 4]}": {"[\"10.0.0.13_10.0.0.43\", [1, 3, 4]]": [1, -199.32294166090577, []], "[\"10.0.0.11_10.0.0.41\", [1, 3, 4]]": [1, -200.5655502263741, []], "[\"10.0.0.12_10.0.0.42\", [1, 3, 4]]": [0, -140, []], "[\"NoTrans\", []]": [1, -218.4898735046387, []]}}