{"{\"10.0.0.11_10.0.0.41\": [1, 3, 4], \"10.0.0.12_10.0.0.42\": [1, 3, 4], \"10.0.0.13_10.0.0.43\": [1, 3, 4]}": {"[\"10.0.0.12_10.0.0.42\", [1, 2, 4]]": [1, -184.65220477259678, []], "[\"10.0.0.13_10.0.0.43\", [1, 2, 4]]": [1, -185.5799150080595, []], "[\"10.0.0.11_10.0.0.41\", [1, 2, 4]]": [2, -138.11153471992623, []], "[\"NoTrans\", []]": [1, -195.49157121749062, []]}, "{\"10.0.0.11_10.0.0.41\": [1, 2, 4], \"10.0.0.12_10.0.0.42\": [1, 3, 4], \"10.0.0.13_10.0.0.43\": [1, 3, 4]}": {"[\"10.0.0.12_10.0.0.42\", [1, 2, 4]]": [1, -201.02902665621292, []], "[\"10.0.0.13_10.0.0.43\", [1, 2, 4]]": [1, -201.7667361689002, []], "[\"10.0.0.11_10.0.0.41\", [1, 3, 4]]": [1, -198.77087572188515, []], "[\"NoTrans\", []]": [352, -135.2454563180605, []]}, "{\"10.0.0.11_10.0.0.41\": [1, 3, 4], \"10.0.0.12_10.0.0.42\": [1, 3, 4], \"10.0.0.13_10.0.0.43\": [1, 2, 4]}": {"[\"10.0.0.12_10.0.0.42\", [1, 2, 4]]": [1, -202.0018849360436, []], "[\"10.0.0.13_10.0.0.43\", [1, 3, 4]]": [1, -199.3861557006836, []], "[\"10.0.0.11_10.0.0.41\", [1, 2, 4]]": [1, -201.37266518695802, []], "[\"NoTrans\", []]": [0, -140, []]}, "{\"10.0.0.11_10.0.0.41\": [1, 2, 4], \"10.0.0.12_10.0.0.42\": [1, 3, 4], \"10.0.0.13_10.0.0.43\": [1, 2, 4]}": {"[\"10.0.0.12_10.0.0.42\", [1, 2, 4]]": [1, -219.9800849914551, []], "[\"10.0.0.13_10.0.0.43\", [1, 3, 4]]": [1, -170.94439613655294, []], "[\"10.0.0.11_10.0.0.41\", [1, 3, 4]]": [1, -184.58755173606679, []], "[\"NoTrans\", []]": [0, -140, []]}, "{\"10.0.0.11_10.0.0.41\": [1, 3, 4], \"10.0.0.12_10.0.0.42\": [1, 2, 4], \"10.0.0.13_10.0.0.43\": [1, 3, 4]}": {"[\"10.0.0.12_10.0.0.42\", [1, 3, 4]]": [2, -208.31919603438513, []], "[\"10.0.0.13_10.0.0.43\", [1, 2, 4]]": [1, -200.83521276120103, []], "[\"10.0.0.11_10.0.0.41\", [1, 2, 4]]": [1, -202.9820979923959, []], "[\"NoTrans\", []]": [2, -222.41992101687478, []]}, "{\"10.0.0.11_10.0.0.41\": [1, 2, 4], \"10.0.0.12_10.0.0.42\": [1, 2, 4], \"10.0.0.13_10.0.0.43\": [1, 3, 4]}": {"[\"10.0.0.12_10.0.0.42\", [1, 3, 4]]": [1, -173.3855111717192, []], "[\"10.0.0.13_10.0.0.43\", [1, 2, 4]]": [1, -218.99865875244143, []], "[\"10.0.0.11_10.0.0.41\", [1, 3, 4]]": [1, -182.82165488586202, []], "[\"NoTrans\", []]": [0, -140, []]}, "{\"10.0.0.11_10.0.0.41\": [1, 3, 4], \"10.0.0.12_10.0.0.42\": [1, 2, 4], \"10.0.0.13_10.0.0.43\": [1, 2, 4]}": {"[\"10.0.0.12_10.0.0.42\", [1, 3, 4]]": [1, -184.95722539613408, []], "[\"10.0.0.13_10.0.0.43\", [1, 3, 4]]": [2, -221.01060260974975, []], "[\"10.0.0.11_10.0.0.41\", [1, 2, 4]]": [1, -219.56428298950198, []], "[\"NoTrans\", []]": [400, -182.8056071879108, []]}, "{\"10.0.0.11_10.0.0.41\": [1, 2, 4], \"10.0.0.12_10.0.0.42\": [1, 2, 4], \"10.0.0.13_10.0.0.43\": [1, 2, 4]}": {"[\"10.0.0.12_10.0.0.42\", [1, 3, 4]]": [1, -200.6735743200298, []], "[\"10.0.0.13_10.0.0.43\", [1, 3, 4]]": [1, -201.3861695967193, []], "[\"10.0.0.11_10.0.0.41\", [1, 3, 4]]": [1, -228.5165241383707, []], "[\"NoTrans\", []]": [1, -218.34005126953127, []]}}