{"{\"10.0.0.11_10.0.0.41\": [1, 3, 4], \"10.0.0.12_10.0.0.42\": [1, 3, 4], \"10.0.0.13_10.0.0.43\": [1, 3, 4]}": {"[\"10.0.0.12_10.0.0.42\", [1, 2, 4]]": [0, -140, []], "[\"10.0.0.11_10.0.0.41\", [1, 2, 4]]": [1, -134.8005155755325, []], "[\"10.0.0.13_10.0.0.43\", [1, 2, 4]]": [1, -186.08822905078145, []], "[\"NoTrans\", []]": [1, -201.33384475708007, []]}, "{\"10.0.0.11_10.0.0.41\": [1, 3, 4], \"10.0.0.12_10.0.0.42\": [1, 3, 4], \"10.0.0.13_10.0.0.43\": [1, 2, 4]}": {"[\"10.0.0.12_10.0.0.42\", [1, 2, 4]]": [3, -144.54817387658414, []], "[\"10.0.0.11_10.0.0.41\", [1, 2, 4]]": [0, -140, []], "[\"10.0.0.13_10.0.0.43\", [1, 3, 4]]": [0, -140, []], "[\"NoTrans\", []]": [1, -186.6434544615774, []]}, "{\"10.0.0.11_10.0.0.41\": [1, 2, 4], \"10.0.0.12_10.0.0.42\": [1, 3, 4], \"10.0.0.13_10.0.0.43\": [1, 3, 4]}": {"[\"10.0.0.12_10.0.0.42\", [1, 2, 4]]": [1, -200.22766300013973, []], "[\"10.0.0.11_10.0.0.41\", [1, 3, 4]]": [1, -202.71629104614257, []], "[\"10.0.0.13_10.0.0.43\", [1, 2, 4]]": [1, -166.70367078133413, []], "[\"NoTrans\", []]": [368, -123.14686280827102, []]}, "{\"10.0.0.11_10.0.0.41\": [1, 2, 4], \"10.0.0.12_10.0.0.42\": [1, 3, 4], \"10.0.0.13_10.0.0.43\": [1, 2, 4]}": {"[\"10.0.0.12_10.0.0.42\", [1, 2, 4]]": [0, -140, []], "[\"10.0.0.11_10.0.0.41\", [1, 3, 4]]": [1, -187.45638952254583, []], "[\"10.0.0.13_10.0.0.43\", [1, 3, 4]]": [1, -174.61193730341978, []], "[\"NoTrans\", []]": [1, -204.2860442883611, []]}, "{\"10.0.0.11_10.0.0.41\": [1, 3, 4], \"10.0.0.12_10.0.0.42\": [1, 2, 4], \"10.0.0.13_10.0.0.43\": [1, 3, 4]}": {"[\"10.0.0.12_10.0.0.42\", [1, 3, 4]]": [1, -203.1447769165039, []], "[\"10.0.0.11_10.0.0.41\", [1, 2, 4]]": [2, -214.8097363808652, []], "[\"10.0.0.13_10.0.0.43\", [1, 2, 4]]": [1, -205.74188691408563, []], "[\"NoTrans\", []]": [2, -223.8316033962393, []]}, "{\"10.0.0.11_10.0.0.41\": [1, 3, 4], \"10.0.0.12_10.0.0.42\": [1, 2, 4], \"10.0.0.13_10.0.0.43\": [1, 2, 4]}": {"[\"10.0.0.12_10.0.0.42\", [1, 3, 4]]": [1, -187.1818438780673, []], "[\"10.0.0.11_10.0.0.41\", [1, 2, 4]]": [1, -225.03598937988284, []], "[\"10.0.0.13_10.0.0.43\", [1, 3, 4]]": [3, -196.40601210720206, []], "[\"NoTrans\", []]": [389, -214.0766789893246, []]}, "{\"10.0.0.11_10.0.0.41\": [1, 2, 4], \"10.0.0.12_10.0.0.42\": [1, 2, 4], \"10.0.0.13_10.0.0.43\": [1, 3, 4]}": {"[\"10.0.0.12_10.0.0.42\", [1, 3, 4]]": [2, -178.5199154790938, []], "[\"10.0.0.11_10.0.0.41\", [1, 3, 4]]": [1, -184.51509398929247, []], "[\"10.0.0.13_10.0.0.43\", [1, 2, 4]]": [1, -221.22443923950198, []], "[\"NoTrans\", []]": [1, -205.86565012757774, []]}, "{\"10.0.0.11_10.0.0.41\": [1, 2, 4], \"10.0.0.12_10.0.0.42\": [1, 2, 4], \"10.0.0.13_10.0.0.43\": [1, 2, 4]}": {"[\"10.0.0.12_10.0.0.42\", [1, 3, 4]]": [1, -202.3251265415437, []], "[\"10.0.0.11_10.0.0.41\", [1, 3, 4]]": [1, -212.75808977674944, []], "[\"10.0.0.13_10.0.0.43\", [1, 3, 4]]": [0, -140, []], "[\"NoTrans\", []]": [1, -222.78531799316409, []]}}