{"{\"10.0.0.11_10.0.0.41\": [1, 3, 4], \"10.0.0.12_10.0.0.42\": [1, 3, 4], \"10.0.0.13_10.0.0.43\": [1, 3, 4]}": {"[\"10.0.0.12_10.0.0.42\", [1, 2, 4]]": [3, -205.16371872523771, []], "[\"10.0.0.13_10.0.0.43\", [1, 2, 4]]": [4, -332.9677193073401, []], "[\"10.0.0.11_10.0.0.41\", [1, 2, 4]]": [26, -149.80043483761278, []], "[\"NoTrans\", []]": [2, -200.89452939577225, []]}, "{\"10.0.0.11_10.0.0.41\": [1, 2, 4], \"10.0.0.12_10.0.0.42\": [1, 3, 4], \"10.0.0.13_10.0.0.43\": [1, 3, 4]}": {"[\"10.0.0.12_10.0.0.42\", [1, 2, 4]]": [30, -270.1112314301652, []], "[\"10.0.0.13_10.0.0.43\", [1, 2, 4]]": [38, -275.07561401099747, []], "[\"10.0.0.11_10.0.0.41\", [1, 3, 4]]": [24, -221.71706567110763, []], "[\"NoTrans\", []]": [574, -179.48631055476326, []]}, "{\"10.0.0.11_10.0.0.41\": [1, 3, 4], \"10.0.0.12_10.0.0.42\": [1, 3, 4], \"10.0.0.13_10.0.0.43\": [1, 2, 4]}": {"[\"10.0.0.12_10.0.0.42\", [1, 2, 4]]": [12, -326.8245674222804, []], "[\"10.0.0.13_10.0.0.43\", [1, 3, 4]]": [0, -Infinity, []], "[\"10.0.0.11_10.0.0.41\", [1, 2, 4]]": [0, -Infinity, []], "[\"NoTrans\", []]": [0, -Infinity, []]}, "{\"10.0.0.11_10.0.0.41\": [1, 2, 4], \"10.0.0.12_10.0.0.42\": [1, 3, 4], \"10.0.0.13_10.0.0.43\": [1, 2, 4]}": {"[\"10.0.0.12_10.0.0.42\", [1, 2, 4]]": [3, -299.1067695007829, []], "[\"10.0.0.13_10.0.0.43\", [1, 3, 4]]": [42, -202.15984441835135, []], "[\"10.0.0.11_10.0.0.41\", [1, 3, 4]]": [2, -313.2823083197191, []], "[\"NoTrans\", []]": [4, -251.57504178800255, []]}, "{\"10.0.0.11_10.0.0.41\": [1, 3, 4], \"10.0.0.12_10.0.0.42\": [1, 2, 4], \"10.0.0.13_10.0.0.43\": [1, 3, 4]}": {"[\"10.0.0.12_10.0.0.42\", [1, 3, 4]]": [9, -215.30909579490776, []], "[\"10.0.0.13_10.0.0.43\", [1, 2, 4]]": [0, -Infinity, []], "[\"10.0.0.11_10.0.0.41\", [1, 2, 4]]": [0, -Infinity, []], "[\"NoTrans\", []]": [2, -253.32552691369244, []]}, "{\"10.0.0.11_10.0.0.41\": [1, 2, 4], \"10.0.0.12_10.0.0.42\": [1, 2, 4], \"10.0.0.13_10.0.0.43\": [1, 3, 4]}": {"[\"10.0.0.12_10.0.0.42\", [1, 3, 4]]": [24, -195.92948343188465, []], "[\"10.0.0.13_10.0.0.43\", [1, 2, 4]]": [4, -344.678837678267, []], "[\"10.0.0.11_10.0.0.41\", [1, 3, 4]]": [2, -259.38971240499035, []], "[\"NoTrans\", []]": [5, -277.7207900912099, []]}, "{\"10.0.0.11_10.0.0.41\": [1, 3, 4], \"10.0.0.12_10.0.0.42\": [1, 2, 4], \"10.0.0.13_10.0.0.43\": [1, 2, 4]}": {"[\"10.0.0.12_10.0.0.42\", [1, 3, 4]]": [6, -401.4924259414299, []], "[\"10.0.0.13_10.0.0.43\", [1, 3, 4]]": [4, -258.5524867793525, []], "[\"10.0.0.11_10.0.0.41\", [1, 2, 4]]": [2, -332.32333018699956, []], "[\"NoTrans\", []]": [4, -326.9873998599424, []]}, "{\"10.0.0.11_10.0.0.41\": [1, 2, 4], \"10.0.0.12_10.0.0.42\": [1, 2, 4], \"10.0.0.13_10.0.0.43\": [1, 2, 4]}": {"[\"10.0.0.12_10.0.0.42\", [1, 3, 4]]": [8, -263.3333617621864, []], "[\"10.0.0.13_10.0.0.43\", [1, 3, 4]]": [0, -Infinity, []], "[\"10.0.0.11_10.0.0.41\", [1, 3, 4]]": [0, -Infinity, []], "[\"NoTrans\", []]": [0, -Infinity, []]}}