{"{\"10.0.0.11_10.0.0.41\": [1, 3, 4], \"10.0.0.12_10.0.0.42\": [1, 3, 4], \"10.0.0.13_10.0.0.43\": [1, 3, 4]}": {"[\"10.0.0.11_10.0.0.41\", [1, 2, 4]]": [2, -119.22611410004808, []], "[\"10.0.0.13_10.0.0.43\", [1, 2, 4]]": [1, -151.66416430413165, []], "[\"10.0.0.12_10.0.0.42\", [1, 2, 4]]": [1, -148.23139216077664, []], "[\"NoTrans\", []]": [1, -161.70729064941406, []]}, "{\"10.0.0.11_10.0.0.41\": [1, 3, 4], \"10.0.0.12_10.0.0.42\": [1, 2, 4], \"10.0.0.13_10.0.0.43\": [1, 3, 4]}": {"[\"10.0.0.11_10.0.0.41\", [1, 2, 4]]": [1, -189.87854385375977, []], "[\"10.0.0.13_10.0.0.43\", [1, 2, 4]]": [1, -172.46286435712256, []], "[\"10.0.0.12_10.0.0.42\", [1, 3, 4]]": [2, -172.24102096557618, []], "[\"NoTrans\", []]": [2, -192.10603435997132, []]}, "{\"10.0.0.11_10.0.0.41\": [1, 3, 4], \"10.0.0.12_10.0.0.42\": [1, 3, 4], \"10.0.0.13_10.0.0.43\": [1, 2, 4]}": {"[\"10.0.0.11_10.0.0.41\", [1, 2, 4]]": [1, -171.60101591957823, []], "[\"10.0.0.13_10.0.0.43\", [1, 3, 4]]": [1, -162.74698638916016, []], "[\"10.0.0.12_10.0.0.42\", [1, 2, 4]]": [1, -173.3618834373953, []], "[\"NoTrans\", []]": [1, -153.465783943714, []]}, "{\"10.0.0.11_10.0.0.41\": [1, 3, 4], \"10.0.0.12_10.0.0.42\": [1, 2, 4], \"10.0.0.13_10.0.0.43\": [1, 2, 4]}": {"[\"10.0.0.11_10.0.0.41\", [1, 2, 4]]": [0, -100, []], "[\"10.0.0.13_10.0.0.43\", [1, 3, 4]]": [1, -147.22883134773892, []], "[\"10.0.0.12_10.0.0.42\", [1, 3, 4]]": [1, -150.34447962805808, []], "[\"NoTrans\", []]": [0, -100, []]}, "{\"10.0.0.11_10.0.0.41\": [1, 2, 4], \"10.0.0.12_10.0.0.42\": [1, 3, 4], \"10.0.0.13_10.0.0.43\": [1, 3, 4]}": {"[\"10.0.0.11_10.0.0.41\", [1, 3, 4]]": [1, -168.08746026823485, []], "[\"10.0.0.13_10.0.0.43\", [1, 2, 4]]": [1, -174.43460361311952, []], "[\"10.0.0.12_10.0.0.42\", [1, 2, 4]]": [1, -190.4133644104004, []], "[\"NoTrans\", []]": [663, -122.96524280581677, []]}, "{\"10.0.0.11_10.0.0.41\": [1, 2, 4], \"10.0.0.12_10.0.0.42\": [1, 2, 4], \"10.0.0.13_10.0.0.43\": [1, 3, 4]}": {"[\"10.0.0.11_10.0.0.41\", [1, 3, 4]]": [1, -149.3224963091177, []], "[\"10.0.0.13_10.0.0.43\", [1, 2, 4]]": [1, -188.60586547851562, []], "[\"10.0.0.12_10.0.0.42\", [1, 3, 4]]": [1, -169.89784195730448, []], "[\"NoTrans\", []]": [1, -189.68170547485352, []]}, "{\"10.0.0.11_10.0.0.41\": [1, 2, 4], \"10.0.0.12_10.0.0.42\": [1, 3, 4], \"10.0.0.13_10.0.0.43\": [1, 2, 4]}": {"[\"10.0.0.11_10.0.0.41\", [1, 3, 4]]": [1, -149.96604047372267, []], "[\"10.0.0.13_10.0.0.43\", [1, 3, 4]]": [1, -140.1450866696248, []], "[\"10.0.0.12_10.0.0.42\", [1, 2, 4]]": [0, -100, []], "[\"NoTrans\", []]": [0, -100, []]}, "{\"10.0.0.11_10.0.0.41\": [1, 2, 4], \"10.0.0.12_10.0.0.42\": [1, 2, 4], \"10.0.0.13_10.0.0.43\": [1, 2, 4]}": {"[\"10.0.0.11_10.0.0.41\", [1, 3, 4]]": [0, -100, []], "[\"10.0.0.13_10.0.0.43\", [1, 3, 4]]": [1, -171.0453306158741, []], "[\"10.0.0.12_10.0.0.42\", [1, 3, 4]]": [0, -100, []], "[\"NoTrans\", []]": [1, -190.45599365234375, []]}}