{"{\"10.0.0.11_10.0.0.41\": [1, 3, 4], \"10.0.0.12_10.0.0.42\": [1, 3, 4], \"10.0.0.13_10.0.0.43\": [1, 3, 4]}": {"[\"10.0.0.13_10.0.0.43\", [1, 2, 4]]": [10, -113.48485790415668, []], "[\"10.0.0.12_10.0.0.42\", [1, 2, 4]]": [11, -112.42939926718583, []], "[\"10.0.0.11_10.0.0.41\", [1, 2, 4]]": [12, -116.6150711114173, []], "[\"NoTrans\", []]": [9, -114.4309010635566, []]}, "{\"10.0.0.11_10.0.0.41\": [1, 2, 4], \"10.0.0.12_10.0.0.42\": [1, 3, 4], \"10.0.0.13_10.0.0.43\": [1, 3, 4]}": {"[\"10.0.0.13_10.0.0.43\", [1, 2, 4]]": [12, -180.63624155026102, []], "[\"10.0.0.12_10.0.0.42\", [1, 2, 4]]": [13, -178.24609041438816, []], "[\"10.0.0.11_10.0.0.41\", [1, 3, 4]]": [12, -180.12802595792658, []], "[\"NoTrans\", []]": [377, -143.58004711283832, []]}, "{\"10.0.0.11_10.0.0.41\": [1, 3, 4], \"10.0.0.12_10.0.0.42\": [1, 2, 4], \"10.0.0.13_10.0.0.43\": [1, 3, 4]}": {"[\"10.0.0.13_10.0.0.43\", [1, 2, 4]]": [13, -182.44371881274662, []], "[\"10.0.0.12_10.0.0.42\", [1, 3, 4]]": [10, -116.0036326391304, []], "[\"10.0.0.11_10.0.0.41\", [1, 2, 4]]": [13, -181.46769497940585, []], "[\"NoTrans\", []]": [11, -163.44266116097523, []]}, "{\"10.0.0.11_10.0.0.41\": [1, 2, 4], \"10.0.0.12_10.0.0.42\": [1, 2, 4], \"10.0.0.13_10.0.0.43\": [1, 3, 4]}": {"[\"10.0.0.13_10.0.0.43\", [1, 2, 4]]": [17, -197.28655400257503, []], "[\"10.0.0.12_10.0.0.42\", [1, 3, 4]]": [12, -154.24432440570266, []], "[\"10.0.0.11_10.0.0.41\", [1, 3, 4]]": [12, -161.6761769906009, []], "[\"NoTrans\", []]": [14, -178.48066639621803, []]}, "{\"10.0.0.11_10.0.0.41\": [1, 3, 4], \"10.0.0.12_10.0.0.42\": [1, 3, 4], \"10.0.0.13_10.0.0.43\": [1, 2, 4]}": {"[\"10.0.0.13_10.0.0.43\", [1, 3, 4]]": [10, -116.92241484274125, []], "[\"10.0.0.12_10.0.0.42\", [1, 2, 4]]": [13, -176.55841224033549, []], "[\"10.0.0.11_10.0.0.41\", [1, 2, 4]]": [13, -207.80511776700902, []], "[\"NoTrans\", []]": [10, -113.6846393877452, []]}, "{\"10.0.0.11_10.0.0.41\": [1, 2, 4], \"10.0.0.12_10.0.0.42\": [1, 3, 4], \"10.0.0.13_10.0.0.43\": [1, 2, 4]}": {"[\"10.0.0.13_10.0.0.43\", [1, 3, 4]]": [14, -156.6780757638478, []], "[\"10.0.0.12_10.0.0.42\", [1, 2, 4]]": [14, -195.99140482276545, []], "[\"10.0.0.11_10.0.0.41\", [1, 3, 4]]": [13, -163.88014457159457, []], "[\"NoTrans\", []]": [15, -175.2551368843888, []]}, "{\"10.0.0.11_10.0.0.41\": [1, 3, 4], \"10.0.0.12_10.0.0.42\": [1, 2, 4], \"10.0.0.13_10.0.0.43\": [1, 2, 4]}": {"[\"10.0.0.13_10.0.0.43\", [1, 3, 4]]": [13, -161.03445669458222, []], "[\"10.0.0.12_10.0.0.42\", [1, 3, 4]]": [13, -164.01295919922507, []], "[\"10.0.0.11_10.0.0.41\", [1, 2, 4]]": [16, -197.4524014188509, []], "[\"NoTrans\", []]": [15, -178.67254524954535, []]}, "{\"10.0.0.11_10.0.0.41\": [1, 2, 4], \"10.0.0.12_10.0.0.42\": [1, 2, 4], \"10.0.0.13_10.0.0.43\": [1, 2, 4]}": {"[\"10.0.0.13_10.0.0.43\", [1, 3, 4]]": [15, -178.30809956019436, []], "[\"10.0.0.12_10.0.0.42\", [1, 3, 4]]": [16, -177.56524357643326, []], "[\"10.0.0.11_10.0.0.41\", [1, 3, 4]]": [16, -178.13924031676433, []], "[\"NoTrans\", []]": [16, -198.67663191168424, []]}}