{"{\"10.0.0.11_10.0.0.41\": [1, 3, 4], \"10.0.0.12_10.0.0.42\": [1, 3, 4], \"10.0.0.13_10.0.0.43\": [1, 3, 4]}": {"[\"10.0.0.12_10.0.0.42\", [1, 2, 4]]": [11, -275.7564189999784, []], "[\"10.0.0.13_10.0.0.43\", [1, 2, 4]]": [11, -297.40955101632653, []], "[\"10.0.0.11_10.0.0.41\", [1, 2, 4]]": [18, -139.13256051267064, []], "[\"NoTrans\", []]": [7, -224.0715243635167, []]}, "{\"10.0.0.11_10.0.0.41\": [1, 2, 4], \"10.0.0.12_10.0.0.42\": [1, 3, 4], \"10.0.0.13_10.0.0.43\": [1, 3, 4]}": {"[\"10.0.0.12_10.0.0.42\", [1, 2, 4]]": [30, -254.55257522059924, []], "[\"10.0.0.13_10.0.0.43\", [1, 2, 4]]": [21, -246.31576672472195, []], "[\"10.0.0.11_10.0.0.41\", [1, 3, 4]]": [27, -208.51144039350797, []], "[\"NoTrans\", []]": [319, -116.304033610008, []]}, "{\"10.0.0.11_10.0.0.41\": [1, 3, 4], \"10.0.0.12_10.0.0.42\": [1, 3, 4], \"10.0.0.13_10.0.0.43\": [1, 2, 4]}": {"[\"10.0.0.12_10.0.0.42\", [1, 2, 4]]": [5, -320.626268402088, []], "[\"10.0.0.13_10.0.0.43\", [1, 3, 4]]": [3, -316.96935601822105, []], "[\"10.0.0.11_10.0.0.41\", [1, 2, 4]]": [17, -276.61127757258294, []], "[\"NoTrans\", []]": [6, -308.5083644299657, []]}, "{\"10.0.0.11_10.0.0.41\": [1, 2, 4], \"10.0.0.12_10.0.0.42\": [1, 3, 4], \"10.0.0.13_10.0.0.43\": [1, 2, 4]}": {"[\"10.0.0.12_10.0.0.42\", [1, 2, 4]]": [13, -322.10352129407494, []], "[\"10.0.0.13_10.0.0.43\", [1, 3, 4]]": [34, -170.10653846584415, []], "[\"10.0.0.11_10.0.0.41\", [1, 3, 4]]": [5, -298.64545717950006, []], "[\"NoTrans\", []]": [4, -288.84192519762536, []]}, "{\"10.0.0.11_10.0.0.41\": [1, 3, 4], \"10.0.0.12_10.0.0.42\": [1, 2, 4], \"10.0.0.13_10.0.0.43\": [1, 3, 4]}": {"[\"10.0.0.12_10.0.0.42\", [1, 3, 4]]": [10, -206.8791798493516, []], "[\"10.0.0.13_10.0.0.43\", [1, 2, 4]]": [4, -319.03622226755573, []], "[\"10.0.0.11_10.0.0.41\", [1, 2, 4]]": [0, -Infinity, []], "[\"NoTrans\", []]": [7, -314.6055419910755, []]}, "{\"10.0.0.11_10.0.0.41\": [1, 2, 4], \"10.0.0.12_10.0.0.42\": [1, 2, 4], \"10.0.0.13_10.0.0.43\": [1, 3, 4]}": {"[\"10.0.0.12_10.0.0.42\", [1, 3, 4]]": [27, -168.51764029451832, []], "[\"10.0.0.13_10.0.0.43\", [1, 2, 4]]": [4, -329.7103530170875, []], "[\"10.0.0.11_10.0.0.41\", [1, 3, 4]]": [3, -258.7068559716965, []], "[\"NoTrans\", []]": [2, -246.9640280361939, []]}, "{\"10.0.0.11_10.0.0.41\": [1, 3, 4], \"10.0.0.12_10.0.0.42\": [1, 2, 4], \"10.0.0.13_10.0.0.43\": [1, 2, 4]}": {"[\"10.0.0.12_10.0.0.42\", [1, 3, 4]]": [9, -284.2013269320713, []], "[\"10.0.0.13_10.0.0.43\", [1, 3, 4]]": [0, -Infinity, []], "[\"10.0.0.11_10.0.0.41\", [1, 2, 4]]": [0, -Infinity, []], "[\"NoTrans\", []]": [2, -303.16546463228593, []]}, "{\"10.0.0.11_10.0.0.41\": [1, 2, 4], \"10.0.0.12_10.0.0.42\": [1, 2, 4], \"10.0.0.13_10.0.0.43\": [1, 2, 4]}": {"[\"10.0.0.12_10.0.0.42\", [1, 3, 4]]": [13, -246.82969323052214, []], "[\"10.0.0.13_10.0.0.43\", [1, 3, 4]]": [4, -268.24877679593254, []], "[\"10.0.0.11_10.0.0.41\", [1, 3, 4]]": [0, -Infinity, []], "[\"NoTrans\", []]": [0, -Infinity, []]}}