{"{\"10.0.0.11_10.0.0.41\": [1, 3, 4], \"10.0.0.12_10.0.0.42\": [1, 3, 4], \"10.0.0.13_10.0.0.43\": [1, 3, 4]}": {"[\"10.0.0.12_10.0.0.42\", [1, 2, 4]]": [16, -288.7378737618199, []], "[\"10.0.0.11_10.0.0.41\", [1, 2, 4]]": [22, -196.88198081771702, []], "[\"10.0.0.13_10.0.0.43\", [1, 2, 4]]": [18, -283.7831534101582, []], "[\"NoTrans\", []]": [10, -251.33328157319852, []]}, "{\"10.0.0.11_10.0.0.41\": [1, 3, 4], \"10.0.0.12_10.0.0.42\": [1, 3, 4], \"10.0.0.13_10.0.0.43\": [1, 2, 4]}": {"[\"10.0.0.12_10.0.0.42\", [1, 2, 4]]": [12, -335.4203310043515, []], "[\"10.0.0.11_10.0.0.41\", [1, 2, 4]]": [13, -294.85371079034087, []], "[\"10.0.0.13_10.0.0.43\", [1, 3, 4]]": [18, -260.1025885029766, []], "[\"NoTrans\", []]": [24, -285.55990769743585, []]}, "{\"10.0.0.11_10.0.0.41\": [1, 2, 4], \"10.0.0.12_10.0.0.42\": [1, 3, 4], \"10.0.0.13_10.0.0.43\": [1, 3, 4]}": {"[\"10.0.0.12_10.0.0.42\", [1, 2, 4]]": [26, -296.2699886544308, []], "[\"10.0.0.11_10.0.0.41\", [1, 3, 4]]": [18, -256.953677020395, []], "[\"10.0.0.13_10.0.0.43\", [1, 2, 4]]": [15, -293.48543706828605, []], "[\"NoTrans\", []]": [20, -215.2424874633172, []]}, "{\"10.0.0.11_10.0.0.41\": [1, 2, 4], \"10.0.0.12_10.0.0.42\": [1, 3, 4], \"10.0.0.13_10.0.0.43\": [1, 2, 4]}": {"[\"10.0.0.12_10.0.0.42\", [1, 2, 4]]": [11, -371.56396463746756, []], "[\"10.0.0.11_10.0.0.41\", [1, 3, 4]]": [16, -288.3478813396278, []], "[\"10.0.0.13_10.0.0.43\", [1, 3, 4]]": [15, -232.39468445804022, []], "[\"NoTrans\", []]": [6, -290.79688685129685, []]}, "{\"10.0.0.11_10.0.0.41\": [1, 3, 4], \"10.0.0.12_10.0.0.42\": [1, 2, 4], \"10.0.0.13_10.0.0.43\": [1, 3, 4]}": {"[\"10.0.0.12_10.0.0.42\", [1, 3, 4]]": [21, -253.97982406643345, []], "[\"10.0.0.11_10.0.0.41\", [1, 2, 4]]": [17, -299.97794954792306, []], "[\"10.0.0.13_10.0.0.43\", [1, 2, 4]]": [21, -335.1334484494493, []], "[\"NoTrans\", []]": [18, -286.727210322029, []]}, "{\"10.0.0.11_10.0.0.41\": [1, 3, 4], \"10.0.0.12_10.0.0.42\": [1, 2, 4], \"10.0.0.13_10.0.0.43\": [1, 2, 4]}": {"[\"10.0.0.12_10.0.0.42\", [1, 3, 4]]": [8, -296.5735329684897, []], "[\"10.0.0.11_10.0.0.41\", [1, 2, 4]]": [13, -366.1148349695862, []], "[\"10.0.0.13_10.0.0.43\", [1, 3, 4]]": [23, -288.979155688633, []], "[\"NoTrans\", []]": [26, -337.0424969784339, []]}, "{\"10.0.0.11_10.0.0.41\": [1, 2, 4], \"10.0.0.12_10.0.0.42\": [1, 2, 4], \"10.0.0.13_10.0.0.43\": [1, 3, 4]}": {"[\"10.0.0.12_10.0.0.42\", [1, 3, 4]]": [22, -242.3772067097297, []], "[\"10.0.0.11_10.0.0.41\", [1, 3, 4]]": [20, -290.22023619495417, []], "[\"10.0.0.13_10.0.0.43\", [1, 2, 4]]": [14, -359.45022752683565, []], "[\"NoTrans\", []]": [28, -298.82375278612324, []]}, "{\"10.0.0.11_10.0.0.41\": [1, 2, 4], \"10.0.0.12_10.0.0.42\": [1, 2, 4], \"10.0.0.13_10.0.0.43\": [1, 2, 4]}": {"[\"10.0.0.12_10.0.0.42\", [1, 3, 4]]": [14, -290.59616471670887, []], "[\"10.0.0.11_10.0.0.41\", [1, 3, 4]]": [11, -333.1371854018485, []], "[\"10.0.0.13_10.0.0.43\", [1, 3, 4]]": [13, -302.8021734446547, []], "[\"NoTrans\", []]": [12, -370.8202487830841, []]}}