{"{\"10.0.0.11_10.0.0.41\": [1, 3, 4], \"10.0.0.12_10.0.0.42\": [1, 3, 4], \"10.0.0.13_10.0.0.43\": [1, 3, 4]}": {"[\"10.0.0.12_10.0.0.42\", [1, 2, 4]]": [1, -207.297131316243, []], "[\"10.0.0.13_10.0.0.43\", [1, 2, 4]]": [1, -196.25462684630202, []], "[\"10.0.0.11_10.0.0.41\", [1, 2, 4]]": [0, -140, []], "[\"NoTrans\", []]": [1, -226.5733123779297, []]}, "{\"10.0.0.11_10.0.0.41\": [1, 2, 4], \"10.0.0.12_10.0.0.42\": [1, 3, 4], \"10.0.0.13_10.0.0.43\": [1, 3, 4]}": {"[\"10.0.0.12_10.0.0.42\", [1, 2, 4]]": [0, -140, []], "[\"10.0.0.13_10.0.0.43\", [1, 2, 4]]": [1, -187.56561027460072, []], "[\"10.0.0.11_10.0.0.41\", [1, 3, 4]]": [1, -228.0235649108887, []], "[\"NoTrans\", []]": [1, -207.63465521254835, []]}, "{\"10.0.0.11_10.0.0.41\": [1, 3, 4], \"10.0.0.12_10.0.0.42\": [1, 3, 4], \"10.0.0.13_10.0.0.43\": [1, 2, 4]}": {"[\"10.0.0.12_10.0.0.42\", [1, 2, 4]]": [3, -186.7121468089803, []], "[\"10.0.0.13_10.0.0.43\", [1, 3, 4]]": [1, -224.5027900695801, []], "[\"10.0.0.11_10.0.0.41\", [1, 2, 4]]": [1, -187.4587972706989, []], "[\"NoTrans\", []]": [3, -209.9081722900773, []]}, "{\"10.0.0.11_10.0.0.41\": [1, 2, 4], \"10.0.0.12_10.0.0.42\": [1, 3, 4], \"10.0.0.13_10.0.0.43\": [1, 2, 4]}": {"[\"10.0.0.12_10.0.0.42\", [1, 2, 4]]": [1, -199.93203887939453, []], "[\"10.0.0.13_10.0.0.43\", [1, 3, 4]]": [0, -140, []], "[\"10.0.0.11_10.0.0.41\", [1, 3, 4]]": [1, -141.66025497345686, []], "[\"NoTrans\", []]": [0, -140, []]}, "{\"10.0.0.11_10.0.0.41\": [1, 3, 4], \"10.0.0.12_10.0.0.42\": [1, 2, 4], \"10.0.0.13_10.0.0.43\": [1, 3, 4]}": {"[\"10.0.0.12_10.0.0.42\", [1, 3, 4]]": [0, -140, []], "[\"10.0.0.13_10.0.0.43\", [1, 2, 4]]": [1, -176.3890010974993, []], "[\"10.0.0.11_10.0.0.41\", [1, 2, 4]]": [3, -212.35062414171722, []], "[\"NoTrans\", []]": [0, -140, []]}, "{\"10.0.0.11_10.0.0.41\": [1, 2, 4], \"10.0.0.12_10.0.0.42\": [1, 2, 4], \"10.0.0.13_10.0.0.43\": [1, 3, 4]}": {"[\"10.0.0.12_10.0.0.42\", [1, 3, 4]]": [2, -208.23742286594586, []], "[\"10.0.0.13_10.0.0.43\", [1, 2, 4]]": [2, -212.12728163367748, []], "[\"10.0.0.11_10.0.0.41\", [1, 3, 4]]": [2, -218.29331592767312, []], "[\"NoTrans\", []]": [375, -219.5183795996573, []]}, "{\"10.0.0.11_10.0.0.41\": [1, 3, 4], \"10.0.0.12_10.0.0.42\": [1, 2, 4], \"10.0.0.13_10.0.0.43\": [1, 2, 4]}": {"[\"10.0.0.12_10.0.0.42\", [1, 3, 4]]": [3, -206.6761845998524, []], "[\"10.0.0.13_10.0.0.43\", [1, 3, 4]]": [1, -204.20739042708823, []], "[\"10.0.0.11_10.0.0.41\", [1, 2, 4]]": [1, -201.66991958618163, []], "[\"NoTrans\", []]": [379, -99.8933370991849, []]}, "{\"10.0.0.11_10.0.0.41\": [1, 2, 4], \"10.0.0.12_10.0.0.42\": [1, 2, 4], \"10.0.0.13_10.0.0.43\": [1, 2, 4]}": {"[\"10.0.0.12_10.0.0.42\", [1, 3, 4]]": [0, -140, []], "[\"10.0.0.13_10.0.0.43\", [1, 3, 4]]": [3, -227.05211371219588, []], "[\"10.0.0.11_10.0.0.41\", [1, 3, 4]]": [1, -139.78738522866908, []], "[\"NoTrans\", []]": [0, -140, []]}}