{"{\"10.0.0.11_10.0.0.41\": [1, 3, 4], \"10.0.0.12_10.0.0.42\": [1, 3, 4], \"10.0.0.13_10.0.0.43\": [1, 3, 4]}": {"[\"10.0.0.13_10.0.0.43\", [1, 2, 4]]": [1, -224.63410175634425, []], "[\"10.0.0.11_10.0.0.41\", [1, 2, 4]]": [1, -205.49609080836947, []], "[\"10.0.0.12_10.0.0.42\", [1, 2, 4]]": [1, -205.12081562136353, []], "[\"NoTrans\", []]": [0, -140, []]}, "{\"10.0.0.11_10.0.0.41\": [1, 3, 4], \"10.0.0.12_10.0.0.42\": [1, 2, 4], \"10.0.0.13_10.0.0.43\": [1, 3, 4]}": {"[\"10.0.0.13_10.0.0.43\", [1, 2, 4]]": [1, -174.11686692781768, []], "[\"10.0.0.11_10.0.0.41\", [1, 2, 4]]": [1, -183.69279312644707, []], "[\"10.0.0.12_10.0.0.42\", [1, 3, 4]]": [1, -224.4558692932129, []], "[\"NoTrans\", []]": [0, -140, []]}, "{\"10.0.0.11_10.0.0.41\": [1, 2, 4], \"10.0.0.12_10.0.0.42\": [1, 3, 4], \"10.0.0.13_10.0.0.43\": [1, 3, 4]}": {"[\"10.0.0.13_10.0.0.43\", [1, 2, 4]]": [1, -185.05475378508984, []], "[\"10.0.0.11_10.0.0.41\", [1, 3, 4]]": [1, -226.5641571044922, []], "[\"10.0.0.12_10.0.0.42\", [1, 2, 4]]": [1, -184.3051510650522, []], "[\"NoTrans\", []]": [1, -208.2711875529091, []]}, "{\"10.0.0.11_10.0.0.41\": [1, 2, 4], \"10.0.0.12_10.0.0.42\": [1, 2, 4], \"10.0.0.13_10.0.0.43\": [1, 3, 4]}": {"[\"10.0.0.13_10.0.0.43\", [1, 2, 4]]": [1, -197.369229888916, []], "[\"10.0.0.11_10.0.0.41\", [1, 3, 4]]": [1, -205.24806774527093, []], "[\"10.0.0.12_10.0.0.42\", [1, 3, 4]]": [1, -204.02271505300195, []], "[\"NoTrans\", []]": [1, -184.7710822078339, []]}, "{\"10.0.0.11_10.0.0.41\": [1, 3, 4], \"10.0.0.12_10.0.0.42\": [1, 3, 4], \"10.0.0.13_10.0.0.43\": [1, 2, 4]}": {"[\"10.0.0.13_10.0.0.43\", [1, 3, 4]]": [1, -224.25855407714846, []], "[\"10.0.0.11_10.0.0.41\", [1, 2, 4]]": [1, -185.95557756784396, []], "[\"10.0.0.12_10.0.0.42\", [1, 2, 4]]": [2, -180.49517483854862, []], "[\"NoTrans\", []]": [400, -196.10229900218008, []]}, "{\"10.0.0.11_10.0.0.41\": [1, 3, 4], \"10.0.0.12_10.0.0.42\": [1, 2, 4], \"10.0.0.13_10.0.0.43\": [1, 2, 4]}": {"[\"10.0.0.13_10.0.0.43\", [1, 3, 4]]": [1, -205.24226657443003, []], "[\"10.0.0.11_10.0.0.41\", [1, 2, 4]]": [1, -198.59699020385742, []], "[\"10.0.0.12_10.0.0.42\", [1, 3, 4]]": [1, -205.2133942867918, []], "[\"NoTrans\", []]": [355, -102.48586495566967, []]}, "{\"10.0.0.11_10.0.0.41\": [1, 2, 4], \"10.0.0.12_10.0.0.42\": [1, 3, 4], \"10.0.0.13_10.0.0.43\": [1, 2, 4]}": {"[\"10.0.0.13_10.0.0.43\", [1, 3, 4]]": [1, -206.82584529072335, []], "[\"10.0.0.11_10.0.0.41\", [1, 3, 4]]": [1, -205.55203439708308, []], "[\"10.0.0.12_10.0.0.42\", [1, 2, 4]]": [1, -199.29517517089843, []], "[\"NoTrans\", []]": [1, -184.01304925145593, []]}, "{\"10.0.0.11_10.0.0.41\": [1, 2, 4], \"10.0.0.12_10.0.0.42\": [1, 2, 4], \"10.0.0.13_10.0.0.43\": [1, 2, 4]}": {"[\"10.0.0.13_10.0.0.43\", [1, 3, 4]]": [1, -182.54068051471924, []], "[\"10.0.0.11_10.0.0.41\", [1, 3, 4]]": [1, -147.0678859019106, []], "[\"10.0.0.12_10.0.0.42\", [1, 3, 4]]": [1, -183.3822887124883, []], "[\"NoTrans\", []]": [1, -198.96358261108398, []]}}