{"{\"10.0.0.11_10.0.0.41\": [1, 3, 4], \"10.0.0.12_10.0.0.42\": [1, 3, 4], \"10.0.0.13_10.0.0.43\": [1, 3, 4]}": {"[\"10.0.0.13_10.0.0.43\", [1, 2, 4]]": [1, -181.11325837815096, []], "[\"10.0.0.12_10.0.0.42\", [1, 2, 4]]": [1, -180.10108281202005, []], "[\"10.0.0.11_10.0.0.41\", [1, 2, 4]]": [2, -136.04662959239826, []], "[\"NoTrans\", []]": [1, -195.0862289428711, []]}, "{\"10.0.0.11_10.0.0.41\": [1, 2, 4], \"10.0.0.12_10.0.0.42\": [1, 3, 4], \"10.0.0.13_10.0.0.43\": [1, 3, 4]}": {"[\"10.0.0.13_10.0.0.43\", [1, 2, 4]]": [1, -199.42702742233047, []], "[\"10.0.0.12_10.0.0.42\", [1, 2, 4]]": [1, -199.92786977133838, []], "[\"10.0.0.11_10.0.0.41\", [1, 3, 4]]": [1, -194.90045318603515, []], "[\"NoTrans\", []]": [847, -119.61117356602304, []]}, "{\"10.0.0.11_10.0.0.41\": [1, 3, 4], \"10.0.0.12_10.0.0.42\": [1, 2, 4], \"10.0.0.13_10.0.0.43\": [1, 3, 4]}": {"[\"10.0.0.13_10.0.0.43\", [1, 2, 4]]": [1, -199.89291272096537, []], "[\"10.0.0.12_10.0.0.42\", [1, 3, 4]]": [2, -207.82493031107452, []], "[\"10.0.0.11_10.0.0.41\", [1, 2, 4]]": [1, -201.11057886697174, []], "[\"NoTrans\", []]": [3, -234.07770657878476, []]}, "{\"10.0.0.11_10.0.0.41\": [1, 2, 4], \"10.0.0.12_10.0.0.42\": [1, 2, 4], \"10.0.0.13_10.0.0.43\": [1, 3, 4]}": {"[\"10.0.0.13_10.0.0.43\", [1, 2, 4]]": [0, -140, []], "[\"10.0.0.12_10.0.0.42\", [1, 3, 4]]": [1, -172.56695001506597, []], "[\"10.0.0.11_10.0.0.41\", [1, 3, 4]]": [1, -183.91901610559694, []], "[\"NoTrans\", []]": [0, -140, []]}, "{\"10.0.0.11_10.0.0.41\": [1, 3, 4], \"10.0.0.12_10.0.0.42\": [1, 3, 4], \"10.0.0.13_10.0.0.43\": [1, 2, 4]}": {"[\"10.0.0.13_10.0.0.43\", [1, 3, 4]]": [1, -198.3011604309082, []], "[\"10.0.0.12_10.0.0.42\", [1, 2, 4]]": [2, -239.31520980990618, []], "[\"10.0.0.11_10.0.0.41\", [1, 2, 4]]": [1, -197.58519325428662, []], "[\"NoTrans\", []]": [3, -232.87740521741907, []]}, "{\"10.0.0.11_10.0.0.41\": [1, 2, 4], \"10.0.0.12_10.0.0.42\": [1, 3, 4], \"10.0.0.13_10.0.0.43\": [1, 2, 4]}": {"[\"10.0.0.13_10.0.0.43\", [1, 3, 4]]": [1, -166.26635602491174, []], "[\"10.0.0.12_10.0.0.42\", [1, 2, 4]]": [1, -216.59749755859377, []], "[\"10.0.0.11_10.0.0.41\", [1, 3, 4]]": [1, -181.63450491040666, []], "[\"NoTrans\", []]": [1, -194.4849607837326, []]}, "{\"10.0.0.11_10.0.0.41\": [1, 3, 4], \"10.0.0.12_10.0.0.42\": [1, 2, 4], \"10.0.0.13_10.0.0.43\": [1, 2, 4]}": {"[\"10.0.0.13_10.0.0.43\", [1, 3, 4]]": [2, -191.21417047678824, []], "[\"10.0.0.12_10.0.0.42\", [1, 3, 4]]": [1, -207.25143512744506, []], "[\"10.0.0.11_10.0.0.41\", [1, 2, 4]]": [1, -217.27889785766604, []], "[\"NoTrans\", []]": [1, -199.23204506765882, []]}, "{\"10.0.0.11_10.0.0.41\": [1, 2, 4], \"10.0.0.12_10.0.0.42\": [1, 2, 4], \"10.0.0.13_10.0.0.43\": [1, 2, 4]}": {"[\"10.0.0.13_10.0.0.43\", [1, 3, 4]]": [0, -140, []], "[\"10.0.0.12_10.0.0.42\", [1, 3, 4]]": [1, -199.14269869996878, []], "[\"10.0.0.11_10.0.0.41\", [1, 3, 4]]": [1, -201.85070558103374, []], "[\"NoTrans\", []]": [2, -234.8284312438965, []]}}