{"{\"10.0.0.11_10.0.0.41\": [1, 3, 4], \"10.0.0.12_10.0.0.42\": [1, 3, 4], \"10.0.0.13_10.0.0.43\": [1, 3, 4]}": {"[\"10.0.0.13_10.0.0.43\", [1, 2, 4]]": [1, -180.30979200976202, []], "[\"10.0.0.12_10.0.0.42\", [1, 2, 4]]": [1, -215.62089468237338, []], "[\"10.0.0.11_10.0.0.41\", [1, 2, 4]]": [2, -135.67665889678375, []], "[\"NoTrans\", []]": [1, -193.591153717041, []]}, "{\"10.0.0.11_10.0.0.41\": [1, 2, 4], \"10.0.0.12_10.0.0.42\": [1, 3, 4], \"10.0.0.13_10.0.0.43\": [1, 3, 4]}": {"[\"10.0.0.13_10.0.0.43\", [1, 2, 4]]": [1, -197.72034421363958, []], "[\"10.0.0.12_10.0.0.42\", [1, 2, 4]]": [1, -198.16704268847963, []], "[\"10.0.0.11_10.0.0.41\", [1, 3, 4]]": [1, -200.27074937827322, []], "[\"NoTrans\", []]": [859, -119.56008702611174, []]}, "{\"10.0.0.11_10.0.0.41\": [1, 3, 4], \"10.0.0.12_10.0.0.42\": [1, 2, 4], \"10.0.0.13_10.0.0.43\": [1, 3, 4]}": {"[\"10.0.0.13_10.0.0.43\", [1, 2, 4]]": [1, -197.90216166688077, []], "[\"10.0.0.12_10.0.0.42\", [1, 3, 4]]": [2, -208.76847946166993, []], "[\"10.0.0.11_10.0.0.41\", [1, 2, 4]]": [1, -199.24549084899456, []], "[\"NoTrans\", []]": [4, -237.48888070758375, []]}, "{\"10.0.0.11_10.0.0.41\": [1, 2, 4], \"10.0.0.12_10.0.0.42\": [1, 2, 4], \"10.0.0.13_10.0.0.43\": [1, 3, 4]}": {"[\"10.0.0.13_10.0.0.43\", [1, 2, 4]]": [0, -140, []], "[\"10.0.0.12_10.0.0.42\", [1, 3, 4]]": [1, -165.18334606230496, []], "[\"10.0.0.11_10.0.0.41\", [1, 3, 4]]": [1, -184.1216713771389, []], "[\"NoTrans\", []]": [2, -210.4215950195938, []]}, "{\"10.0.0.11_10.0.0.41\": [1, 3, 4], \"10.0.0.12_10.0.0.42\": [1, 3, 4], \"10.0.0.13_10.0.0.43\": [1, 2, 4]}": {"[\"10.0.0.13_10.0.0.43\", [1, 3, 4]]": [1, -195.477140045166, []], "[\"10.0.0.12_10.0.0.42\", [1, 2, 4]]": [1, -197.45053676504668, []], "[\"10.0.0.11_10.0.0.41\", [1, 2, 4]]": [1, -202.47956006193013, []], "[\"NoTrans\", []]": [0, -140, []]}, "{\"10.0.0.11_10.0.0.41\": [1, 2, 4], \"10.0.0.12_10.0.0.42\": [1, 3, 4], \"10.0.0.13_10.0.0.43\": [1, 2, 4]}": {"[\"10.0.0.13_10.0.0.43\", [1, 3, 4]]": [1, -168.12408777925384, []], "[\"10.0.0.12_10.0.0.42\", [1, 2, 4]]": [1, -219.3441749572754, []], "[\"10.0.0.11_10.0.0.41\", [1, 3, 4]]": [1, -180.2861204598353, []], "[\"NoTrans\", []]": [1, -198.62810298187043, []]}, "{\"10.0.0.11_10.0.0.41\": [1, 3, 4], \"10.0.0.12_10.0.0.42\": [1, 2, 4], \"10.0.0.13_10.0.0.43\": [1, 2, 4]}": {"[\"10.0.0.13_10.0.0.43\", [1, 3, 4]]": [1, -182.15699981189317, []], "[\"10.0.0.12_10.0.0.42\", [1, 3, 4]]": [1, -180.8564074671819, []], "[\"10.0.0.11_10.0.0.41\", [1, 2, 4]]": [1, -217.25867996215823, []], "[\"NoTrans\", []]": [0, -140, []]}, "{\"10.0.0.11_10.0.0.41\": [1, 2, 4], \"10.0.0.12_10.0.0.42\": [1, 2, 4], \"10.0.0.13_10.0.0.43\": [1, 2, 4]}": {"[\"10.0.0.13_10.0.0.43\", [1, 3, 4]]": [0, -140, []], "[\"10.0.0.12_10.0.0.42\", [1, 3, 4]]": [1, -197.91356439055372, []], "[\"10.0.0.11_10.0.0.41\", [1, 3, 4]]": [1, -201.89157781243944, []], "[\"NoTrans\", []]": [1, -220.08727798461916, []]}}