{"{\"10.0.0.11_10.0.0.41\": [1, 3, 4], \"10.0.0.12_10.0.0.42\": [1, 3, 4], \"10.0.0.13_10.0.0.43\": [1, 3, 4]}": {"[\"10.0.0.12_10.0.0.42\", [1, 2, 4]]": [12, -281.19108717209133, []], "[\"10.0.0.11_10.0.0.41\", [1, 2, 4]]": [18, -172.07085123296685, []], "[\"10.0.0.13_10.0.0.43\", [1, 2, 4]]": [23, -282.85852220495514, []], "[\"NoTrans\", []]": [17, -244.42604126838077, []]}, "{\"10.0.0.11_10.0.0.41\": [1, 3, 4], \"10.0.0.12_10.0.0.42\": [1, 3, 4], \"10.0.0.13_10.0.0.43\": [1, 2, 4]}": {"[\"10.0.0.12_10.0.0.42\", [1, 2, 4]]": [18, -336.9138729498551, []], "[\"10.0.0.11_10.0.0.41\", [1, 2, 4]]": [22, -271.2067353412278, []], "[\"10.0.0.13_10.0.0.43\", [1, 3, 4]]": [19, -247.2106424641874, []], "[\"NoTrans\", []]": [14, -285.09661530767164, []]}, "{\"10.0.0.11_10.0.0.41\": [1, 2, 4], \"10.0.0.12_10.0.0.42\": [1, 3, 4], \"10.0.0.13_10.0.0.43\": [1, 3, 4]}": {"[\"10.0.0.12_10.0.0.42\", [1, 2, 4]]": [15, -279.1165313534996, []], "[\"10.0.0.11_10.0.0.41\", [1, 3, 4]]": [21, -246.29585387477064, []], "[\"10.0.0.13_10.0.0.43\", [1, 2, 4]]": [15, -286.8433942882306, []], "[\"NoTrans\", []]": [19, -191.24603212033756, []]}, "{\"10.0.0.11_10.0.0.41\": [1, 2, 4], \"10.0.0.12_10.0.0.42\": [1, 3, 4], \"10.0.0.13_10.0.0.43\": [1, 2, 4]}": {"[\"10.0.0.12_10.0.0.42\", [1, 2, 4]]": [17, -347.13242196472555, []], "[\"10.0.0.11_10.0.0.41\", [1, 3, 4]]": [17, -270.9924985151144, []], "[\"10.0.0.13_10.0.0.43\", [1, 3, 4]]": [14, -228.706827976365, []], "[\"NoTrans\", []]": [19, -269.3342794071555, []]}, "{\"10.0.0.11_10.0.0.41\": [1, 3, 4], \"10.0.0.12_10.0.0.42\": [1, 2, 4], \"10.0.0.13_10.0.0.43\": [1, 3, 4]}": {"[\"10.0.0.12_10.0.0.42\", [1, 3, 4]]": [13, -241.23629567205228, []], "[\"10.0.0.11_10.0.0.41\", [1, 2, 4]]": [19, -281.5651108352445, []], "[\"10.0.0.13_10.0.0.43\", [1, 2, 4]]": [18, -336.07605908935165, []], "[\"NoTrans\", []]": [21, -282.9899641865692, []]}, "{\"10.0.0.11_10.0.0.41\": [1, 3, 4], \"10.0.0.12_10.0.0.42\": [1, 2, 4], \"10.0.0.13_10.0.0.43\": [1, 2, 4]}": {"[\"10.0.0.12_10.0.0.42\", [1, 3, 4]]": [19, -285.0991568977712, []], "[\"10.0.0.11_10.0.0.41\", [1, 2, 4]]": [9, -346.133369882389, []], "[\"10.0.0.13_10.0.0.43\", [1, 3, 4]]": [21, -281.45794020404315, []], "[\"NoTrans\", []]": [11, -333.184668561565, []]}, "{\"10.0.0.11_10.0.0.41\": [1, 2, 4], \"10.0.0.12_10.0.0.42\": [1, 2, 4], \"10.0.0.13_10.0.0.43\": [1, 3, 4]}": {"[\"10.0.0.12_10.0.0.42\", [1, 3, 4]]": [19, -215.0007448032678, []], "[\"10.0.0.11_10.0.0.41\", [1, 3, 4]]": [18, -280.5333327539161, []], "[\"10.0.0.13_10.0.0.43\", [1, 2, 4]]": [18, -348.1511942474485, []], "[\"NoTrans\", []]": [12, -283.6450892870094, []]}, "{\"10.0.0.11_10.0.0.41\": [1, 2, 4], \"10.0.0.12_10.0.0.42\": [1, 2, 4], \"10.0.0.13_10.0.0.43\": [1, 2, 4]}": {"[\"10.0.0.12_10.0.0.42\", [1, 3, 4]]": [11, -267.2772702607959, []], "[\"10.0.0.11_10.0.0.41\", [1, 3, 4]]": [13, -331.52305031208095, []], "[\"10.0.0.13_10.0.0.43\", [1, 3, 4]]": [21, -279.6995472659249, []], "[\"NoTrans\", []]": [16, -346.3167464839811, []]}}