{"{\"10.0.0.11_10.0.0.41\": [1, 3, 4], \"10.0.0.12_10.0.0.42\": [1, 3, 4], \"10.0.0.13_10.0.0.43\": [1, 3, 4]}": {"[\"10.0.0.13_10.0.0.43\", [1, 2, 4]]": [3, -195.6208786225692, []], "[\"10.0.0.12_10.0.0.42\", [1, 2, 4]]": [3, -208.9279676085908, []], "[\"10.0.0.11_10.0.0.41\", [1, 2, 4]]": [5, -177.63421146258037, []], "[\"NoTrans\", []]": [2, -180.45594999517996, []]}, "{\"10.0.0.11_10.0.0.41\": [1, 2, 4], \"10.0.0.12_10.0.0.42\": [1, 3, 4], \"10.0.0.13_10.0.0.43\": [1, 3, 4]}": {"[\"10.0.0.13_10.0.0.43\", [1, 2, 4]]": [3, -202.4045905084514, []], "[\"10.0.0.12_10.0.0.42\", [1, 2, 4]]": [4, -225.9725339290935, []], "[\"10.0.0.11_10.0.0.41\", [1, 3, 4]]": [4, -224.43093393158856, []], "[\"NoTrans\", []]": [803, -130.83475531428388, []]}, "{\"10.0.0.11_10.0.0.41\": [1, 3, 4], \"10.0.0.12_10.0.0.42\": [1, 2, 4], \"10.0.0.13_10.0.0.43\": [1, 3, 4]}": {"[\"10.0.0.13_10.0.0.43\", [1, 2, 4]]": [3, -216.57281046929404, []], "[\"10.0.0.12_10.0.0.42\", [1, 3, 4]]": [4, -224.70396705320024, []], "[\"10.0.0.11_10.0.0.41\", [1, 2, 4]]": [2, -192.11335931401712, []], "[\"NoTrans\", []]": [3, -208.4275044424345, []]}, "{\"10.0.0.11_10.0.0.41\": [1, 2, 4], \"10.0.0.12_10.0.0.42\": [1, 2, 4], \"10.0.0.13_10.0.0.43\": [1, 3, 4]}": {"[\"10.0.0.13_10.0.0.43\", [1, 2, 4]]": [2, -211.62674478720865, []], "[\"10.0.0.12_10.0.0.42\", [1, 3, 4]]": [4, -196.99149751606228, []], "[\"10.0.0.11_10.0.0.41\", [1, 3, 4]]": [3, -185.2071302151482, []], "[\"NoTrans\", []]": [2, -181.40939951499004, []]}, "{\"10.0.0.11_10.0.0.41\": [1, 3, 4], \"10.0.0.12_10.0.0.42\": [1, 3, 4], \"10.0.0.13_10.0.0.43\": [1, 2, 4]}": {"[\"10.0.0.13_10.0.0.43\", [1, 3, 4]]": [3, -223.41339139260162, []], "[\"10.0.0.12_10.0.0.42\", [1, 2, 4]]": [2, -208.1797604127734, []], "[\"10.0.0.11_10.0.0.41\", [1, 2, 4]]": [2, -207.12665070920573, []], "[\"NoTrans\", []]": [2, -190.74122520643283, []]}, "{\"10.0.0.11_10.0.0.41\": [1, 2, 4], \"10.0.0.12_10.0.0.42\": [1, 3, 4], \"10.0.0.13_10.0.0.43\": [1, 2, 4]}": {"[\"10.0.0.13_10.0.0.43\", [1, 3, 4]]": [3, -187.1760210430547, []], "[\"10.0.0.12_10.0.0.42\", [1, 2, 4]]": [1, -193.34007791709146, []], "[\"10.0.0.11_10.0.0.41\", [1, 3, 4]]": [2, -197.32366397276454, []], "[\"NoTrans\", []]": [1, -153.65482586532073, []]}, "{\"10.0.0.11_10.0.0.41\": [1, 3, 4], \"10.0.0.12_10.0.0.42\": [1, 2, 4], \"10.0.0.13_10.0.0.43\": [1, 2, 4]}": {"[\"10.0.0.13_10.0.0.43\", [1, 3, 4]]": [3, -212.8376886644454, []], "[\"10.0.0.12_10.0.0.42\", [1, 3, 4]]": [2, -197.70683212475495, []], "[\"10.0.0.11_10.0.0.41\", [1, 2, 4]]": [1, -193.75578455161295, []], "[\"NoTrans\", []]": [1, -161.27285594324331, []]}, "{\"10.0.0.11_10.0.0.41\": [1, 2, 4], \"10.0.0.12_10.0.0.42\": [1, 2, 4], \"10.0.0.13_10.0.0.43\": [1, 2, 4]}": {"[\"10.0.0.13_10.0.0.43\", [1, 3, 4]]": [2, -186.99365537983851, []], "[\"10.0.0.12_10.0.0.42\", [1, 3, 4]]": [1, -153.8709675691129, []], "[\"10.0.0.11_10.0.0.41\", [1, 3, 4]]": [1, -163.3975793995678, []], "[\"NoTrans\", []]": [1, -194.05714563559732, []]}}