{"{\"10.0.0.11_10.0.0.41\": [1, 3, 4], \"10.0.0.12_10.0.0.42\": [1, 3, 4], \"10.0.0.13_10.0.0.43\": [1, 3, 4]}": {"[\"10.0.0.11_10.0.0.41\", [1, 2, 4]]": [46, -146.74675173931928, []], "[\"10.0.0.13_10.0.0.43\", [1, 2, 4]]": [17, -270.51067554757566, []], "[\"10.0.0.12_10.0.0.42\", [1, 2, 4]]": [12, -268.2859863940175, []], "[\"NoTrans\", []]": [9, -230.71341703375683, []]}, "{\"10.0.0.11_10.0.0.41\": [1, 3, 4], \"10.0.0.12_10.0.0.42\": [1, 2, 4], \"10.0.0.13_10.0.0.43\": [1, 3, 4]}": {"[\"10.0.0.11_10.0.0.41\", [1, 2, 4]]": [10, -271.5526772814514, []], "[\"10.0.0.13_10.0.0.43\", [1, 2, 4]]": [7, -329.2549703138702, []], "[\"10.0.0.12_10.0.0.42\", [1, 3, 4]]": [14, -226.8557915793514, []], "[\"NoTrans\", []]": [12, -276.964153279999, []]}, "{\"10.0.0.11_10.0.0.41\": [1, 3, 4], \"10.0.0.12_10.0.0.42\": [1, 3, 4], \"10.0.0.13_10.0.0.43\": [1, 2, 4]}": {"[\"10.0.0.11_10.0.0.41\", [1, 2, 4]]": [17, -259.06793617481276, []], "[\"10.0.0.13_10.0.0.43\", [1, 3, 4]]": [15, -230.73079903432821, []], "[\"10.0.0.12_10.0.0.42\", [1, 2, 4]]": [11, -325.4367445795685, []], "[\"NoTrans\", []]": [13, -289.0516351346393, []]}, "{\"10.0.0.11_10.0.0.41\": [1, 3, 4], \"10.0.0.12_10.0.0.42\": [1, 2, 4], \"10.0.0.13_10.0.0.43\": [1, 2, 4]}": {"[\"10.0.0.11_10.0.0.41\", [1, 2, 4]]": [10, -351.49644665823473, []], "[\"10.0.0.13_10.0.0.43\", [1, 3, 4]]": [8, -275.0983692006323, []], "[\"10.0.0.12_10.0.0.42\", [1, 3, 4]]": [9, -283.65556661269846, []], "[\"NoTrans\", []]": [8, -333.1465613471716, []]}, "{\"10.0.0.11_10.0.0.41\": [1, 2, 4], \"10.0.0.12_10.0.0.42\": [1, 3, 4], \"10.0.0.13_10.0.0.43\": [1, 3, 4]}": {"[\"10.0.0.11_10.0.0.41\", [1, 3, 4]]": [46, -220.13115736387772, []], "[\"10.0.0.13_10.0.0.43\", [1, 2, 4]]": [24, -263.60491423392807, []], "[\"10.0.0.12_10.0.0.42\", [1, 2, 4]]": [20, -264.769001323589, []], "[\"NoTrans\", []]": [80, -172.6558266557035, []]}, "{\"10.0.0.11_10.0.0.41\": [1, 2, 4], \"10.0.0.12_10.0.0.42\": [1, 2, 4], \"10.0.0.13_10.0.0.43\": [1, 3, 4]}": {"[\"10.0.0.11_10.0.0.41\", [1, 3, 4]]": [11, -274.8189347187232, []], "[\"10.0.0.13_10.0.0.43\", [1, 2, 4]]": [9, -362.3655824494628, []], "[\"10.0.0.12_10.0.0.42\", [1, 3, 4]]": [18, -191.36934794043466, []], "[\"NoTrans\", []]": [18, -266.7360793768682, []]}, "{\"10.0.0.11_10.0.0.41\": [1, 2, 4], \"10.0.0.12_10.0.0.42\": [1, 3, 4], \"10.0.0.13_10.0.0.43\": [1, 2, 4]}": {"[\"10.0.0.11_10.0.0.41\", [1, 3, 4]]": [17, -274.04887827016, []], "[\"10.0.0.13_10.0.0.43\", [1, 3, 4]]": [26, -194.59691155723027, []], "[\"10.0.0.12_10.0.0.42\", [1, 2, 4]]": [12, -354.8044208979128, []], "[\"NoTrans\", []]": [29, -262.67506266761256, []]}, "{\"10.0.0.11_10.0.0.41\": [1, 2, 4], \"10.0.0.12_10.0.0.42\": [1, 2, 4], \"10.0.0.13_10.0.0.43\": [1, 2, 4]}": {"[\"10.0.0.11_10.0.0.41\", [1, 3, 4]]": [9, -331.88162029125965, []], "[\"10.0.0.13_10.0.0.43\", [1, 3, 4]]": [8, -287.79453614646195, []], "[\"10.0.0.12_10.0.0.42\", [1, 3, 4]]": [14, -287.08521096494235, []], "[\"NoTrans\", []]": [9, -358.85498231251034, []]}}