{"{\"10.0.0.1_10.0.1.1\": [1, 4, 5], \"10.0.0.2_10.0.1.2\": [1, 4, 5], \"10.0.0.3_10.0.1.3\": [1, 4, 5]}": {"[\"10.0.0.2_10.0.1.2\", [1, 3, 5]]": [1, -165.60567697380108, []], "[\"10.0.0.2_10.0.1.2\", [1, 2, 5]]": [1, -218.9692423268711, []], "[\"10.0.0.3_10.0.1.3\", [1, 3, 5]]": [1, -167.3146228623447, []], "[\"10.0.0.3_10.0.1.3\", [1, 2, 5]]": [1, -209.52603738570673, []], "[\"10.0.0.1_10.0.1.1\", [1, 3, 5]]": [1, -165.17229177134263, []], "[\"10.0.0.1_10.0.1.1\", [1, 2, 5]]": [1, -164.88597462484142, []], "[\"NoTrans\", []]": [1, -174.59501037597656, []]}, "{\"10.0.0.1_10.0.1.1\": [1, 3, 5], \"10.0.0.2_10.0.1.2\": [1, 4, 5], \"10.0.0.3_10.0.1.3\": [1, 4, 5]}": {"[\"10.0.0.2_10.0.1.2\", [1, 3, 5]]": [1, -184.18235018130477, []], "[\"10.0.0.2_10.0.1.2\", [1, 2, 5]]": [1, -208.2756079370575, []], "[\"10.0.0.3_10.0.1.3\", [1, 3, 5]]": [1, -185.06556070315395, []], "[\"10.0.0.3_10.0.1.3\", [1, 2, 5]]": [1, -210.49613574439667, []], "[\"10.0.0.1_10.0.1.1\", [1, 4, 5]]": [1, -176.6127944946289, []], "[\"10.0.0.1_10.0.1.1\", [1, 2, 5]]": [1, -165.15780680204935, []], "[\"NoTrans\", []]": [1, -164.63121377056194, []]}, "{\"10.0.0.1_10.0.1.1\": [1, 2, 5], \"10.0.0.2_10.0.1.2\": [1, 4, 5], \"10.0.0.3_10.0.1.3\": [1, 4, 5]}": {"[\"10.0.0.2_10.0.1.2\", [1, 3, 5]]": [2, -149.74694632499316, []], "[\"10.0.0.2_10.0.1.2\", [1, 2, 5]]": [1, -248.31116671702677, []], "[\"10.0.0.3_10.0.1.3\", [1, 3, 5]]": [1, -166.71662736886302, []], "[\"10.0.0.3_10.0.1.3\", [1, 2, 5]]": [1, -246.3550649244201, []], "[\"10.0.0.1_10.0.1.1\", [1, 4, 5]]": [1, -174.85574493408203, []], "[\"10.0.0.1_10.0.1.1\", [1, 3, 5]]": [1, -164.7665709164263, []], "[\"NoTrans\", []]": [1, -167.42804498157977, []]}, "{\"10.0.0.1_10.0.1.1\": [1, 4, 5], \"10.0.0.2_10.0.1.2\": [1, 4, 5], \"10.0.0.3_10.0.1.3\": [1, 3, 5]}": {"[\"10.0.0.2_10.0.1.2\", [1, 3, 5]]": [1, -186.17340249463078, []], "[\"10.0.0.2_10.0.1.2\", [1, 2, 5]]": [1, -218.92000407387656, []], "[\"10.0.0.3_10.0.1.3\", [1, 4, 5]]": [1, -174.53683624267578, []], "[\"10.0.0.3_10.0.1.3\", [1, 2, 5]]": [1, -207.95437232556847, []], "[\"10.0.0.1_10.0.1.1\", [1, 3, 5]]": [1, -185.6630479745514, []], "[\"10.0.0.1_10.0.1.1\", [1, 2, 5]]": [1, -167.24562580571913, []], "[\"NoTrans\", []]": [1, -166.81016292493493, []]}, "{\"10.0.0.1_10.0.1.1\": [1, 3, 5], \"10.0.0.2_10.0.1.2\": [1, 4, 5], \"10.0.0.3_10.0.1.3\": [1, 3, 5]}": {"[\"10.0.0.2_10.0.1.2\", [1, 3, 5]]": [1, -200.8554817199707, []], "[\"10.0.0.2_10.0.1.2\", [1, 2, 5]]": [1, -228.8507573599992, []], "[\"10.0.0.3_10.0.1.3\", [1, 4, 5]]": [1, -166.23733515717635, []], "[\"10.0.0.3_10.0.1.3\", [1, 2, 5]]": [1, -209.14657414099509, []], "[\"10.0.0.1_10.0.1.1\", [1, 4, 5]]": [1, -166.20956625922622, []], "[\"10.0.0.1_10.0.1.1\", [1, 2, 5]]": [1, -166.75001758951234, []], "[\"NoTrans\", []]": [1, -185.37547586828418, []]}, "{\"10.0.0.1_10.0.1.1\": [1, 2, 5], \"10.0.0.2_10.0.1.2\": [1, 4, 5], \"10.0.0.3_10.0.1.3\": [1, 3, 5]}": {"[\"10.0.0.2_10.0.1.2\", [1, 3, 5]]": [1, -186.55591874947132, []], "[\"10.0.0.2_10.0.1.2\", [1, 2, 5]]": [1, -251.8600984250412, []], "[\"10.0.0.3_10.0.1.3\", [1, 4, 5]]": [1, -165.07729488301905, []], "[\"10.0.0.3_10.0.1.3\", [1, 2, 5]]": [1, -245.8668224560478, []], "[\"10.0.0.1_10.0.1.1\", [1, 4, 5]]": [1, -167.01269702361452, []], "[\"10.0.0.1_10.0.1.1\", [1, 3, 5]]": [1, -184.81867932290248, []], "[\"NoTrans\", []]": [1, -167.07196212928574, []]}, "{\"10.0.0.1_10.0.1.1\": [1, 4, 5], \"10.0.0.2_10.0.1.2\": [1, 4, 5], \"10.0.0.3_10.0.1.3\": [1, 2, 5]}": {"[\"10.0.0.2_10.0.1.2\", [1, 3, 5]]": [1, -208.2828970628119, []], "[\"10.0.0.2_10.0.1.2\", [1, 2, 5]]": [1, -246.56848851199686, []], "[\"10.0.0.3_10.0.1.3\", [1, 4, 5]]": [1, -174.57717666625976, []], "[\"10.0.0.3_10.0.1.3\", [1, 3, 5]]": [1, -167.27429060283282, []], "[\"10.0.0.1_10.0.1.1\", [1, 3, 5]]": [1, -210.1115914394576, []], "[\"10.0.0.1_10.0.1.1\", [1, 2, 5]]": [1, -248.66695214198268, []], "[\"NoTrans\", []]": [1, -210.10733442103862, []]}, "{\"10.0.0.1_10.0.1.1\": [1, 3, 5], \"10.0.0.2_10.0.1.2\": [1, 4, 5], \"10.0.0.3_10.0.1.3\": [1, 2, 5]}": {"[\"10.0.0.2_10.0.1.2\", [1, 3, 5]]": [1, -229.09961654023112, []], "[\"10.0.0.2_10.0.1.2\", [1, 2, 5]]": [1, -250.88108154582972, []], "[\"10.0.0.3_10.0.1.3\", [1, 4, 5]]": [1, -165.88460779666732, []], "[\"10.0.0.3_10.0.1.3\", [1, 3, 5]]": [1, -184.54016831913992, []], "[\"10.0.0.1_10.0.1.1\", [1, 4, 5]]": [1, -213.3849613618542, []], "[\"10.0.0.1_10.0.1.1\", [1, 2, 5]]": [0, -140, []], "[\"NoTrans\", []]": [1, -212.50292944570054, []]}, "{\"10.0.0.1_10.0.1.1\": [1, 2, 5], \"10.0.0.2_10.0.1.2\": [1, 4, 5], \"10.0.0.3_10.0.1.3\": [1, 2, 5]}": {"[\"10.0.0.2_10.0.1.2\", [1, 3, 5]]": [1, -245.76474074556415, []], "[\"10.0.0.2_10.0.1.2\", [1, 2, 5]]": [1, -277.3953796386719, []], "[\"10.0.0.3_10.0.1.3\", [1, 4, 5]]": [1, -177.33978332168198, []], "[\"10.0.0.3_10.0.1.3\", [1, 3, 5]]": [1, -166.05161858269062, []], "[\"10.0.0.1_10.0.1.1\", [1, 4, 5]]": [1, -208.742963068308, []], "[\"10.0.0.1_10.0.1.1\", [1, 3, 5]]": [0, -140, []], "[\"NoTrans\", []]": [1, -245.6522203029869, []]}, "{\"10.0.0.1_10.0.1.1\": [1, 4, 5], \"10.0.0.2_10.0.1.2\": [1, 3, 5], \"10.0.0.3_10.0.1.3\": [1, 4, 5]}": {"[\"10.0.0.2_10.0.1.2\", [1, 4, 5]]": [1, -174.35277709960937, []], "[\"10.0.0.2_10.0.1.2\", [1, 2, 5]]": [1, -218.74381426785942, []], "[\"10.0.0.3_10.0.1.3\", [1, 3, 5]]": [1, -184.8665113313553, []], "[\"10.0.0.3_10.0.1.3\", [1, 2, 5]]": [1, -209.16587404583032, []], "[\"10.0.0.1_10.0.1.1\", [1, 3, 5]]": [1, -186.94242123998805, []], "[\"10.0.0.1_10.0.1.1\", [1, 2, 5]]": [1, -147.29766642475923, []], "[\"NoTrans\", []]": [1, -167.64835578512756, []]}, "{\"10.0.0.1_10.0.1.1\": [1, 3, 5], \"10.0.0.2_10.0.1.2\": [1, 3, 5], \"10.0.0.3_10.0.1.3\": [1, 4, 5]}": {"[\"10.0.0.2_10.0.1.2\", [1, 4, 5]]": [1, -164.6433835973774, []], "[\"10.0.0.2_10.0.1.2\", [1, 2, 5]]": [1, -209.28572870855226, []], "[\"10.0.0.3_10.0.1.3\", [1, 3, 5]]": [1, -199.3209243774414, []], "[\"10.0.0.3_10.0.1.3\", [1, 2, 5]]": [1, -229.61837241400053, []], "[\"10.0.0.1_10.0.1.1\", [1, 4, 5]]": [1, -165.69808657456264, []], "[\"10.0.0.1_10.0.1.1\", [1, 2, 5]]": [1, -161.74301356637608, []], "[\"NoTrans\", []]": [1, -183.69272300734093, []]}, "{\"10.0.0.1_10.0.1.1\": [1, 2, 5], \"10.0.0.2_10.0.1.2\": [1, 3, 5], \"10.0.0.3_10.0.1.3\": [1, 4, 5]}": {"[\"10.0.0.2_10.0.1.2\", [1, 4, 5]]": [1, -167.34782783637417, []], "[\"10.0.0.2_10.0.1.2\", [1, 2, 5]]": [1, -245.0315531366472, []], "[\"10.0.0.3_10.0.1.3\", [1, 3, 5]]": [1, -184.72521953004488, []], "[\"10.0.0.3_10.0.1.3\", [1, 2, 5]]": [1, -245.08454053024815, []], "[\"10.0.0.1_10.0.1.1\", [1, 4, 5]]": [1, -164.44627911530014, []], "[\"10.0.0.1_10.0.1.1\", [1, 3, 5]]": [1, -184.00180370258948, []], "[\"NoTrans\", []]": [1999, -131.5844262705579, []]}, "{\"10.0.0.1_10.0.1.1\": [1, 4, 5], \"10.0.0.2_10.0.1.2\": [1, 3, 5], \"10.0.0.3_10.0.1.3\": [1, 3, 5]}": {"[\"10.0.0.2_10.0.1.2\", [1, 4, 5]]": [1, -166.4980115699831, []], "[\"10.0.0.2_10.0.1.2\", [1, 2, 5]]": [1, -218.94170851140976, []], "[\"10.0.0.3_10.0.1.3\", [1, 4, 5]]": [1, -179.75252907907284, []], "[\"10.0.0.3_10.0.1.3\", [1, 2, 5]]": [1, -209.3411491146274, []], "[\"10.0.0.1_10.0.1.1\", [1, 3, 5]]": [1, -199.43040618896484, []], "[\"10.0.0.1_10.0.1.1\", [1, 2, 5]]": [1, -185.71718121813666, []], "[\"NoTrans\", []]": [1, -184.09853866309373, []]}, "{\"10.0.0.1_10.0.1.1\": [1, 3, 5], \"10.0.0.2_10.0.1.2\": [1, 3, 5], \"10.0.0.3_10.0.1.3\": [1, 3, 5]}": {"[\"10.0.0.2_10.0.1.2\", [1, 4, 5]]": [1, -183.56979776004795, []], "[\"10.0.0.2_10.0.1.2\", [1, 2, 5]]": [1, -227.83649617094187, []], "[\"10.0.0.3_10.0.1.3\", [1, 4, 5]]": [1, -185.0675528184338, []], "[\"10.0.0.3_10.0.1.3\", [1, 2, 5]]": [1, -229.3741208802183, []], "[\"10.0.0.1_10.0.1.1\", [1, 4, 5]]": [1, -184.3996737988727, []], "[\"10.0.0.1_10.0.1.1\", [1, 2, 5]]": [1, -184.28266331965165, []], "[\"NoTrans\", []]": [1, -199.04102096557617, []]},