{"{\"10.0.0.11_10.0.0.41\": [1, 3, 4], \"10.0.0.12_10.0.0.42\": [1, 3, 4], \"10.0.0.13_10.0.0.43\": [1, 3, 4]}": {"[\"10.0.0.11_10.0.0.41\", [1, 2, 4]]": [8, -156.11837790331916, []], "[\"10.0.0.12_10.0.0.42\", [1, 2, 4]]": [2, -245.2125699938561, []], "[\"10.0.0.13_10.0.0.43\", [1, 2, 4]]": [1, -186.71299098269986, []], "[\"NoTrans\", []]": [1, -201.517236328125, []]}, "{\"10.0.0.11_10.0.0.41\": [1, 3, 4], \"10.0.0.12_10.0.0.42\": [1, 3, 4], \"10.0.0.13_10.0.0.43\": [1, 2, 4]}": {"[\"10.0.0.11_10.0.0.41\", [1, 2, 4]]": [1, -204.7195594666427, []], "[\"10.0.0.12_10.0.0.42\", [1, 2, 4]]": [2, -248.98613680267695, []], "[\"10.0.0.13_10.0.0.43\", [1, 3, 4]]": [2, -212.4058123779297, []], "[\"NoTrans\", []]": [2, -223.99879344612242, []]}, "{\"10.0.0.11_10.0.0.41\": [1, 3, 4], \"10.0.0.12_10.0.0.42\": [1, 2, 4], \"10.0.0.13_10.0.0.43\": [1, 3, 4]}": {"[\"10.0.0.11_10.0.0.41\", [1, 2, 4]]": [2, -250.84811526432952, []], "[\"10.0.0.12_10.0.0.42\", [1, 3, 4]]": [2, -228.29039563231805, []], "[\"10.0.0.13_10.0.0.43\", [1, 2, 4]]": [2, -217.39087393385424, []], "[\"NoTrans\", []]": [2, -225.04776652244726, []]}, "{\"10.0.0.11_10.0.0.41\": [1, 3, 4], \"10.0.0.12_10.0.0.42\": [1, 2, 4], \"10.0.0.13_10.0.0.43\": [1, 2, 4]}": {"[\"10.0.0.11_10.0.0.41\", [1, 2, 4]]": [1, -221.3742614746094, []], "[\"10.0.0.12_10.0.0.42\", [1, 3, 4]]": [2, -238.2721156018989, []], "[\"10.0.0.13_10.0.0.43\", [1, 3, 4]]": [2, -227.52562165104922, []], "[\"NoTrans\", []]": [1, -203.69561454058822, []]}, "{\"10.0.0.11_10.0.0.41\": [1, 2, 4], \"10.0.0.12_10.0.0.42\": [1, 3, 4], \"10.0.0.13_10.0.0.43\": [1, 3, 4]}": {"[\"10.0.0.11_10.0.0.41\", [1, 3, 4]]": [7, -218.78501426334813, []], "[\"10.0.0.12_10.0.0.42\", [1, 2, 4]]": [4, -264.4245138386713, []], "[\"10.0.0.13_10.0.0.43\", [1, 2, 4]]": [3, -245.8208575090309, []], "[\"NoTrans\", []]": [620, -142.04526740338576, []]}, "{\"10.0.0.11_10.0.0.41\": [1, 2, 4], \"10.0.0.12_10.0.0.42\": [1, 3, 4], \"10.0.0.13_10.0.0.43\": [1, 2, 4]}": {"[\"10.0.0.11_10.0.0.41\", [1, 3, 4]]": [2, -226.03684598320788, []], "[\"10.0.0.12_10.0.0.42\", [1, 2, 4]]": [1, -219.685018157959, []], "[\"10.0.0.13_10.0.0.43\", [1, 3, 4]]": [2, -169.15029064770962, []], "[\"NoTrans\", []]": [1, -206.4128506691506, []]}, "{\"10.0.0.11_10.0.0.41\": [1, 2, 4], \"10.0.0.12_10.0.0.42\": [1, 2, 4], \"10.0.0.13_10.0.0.43\": [1, 3, 4]}": {"[\"10.0.0.11_10.0.0.41\", [1, 3, 4]]": [2, -229.01765072114787, []], "[\"10.0.0.12_10.0.0.42\", [1, 3, 4]]": [5, -184.7996663034348, []], "[\"10.0.0.13_10.0.0.43\", [1, 2, 4]]": [1, -220.46235809326174, []], "[\"NoTrans\", []]": [1, -205.70174324568103, []]}, "{\"10.0.0.11_10.0.0.41\": [1, 2, 4], \"10.0.0.12_10.0.0.42\": [1, 2, 4], \"10.0.0.13_10.0.0.43\": [1, 2, 4]}": {"[\"10.0.0.11_10.0.0.41\", [1, 3, 4]]": [1, -198.33398650536657, []], "[\"10.0.0.12_10.0.0.42\", [1, 3, 4]]": [1, -201.35535907858852, []], "[\"10.0.0.13_10.0.0.43\", [1, 3, 4]]": [1, -203.41164129677145, []], "[\"NoTrans\", []]": [1, -222.9672790527344, []]}}