{"{\"10.0.0.11_10.0.0.41\": [1, 3, 4], \"10.0.0.12_10.0.0.42\": [1, 3, 4], \"10.0.0.13_10.0.0.43\": [1, 3, 4]}": {"[\"10.0.0.13_10.0.0.43\", [1, 2, 4]]": [1, -151.72365964671766, []], "[\"10.0.0.12_10.0.0.42\", [1, 2, 4]]": [1, -152.76179737613103, []], "[\"10.0.0.11_10.0.0.41\", [1, 2, 4]]": [1, -105.07901890348778, []], "[\"NoTrans\", []]": [0, -100, []]}, "{\"10.0.0.11_10.0.0.41\": [1, 2, 4], \"10.0.0.12_10.0.0.42\": [1, 3, 4], \"10.0.0.13_10.0.0.43\": [1, 3, 4]}": {"[\"10.0.0.13_10.0.0.43\", [1, 2, 4]]": [1, -170.79379277279853, []], "[\"10.0.0.12_10.0.0.42\", [1, 2, 4]]": [1, -172.10635944423456, []], "[\"10.0.0.11_10.0.0.41\", [1, 3, 4]]": [1, -165.70547485351562, []], "[\"NoTrans\", []]": [669, -140.66942669900337, []]}, "{\"10.0.0.11_10.0.0.41\": [1, 3, 4], \"10.0.0.12_10.0.0.42\": [1, 2, 4], \"10.0.0.13_10.0.0.43\": [1, 3, 4]}": {"[\"10.0.0.13_10.0.0.43\", [1, 2, 4]]": [1, -173.35268578642615, []], "[\"10.0.0.12_10.0.0.42\", [1, 3, 4]]": [1, -167.05950164794922, []], "[\"10.0.0.11_10.0.0.41\", [1, 2, 4]]": [0, -100, []], "[\"NoTrans\", []]": [1, -154.07453383321214, []]}, "{\"10.0.0.11_10.0.0.41\": [1, 2, 4], \"10.0.0.12_10.0.0.42\": [1, 2, 4], \"10.0.0.13_10.0.0.43\": [1, 3, 4]}": {"[\"10.0.0.13_10.0.0.43\", [1, 2, 4]]": [1, -192.0784797668457, []], "[\"10.0.0.12_10.0.0.42\", [1, 3, 4]]": [1, -140.29353399193604, []], "[\"10.0.0.11_10.0.0.41\", [1, 3, 4]]": [0, -100, []], "[\"NoTrans\", []]": [0, -100, []]}, "{\"10.0.0.11_10.0.0.41\": [1, 3, 4], \"10.0.0.12_10.0.0.42\": [1, 3, 4], \"10.0.0.13_10.0.0.43\": [1, 2, 4]}": {"[\"10.0.0.13_10.0.0.43\", [1, 3, 4]]": [1, -153.1785382943226, []], "[\"10.0.0.12_10.0.0.42\", [1, 2, 4]]": [1, -173.92833298741027, []], "[\"10.0.0.11_10.0.0.41\", [1, 2, 4]]": [1, -173.63781336205886, []], "[\"NoTrans\", []]": [0, -100, []]}, "{\"10.0.0.11_10.0.0.41\": [1, 2, 4], \"10.0.0.12_10.0.0.42\": [1, 3, 4], \"10.0.0.13_10.0.0.43\": [1, 2, 4]}": {"[\"10.0.0.13_10.0.0.43\", [1, 3, 4]]": [2, -153.67782430357542, []], "[\"10.0.0.12_10.0.0.42\", [1, 2, 4]]": [1, -193.00583267211914, []], "[\"10.0.0.11_10.0.0.41\", [1, 3, 4]]": [1, -153.84437808680815, []], "[\"NoTrans\", []]": [1, -153.12213891310049, []]}, "{\"10.0.0.11_10.0.0.41\": [1, 3, 4], \"10.0.0.12_10.0.0.42\": [1, 2, 4], \"10.0.0.13_10.0.0.43\": [1, 2, 4]}": {"[\"10.0.0.13_10.0.0.43\", [1, 3, 4]]": [1, -150.87125235590028, []], "[\"10.0.0.12_10.0.0.42\", [1, 3, 4]]": [1, -151.39226041512984, []], "[\"10.0.0.11_10.0.0.41\", [1, 2, 4]]": [0, -100, []], "[\"NoTrans\", []]": [0, -100, []]}, "{\"10.0.0.11_10.0.0.41\": [1, 2, 4], \"10.0.0.12_10.0.0.42\": [1, 2, 4], \"10.0.0.13_10.0.0.43\": [1, 2, 4]}": {"[\"10.0.0.13_10.0.0.43\", [1, 3, 4]]": [1, -172.91077537474098, []], "[\"10.0.0.12_10.0.0.42\", [1, 3, 4]]": [1, -198.7459091745867, []], "[\"10.0.0.11_10.0.0.41\", [1, 3, 4]]": [0, -100, []], "[\"NoTrans\", []]": [1, -192.2681655883789, []]}}