{"{\"10.0.0.11_10.0.0.41\": [1, 3, 4], \"10.0.0.12_10.0.0.42\": [1, 3, 4], \"10.0.0.13_10.0.0.43\": [1, 3, 4]}": {"[\"10.0.0.12_10.0.0.42\", [1, 2, 4]]": [0, -140, []], "[\"10.0.0.13_10.0.0.43\", [1, 2, 4]]": [1, -204.01851645747468, []], "[\"10.0.0.11_10.0.0.41\", [1, 2, 4]]": [1, -230.3668722500547, []], "[\"NoTrans\", []]": [0, -140, []]}, "{\"10.0.0.11_10.0.0.41\": [1, 2, 4], \"10.0.0.12_10.0.0.42\": [1, 3, 4], \"10.0.0.13_10.0.0.43\": [1, 3, 4]}": {"[\"10.0.0.12_10.0.0.42\", [1, 2, 4]]": [25, -191.8698350979085, []], "[\"10.0.0.13_10.0.0.43\", [1, 2, 4]]": [3, -193.66696417360822, []], "[\"10.0.0.11_10.0.0.41\", [1, 3, 4]]": [1, -225.1058937072754, []], "[\"NoTrans\", []]": [1, -202.0914406108408, []]}, "{\"10.0.0.11_10.0.0.41\": [1, 3, 4], \"10.0.0.12_10.0.0.42\": [1, 3, 4], \"10.0.0.13_10.0.0.43\": [1, 2, 4]}": {"[\"10.0.0.12_10.0.0.42\", [1, 2, 4]]": [1, -171.93093358450955, []], "[\"10.0.0.13_10.0.0.43\", [1, 3, 4]]": [1, -223.1560111999512, []], "[\"10.0.0.11_10.0.0.41\", [1, 2, 4]]": [1, -210.8220414952337, []], "[\"NoTrans\", []]": [0, -140, []]}, "{\"10.0.0.11_10.0.0.41\": [1, 2, 4], \"10.0.0.12_10.0.0.42\": [1, 3, 4], \"10.0.0.13_10.0.0.43\": [1, 2, 4]}": {"[\"10.0.0.12_10.0.0.42\", [1, 2, 4]]": [2, -207.9243490903058, []], "[\"10.0.0.13_10.0.0.43\", [1, 3, 4]]": [1, -235.5675635338534, []], "[\"10.0.0.11_10.0.0.41\", [1, 3, 4]]": [1, -205.06136249494466, []], "[\"NoTrans\", []]": [2, -218.19347481985164, []]}, "{\"10.0.0.11_10.0.0.41\": [1, 3, 4], \"10.0.0.12_10.0.0.42\": [1, 2, 4], \"10.0.0.13_10.0.0.43\": [1, 3, 4]}": {"[\"10.0.0.12_10.0.0.42\", [1, 3, 4]]": [0, -140, []], "[\"10.0.0.13_10.0.0.43\", [1, 2, 4]]": [0, -140, []], "[\"10.0.0.11_10.0.0.41\", [1, 2, 4]]": [1, -134.492750405048, []], "[\"NoTrans\", []]": [0, -140, []]}, "{\"10.0.0.11_10.0.0.41\": [1, 2, 4], \"10.0.0.12_10.0.0.42\": [1, 2, 4], \"10.0.0.13_10.0.0.43\": [1, 3, 4]}": {"[\"10.0.0.12_10.0.0.42\", [1, 3, 4]]": [27, -214.97528140396176, []], "[\"10.0.0.13_10.0.0.43\", [1, 2, 4]]": [2, -207.29277438094104, []], "[\"10.0.0.11_10.0.0.41\", [1, 3, 4]]": [1, -205.41219807833033, []], "[\"NoTrans\", []]": [341, -226.4662305274042, []]}, "{\"10.0.0.11_10.0.0.41\": [1, 3, 4], \"10.0.0.12_10.0.0.42\": [1, 2, 4], \"10.0.0.13_10.0.0.43\": [1, 2, 4]}": {"[\"10.0.0.12_10.0.0.42\", [1, 3, 4]]": [1, -204.68743779032087, []], "[\"10.0.0.13_10.0.0.43\", [1, 3, 4]]": [0, -140, []], "[\"10.0.0.11_10.0.0.41\", [1, 2, 4]]": [1, -196.09655151367187, []], "[\"NoTrans\", []]": [369, -110.11054715471593, []]}, "{\"10.0.0.11_10.0.0.41\": [1, 2, 4], \"10.0.0.12_10.0.0.42\": [1, 2, 4], \"10.0.0.13_10.0.0.43\": [1, 2, 4]}": {"[\"10.0.0.12_10.0.0.42\", [1, 3, 4]]": [0, -140, []], "[\"10.0.0.13_10.0.0.43\", [1, 3, 4]]": [4, -216.3604242280607, []], "[\"10.0.0.11_10.0.0.41\", [1, 3, 4]]": [1, -141.47244321784405, []], "[\"NoTrans\", []]": [0, -140, []]}}