{"{\"10.0.0.11_10.0.0.41\": [1, 3, 4], \"10.0.0.12_10.0.0.42\": [1, 3, 4], \"10.0.0.13_10.0.0.43\": [1, 3, 4]}": {"[\"10.0.0.13_10.0.0.43\", [1, 2, 4]]": [0, -140, []], "[\"10.0.0.11_10.0.0.41\", [1, 2, 4]]": [1, -204.34201272275223, []], "[\"10.0.0.12_10.0.0.42\", [1, 2, 4]]": [1, -205.29885668040924, []], "[\"NoTrans\", []]": [0, -140, []]}, "{\"10.0.0.11_10.0.0.41\": [1, 3, 4], \"10.0.0.12_10.0.0.42\": [1, 2, 4], \"10.0.0.13_10.0.0.43\": [1, 3, 4]}": {"[\"10.0.0.13_10.0.0.43\", [1, 2, 4]]": [1, -172.38203041737574, []], "[\"10.0.0.11_10.0.0.41\", [1, 2, 4]]": [1, -182.32527688024553, []], "[\"10.0.0.12_10.0.0.42\", [1, 3, 4]]": [1, -226.3505340576172, []], "[\"NoTrans\", []]": [1, -205.45267676572396, []]}, "{\"10.0.0.11_10.0.0.41\": [1, 2, 4], \"10.0.0.12_10.0.0.42\": [1, 3, 4], \"10.0.0.13_10.0.0.43\": [1, 3, 4]}": {"[\"10.0.0.13_10.0.0.43\", [1, 2, 4]]": [1, -201.46453948937477, []], "[\"10.0.0.11_10.0.0.41\", [1, 3, 4]]": [1, -224.7239471435547, []], "[\"10.0.0.12_10.0.0.42\", [1, 2, 4]]": [1, -182.57741099606096, []], "[\"NoTrans\", []]": [1, -204.7963593511087, []]}, "{\"10.0.0.11_10.0.0.41\": [1, 2, 4], \"10.0.0.12_10.0.0.42\": [1, 2, 4], \"10.0.0.13_10.0.0.43\": [1, 3, 4]}": {"[\"10.0.0.13_10.0.0.43\", [1, 2, 4]]": [1, -197.73315200805663, []], "[\"10.0.0.11_10.0.0.41\", [1, 3, 4]]": [1, -206.91266171729802, []], "[\"10.0.0.12_10.0.0.42\", [1, 3, 4]]": [1, -210.89809364215913, []], "[\"NoTrans\", []]": [1, -184.3534413147335, []]}, "{\"10.0.0.11_10.0.0.41\": [1, 3, 4], \"10.0.0.12_10.0.0.42\": [1, 3, 4], \"10.0.0.13_10.0.0.43\": [1, 2, 4]}": {"[\"10.0.0.13_10.0.0.43\", [1, 3, 4]]": [0, -140, []], "[\"10.0.0.11_10.0.0.41\", [1, 2, 4]]": [1, -184.22706636931304, []], "[\"10.0.0.12_10.0.0.42\", [1, 2, 4]]": [1, -172.33578488378498, []], "[\"NoTrans\", []]": [1, -204.56007434658005, []]}, "{\"10.0.0.11_10.0.0.41\": [1, 3, 4], \"10.0.0.12_10.0.0.42\": [1, 2, 4], \"10.0.0.13_10.0.0.43\": [1, 2, 4]}": {"[\"10.0.0.13_10.0.0.43\", [1, 3, 4]]": [1, -205.37908328121517, []], "[\"10.0.0.11_10.0.0.41\", [1, 2, 4]]": [1, -193.46822342518135, []], "[\"10.0.0.12_10.0.0.42\", [1, 3, 4]]": [1, -205.66394386857473, []], "[\"NoTrans\", []]": [361, -113.41332117104649, []]}, "{\"10.0.0.11_10.0.0.41\": [1, 2, 4], \"10.0.0.12_10.0.0.42\": [1, 3, 4], \"10.0.0.13_10.0.0.43\": [1, 2, 4]}": {"[\"10.0.0.13_10.0.0.43\", [1, 3, 4]]": [1, -206.07569929533196, []], "[\"10.0.0.11_10.0.0.41\", [1, 3, 4]]": [1, -205.06966701630017, []], "[\"10.0.0.12_10.0.0.42\", [1, 2, 4]]": [195, -205.58990958359155, []], "[\"NoTrans\", []]": [1, -183.0709528023371, []]}, "{\"10.0.0.11_10.0.0.41\": [1, 2, 4], \"10.0.0.12_10.0.0.42\": [1, 2, 4], \"10.0.0.13_10.0.0.43\": [1, 2, 4]}": {"[\"10.0.0.13_10.0.0.43\", [1, 3, 4]]": [1, -183.28198357929108, []], "[\"10.0.0.11_10.0.0.41\", [1, 3, 4]]": [2, -150.34182176848236, []], "[\"10.0.0.12_10.0.0.42\", [1, 3, 4]]": [194, -178.21218479665623, []], "[\"NoTrans\", []]": [0, -140, []]}}