{"{\"10.0.0.11_10.0.0.41\": [1, 3, 4], \"10.0.0.12_10.0.0.42\": [1, 3, 4], \"10.0.0.13_10.0.0.43\": [1, 3, 4]}": {"[\"10.0.0.11_10.0.0.41\", [1, 2, 4]]": [6, -171.83635786212622, []], "[\"10.0.0.12_10.0.0.42\", [1, 2, 4]]": [2, -197.95755133160404, []], "[\"10.0.0.13_10.0.0.43\", [1, 2, 4]]": [2, -193.56835389861033, []], "[\"NoTrans\", []]": [2, -188.646557396737, []]}, "{\"10.0.0.11_10.0.0.41\": [1, 3, 4], \"10.0.0.12_10.0.0.42\": [1, 3, 4], \"10.0.0.13_10.0.0.43\": [1, 2, 4]}": {"[\"10.0.0.11_10.0.0.41\", [1, 2, 4]]": [2, -173.31448476007057, []], "[\"10.0.0.12_10.0.0.42\", [1, 2, 4]]": [2, -221.08116653025533, []], "[\"10.0.0.13_10.0.0.43\", [1, 3, 4]]": [3, -199.85326321176737, []], "[\"NoTrans\", []]": [2, -192.0979018435613, []]}, "{\"10.0.0.11_10.0.0.41\": [1, 3, 4], \"10.0.0.12_10.0.0.42\": [1, 2, 4], \"10.0.0.13_10.0.0.43\": [1, 3, 4]}": {"[\"10.0.0.11_10.0.0.41\", [1, 2, 4]]": [3, -235.52212021213833, []], "[\"10.0.0.12_10.0.0.42\", [1, 3, 4]]": [2, -193.02411324390496, []], "[\"10.0.0.13_10.0.0.43\", [1, 2, 4]]": [2, -222.68384880080777, []], "[\"NoTrans\", []]": [2, -194.76280242330677, []]}, "{\"10.0.0.11_10.0.0.41\": [1, 3, 4], \"10.0.0.12_10.0.0.42\": [1, 2, 4], \"10.0.0.13_10.0.0.43\": [1, 2, 4]}": {"[\"10.0.0.11_10.0.0.41\", [1, 2, 4]]": [2, -218.00917605028278, []], "[\"10.0.0.12_10.0.0.42\", [1, 3, 4]]": [2, -183.06851748115747, []], "[\"10.0.0.13_10.0.0.43\", [1, 3, 4]]": [2, -182.444988782194, []], "[\"NoTrans\", []]": [1, -183.49211281008326, []]}, "{\"10.0.0.11_10.0.0.41\": [1, 2, 4], \"10.0.0.12_10.0.0.42\": [1, 3, 4], \"10.0.0.13_10.0.0.43\": [1, 3, 4]}": {"[\"10.0.0.11_10.0.0.41\", [1, 3, 4]]": [5, -224.38094326095896, []], "[\"10.0.0.12_10.0.0.42\", [1, 2, 4]]": [4, -231.73462653413506, []], "[\"10.0.0.13_10.0.0.43\", [1, 2, 4]]": [4, -224.8052423697814, []], "[\"NoTrans\", []]": [800, -147.76201672138356, []]}, "{\"10.0.0.11_10.0.0.41\": [1, 2, 4], \"10.0.0.12_10.0.0.42\": [1, 3, 4], \"10.0.0.13_10.0.0.43\": [1, 2, 4]}": {"[\"10.0.0.11_10.0.0.41\", [1, 3, 4]]": [3, -210.84574540651107, []], "[\"10.0.0.12_10.0.0.42\", [1, 2, 4]]": [2, -173.6029541262361, []], "[\"10.0.0.13_10.0.0.43\", [1, 3, 4]]": [3, -171.7177223644116, []], "[\"NoTrans\", []]": [2, -192.2652429422775, []]}, "{\"10.0.0.11_10.0.0.41\": [1, 2, 4], \"10.0.0.12_10.0.0.42\": [1, 2, 4], \"10.0.0.13_10.0.0.43\": [1, 3, 4]}": {"[\"10.0.0.11_10.0.0.41\", [1, 3, 4]]": [3, -215.97784613142483, []], "[\"10.0.0.12_10.0.0.42\", [1, 3, 4]]": [4, -199.73387396936278, []], "[\"10.0.0.13_10.0.0.43\", [1, 2, 4]]": [2, -214.72980601598013, []], "[\"NoTrans\", []]": [2, -193.44778107501736, []]}, "{\"10.0.0.11_10.0.0.41\": [1, 2, 4], \"10.0.0.12_10.0.0.42\": [1, 2, 4], \"10.0.0.13_10.0.0.43\": [1, 2, 4]}": {"[\"10.0.0.11_10.0.0.41\", [1, 3, 4]]": [2, -200.89630382116547, []], "[\"10.0.0.12_10.0.0.42\", [1, 3, 4]]": [2, -193.25376578972345, []], "[\"10.0.0.13_10.0.0.43\", [1, 3, 4]]": [2, -196.0755094012184, []], "[\"NoTrans\", []]": [1, -159.30760500514236, []]}}