{"{\"10.0.0.11_10.0.0.41\": [1, 3, 4], \"10.0.0.12_10.0.0.42\": [1, 3, 4], \"10.0.0.13_10.0.0.43\": [1, 3, 4]}": {"[\"10.0.0.13_10.0.0.43\", [1, 2, 4]]": [2, -151.13502010834304, []], "[\"10.0.0.11_10.0.0.41\", [1, 2, 4]]": [4, -126.53785177720135, []], "[\"10.0.0.12_10.0.0.42\", [1, 2, 4]]": [2, -155.75794530356396, []], "[\"NoTrans\", []]": [2, -179.84072163085304, []]}, "{\"10.0.0.11_10.0.0.41\": [1, 3, 4], \"10.0.0.12_10.0.0.42\": [1, 2, 4], \"10.0.0.13_10.0.0.43\": [1, 3, 4]}": {"[\"10.0.0.13_10.0.0.43\", [1, 2, 4]]": [3, -196.30065235039766, []], "[\"10.0.0.11_10.0.0.41\", [1, 2, 4]]": [3, -182.07973530025743, []], "[\"10.0.0.12_10.0.0.42\", [1, 3, 4]]": [3, -186.30680230163523, []], "[\"NoTrans\", []]": [3, -166.70506970000582, []]}, "{\"10.0.0.11_10.0.0.41\": [1, 2, 4], \"10.0.0.12_10.0.0.42\": [1, 3, 4], \"10.0.0.13_10.0.0.43\": [1, 3, 4]}": {"[\"10.0.0.13_10.0.0.43\", [1, 2, 4]]": [2, -170.4771216507346, []], "[\"10.0.0.11_10.0.0.41\", [1, 3, 4]]": [3, -159.3977471820744, []], "[\"10.0.0.12_10.0.0.42\", [1, 2, 4]]": [3, -197.76309705523892, []], "[\"NoTrans\", []]": [612, -114.76440080896302, []]}, "{\"10.0.0.11_10.0.0.41\": [1, 2, 4], \"10.0.0.12_10.0.0.42\": [1, 2, 4], \"10.0.0.13_10.0.0.43\": [1, 3, 4]}": {"[\"10.0.0.13_10.0.0.43\", [1, 2, 4]]": [2, -154.14588424479962, []], "[\"10.0.0.11_10.0.0.41\", [1, 3, 4]]": [4, -185.21515563334492, []], "[\"10.0.0.12_10.0.0.42\", [1, 3, 4]]": [3, -150.5398067164803, []], "[\"NoTrans\", []]": [2, -161.7579845037137, []]}, "{\"10.0.0.11_10.0.0.41\": [1, 3, 4], \"10.0.0.12_10.0.0.42\": [1, 3, 4], \"10.0.0.13_10.0.0.43\": [1, 2, 4]}": {"[\"10.0.0.13_10.0.0.43\", [1, 3, 4]]": [2, -145.94704209888232, []], "[\"10.0.0.11_10.0.0.41\", [1, 2, 4]]": [1, -153.6704013753249, []], "[\"10.0.0.12_10.0.0.42\", [1, 2, 4]]": [1, -135.0944167746856, []], "[\"NoTrans\", []]": [1, -139.8266125395042, []]}, "{\"10.0.0.11_10.0.0.41\": [1, 3, 4], \"10.0.0.12_10.0.0.42\": [1, 2, 4], \"10.0.0.13_10.0.0.43\": [1, 2, 4]}": {"[\"10.0.0.13_10.0.0.43\", [1, 3, 4]]": [3, -187.89237290486045, []], "[\"10.0.0.11_10.0.0.41\", [1, 2, 4]]": [1, -139.50830225438645, []], "[\"10.0.0.12_10.0.0.42\", [1, 3, 4]]": [1, -139.514605050801, []], "[\"NoTrans\", []]": [2, -195.46675915532998, []]}, "{\"10.0.0.11_10.0.0.41\": [1, 2, 4], \"10.0.0.12_10.0.0.42\": [1, 3, 4], \"10.0.0.13_10.0.0.43\": [1, 2, 4]}": {"[\"10.0.0.13_10.0.0.43\", [1, 3, 4]]": [2, -133.15083608941237, []], "[\"10.0.0.11_10.0.0.41\", [1, 3, 4]]": [1, -138.41503752899004, []], "[\"10.0.0.12_10.0.0.42\", [1, 2, 4]]": [1, -139.46843866796067, []], "[\"NoTrans\", []]": [1, -151.7653100077692, []]}, "{\"10.0.0.11_10.0.0.41\": [1, 2, 4], \"10.0.0.12_10.0.0.42\": [1, 2, 4], \"10.0.0.13_10.0.0.43\": [1, 2, 4]}": {"[\"10.0.0.13_10.0.0.43\", [1, 3, 4]]": [2, -153.9348093062611, []], "[\"10.0.0.11_10.0.0.41\", [1, 3, 4]]": [1, -134.99065792905333, []], "[\"10.0.0.12_10.0.0.42\", [1, 3, 4]]": [1, -153.29703481850078, []], "[\"NoTrans\", []]": [1, -137.66761545629075, []]}}