{"{\"10.0.0.11_10.0.0.41\": [1, 3, 4], \"10.0.0.12_10.0.0.42\": [1, 3, 4], \"10.0.0.13_10.0.0.43\": [1, 3, 4]}": {"[\"10.0.0.12_10.0.0.42\", [1, 2, 4]]": [4, -165.36144175572701, []], "[\"10.0.0.13_10.0.0.43\", [1, 2, 4]]": [4, -164.6006520557964, []], "[\"10.0.0.11_10.0.0.41\", [1, 2, 4]]": [6, -119.9254580266135, []], "[\"NoTrans\", []]": [4, -175.53953639062502, []]}, "{\"10.0.0.11_10.0.0.41\": [1, 2, 4], \"10.0.0.12_10.0.0.42\": [1, 3, 4], \"10.0.0.13_10.0.0.43\": [1, 3, 4]}": {"[\"10.0.0.12_10.0.0.42\", [1, 2, 4]]": [7, -186.54781701404386, []], "[\"10.0.0.13_10.0.0.43\", [1, 2, 4]]": [6, -182.697264092696, []], "[\"10.0.0.11_10.0.0.41\", [1, 3, 4]]": [5, -179.29595029094622, []], "[\"NoTrans\", []]": [362, -133.3341126595302, []]}, "{\"10.0.0.11_10.0.0.41\": [1, 3, 4], \"10.0.0.12_10.0.0.42\": [1, 3, 4], \"10.0.0.13_10.0.0.43\": [1, 2, 4]}": {"[\"10.0.0.12_10.0.0.42\", [1, 2, 4]]": [9, -215.4854180197645, []], "[\"10.0.0.13_10.0.0.43\", [1, 3, 4]]": [4, -180.737454262474, []], "[\"10.0.0.11_10.0.0.41\", [1, 2, 4]]": [6, -183.51312924224814, []], "[\"NoTrans\", []]": [4, -118.49879897528535, []]}, "{\"10.0.0.11_10.0.0.41\": [1, 2, 4], \"10.0.0.12_10.0.0.42\": [1, 3, 4], \"10.0.0.13_10.0.0.43\": [1, 2, 4]}": {"[\"10.0.0.12_10.0.0.42\", [1, 2, 4]]": [26, -198.43820810186241, []], "[\"10.0.0.13_10.0.0.43\", [1, 3, 4]]": [8, -168.19994684947147, []], "[\"10.0.0.11_10.0.0.41\", [1, 3, 4]]": [8, -167.1225971198011, []], "[\"NoTrans\", []]": [11, -182.27995829189638, []]}, "{\"10.0.0.11_10.0.0.41\": [1, 3, 4], \"10.0.0.12_10.0.0.42\": [1, 2, 4], \"10.0.0.13_10.0.0.43\": [1, 3, 4]}": {"[\"10.0.0.12_10.0.0.42\", [1, 3, 4]]": [5, -193.4370822275438, []], "[\"10.0.0.13_10.0.0.43\", [1, 2, 4]]": [17, -185.81681372052202, []], "[\"10.0.0.11_10.0.0.41\", [1, 2, 4]]": [7, -186.0844406920089, []], "[\"NoTrans\", []]": [9, -208.56303224417925, []]}, "{\"10.0.0.11_10.0.0.41\": [1, 2, 4], \"10.0.0.12_10.0.0.42\": [1, 2, 4], \"10.0.0.13_10.0.0.43\": [1, 3, 4]}": {"[\"10.0.0.12_10.0.0.42\", [1, 3, 4]]": [5, -153.00340485695745, []], "[\"10.0.0.13_10.0.0.43\", [1, 2, 4]]": [24, -206.9469199527885, []], "[\"10.0.0.11_10.0.0.41\", [1, 3, 4]]": [6, -164.23932323161029, []], "[\"NoTrans\", []]": [11, -117.48329509218536, []]}, "{\"10.0.0.11_10.0.0.41\": [1, 3, 4], \"10.0.0.12_10.0.0.42\": [1, 2, 4], \"10.0.0.13_10.0.0.43\": [1, 2, 4]}": {"[\"10.0.0.12_10.0.0.42\", [1, 3, 4]]": [7, -168.2071548036668, []], "[\"10.0.0.13_10.0.0.43\", [1, 3, 4]]": [18, -177.1602673750236, []], "[\"10.0.0.11_10.0.0.41\", [1, 2, 4]]": [19, -203.80874790588916, []], "[\"NoTrans\", []]": [21, -181.1352186026889, []]}, "{\"10.0.0.11_10.0.0.41\": [1, 2, 4], \"10.0.0.12_10.0.0.42\": [1, 2, 4], \"10.0.0.13_10.0.0.43\": [1, 2, 4]}": {"[\"10.0.0.12_10.0.0.42\", [1, 3, 4]]": [30, -178.6586178205862, []], "[\"10.0.0.13_10.0.0.43\", [1, 3, 4]]": [21, -182.67367894008646, []], "[\"10.0.0.11_10.0.0.41\", [1, 3, 4]]": [18, -194.87896699587125, []], "[\"NoTrans\", []]": [90, -206.1870613725282, []]}}