{"{\"10.0.0.11_10.0.0.41\": [1, 3, 4], \"10.0.0.12_10.0.0.42\": [1, 3, 4], \"10.0.0.13_10.0.0.43\": [1, 3, 4]}": {"[\"10.0.0.12_10.0.0.42\", [1, 2, 4]]": [5, -163.85174616998876, []], "[\"10.0.0.13_10.0.0.43\", [1, 2, 4]]": [4, -165.93704140183695, []], "[\"10.0.0.11_10.0.0.41\", [1, 2, 4]]": [5, -122.99506351514044, []], "[\"NoTrans\", []]": [4, -179.2540837783203, []]}, "{\"10.0.0.11_10.0.0.41\": [1, 2, 4], \"10.0.0.12_10.0.0.42\": [1, 3, 4], \"10.0.0.13_10.0.0.43\": [1, 3, 4]}": {"[\"10.0.0.12_10.0.0.42\", [1, 2, 4]]": [7, -211.20925949170123, []], "[\"10.0.0.13_10.0.0.43\", [1, 2, 4]]": [10, -189.4515725540952, []], "[\"10.0.0.11_10.0.0.41\", [1, 3, 4]]": [6, -184.19024758076418, []], "[\"NoTrans\", []]": [363, -139.3534896192876, []]}, "{\"10.0.0.11_10.0.0.41\": [1, 3, 4], \"10.0.0.12_10.0.0.42\": [1, 3, 4], \"10.0.0.13_10.0.0.43\": [1, 2, 4]}": {"[\"10.0.0.12_10.0.0.42\", [1, 2, 4]]": [8, -183.0931058350433, []], "[\"10.0.0.13_10.0.0.43\", [1, 3, 4]]": [4, -182.7245942167761, []], "[\"10.0.0.11_10.0.0.41\", [1, 2, 4]]": [7, -185.18986867193428, []], "[\"NoTrans\", []]": [5, -167.17175864832254, []]}, "{\"10.0.0.11_10.0.0.41\": [1, 2, 4], \"10.0.0.12_10.0.0.42\": [1, 3, 4], \"10.0.0.13_10.0.0.43\": [1, 2, 4]}": {"[\"10.0.0.12_10.0.0.42\", [1, 2, 4]]": [14, -202.03037118721772, []], "[\"10.0.0.13_10.0.0.43\", [1, 3, 4]]": [8, -163.31473082578512, []], "[\"10.0.0.11_10.0.0.41\", [1, 3, 4]]": [6, -167.663518662463, []], "[\"NoTrans\", []]": [85, -189.57575352457383, []]}, "{\"10.0.0.11_10.0.0.41\": [1, 3, 4], \"10.0.0.12_10.0.0.42\": [1, 2, 4], \"10.0.0.13_10.0.0.43\": [1, 3, 4]}": {"[\"10.0.0.12_10.0.0.42\", [1, 3, 4]]": [4, -182.37964875200046, []], "[\"10.0.0.13_10.0.0.43\", [1, 2, 4]]": [8, -186.9069921229703, []], "[\"10.0.0.11_10.0.0.41\", [1, 2, 4]]": [13, -201.84467716676377, []], "[\"NoTrans\", []]": [6, -208.26209945760525, []]}, "{\"10.0.0.11_10.0.0.41\": [1, 2, 4], \"10.0.0.12_10.0.0.42\": [1, 2, 4], \"10.0.0.13_10.0.0.43\": [1, 3, 4]}": {"[\"10.0.0.12_10.0.0.42\", [1, 3, 4]]": [10, -164.9594122795119, []], "[\"10.0.0.13_10.0.0.43\", [1, 2, 4]]": [13, -206.56286281699798, []], "[\"10.0.0.11_10.0.0.41\", [1, 3, 4]]": [14, -167.64725312467897, []], "[\"NoTrans\", []]": [30, -184.77922264068957, []]}, "{\"10.0.0.11_10.0.0.41\": [1, 3, 4], \"10.0.0.12_10.0.0.42\": [1, 2, 4], \"10.0.0.13_10.0.0.43\": [1, 2, 4]}": {"[\"10.0.0.12_10.0.0.42\", [1, 3, 4]]": [9, -167.0430084886571, []], "[\"10.0.0.13_10.0.0.43\", [1, 3, 4]]": [6, -199.67399558165437, []], "[\"10.0.0.11_10.0.0.41\", [1, 2, 4]]": [36, -204.22195764430234, []], "[\"NoTrans\", []]": [8, -183.28004857546517, []]}, "{\"10.0.0.11_10.0.0.41\": [1, 2, 4], \"10.0.0.12_10.0.0.42\": [1, 2, 4], \"10.0.0.13_10.0.0.43\": [1, 2, 4]}": {"[\"10.0.0.12_10.0.0.42\", [1, 3, 4]]": [11, -183.4700617695338, []], "[\"10.0.0.13_10.0.0.43\", [1, 3, 4]]": [17, -184.47519951884527, []], "[\"10.0.0.11_10.0.0.41\", [1, 3, 4]]": [35, -185.3541754738245, []], "[\"NoTrans\", []]": [20, -205.80631857870662, []]}}