{"{\"10.0.0.11_10.0.0.41\": [1, 3, 4], \"10.0.0.12_10.0.0.42\": [1, 3, 4], \"10.0.0.13_10.0.0.43\": [1, 3, 4]}": {"[\"10.0.0.11_10.0.0.41\", [1, 2, 4]]": [7, -176.67577990696046, []], "[\"10.0.0.13_10.0.0.43\", [1, 2, 4]]": [3, -207.0214697251825, []], "[\"10.0.0.12_10.0.0.42\", [1, 2, 4]]": [3, -195.44311972105487, []], "[\"NoTrans\", []]": [3, -193.32605452405141, []]}, "{\"10.0.0.11_10.0.0.41\": [1, 3, 4], \"10.0.0.12_10.0.0.42\": [1, 2, 4], \"10.0.0.13_10.0.0.43\": [1, 3, 4]}": {"[\"10.0.0.11_10.0.0.41\", [1, 2, 4]]": [3, -222.89131536291723, []], "[\"10.0.0.13_10.0.0.43\", [1, 2, 4]]": [3, -198.285818866572, []], "[\"10.0.0.12_10.0.0.42\", [1, 3, 4]]": [3, -195.00419112428256, []], "[\"NoTrans\", []]": [3, -202.58938922063078, []]}, "{\"10.0.0.11_10.0.0.41\": [1, 3, 4], \"10.0.0.12_10.0.0.42\": [1, 3, 4], \"10.0.0.13_10.0.0.43\": [1, 2, 4]}": {"[\"10.0.0.11_10.0.0.41\", [1, 2, 4]]": [3, -237.5068549184988, []], "[\"10.0.0.13_10.0.0.43\", [1, 3, 4]]": [4, -207.8607570906098, []], "[\"10.0.0.12_10.0.0.42\", [1, 2, 4]]": [4, -259.97664542199027, []], "[\"NoTrans\", []]": [4, -227.12663331226818, []]}, "{\"10.0.0.11_10.0.0.41\": [1, 3, 4], \"10.0.0.12_10.0.0.42\": [1, 2, 4], \"10.0.0.13_10.0.0.43\": [1, 2, 4]}": {"[\"10.0.0.11_10.0.0.41\", [1, 2, 4]]": [3, -248.3791206479821, []], "[\"10.0.0.13_10.0.0.43\", [1, 3, 4]]": [3, -211.41686999543984, []], "[\"10.0.0.12_10.0.0.42\", [1, 3, 4]]": [4, -226.56096639301418, []], "[\"NoTrans\", []]": [3, -243.6625432041779, []]}, "{\"10.0.0.11_10.0.0.41\": [1, 2, 4], \"10.0.0.12_10.0.0.42\": [1, 3, 4], \"10.0.0.13_10.0.0.43\": [1, 3, 4]}": {"[\"10.0.0.11_10.0.0.41\", [1, 3, 4]]": [6, -222.09188107521743, []], "[\"10.0.0.13_10.0.0.43\", [1, 2, 4]]": [4, -233.65388374671733, []], "[\"10.0.0.12_10.0.0.42\", [1, 2, 4]]": [4, -245.88104874753617, []], "[\"NoTrans\", []]": [555, -116.62613582484263, []]}, "{\"10.0.0.11_10.0.0.41\": [1, 2, 4], \"10.0.0.12_10.0.0.42\": [1, 2, 4], \"10.0.0.13_10.0.0.43\": [1, 3, 4]}": {"[\"10.0.0.11_10.0.0.41\", [1, 3, 4]]": [3, -199.38280859230423, []], "[\"10.0.0.13_10.0.0.43\", [1, 2, 4]]": [2, -266.21943054915425, []], "[\"10.0.0.12_10.0.0.42\", [1, 3, 4]]": [4, -184.25480929832852, []], "[\"NoTrans\", []]": [2, -210.52299086422593, []]}, "{\"10.0.0.11_10.0.0.41\": [1, 2, 4], \"10.0.0.12_10.0.0.42\": [1, 3, 4], \"10.0.0.13_10.0.0.43\": [1, 2, 4]}": {"[\"10.0.0.11_10.0.0.41\", [1, 3, 4]]": [4, -198.76167458334277, []], "[\"10.0.0.13_10.0.0.43\", [1, 3, 4]]": [4, -196.8358603801732, []], "[\"10.0.0.12_10.0.0.42\", [1, 2, 4]]": [2, -243.59267949902866, []], "[\"NoTrans\", []]": [2, -196.89309846563418, []]}, "{\"10.0.0.11_10.0.0.41\": [1, 2, 4], \"10.0.0.12_10.0.0.42\": [1, 2, 4], \"10.0.0.13_10.0.0.43\": [1, 2, 4]}": {"[\"10.0.0.11_10.0.0.41\", [1, 3, 4]]": [2, -236.48548175552827, []], "[\"10.0.0.13_10.0.0.43\", [1, 3, 4]]": [2, -226.89678204723072, []], "[\"10.0.0.12_10.0.0.42\", [1, 3, 4]]": [3, -241.77506837585176, []], "[\"NoTrans\", []]": [2, -264.1766522236706, []]}}