{"{\"10.0.0.11_10.0.0.41\": [1, 3, 4], \"10.0.0.12_10.0.0.42\": [1, 3, 4], \"10.0.0.13_10.0.0.43\": [1, 3, 4]}": {"[\"10.0.0.13_10.0.0.43\", [1, 2, 4]]": [2, -160.32753140161387, []], "[\"10.0.0.12_10.0.0.42\", [1, 2, 4]]": [2, -145.84259826562183, []], "[\"10.0.0.11_10.0.0.41\", [1, 2, 4]]": [4, -154.1584871009348, []], "[\"NoTrans\", []]": [1, -125.0891863681752, []]}, "{\"10.0.0.11_10.0.0.41\": [1, 2, 4], \"10.0.0.12_10.0.0.42\": [1, 3, 4], \"10.0.0.13_10.0.0.43\": [1, 3, 4]}": {"[\"10.0.0.13_10.0.0.43\", [1, 2, 4]]": [3, -199.56054898623466, []], "[\"10.0.0.12_10.0.0.42\", [1, 2, 4]]": [3, -181.71573873109514, []], "[\"10.0.0.11_10.0.0.41\", [1, 3, 4]]": [3, -193.5107809024522, []], "[\"NoTrans\", []]": [819, -139.12023485849878, []]}, "{\"10.0.0.11_10.0.0.41\": [1, 3, 4], \"10.0.0.12_10.0.0.42\": [1, 2, 4], \"10.0.0.13_10.0.0.43\": [1, 3, 4]}": {"[\"10.0.0.13_10.0.0.43\", [1, 2, 4]]": [2, -175.4365944664956, []], "[\"10.0.0.12_10.0.0.42\", [1, 3, 4]]": [3, -186.52319855898023, []], "[\"10.0.0.11_10.0.0.41\", [1, 2, 4]]": [2, -193.5659671615939, []], "[\"NoTrans\", []]": [2, -166.81714669832414, []]}, "{\"10.0.0.11_10.0.0.41\": [1, 2, 4], \"10.0.0.12_10.0.0.42\": [1, 2, 4], \"10.0.0.13_10.0.0.43\": [1, 3, 4]}": {"[\"10.0.0.13_10.0.0.43\", [1, 2, 4]]": [2, -219.48190206106364, []], "[\"10.0.0.12_10.0.0.42\", [1, 3, 4]]": [3, -171.36647120370668, []], "[\"10.0.0.11_10.0.0.41\", [1, 3, 4]]": [3, -170.9266440756352, []], "[\"NoTrans\", []]": [2, -189.36387357168812, []]}, "{\"10.0.0.11_10.0.0.41\": [1, 3, 4], \"10.0.0.12_10.0.0.42\": [1, 3, 4], \"10.0.0.13_10.0.0.43\": [1, 2, 4]}": {"[\"10.0.0.13_10.0.0.43\", [1, 3, 4]]": [2, -157.39420571977885, []], "[\"10.0.0.12_10.0.0.42\", [1, 2, 4]]": [1, -160.4784701215599, []], "[\"10.0.0.11_10.0.0.41\", [1, 2, 4]]": [1, -155.28030906180345, []], "[\"NoTrans\", []]": [1, -147.75328139041335, []]}, "{\"10.0.0.11_10.0.0.41\": [1, 2, 4], \"10.0.0.12_10.0.0.42\": [1, 3, 4], \"10.0.0.13_10.0.0.43\": [1, 2, 4]}": {"[\"10.0.0.13_10.0.0.43\", [1, 3, 4]]": [3, -187.7282417291258, []], "[\"10.0.0.12_10.0.0.42\", [1, 2, 4]]": [1, -197.39448064382734, []], "[\"10.0.0.11_10.0.0.41\", [1, 3, 4]]": [1, -146.29605448541875, []], "[\"NoTrans\", []]": [1, -152.21565799308675, []]}, "{\"10.0.0.11_10.0.0.41\": [1, 3, 4], \"10.0.0.12_10.0.0.42\": [1, 2, 4], \"10.0.0.13_10.0.0.43\": [1, 2, 4]}": {"[\"10.0.0.13_10.0.0.43\", [1, 3, 4]]": [2, -167.69817526277126, []], "[\"10.0.0.12_10.0.0.42\", [1, 3, 4]]": [1, -149.12891988321107, []], "[\"10.0.0.11_10.0.0.41\", [1, 2, 4]]": [1, -197.91289800222577, []], "[\"NoTrans\", []]": [1, -159.79354850515367, []]}, "{\"10.0.0.11_10.0.0.41\": [1, 2, 4], \"10.0.0.12_10.0.0.42\": [1, 2, 4], \"10.0.0.13_10.0.0.43\": [1, 2, 4]}": {"[\"10.0.0.13_10.0.0.43\", [1, 3, 4]]": [2, -190.47959413295604, []], "[\"10.0.0.12_10.0.0.42\", [1, 3, 4]]": [1, -152.93357103327972, []], "[\"10.0.0.11_10.0.0.41\", [1, 3, 4]]": [1, -162.91929813739858, []], "[\"NoTrans\", []]": [1, -197.17408650930585, []]}}