{"{\"10.0.0.11_10.0.0.41\": [1, 3, 4], \"10.0.0.12_10.0.0.42\": [1, 3, 4], \"10.0.0.13_10.0.0.43\": [1, 3, 4]}": {"[\"10.0.0.12_10.0.0.42\", [1, 2, 4]]": [1, -183.2304258373725, []], "[\"10.0.0.13_10.0.0.43\", [1, 2, 4]]": [1, -185.45084443261936, []], "[\"10.0.0.11_10.0.0.41\", [1, 2, 4]]": [1, -139.8007572676783, []], "[\"NoTrans\", []]": [0, -140, []]}, "{\"10.0.0.11_10.0.0.41\": [1, 2, 4], \"10.0.0.12_10.0.0.42\": [1, 3, 4], \"10.0.0.13_10.0.0.43\": [1, 3, 4]}": {"[\"10.0.0.12_10.0.0.42\", [1, 2, 4]]": [2, -196.71641429059162, []], "[\"10.0.0.13_10.0.0.43\", [1, 2, 4]]": [1, -201.9290200137955, []], "[\"10.0.0.11_10.0.0.41\", [1, 3, 4]]": [1, -197.59934240888248, []], "[\"NoTrans\", []]": [365, -138.03709215378333, []]}, "{\"10.0.0.11_10.0.0.41\": [1, 3, 4], \"10.0.0.12_10.0.0.42\": [1, 3, 4], \"10.0.0.13_10.0.0.43\": [1, 2, 4]}": {"[\"10.0.0.12_10.0.0.42\", [1, 2, 4]]": [0, -140, []], "[\"10.0.0.13_10.0.0.43\", [1, 3, 4]]": [1, -198.96358261108398, []], "[\"10.0.0.11_10.0.0.41\", [1, 2, 4]]": [191, -200.20341371645122, []], "[\"NoTrans\", []]": [0, -140, []]}, "{\"10.0.0.11_10.0.0.41\": [1, 2, 4], \"10.0.0.12_10.0.0.42\": [1, 3, 4], \"10.0.0.13_10.0.0.43\": [1, 2, 4]}": {"[\"10.0.0.12_10.0.0.42\", [1, 2, 4]]": [1, -219.50153121948244, []], "[\"10.0.0.13_10.0.0.43\", [1, 3, 4]]": [3, -179.85059067275364, []], "[\"10.0.0.11_10.0.0.41\", [1, 3, 4]]": [190, -179.60085924082455, []], "[\"NoTrans\", []]": [1, -200.96013639026194, []]}, "{\"10.0.0.11_10.0.0.41\": [1, 3, 4], \"10.0.0.12_10.0.0.42\": [1, 2, 4], \"10.0.0.13_10.0.0.43\": [1, 3, 4]}": {"[\"10.0.0.12_10.0.0.42\", [1, 3, 4]]": [1, -200.5648971557617, []], "[\"10.0.0.13_10.0.0.43\", [1, 2, 4]]": [1, -201.60794332151184, []], "[\"10.0.0.11_10.0.0.41\", [1, 2, 4]]": [1, -201.99856955560043, []], "[\"NoTrans\", []]": [1, -184.5990842957678, []]}, "{\"10.0.0.11_10.0.0.41\": [1, 2, 4], \"10.0.0.12_10.0.0.42\": [1, 2, 4], \"10.0.0.13_10.0.0.43\": [1, 3, 4]}": {"[\"10.0.0.12_10.0.0.42\", [1, 3, 4]]": [1, -185.41166156672443, []], "[\"10.0.0.13_10.0.0.43\", [1, 2, 4]]": [2, -216.51710416343136, []], "[\"10.0.0.11_10.0.0.41\", [1, 3, 4]]": [1, -184.81672656906352, []], "[\"NoTrans\", []]": [1, -201.8537949163265, []]}, "{\"10.0.0.11_10.0.0.41\": [1, 3, 4], \"10.0.0.12_10.0.0.42\": [1, 2, 4], \"10.0.0.13_10.0.0.43\": [1, 2, 4]}": {"[\"10.0.0.12_10.0.0.42\", [1, 3, 4]]": [1, -139.76782881943558, []], "[\"10.0.0.13_10.0.0.43\", [1, 3, 4]]": [1, -187.37539661305414, []], "[\"10.0.0.11_10.0.0.41\", [1, 2, 4]]": [1, -217.92873153686526, []], "[\"NoTrans\", []]": [2, -200.33587207348273, []]}, "{\"10.0.0.11_10.0.0.41\": [1, 2, 4], \"10.0.0.12_10.0.0.42\": [1, 2, 4], \"10.0.0.13_10.0.0.43\": [1, 2, 4]}": {"[\"10.0.0.12_10.0.0.42\", [1, 3, 4]]": [1, -198.94976415450273, []], "[\"10.0.0.13_10.0.0.43\", [1, 3, 4]]": [1, -202.18406649338948, []], "[\"10.0.0.11_10.0.0.41\", [1, 3, 4]]": [2, -199.6646110532627, []], "[\"NoTrans\", []]": [1, -219.12587890625002, []]}}